/*
 Navicat Premium Data Transfer

 Source Server         : 牛小课
 Source Server Type    : MySQL
 Source Server Version : 50637
 Source Host           : 39.104.180.62:3306
 Source Schema         : shop_niuxiaoke_

 Target Server Type    : MySQL
 Target Server Version : 50637
 File Encoding         : 65001

 Date: 14/12/2020 16:59:22
*/

SET NAMES utf8mb4;
SET FOREIGN_KEY_CHECKS = 0;

-- ----------------------------
-- Table structure for edu_course_teacher
-- ----------------------------
DROP TABLE IF EXISTS `edu_course_teacher`;
CREATE TABLE `edu_course_teacher`  (
  `course_id` int(11) NULL DEFAULT NULL COMMENT '课程id',
  `eacher_id` int(11) NULL DEFAULT NULL COMMENT '讲师id',
  INDEX `course_id`(`course_id`) USING BTREE
) ENGINE = InnoDB CHARACTER SET = utf8 COLLATE = utf8_general_ci COMMENT = '课程讲师关联' ROW_FORMAT = Compact;

-- ----------------------------
-- Table structure for nc_cms_article
-- ----------------------------
DROP TABLE IF EXISTS `nc_cms_article`;
CREATE TABLE `nc_cms_article`  (
  `article_id` int(10) UNSIGNED NOT NULL AUTO_INCREMENT COMMENT '文章编号',
  `title` varchar(50) CHARACTER SET utf8 COLLATE utf8_general_ci NOT NULL COMMENT '文章标题',
  `class_id` int(10) UNSIGNED NOT NULL DEFAULT 0 COMMENT '文章分类编号',
  `short_title` varchar(50) CHARACTER SET utf8 COLLATE utf8_general_ci NOT NULL DEFAULT '' COMMENT '文章短标题',
  `source` varchar(50) CHARACTER SET utf8 COLLATE utf8_general_ci NOT NULL DEFAULT '' COMMENT '文章来源',
  `url` varchar(255) CHARACTER SET utf8 COLLATE utf8_general_ci NOT NULL DEFAULT '' COMMENT '文章来源链接',
  `author` varchar(50) CHARACTER SET utf8 COLLATE utf8_general_ci NOT NULL COMMENT '文章作者',
  `summary` varchar(140) CHARACTER SET utf8 COLLATE utf8_general_ci NOT NULL DEFAULT '' COMMENT '文章摘要',
  `content` text CHARACTER SET utf8 COLLATE utf8_general_ci NOT NULL COMMENT '文章正文',
  `image` varchar(255) CHARACTER SET utf8 COLLATE utf8_general_ci NOT NULL DEFAULT '' COMMENT '文章标题图片',
  `keyword` varchar(255) CHARACTER SET utf8 COLLATE utf8_general_ci NOT NULL DEFAULT '' COMMENT '文章关键字',
  `article_id_array` varchar(255) CHARACTER SET utf8 COLLATE utf8_general_ci NOT NULL DEFAULT '' COMMENT '相关文章',
  `click` int(10) UNSIGNED NOT NULL DEFAULT 0 COMMENT '文章点击量',
  `sort` tinyint(1) UNSIGNED NOT NULL DEFAULT 0 COMMENT '文章排序0-255',
  `commend_flag` tinyint(1) UNSIGNED NOT NULL DEFAULT 0 COMMENT '文章推荐标志0-未推荐，1-已推荐',
  `comment_flag` tinyint(1) UNSIGNED NOT NULL DEFAULT 1 COMMENT '文章是否允许评论1-允许，0-不允许',
  `status` tinyint(1) UNSIGNED NOT NULL DEFAULT 1 COMMENT '0-草稿、1-待审核、2-已发布、-1-回收站',
  `attachment_path` text CHARACTER SET utf8 COLLATE utf8_general_ci NOT NULL COMMENT '文章附件路径',
  `tag` varchar(255) CHARACTER SET utf8 COLLATE utf8_general_ci NOT NULL DEFAULT '' COMMENT '文章标签',
  `comment_count` int(10) UNSIGNED NOT NULL COMMENT '文章评论数',
  `share_count` int(10) UNSIGNED NOT NULL DEFAULT 0 COMMENT '文章分享数',
  `publisher_name` varchar(50) CHARACTER SET utf8 COLLATE utf8_general_ci NOT NULL COMMENT '发布者用户名 ',
  `uid` int(10) UNSIGNED NOT NULL COMMENT '发布者编号',
  `last_comment_time` int(11) NULL DEFAULT 0 COMMENT '最新评论时间',
  `public_time` int(11) NULL DEFAULT 0 COMMENT '发布时间',
  `create_time` int(11) NULL DEFAULT 0 COMMENT '文章发布时间',
  `modify_time` int(11) NULL DEFAULT 0 COMMENT '文章修改时间',
  PRIMARY KEY (`article_id`) USING BTREE
) ENGINE = InnoDB AUTO_INCREMENT = 28 AVG_ROW_LENGTH = 6553 CHARACTER SET = utf8 COLLATE = utf8_general_ci COMMENT = 'CMS文章表' ROW_FORMAT = Compact;

-- ----------------------------
-- Records of nc_cms_article
-- ----------------------------
INSERT INTO `nc_cms_article` VALUES (22, '雅思阅读能力提高有方法 文章精读可以这样做', 1, '雅思阅读能力提高有方法 文章精读可以这样做', '', '', '牛酷', '从广义上讲，书法是指文化符号的书写法则。换言之，书法是指按照文字特点及其含义，以其书体笔法、结构和章法书写规范，文字特点及其含义，以其书体笔法、结构和章法书写规范。', '<p style=\"margin-top: 0px; margin-bottom: 29px; padding: 0px; border: 0px; outline: 0px; vertical-align: baseline; background: rgb(255, 255, 255); text-indent: 2em; text-align: justify; color: rgb(78, 78, 78); white-space: normal; line-height: 28px; font-family: 宋体, Arial, sans-serif; font-size: 15.9996px;\"><span style=\"font-size: 12px;\">关于</span><a class=\"a-tips-Article-QQ\" href=\"http://edu.qq.com/kszx/ielts.shtml\" style=\"margin: 0px; padding: 0px; border-width: 0px 0px 1px; border-top-style: initial; border-right-style: initial; border-bottom-style: dotted; border-left-style: initial; border-top-color: initial; border-right-color: initial; border-bottom-color: rgb(83, 109, 166); border-left-color: initial; border-image: initial; outline: none; vertical-align: baseline; background: transparent; text-decoration: underline; color: rgb(0, 0, 0); font-size: 12px;\"><span style=\"font-size: 12px;\">雅思</span></a><span style=\"font-size: 12px;\">(</span><a target=\"_blank\" href=\"http://class.qq.com/category/94.html\" class=\"a-tips-Article-QQ\" style=\"margin: 0px; padding: 0px; border-width: 0px 0px 1px; border-top-style: initial; border-right-style: initial; border-bottom-style: dotted; border-left-style: initial; border-top-color: initial; border-right-color: initial; border-bottom-color: rgb(83, 109, 166); border-left-color: initial; border-image: initial; outline: none; vertical-align: baseline; background: transparent; text-decoration: underline; color: rgb(0, 0, 0); font-size: 12px;\"><span style=\"font-size: 12px;\">课程</span></a><span style=\"font-size: 12px;\">)精读，首先，认真选择精读文章，只需10篇剑桥文章，你的成绩就可以在7.5以上。但这一前提是你不是流于形式，而是认真走心的读。</span></p><p style=\"margin-top: 0px; margin-bottom: 29px; padding: 0px; border: 0px; outline: 0px; vertical-align: baseline; background: rgb(255, 255, 255); text-indent: 2em; text-align: justify; color: rgb(78, 78, 78); white-space: normal; line-height: 28px; font-family: 宋体, Arial, sans-serif; font-size: 15.9996px;\"><span style=\"font-size: 12px;\">我一直认为雅思精读最大的目的在于四点：</span></p><p style=\"margin-top: 0px; margin-bottom: 29px; padding: 0px; border: 0px; outline: 0px; vertical-align: baseline; background: rgb(255, 255, 255); text-indent: 2em; text-align: justify; color: rgb(78, 78, 78); white-space: normal; line-height: 28px; font-family: 宋体, Arial, sans-serif; font-size: 15.9996px;\"><span style=\"font-size: 12px;\">1、生词+学科核心生词</span></p><p style=\"margin-top: 0px; margin-bottom: 29px; padding: 0px; border: 0px; outline: 0px; vertical-align: baseline; background: rgb(255, 255, 255); text-indent: 2em; text-align: justify; color: rgb(78, 78, 78); white-space: normal; line-height: 28px; font-family: 宋体, Arial, sans-serif; font-size: 15.9996px;\"><span style=\"font-size: 12px;\">2、每道题涉及解题的同义替换</span></p><p style=\"margin-top: 0px; margin-bottom: 29px; padding: 0px; border: 0px; outline: 0px; vertical-align: baseline; background: rgb(255, 255, 255); text-indent: 2em; text-align: justify; color: rgb(78, 78, 78); white-space: normal; line-height: 28px; font-family: 宋体, Arial, sans-serif; font-size: 15.9996px;\"><span style=\"font-size: 12px;\">3、长难句的不回读训练</span></p><p style=\"margin-top: 0px; margin-bottom: 29px; padding: 0px; border: 0px; outline: 0px; vertical-align: baseline; background: rgb(255, 255, 255); text-indent: 2em; text-align: justify; color: rgb(78, 78, 78); white-space: normal; line-height: 28px; font-family: 宋体, Arial, sans-serif; font-size: 15.9996px;\"><span style=\"font-size: 12px;\">4、段落中心句位置+文章构架的积累训练与开悟体验</span></p><p style=\"margin-top: 0px; margin-bottom: 29px; padding: 0px; border: 0px; outline: 0px; vertical-align: baseline; background: rgb(255, 255, 255); text-indent: 2em; text-align: justify; color: rgb(78, 78, 78); white-space: normal; line-height: 28px; font-family: 宋体, Arial, sans-serif; font-size: 15.9996px;\"><span style=\"font-size: 12px;\">1、生词+学科核心生词</span></p><p style=\"margin-top: 0px; margin-bottom: 29px; padding: 0px; border: 0px; outline: 0px; vertical-align: baseline; background: rgb(255, 255, 255); text-indent: 2em; text-align: justify; color: rgb(78, 78, 78); white-space: normal; line-height: 28px; font-family: 宋体, Arial, sans-serif; font-size: 15.9996px;\"><span style=\"font-size: 12px;\">雅思考生公认精读来扫清阅读单词死角是再合适不过的了，尤其精读了几篇生物类文章，再答生物类全都认识了。比如C7蚂蚁智能里面的forage/scout/bearing/odour等词，精读过少量生物类文章，再去做OG上的swarm之类的文章就非常easy了，通篇可以快速读懂，准确定位，正确率超高。</span></p><p style=\"margin-top: 0px; margin-bottom: 29px; padding: 0px; border: 0px; outline: 0px; vertical-align: baseline; background: rgb(255, 255, 255); text-indent: 2em; text-align: justify; color: rgb(78, 78, 78); white-space: normal; line-height: 28px; font-family: 宋体, Arial, sans-serif; font-size: 15.9996px;\"><span style=\"font-size: 12px;\">再如精读过C9的金星凌日，天文类词汇基底你就get到了，什么日食月食轨道运行太阳黑子与光斑，只要考试出了天文类，百分之75以上的基底词汇你都是认识的，答题就自如多了。</span></p><p style=\"margin-top: 0px; margin-bottom: 29px; padding: 0px; border: 0px; outline: 0px; vertical-align: baseline; background: rgb(255, 255, 255); text-indent: 2em; text-align: justify; color: rgb(78, 78, 78); white-space: normal; line-height: 28px; font-family: 宋体, Arial, sans-serif; font-size: 15.9996px;\"><span style=\"font-size: 12px;\">2、每道题涉及解题的同义替换</span></p><p style=\"margin-top: 0px; margin-bottom: 29px; padding: 0px; border: 0px; outline: 0px; vertical-align: baseline; background: rgb(255, 255, 255); text-indent: 2em; text-align: justify; color: rgb(78, 78, 78); white-space: normal; line-height: 28px; font-family: 宋体, Arial, sans-serif; font-size: 15.9996px;\"><span style=\"font-size: 12px;\">粗定位一个定位词，全文可能会出现30多处，俗话说：两点定一线，你的关键词/定位词，至少要画两个以上还要全都找到。我一般建议学生“抓三点”“抓四点”“抓五点”，题配句，词换词，细定位就是要找至少两三个换的词。</span></p><p style=\"margin-top: 0px; margin-bottom: 29px; padding: 0px; border: 0px; outline: 0px; vertical-align: baseline; background: rgb(255, 255, 255); text-indent: 2em; text-align: justify; color: rgb(78, 78, 78); white-space: normal; line-height: 28px; font-family: 宋体, Arial, sans-serif; font-size: 15.9996px;\"><span style=\"font-size: 12px;\">说到底，同义替换词这个事情，还是要多多积累的，比积累词汇量在雅思阅读中，还要重要。</span></p><p style=\"margin-top: 0px; margin-bottom: 29px; padding: 0px; border: 0px; outline: 0px; vertical-align: baseline; background: rgb(255, 255, 255); text-indent: 2em; text-align: justify; color: rgb(78, 78, 78); white-space: normal; line-height: 28px; font-family: 宋体, Arial, sans-serif; font-size: 15.9996px;\"><span style=\"font-size: 12px;\">所以单词量达到瓶颈以后，要做的是背”同义替换词表“</span></p><p style=\"margin-top: 0px; margin-bottom: 29px; padding: 0px; border: 0px; outline: 0px; vertical-align: baseline; background: rgb(255, 255, 255); text-indent: 2em; text-align: justify; color: rgb(78, 78, 78); white-space: normal; line-height: 28px; font-family: 宋体, Arial, sans-serif; font-size: 15.9996px;\"><span style=\"font-size: 12px;\">3、长难句的不回读训练</span></p><p style=\"margin-top: 0px; margin-bottom: 29px; padding: 0px; border: 0px; outline: 0px; vertical-align: baseline; background: rgb(255, 255, 255); text-indent: 2em; text-align: justify; color: rgb(78, 78, 78); white-space: normal; line-height: 28px; font-family: 宋体, Arial, sans-serif; font-size: 15.9996px;\"><span style=\"font-size: 12px;\">忘了是哪个老师说三行以上必出题。</span></p><p style=\"margin-top: 0px; margin-bottom: 29px; padding: 0px; border: 0px; outline: 0px; vertical-align: baseline; background: rgb(255, 255, 255); text-indent: 2em; text-align: justify; color: rgb(78, 78, 78); white-space: normal; line-height: 28px; font-family: 宋体, Arial, sans-serif; font-size: 15.9996px;\"><span style=\"font-size: 12px;\">N个学生的反馈都是：长难句读到后半句，前面就忘了度过了什么。或者单词都认识，就是读文章速度太慢。</span></p><p style=\"margin-top: 0px; margin-bottom: 29px; padding: 0px; border: 0px; outline: 0px; vertical-align: baseline; background: rgb(255, 255, 255); text-indent: 2em; text-align: justify; color: rgb(78, 78, 78); white-space: normal; line-height: 28px; font-family: 宋体, Arial, sans-serif; font-size: 15.9996px;\"><span style=\"font-size: 12px;\">当年考GMAT看过一本《GMAT长难句练习》，里面提到了”打死我也不回读”这个方法，一直分享给学生，效果反馈很棒。里面说：</span></p><p style=\"margin-top: 0px; margin-bottom: 29px; padding: 0px; border: 0px; outline: 0px; vertical-align: baseline; background: rgb(255, 255, 255); text-indent: 2em; text-align: justify; color: rgb(78, 78, 78); white-space: normal; line-height: 28px; font-family: 宋体, Arial, sans-serif; font-size: 15.9996px;\"><span style=\"font-size: 12px;\">只要每天练习五个长难句不回读训练，看到大长句子，习惯性切割主谓宾，一周就会看到效果。本来想着不就是主谓宾嘛，结果练了十多天，读题速度有了飞跃性的提升。</span></p><p style=\"margin-top: 0px; margin-bottom: 29px; padding: 0px; border: 0px; outline: 0px; vertical-align: baseline; background: rgb(255, 255, 255); text-indent: 2em; text-align: justify; color: rgb(78, 78, 78); white-space: normal; line-height: 28px; font-family: 宋体, Arial, sans-serif; font-size: 15.9996px;\"><span style=\"font-size: 12px;\">长难句再也不是问题，看到就自动读主谓宾，这就可以轻松记住意思，读下面句子的时候，逻辑就形成了非常舒服的衔接。如果有题在句子中，再去精读也不迟。</span></p><p style=\"margin-top: 0px; margin-bottom: 29px; padding: 0px; border: 0px; outline: 0px; vertical-align: baseline; background: rgb(255, 255, 255); text-indent: 2em; text-align: justify; color: rgb(78, 78, 78); white-space: normal; line-height: 28px; font-family: 宋体, Arial, sans-serif; font-size: 15.9996px;\"><span style=\"font-size: 12px;\">4、段落中心句位置+文章构架的积累训练与开悟体验</span></p><p style=\"margin-top: 0px; margin-bottom: 29px; padding: 0px; border: 0px; outline: 0px; vertical-align: baseline; background: rgb(255, 255, 255); text-indent: 2em; text-align: justify; color: rgb(78, 78, 78); white-space: normal; line-height: 28px; font-family: 宋体, Arial, sans-serif; font-size: 15.9996px;\"><span style=\"font-size: 12px;\">LOH和 段落信息配对，怎么做，主要靠精读的这个步骤。</span></p><p style=\"margin-top: 0px; margin-bottom: 29px; padding: 0px; border: 0px; outline: 0px; vertical-align: baseline; background: rgb(255, 255, 255); text-indent: 2em; text-align: justify; color: rgb(78, 78, 78); white-space: normal; line-height: 28px; font-family: 宋体, Arial, sans-serif; font-size: 15.9996px;\"><span style=\"font-size: 12px;\">LOH做多了，自然有了feel，首句中心句?末句中心句?转折中心句?这就不细说了，做多了就知道。</span></p><p style=\"margin-top: 0px; margin-bottom: 29px; padding: 0px; border: 0px; outline: 0px; vertical-align: baseline; background: rgb(255, 255, 255); text-indent: 2em; text-align: justify; color: rgb(78, 78, 78); white-space: normal; line-height: 28px; font-family: 宋体, Arial, sans-serif; font-size: 15.9996px;\"><span style=\"font-size: 12px;\">段落信息配对题，因为无序且恶心，同义替换幅度较大，有时候需要通读全文。我却始终坚信“预测乃解决断子绝孙题的直通车”。只要精读了，你就会发现，原来文章各个部位都有暗示你过，那么下次如果你没读原文直接做MATCHING你要怎么“蒙题”，精读多了你就懂了</span></p><p><br/></p>', 'upload/cms/1607926859.jpg', '', '', 0, 2, 0, 0, 2, '', '雅思阅读能力提高有方法 文章精读可以这样做', 0, 0, '1', 1, 0, 1511175856, 1511175856, 1607926862);
INSERT INTO `nc_cms_article` VALUES (23, '哈佛商学院院长：21世纪人人都需要创业精神', 1, '21世纪人人都需要创业精神', '', '', '牛酷', '哈佛商学院院长：21世纪人人都需要创业精神', '<p><span style=\"font-family: Arial, 宋体; font-size: 14px; line-height: 25.2px; background-color: rgb(255, 255, 255);\">摘 要：中国书法艺术，是我国众多的优秀文化艺术中的瑰宝。是亿万人代代追求的、创造和欣赏的艺术，有着巨大的吸引力，甚至成为中华民族的凝聚力的一种不可缺少的精神支柱，这是由书法艺术的本质决定了的。我国的书法艺术，在历史的长河中高潮迭起，奇峰突现，绘成了一幅光彩奇目、繁花似锦的长卷。书法艺术作为历史传给我们的珍贵文化遗产，我们不仅要很好地加以继承，更要循着其固有的客观规律，超越历史的高峰，开拓时代所要求的新高峰，使我国古老的书法艺术的前景更加璀璨。&nbsp;</span><br/><span style=\"color:#ffffff;padding: 0px; margin: 0px; font-family: Arial, 宋体; font-size: 14px; line-height: 25.2px; background-color: rgb(255, 255, 255);\">中国论文网 http://www.xzbu.com/7/view-4197309.htm</span><br/><span style=\"font-family: Arial, 宋体; font-size: 14px; line-height: 25.2px; background-color: rgb(255, 255, 255);\">　　关键词：书法；艺术；发展&nbsp;</span><br/><span style=\"font-family: Arial, 宋体; font-size: 14px; line-height: 25.2px; background-color: rgb(255, 255, 255);\">　　中图分类号：J292 文献标识码：A 文章编号：1005-5312（2013）11-0034-01&nbsp;</span><br/><span style=\"font-family: Arial, 宋体; font-size: 14px; line-height: 25.2px; background-color: rgb(255, 255, 255);\">　　中国的书法，作为一种艺术，以文字为载体，不断地反映着和丰富着华夏民族的自然观、宇宙观和人生观，反映着人的生命的本质力量。&nbsp;</span><br/><span style=\"font-family: Arial, 宋体; font-size: 14px; line-height: 25.2px; background-color: rgb(255, 255, 255);\">　　谈到书法艺术，就离不开汉字。汉字是书法艺术的精髓，汉字固有艺术素质，汉字作为理性思维和艺术巧思融合的结果，其艺术性中包蕴着理性，从理性中对折射出艺术性的慧思、汉字的艺术性正是由于以潜在的逻辑思维的理性为归依而使然，汉字的本身具有丰富的意象和可朔的规律性，使汉字书写成为一门独特的艺术。中国文字的点画、结构和形体与外文不同。它变化微妙，形态不一，意趣迥异。通过点画线条的强弱、浓淡、粗细等丰富变化，以书写的内容和思想感情的起伏变化，以字形字距和行间的分布，构成优美的章法布局，有的似玉龙琢雕，有的似奇峰突起，有的俊秀俏丽，有的气势豪放，这些都有使书写文字带上了强烈的艺术色彩。书法己是民族艺术中一枝永开不败的鲜花，世人赏以欣慰，可从中领略其精神风度，心灵意境，生活情趣，审美追求，时代气息。这样一种观之激人感奋，聊以励精自慰的艺术！&nbsp;</span><br/><span style=\"font-family: Arial, 宋体; font-size: 14px; line-height: 25.2px; background-color: rgb(255, 255, 255);\">　　根据书法艺术的客观特性来看，书法艺术内容特征的确立应是书法艺术的文字线条本身，而不是文字内容的本身。在书法美学中，内容与形式作为对立面的统一表现得十分鲜明。从审美观点来看，文字线条本身，对其美学价值是至关重要，从而为书法美的内容特征作了质的规定。&nbsp;</span><br/><span style=\"font-family: Arial, 宋体; font-size: 14px; line-height: 25.2px; background-color: rgb(255, 255, 255);\">　　书法艺术就是线条的艺术。随着时间的推移，终及篆、隶、楷、草、行五种主要书体的毕至纷呈。汉代是隶书、草书盛行的时代，隶书与草书是更能高度自由抒发情感、表现书法家个性的线条艺术。汉字由各种不同的线条组成，这无数的线条可以千变万化，如方与圆、曲与直、长与短、粗与细、浓与淡、轻与重、缓与速、疏与密、虚与实、斜与正、巧与拙等。在书法家笔下，这些线条有的重如崩石，有的轻如飞花，有的刚如凿铁，有的捷如闪电，有的柔如嫩芽，千姿百态，各显其妙。使书法艺术美与天地山川美、衣冠人物的社会美联系起来的纽带是线条。在书法艺术中，书法家丰富的情感也是通过线条实现的，书法家笔下千变万化的线条是书法家内心世界的表露。中国书法通过变化无穷的线条，把中国近万年的书法史，描绘得有声有色。&nbsp;</span><br/><span style=\"font-family: Arial, 宋体; font-size: 14px; line-height: 25.2px; background-color: rgb(255, 255, 255);\">　　书法艺术也是心灵的艺术。用线条的形式表现自我的心境。书法艺术的线条实际上是书法艺术家心灵颤动的轨迹，是“心”在书法艺术创作过程中发生作用的结果。&nbsp;</span><br/><span style=\"font-family: Arial, 宋体; font-size: 14px; line-height: 25.2px; background-color: rgb(255, 255, 255);\">　　书法艺术的真谛是抽象美。表现为静态，展开于空间，流动于时间的书法线条，为什么能抒发情感，造化心灵？其原因就在于书法线条是直观的、形象的，更是抽象的。&nbsp;</span><br/><span style=\"font-family: Arial, 宋体; font-size: 14px; line-height: 25.2px; background-color: rgb(255, 255, 255);\">　　人们对美的追求是永恒的，但对于什么是美的标准却因人们的文化、知识、兴趣、爱好的差别，产生了不同的审美标准。书法是一种美。书法美是一个系统的整体的美，是一种以语言、文字为载体，以线条结构为具体形象，以一种抽象的审美理念为思维形象，给人产生一种美的享受的艺术形式。虽然书法在发展过程中产生了许多的流派，但他们都有一个共同点，就是都是以文字为基础的一种艺术。在练习书法的同时，一是理解文字中所蕴含的含义，二是在练习中通过创造、学习美的作品，体验美的感受，从而提高自己的审美水平，形成高雅的审美意识。&nbsp;</span><br/><span style=\"font-family: Arial, 宋体; font-size: 14px; line-height: 25.2px; background-color: rgb(255, 255, 255);\">　　书法艺术它是我们国家的国粹，书法艺术源源流长。从古至今。书法艺术伴随着几千年的中华文明一起走过坎坷和辉煌，中国的书法艺术历史悠久，早在中华文明还处在萌芽时期，书法艺术就已经诞生，从结绳记事的蒙昧时期，到仓吉造字的转化，走过了数千年后，富有生命力的书法已成为公认的独立的艺术门类。以魏晋、唐和宋元三个时期为代表。魏晋时期，开始书法已成为一门独立的艺术形式（代表人物有：王羲之、王献之）。接着，唐朝书法艺术达到了鼎盛时期。（代表人物有：颜真卿，柳公权）。到了宋元时代书法个性化大发展（代表人物有：苏轼、黄庭坚、米芾、赵孟頫等）。从魏晋、唐到宋元等朝代，中国的书法艺术达到了顶峰。这门艺术凝聚着整个民族深层的文化心理和审美意识的古老艺术。书法艺术是书法家对于汉字以及汉字所包含的深厚涵义的独特诠释。不同的艺术家具有不同的表现力。书法作品字字见用心，行笔流畅，用墨自然，作品的意境之美更是让人惊叹。畅然笔法给我们营造出如痴如醉的艺术景象。书法艺术有草书、行书、楷书博大精深一个艺术家到死也不可能达到登峰造极的水平。&nbsp;</span><br/><span style=\"font-family: Arial, 宋体; font-size: 14px; line-height: 25.2px; background-color: rgb(255, 255, 255);\">　　所以说，给书法艺术合理的定位和建立书法艺术良性健康地可持续发展具有重要的理论价值与实践意义。</span></p>', 'upload/cms/1607926871.jpg', '', '', 0, 1, 0, 0, 2, '', '创业精神', 0, 0, '1', 1, 0, 1511175927, 1511175927, 1607926873);
INSERT INTO `nc_cms_article` VALUES (24, '中国首款学习习近平重要讲话APP上线', 2, '中国首款学习习近平重要讲话APP上线', '', '', '牛酷', '国画入门教程：正确的用笔方法', '<p style=\"box-sizing: border-box; padding: 0px; margin-top: 0px; margin-bottom: 1.6rem; line-height: 30px; list-style: none; font-family: 微软雅黑, 黑体, Verdana, Arial, sans-serif; color: rgb(20, 23, 26); opacity: 0.8; white-space: normal; background-color: rgb(255, 255, 255);\"><span style=\"box-sizing: border-box; padding: 0px; margin: 0px; line-height: normal; list-style: none; font-family: &#39;Times New Roman&#39;; font-size: 14px; color: black;\">&nbsp; &nbsp;&nbsp;<strong style=\"box-sizing: border-box; padding: 0px; margin: 0px; list-style: none; font-family: 微软雅黑, 黑体, Verdana, Arial, sans-serif; font-size: inherit;\">国画入门</strong>要掌握哪些技巧？</span><span style=\"box-sizing: border-box; padding: 0px; margin: 0px; line-height: normal; list-style: none; font-family: 宋体; font-size: 14px; color: black;\">用笔的方法是中国画学习的重点。本国画教程侧重介绍各种毛笔、笔毫的性能和笔锋的作用，以及通过用墨、用水而达到的各种艺术效果。国画入门的你赶紧来看看吧。</span></p><p style=\"box-sizing: border-box; padding: 0px; margin-top: 1.6rem; margin-bottom: 1.6rem; line-height: 30px; list-style: none; font-family: 微软雅黑, 黑体, Verdana, Arial, sans-serif; color: rgb(20, 23, 26); opacity: 0.8; white-space: normal; background-color: rgb(255, 255, 255);\"><span style=\"box-sizing: border-box; padding: 0px; margin: 0px; line-height: normal; list-style: none; font-family: 宋体; font-size: 14px; color: black;\">&nbsp; &nbsp;笔墨技法是中国花鸟画的基础，历来书法家、画家和评论家将“用笔”作为国画创作、鉴赏的一条重要标准。在长期发展过程中，由低到高，由幼稚到成熟，由简单到丰富多彩，逐步形成了中华民族特色的风格，构成了中国绘画独特的艺术语言和多姿多彩的艺术世界。</span></p><p style=\"box-sizing: border-box; padding: 0px; margin-top: 1.6rem; margin-bottom: 1.6rem; line-height: 30px; list-style: none; font-family: 微软雅黑, 黑体, Verdana, Arial, sans-serif; color: rgb(20, 23, 26); opacity: 0.8; white-space: normal; background-color: rgb(255, 255, 255);\"><span style=\"box-sizing: border-box; padding: 0px; margin: 0px; line-height: normal; list-style: none; font-family: 宋体; font-size: 14px; color: black;\">&nbsp; &nbsp;笔和墨在书画中是不能各自独立存在的，笔必须通过墨才能显现出笔的各种痕迹，而墨又必须通过笔方能产生各种墨香、墨阶效果。笔可以勾、皴、擦、点；墨能烘、染、积、破、泼。笔以力的作用和力的大小产生轻重、徐疾的变化；墨能因含水多少而产生浓、淡、枯、湿的墨韵；以笔驱使墨，以墨表现笔，两者相依相存，不可分割。因此笔所到之处，既能显示笔的功能，又可表现墨的效果。北宋韩拙以诗“笔以立其形质，墨以分其阴阳”高度概括了笔墨之间的关系。同时，画家在写生创作过程中，总是把自身的情感深深地与笔墨融合在一起，把情化为力，把力注入笔端。笔笔挥洒处，无不反映出画家的个性和情感。笔的运动是以线为主，以点、线、面结合的形式表现出来的。因此，线是中国画写形造物和传神写意的关键。</span></p><p style=\"box-sizing: border-box; padding: 0px; margin-top: 1.6rem; margin-bottom: 1.6rem; line-height: 30px; list-style: none; font-family: 微软雅黑, 黑体, Verdana, Arial, sans-serif; color: rgb(20, 23, 26); opacity: 0.8; white-space: normal; background-color: rgb(255, 255, 255);\"><span style=\"box-sizing: border-box; padding: 0px; margin: 0px; line-height: normal; list-style: none; font-family: 宋体; font-size: 14px; color: black;\">&nbsp; &nbsp;用笔，实际上包含两层意思，一是指笔的本身，不同的笔毫与墨、水、色、纸作用后产生的效果也不同；二是画家以指、腕、臂不同力的作用于笔端而产生的不同艺术效果，包含了作者的形与神、气与力。</span></p><p style=\"box-sizing: border-box; padding: 0px; margin-top: 1.6rem; margin-bottom: 1.6rem; line-height: 30px; list-style: none; font-family: 微软雅黑, 黑体, Verdana, Arial, sans-serif; color: rgb(20, 23, 26); opacity: 0.8; white-space: normal; background-color: rgb(255, 255, 255);\"><span style=\"box-sizing: border-box; padding: 0px; margin: 0px; line-height: normal; list-style: none; font-family: 宋体; font-size: 14px; color: black;\">&nbsp; &nbsp;荆浩《笔法论》中总结了气、韵、思、景、笔、墨的“六要”和筋、骨、肉、气的用笔“四势”。他把笔法比为组成人体必不可少的筋、骨、肉、气，可见笔法是何等重要。</span></p><p style=\"box-sizing: border-box; padding: 0px; margin-top: 1.6rem; margin-bottom: 1.6rem; line-height: 30px; list-style: none; font-family: 微软雅黑, 黑体, Verdana, Arial, sans-serif; color: rgb(20, 23, 26); opacity: 0.8; white-space: normal; background-color: rgb(255, 255, 255);\"><span style=\"box-sizing: border-box; padding: 0px; margin: 0px; line-height: normal; list-style: none; font-family: 宋体; font-size: 14px; color: black;\">&nbsp; &nbsp;著名画家总结前人经验、结合自己长期实践，提出了<strong style=\"box-sizing: border-box; padding: 0px; margin: 0px; list-style: none; font-family: 微软雅黑, 黑体, Verdana, Arial, sans-serif; font-size: inherit;\">“平、圆、留、重、变”</strong>五个用笔原则：</span></p><p style=\"box-sizing: border-box; padding: 0px; margin-top: 1.6rem; margin-bottom: 1.6rem; line-height: 30px; list-style: none; font-family: 微软雅黑, 黑体, Verdana, Arial, sans-serif; color: rgb(20, 23, 26); opacity: 0.8; white-space: normal; background-color: rgb(255, 255, 255);\"><span style=\"box-sizing: border-box; padding: 0px; margin: 0px; line-height: normal; list-style: none; font-family: 宋体; font-size: 14px; color: black;\">平<span style=\"box-sizing: border-box; padding: 0px; margin: 0px; list-style: none; font-family: &#39;Times New Roman&#39;; font-size: inherit;\">--</span><span style=\"box-sizing: border-box; padding: 0px; margin: 0px; list-style: none; font-size: inherit;\">用笔平稳，用力平均，如锥如沙起屹分明，笔笔交代清楚。</span></span></p><p style=\"box-sizing: border-box; padding: 0px; margin-top: 1.6rem; margin-bottom: 1.6rem; line-height: 30px; list-style: none; font-family: 微软雅黑, 黑体, Verdana, Arial, sans-serif; color: rgb(20, 23, 26); opacity: 0.8; white-space: normal; background-color: rgb(255, 255, 255);\"><span style=\"box-sizing: border-box; padding: 0px; margin: 0px; line-height: normal; list-style: none; font-family: 宋体; font-size: 14px; color: black;\">圆<span style=\"box-sizing: border-box; padding: 0px; margin: 0px; list-style: none; font-family: &#39;Times New Roman&#39;; font-size: inherit;\">--</span><span style=\"box-sizing: border-box; padding: 0px; margin: 0px; list-style: none; font-size: inherit;\">线条圆润有力，如折钗股，富有弹性，外柔内刚；</span></span></p><p style=\"box-sizing: border-box; padding: 0px; margin-top: 1.6rem; margin-bottom: 1.6rem; line-height: 30px; list-style: none; font-family: 微软雅黑, 黑体, Verdana, Arial, sans-serif; color: rgb(20, 23, 26); opacity: 0.8; white-space: normal; background-color: rgb(255, 255, 255);\"><span style=\"box-sizing: border-box; padding: 0px; margin: 0px; line-height: normal; list-style: none; font-family: 宋体; font-size: 14px; color: black;\">留<span style=\"box-sizing: border-box; padding: 0px; margin: 0px; list-style: none; font-family: &#39;Times New Roman&#39;; font-size: inherit;\">--</span><span style=\"box-sizing: border-box; padding: 0px; margin: 0px; list-style: none; font-size: inherit;\">线条不滑不飘，有滞涩感，如屋漏痕；</span></span></p><p style=\"box-sizing: border-box; padding: 0px; margin-top: 1.6rem; margin-bottom: 1.6rem; line-height: 30px; list-style: none; font-family: 微软雅黑, 黑体, Verdana, Arial, sans-serif; color: rgb(20, 23, 26); opacity: 0.8; white-space: normal; background-color: rgb(255, 255, 255);\"><span style=\"box-sizing: border-box; padding: 0px; margin: 0px; line-height: normal; list-style: none; font-family: 宋体; font-size: 14px; color: black;\">重<span style=\"box-sizing: border-box; padding: 0px; margin: 0px; list-style: none; font-family: &#39;Times New Roman&#39;; font-size: inherit;\">--</span><span style=\"box-sizing: border-box; padding: 0px; margin: 0px; list-style: none; font-size: inherit;\">行笔有力度感、厚重感、如高山坠石，力透纸背；</span></span></p><p style=\"box-sizing: border-box; padding: 0px; margin-top: 1.6rem; margin-bottom: 1.6rem; line-height: 30px; list-style: none; font-family: 微软雅黑, 黑体, Verdana, Arial, sans-serif; color: rgb(20, 23, 26); opacity: 0.8; white-space: normal; background-color: rgb(255, 255, 255);\"><span style=\"box-sizing: border-box; padding: 0px; margin: 0px; line-height: normal; list-style: none; font-family: 宋体; font-size: 14px; color: black;\">变<span style=\"box-sizing: border-box; padding: 0px; margin: 0px; list-style: none; font-family: &#39;Times New Roman&#39;; font-size: inherit;\">--</span><span style=\"box-sizing: border-box; padding: 0px; margin: 0px; list-style: none; font-size: inherit;\">用笔用线富于变化；</span></span></p><p style=\"box-sizing: border-box; padding: 0px; margin-top: 1.6rem; margin-bottom: 1.6rem; line-height: 30px; list-style: none; font-family: 微软雅黑, 黑体, Verdana, Arial, sans-serif; color: rgb(20, 23, 26); opacity: 0.8; white-space: normal; background-color: rgb(255, 255, 255);\"><span style=\"box-sizing: border-box; padding: 0px; margin: 0px; line-height: normal; list-style: none; font-family: 宋体; font-size: 14px; color: black;\">&nbsp; &nbsp;就每一笔画的运行程序而言，有起笔、行笔、收笔三个步骤；</span></p><p style=\"box-sizing: border-box; padding: 0px; margin-top: 1.6rem; margin-bottom: 1.6rem; line-height: 30px; list-style: none; font-family: 微软雅黑, 黑体, Verdana, Arial, sans-serif; color: rgb(20, 23, 26); opacity: 0.8; white-space: normal; background-color: rgb(255, 255, 255);\"><span style=\"box-sizing: border-box; padding: 0px; margin: 0px; line-height: normal; list-style: none; font-family: 宋体; font-size: 14px; color: black;\">起笔<span style=\"box-sizing: border-box; padding: 0px; margin: 0px; list-style: none; font-family: &#39;Times New Roman&#39;; font-size: inherit;\">--</span><span style=\"box-sizing: border-box; padding: 0px; margin: 0px; list-style: none; font-size: inherit;\">要藏锋，无论用何种笔法，下笔时都要讲究藏锋，即”欲上先下“，”欲下先上“，”欲右先左“，”欲左先右“，”竖画横落“，”横画竖落“，求自然含蓄，忌锋芒毕露。</span></span></p><p style=\"box-sizing: border-box; padding: 0px; margin-top: 1.6rem; margin-bottom: 1.6rem; line-height: 30px; list-style: none; font-family: 微软雅黑, 黑体, Verdana, Arial, sans-serif; color: rgb(20, 23, 26); opacity: 0.8; white-space: normal; background-color: rgb(255, 255, 255);\"><span style=\"box-sizing: border-box; padding: 0px; margin: 0px; line-height: normal; list-style: none; font-family: 宋体; font-size: 14px; color: black;\">行笔<span style=\"box-sizing: border-box; padding: 0px; margin: 0px; list-style: none; font-family: &#39;Times New Roman&#39;; font-size: inherit;\">--</span><span style=\"box-sizing: border-box; padding: 0px; margin: 0px; list-style: none; font-size: inherit;\">要讲究变化，运笔过程中不要直去直来，要讲究提、按、顿、挫、轻重、缓急、一波三折等变化。</span></span></p><p style=\"box-sizing: border-box; padding: 0px; margin-top: 1.6rem; margin-bottom: 1.6rem; line-height: 30px; list-style: none; font-family: 微软雅黑, 黑体, Verdana, Arial, sans-serif; color: rgb(20, 23, 26); opacity: 0.8; white-space: normal; background-color: rgb(255, 255, 255);\"><span style=\"box-sizing: border-box; padding: 0px; margin: 0px; line-height: normal; list-style: none; font-family: 宋体; font-size: 14px; color: black;\">收笔<span style=\"box-sizing: border-box; padding: 0px; margin: 0px; list-style: none; font-family: &#39;Times New Roman&#39;; font-size: inherit;\">--</span><span style=\"box-sizing: border-box; padding: 0px; margin: 0px; list-style: none; font-size: inherit;\">要回锋，笔行到线的终端要注意回锋，即”有行必收“，”五重不缩“，总之要笔止意收，使形象有充分实在的感觉。</span></span></p><p style=\"box-sizing: border-box; padding: 0px; margin-top: 1.6rem; margin-bottom: 1.6rem; line-height: 30px; list-style: none; font-family: 微软雅黑, 黑体, Verdana, Arial, sans-serif; color: rgb(20, 23, 26); opacity: 0.8; white-space: normal; text-align: center; background-color: rgb(255, 255, 255);\"><img src=\"/upload/ueditor/image/20171120/1511176037113840.jpg\" title=\"国画入门教程：正确的用笔方法\" alt=\"国画入门教程：正确的用笔方法\" width=\"545\" height=\"403\"/><br/><a href=\"http://www.lucydraw.com/a/1063.html#\" target=\"_blank\" class=\"lookimg\" style=\"box-sizing: border-box; padding: 10px; margin: 10px auto; line-height: 25px; list-style: none; font-size: inherit; color: rgb(14, 159, 207); text-decoration: none; border-radius: 10px; display: inline-block; text-indent: 0em; background: rgb(16, 169, 207);\">高清看图</a><span style=\"box-sizing: border-box; padding: 0px; margin: 0px; line-height: normal; list-style: none; font-family: &#39;Times New Roman&#39;; font-size: 14px; color: black;\">&nbsp;</span></p><p style=\"box-sizing: border-box; padding: 0px; margin-top: 1.6rem; margin-bottom: 1.6rem; line-height: 30px; list-style: none; font-family: 微软雅黑, 黑体, Verdana, Arial, sans-serif; color: rgb(20, 23, 26); opacity: 0.8; white-space: normal; background-color: rgb(255, 255, 255);\"><span style=\"box-sizing: border-box; padding: 0px; margin: 0px; line-height: normal; list-style: none; font-family: 宋体; font-size: 14px; color: black;\">&nbsp; &nbsp;我们懂得笔毫的性能，但要了解哪种笔毫适台画什么，还必须进一步了解毛笔的笔尖、笔腰、笔根在作画过程中的作用。用笔毫不同的部位，其古墨、水、色的分量不一样，其效果也不尽相同。笔锋行笔时，有中锋、偏锋、侧锋、卧锋等几种，另外还有藏锋、露锋顺锋、逆锋等差异若不懂得各毫各锋的作用和方法，即使能驾驭住毛笔，而画面也难得有干蛮万化的笔墨效果。</span></p><p style=\"box-sizing: border-box; padding: 0px; margin-top: 1.6rem; margin-bottom: 1.6rem; line-height: 30px; list-style: none; font-family: 微软雅黑, 黑体, Verdana, Arial, sans-serif; color: rgb(20, 23, 26); opacity: 0.8; white-space: normal; background-color: rgb(255, 255, 255);\"><strong style=\"box-sizing: border-box; padding: 0px; margin: 0px; line-height: normal; list-style: none; font-size: inherit; color: black;\"><span style=\"box-sizing: border-box; padding: 0px; margin: 0px; list-style: none; font-family: 宋体; font-size: 14px;\">中锋</span></strong><span style=\"box-sizing: border-box; padding: 0px; margin: 0px; line-height: normal; list-style: none; font-family: 宋体; font-size: 14px; color: black;\">：行笔时，笔锋在墨线中间，所画出的线条含蓄、圆浑厚重，是仝画的骨架，快慢、提接均以匀为妥，掌握得好，力透纸背，给人以力感，掌握得不好，则软弱无力，或笔滞墨瘴，或浮于纸而。不同毫的中锋，所含水、墨、色韵分量不，其效果亦不样，各有其特点，各有其不相同的笔墨趣味。</span></p><p style=\"box-sizing: border-box; padding: 0px; margin-top: 1.6rem; margin-bottom: 1.6rem; line-height: 30px; list-style: none; font-family: 微软雅黑, 黑体, Verdana, Arial, sans-serif; color: rgb(20, 23, 26); opacity: 0.8; white-space: normal; background-color: rgb(255, 255, 255);\"><strong style=\"box-sizing: border-box; padding: 0px; margin: 0px; line-height: normal; list-style: none; font-size: inherit; color: black;\"><span style=\"box-sizing: border-box; padding: 0px; margin: 0px; list-style: none; font-family: 宋体; font-size: 14px;\">侧锋：</span></strong><span style=\"box-sizing: border-box; padding: 0px; margin: 0px; line-height: normal; list-style: none; font-family: 宋体; font-size: 14px; color: black;\">行笔时笔锋靠一边，其勾出的线边光而另一边毛。若颤笔或战笔运线，则且有老辣、朴实有力的分量之感。若笔毫蘸墨，先调淡墨后蘸浓墨，用扫、擦、推、回、折侧运笔，则笔所到之处，墨色十分丰富，有奇峭多变之感觉，又有虚实相生的艺术效果。</span></p><p style=\"box-sizing: border-box; padding: 0px; margin-top: 1.6rem; margin-bottom: 1.6rem; line-height: 30px; list-style: none; font-family: 微软雅黑, 黑体, Verdana, Arial, sans-serif; color: rgb(20, 23, 26); opacity: 0.8; white-space: normal; background-color: rgb(255, 255, 255);\"><strong style=\"box-sizing: border-box; padding: 0px; margin: 0px; line-height: normal; list-style: none; font-size: inherit; color: black;\"><span style=\"box-sizing: border-box; padding: 0px; margin: 0px; list-style: none; font-family: 宋体; font-size: 14px;\">逆锋</span></strong><span style=\"box-sizing: border-box; padding: 0px; margin: 0px; line-height: normal; list-style: none; font-family: 宋体; font-size: 14px; color: black;\">：笔杆后倾斜，笔尖在后而笔肚在前，逆向前进。由于笔毫前端受阻力磨擦前行，其痕痕毛涩无滑，给人以苍老、泼辣之感，顺锋行笔时笔杆笔肚向前，笔锋拖着行走。这种线条由于用力不大运行流畅，给人以轻松圆浑、欢畅的感觉。</span></p><p style=\"box-sizing: border-box; padding: 0px; margin-top: 1.6rem; margin-bottom: 1.6rem; line-height: 30px; list-style: none; font-family: 微软雅黑, 黑体, Verdana, Arial, sans-serif; color: rgb(20, 23, 26); opacity: 0.8; white-space: normal; background-color: rgb(255, 255, 255);\"><span style=\"box-sizing: border-box; padding: 0px; margin: 0px; line-height: normal; list-style: none; font-family: 宋体; font-size: 14px; color: black;\">&nbsp; &nbsp;用笔的技法还有很多，特别是在山水画里，笔法更是丰富，除勾、皱、擦、染、点外，还有</span></p><p style=\"box-sizing: border-box; padding: 0px; margin-top: 1.6rem; margin-bottom: 1.6rem; line-height: 30px; list-style: none; font-family: 微软雅黑, 黑体, Verdana, Arial, sans-serif; color: rgb(20, 23, 26); opacity: 0.8; white-space: normal; background-color: rgb(255, 255, 255);\"><span style=\"box-sizing: border-box; padding: 0px; margin: 0px; line-height: normal; list-style: none; font-family: 宋体; font-size: 14px; color: black;\">垛：笔腹着力，自上而下重落，稍斜，用力较重。</span></p><p style=\"box-sizing: border-box; padding: 0px; margin-top: 1.6rem; margin-bottom: 1.6rem; line-height: 30px; list-style: none; font-family: 微软雅黑, 黑体, Verdana, Arial, sans-serif; color: rgb(20, 23, 26); opacity: 0.8; white-space: normal; background-color: rgb(255, 255, 255);\"><span style=\"box-sizing: border-box; padding: 0px; margin: 0px; line-height: normal; list-style: none; font-family: 宋体; font-size: 14px; color: black;\">擢：笔腹着力。用于点苔和画有毛、粗糙之景物。点苔用笔，如高山坠石，如同鸡啄米</span></p><p style=\"box-sizing: border-box; padding: 0px; margin-top: 1.6rem; margin-bottom: 1.6rem; line-height: 30px; list-style: none; font-family: 微软雅黑, 黑体, Verdana, Arial, sans-serif; color: rgb(20, 23, 26); opacity: 0.8; white-space: normal; background-color: rgb(255, 255, 255);\"><span style=\"box-sizing: border-box; padding: 0px; margin: 0px; line-height: normal; list-style: none; font-family: 宋体; font-size: 14px; color: black;\">簇：散笔直画适合画柳叶杂树和远树、近草。</span></p><p style=\"box-sizing: border-box; padding: 0px; margin-top: 1.6rem; margin-bottom: 1.6rem; line-height: 30px; list-style: none; font-family: 微软雅黑, 黑体, Verdana, Arial, sans-serif; color: rgb(20, 23, 26); opacity: 0.8; white-space: normal; background-color: rgb(255, 255, 255);\"><span style=\"box-sizing: border-box; padding: 0px; margin: 0px; line-height: normal; list-style: none; font-family: 宋体; font-size: 14px; color: black;\">摔：横笔卧点。画杂树叶有的用于山石皴法。</span></p><p style=\"box-sizing: border-box; padding: 0px; margin-top: 1.6rem; margin-bottom: 1.6rem; line-height: 30px; list-style: none; font-family: 微软雅黑, 黑体, Verdana, Arial, sans-serif; color: rgb(20, 23, 26); opacity: 0.8; white-space: normal; background-color: rgb(255, 255, 255);\"><span style=\"box-sizing: border-box; padding: 0px; margin: 0px; line-height: normal; list-style: none; font-family: 宋体; font-size: 14px; color: black;\">揉<span style=\"box-sizing: border-box; padding: 0px; margin: 0px; list-style: none; font-family: &#39;Times New Roman&#39;; font-size: inherit;\">,</span><span style=\"box-sizing: border-box; padding: 0px; margin: 0px; list-style: none; font-size: inherit;\">：以腕力压毫，使墨和水相互挤压或浑融混台或排斥，形成墨韵之变化。画树叶（大混点）有特殊笔味。</span></span></p><p style=\"box-sizing: border-box; padding: 0px; margin-top: 1.6rem; margin-bottom: 1.6rem; line-height: 30px; list-style: none; font-family: 微软雅黑, 黑体, Verdana, Arial, sans-serif; color: rgb(20, 23, 26); opacity: 0.8; white-space: normal; background-color: rgb(255, 255, 255);\"><span style=\"box-sizing: border-box; padding: 0px; margin: 0px; line-height: normal; list-style: none; font-family: 宋体; font-size: 14px; color: black;\">拖：中侧锋井用，可画妊绒，运笔类似顺锋。</span></p><p style=\"box-sizing: border-box; padding: 0px; margin-top: 1.6rem; margin-bottom: 1.6rem; line-height: 30px; list-style: none; font-family: 微软雅黑, 黑体, Verdana, Arial, sans-serif; color: rgb(20, 23, 26); opacity: 0.8; white-space: normal; background-color: rgb(255, 255, 255);\"><span style=\"box-sizing: border-box; padding: 0px; margin: 0px; line-height: normal; list-style: none; font-family: 宋体; font-size: 14px; color: black;\">斫：同山刀砍柴，一刀一个痕迹，有平有糙。适用山石皴法，如斧劈皴，树干（如梧桐、白杨等皴擦。</span></p><p style=\"box-sizing: border-box; padding: 0px; margin-top: 1.6rem; margin-bottom: 1.6rem; line-height: 30px; list-style: none; font-family: 微软雅黑, 黑体, Verdana, Arial, sans-serif; color: rgb(20, 23, 26); opacity: 0.8; white-space: normal; background-color: rgb(255, 255, 255);\"><span style=\"box-sizing: border-box; padding: 0px; margin: 0px; line-height: normal; list-style: none; font-family: 宋体; font-size: 14px; color: black;\">滚：即笔毫在纸上滚动向前，有毛涩、飞白之迹。最适合画大面积山石，尤其是近处的大石和花鸟画坡地等。</span></p><p style=\"box-sizing: border-box; padding: 0px; margin-top: 1.6rem; margin-bottom: 1.6rem; line-height: 30px; list-style: none; font-family: 微软雅黑, 黑体, Verdana, Arial, sans-serif; color: rgb(20, 23, 26); opacity: 0.8; white-space: normal; background-color: rgb(255, 255, 255);\"><span style=\"box-sizing: border-box; padding: 0px; margin: 0px; line-height: normal; list-style: none; font-family: 宋体; font-size: 14px; color: black;\">&nbsp; &nbsp;上述笔法，特别是中锋、侧锋、逆锋、顺锋及起笔、收笔几种基本笔法，都需要我们作为基本功法去反复练习、实践。一些有了成就的画家，画了一辈子的画，仍在不断眼睛探索笔墨技法。”笔墨当随时代“，传统笔墨也不是一成不变的，这就需要我们刻苦学习、实践、才能”运转变通“，切不可把玩弄笔墨、空悬勾线技巧作为绘画目地，只有通过具体的形象表达情与境，才是我们所追求的。</span></p><p style=\"box-sizing: border-box; padding: 0px; margin-top: 1.6rem; margin-bottom: 1.6rem; line-height: 30px; list-style: none; font-family: 微软雅黑, 黑体, Verdana, Arial, sans-serif; color: rgb(20, 23, 26); opacity: 0.8; white-space: normal; background-color: rgb(255, 255, 255);\"><span style=\"box-sizing: border-box; padding: 0px; margin: 0px; line-height: normal; list-style: none; font-family: 宋体; font-size: 14px; color: black;\">&nbsp; &nbsp; 上面就是今天带来的国画入门教程：正确的用笔方法，希望对新手们有所帮助！</span></p><p><br/></p>', 'upload/cms/1607926845.jpg', '', '', 0, 3, 0, 0, 2, '', '中国首款学习习近平重要讲话APP上线', 0, 0, '1', 1, 0, 1511176044, 1511176044, 1607926849);
INSERT INTO `nc_cms_article` VALUES (25, '渠道之殇：三星手机中国没落背后', 3, '渠道之殇：三星手机中国没落背后', '', '', '牛酷', '篆刻的简介', '<p>早在<a target=\"_blank\" href=\"https://baike.baidu.com/item/%E6%AE%B7%E5%95%86\" style=\"color: rgb(19, 110, 194); text-decoration: none;\">殷商</a>时代，人们就用刀在龟甲上刻“字”（即现代称为<a target=\"_blank\" href=\"https://baike.baidu.com/item/%E7%94%B2%E9%AA%A8%E6%96%87\" style=\"color: rgb(19, 110, 194); text-decoration: none;\">甲骨文</a>）。这些文字刀锋挺锐，笔意劲秀，具有较高的“<a target=\"_blank\" href=\"https://baike.baidu.com/item/%E5%88%BB%E5%AD%97\" style=\"color: rgb(19, 110, 194); text-decoration: none;\">刻字</a>”水平。在<a target=\"_blank\" href=\"https://baike.baidu.com/item/%E6%98%A5%E7%A7%8B%E6%88%98%E5%9B%BD\" style=\"color: rgb(19, 110, 194); text-decoration: none;\">春秋战国</a>至秦以前，篆刻印章称为“<a target=\"_blank\" href=\"https://baike.baidu.com/item/%E7%8E%BA\" style=\"color: rgb(19, 110, 194); text-decoration: none;\">玺</a>”或鉨，玺为在玉上刻制的，鉨是金属上刻制的。<a target=\"_blank\" href=\"https://baike.baidu.com/item/%E7%A7%A6%E5%A7%8B%E7%9A%87\" style=\"color: rgb(19, 110, 194); text-decoration: none;\">秦始皇</a>统一六国后，规定“玺”为天子所专用，大臣以下和民间私人用印统称“印”，从此鉨就废而不用了。这就形成了帝王用印称“玺”或“宝”，<a target=\"_blank\" href=\"https://baike.baidu.com/item/%E5%AE%98%E5%8D%B0\" style=\"color: rgb(19, 110, 194); text-decoration: none;\">官印</a>称“印”，将军用印称“章”，私人用印称“<a target=\"_blank\" href=\"https://baike.baidu.com/item/%E5%8D%B0%E4%BF%A1\" style=\"color: rgb(19, 110, 194); text-decoration: none;\">印信</a>”。</p><p>篆刻的「<a target=\"_blank\" href=\"https://baike.baidu.com/item/%E7%AF%86\" style=\"color: rgb(19, 110, 194); text-decoration: none;\">篆</a>」字，古时写作「<a target=\"_blank\" href=\"https://baike.baidu.com/item/%E7%91%91\" style=\"color: rgb(19, 110, 194); text-decoration: none;\">瑑</a>」，从玉字旁。凡是在玉石上雕琢凹凸的花纹，都叫做“瑑”。后来竹帛成为通行的书写用具，于是篆字的形符，也由“玉”改为“竹”。其实在古代凡属于雕玉、<a target=\"_blank\" href=\"https://baike.baidu.com/item/%E5%88%BB%E7%9F%B3\" style=\"color: rgb(19, 110, 194); text-decoration: none;\">刻石</a>、镂竹、铭铜的范围，都可称为“篆刻”，<a target=\"_blank\" href=\"https://baike.baidu.com/item/%E5%8D%B0%E7%AB%A0\" style=\"color: rgb(19, 110, 194); text-decoration: none;\">印章</a>的刻制只是其中的一小部分而已。到了<a target=\"_blank\" href=\"https://baike.baidu.com/item/%E7%A7%A6%E5%A7%8B%E7%9A%87\" style=\"color: rgb(19, 110, 194); text-decoration: none;\">秦始皇</a>时，将全国<a target=\"_blank\" href=\"https://baike.baidu.com/item/%E4%B9%A6%E4%BD%93\" style=\"color: rgb(19, 110, 194); text-decoration: none;\">书体</a>作综合整理，书分<a target=\"_blank\" href=\"https://baike.baidu.com/item/%E5%85%AB%E4%BD%93\" style=\"color: rgb(19, 110, 194); text-decoration: none;\">八体</a>，印面上的文字叫“摹印篆”；<a target=\"_blank\" href=\"https://baike.baidu.com/item/%E7%8E%8B%E8%8E%BD\" style=\"color: rgb(19, 110, 194); text-decoration: none;\">王莽</a>定<a target=\"_blank\" href=\"https://baike.baidu.com/item/%E5%85%AD%E4%B9%A6\" style=\"color: rgb(19, 110, 194); text-decoration: none;\">六书</a>时，称为“<a target=\"_blank\" href=\"https://baike.baidu.com/item/%E7%BC%AA%E7%AF%86\" style=\"color: rgb(19, 110, 194); text-decoration: none;\">缪篆</a>”，从此便明定篆书为印章印文的使用字体。唐宋之际，由于文人、<a target=\"_blank\" href=\"https://baike.baidu.com/item/%E5%A2%A8%E5%AE%A2\" style=\"color: rgb(19, 110, 194); text-decoration: none;\">墨客</a>的喜好，虽然改变了印章的体制，但仍以<a target=\"_blank\" href=\"https://baike.baidu.com/item/%E7%AF%86%E4%B9%A6\" style=\"color: rgb(19, 110, 194); text-decoration: none;\">篆书</a>作印，直到明清两代，印人辈出，篆刻便成为以篆书为基础，利用雕刻方法，在印面中表现疏密、离合的艺术型态，篆刻也由广义的雕镂铭刻，转为狭义的治印之学。而此治印之学也有人直接称为“刻印”、“铁笔”、“铁书”、“刻图章”等。</p><p>在2009年9月28日至10月2日举行的<a target=\"_blank\" href=\"https://baike.baidu.com/item/%E8%81%94%E5%90%88%E5%9B%BD%E6%95%99%E7%A7%91%E6%96%87%E7%BB%84%E7%BB%87\" style=\"color: rgb(19, 110, 194); text-decoration: none;\">联合国教科文组织</a>保护<a target=\"_blank\" href=\"https://baike.baidu.com/item/%E9%9D%9E%E7%89%A9%E8%B4%A8%E6%96%87%E5%8C%96%E9%81%97%E4%BA%A7\" style=\"color: rgb(19, 110, 194); text-decoration: none;\">非物质文化遗产</a>政府间委员会第四次会议上，中国申报的<a target=\"_blank\" href=\"https://baike.baidu.com/item/%E7%AB%AF%E5%8D%88%E8%8A%82\" style=\"color: rgb(19, 110, 194); text-decoration: none;\">端午节</a>、中国书法、中国篆刻、<a target=\"_blank\" href=\"https://baike.baidu.com/item/%E4%B8%AD%E5%9B%BD%E5%89%AA%E7%BA%B8\" style=\"color: rgb(19, 110, 194); text-decoration: none;\">中国剪纸</a>、中国雕版印刷技艺、中国传统木结构营造技艺、中国传统桑蚕丝织技艺、<a target=\"_blank\" href=\"https://baike.baidu.com/item/%E9%BE%99%E6%B3%89%E9%9D%92%E7%93%B7\" style=\"color: rgb(19, 110, 194); text-decoration: none;\">龙泉青瓷</a>传统烧制技艺、妈祖信俗、南音、<a target=\"_blank\" href=\"https://baike.baidu.com/item/%E5%8D%97%E4%BA%AC%E4%BA%91%E9%94%A6\" style=\"color: rgb(19, 110, 194); text-decoration: none;\">南京云锦</a>织造技艺、<a target=\"_blank\" href=\"https://baike.baidu.com/item/%E5%AE%A3%E7%BA%B8\" style=\"color: rgb(19, 110, 194); text-decoration: none;\">宣纸</a>传统制作技艺、侗族大歌、粤剧、<a target=\"_blank\" href=\"https://baike.baidu.com/item/%E6%A0%BC%E8%90%A8%EF%BC%88%E6%96%AF%EF%BC%89%E5%B0%94\" style=\"color: rgb(19, 110, 194); text-decoration: none;\">格萨（斯）尔</a>、<a target=\"_blank\" href=\"https://baike.baidu.com/item/%E7%83%AD%E8%B4%A1%E8%89%BA%E6%9C%AF\" style=\"color: rgb(19, 110, 194); text-decoration: none;\">热贡艺术</a>、藏戏、<a target=\"_blank\" href=\"https://baike.baidu.com/item/%E7%8E%9B%E7%BA%B3%E6%96%AF\" style=\"color: rgb(19, 110, 194); text-decoration: none;\">玛纳斯</a>、花儿、<a target=\"_blank\" href=\"https://baike.baidu.com/item/%E8%A5%BF%E5%AE%89%E9%BC%93%E4%B9%90\" style=\"color: rgb(19, 110, 194); text-decoration: none;\">西安鼓乐</a>、中国朝鲜族农乐舞、呼麦等22个项目入选“人类非物质文化遗产代表作名录”。</p><p><img class=\"anchorclass\"/><img class=\"anchorclass\"/><img class=\"anchorclass\"/><img class=\"anchorclass\"/></p><h3 class=\"title-text\" style=\"margin: 0px; padding: 0px; font-size: 18px; font-weight: 400;\">篆刻起源</h3><p><a class=\"image-link\" href=\"https://baike.baidu.com/pic/%E7%AF%86%E5%88%BB/422334/0/faacb5644557e2c5f73654ea?fr=lemma&ct=single\" target=\"_blank\" title=\"吴昌硕篆刻\" style=\"color: rgb(19, 110, 194); text-decoration: none; display: block; width: 200px; height: 220px;\"><img class=\"\" src=\"https://gss2.bdstatic.com/-fo3dSag_xI4khGkpoWK1HF6hhy/baike/s%3D220/sign=f72da9cf828ba61edbeecf2d713497cc/d1160924ab18972b921fafcfe6cd7b899e510a89.jpg\" alt=\"吴昌硕篆刻\"/></a><span class=\"description\" style=\"display: block; color: rgb(85, 85, 85); font-size: 12px; text-indent: 0px; font-family: 宋体; word-wrap: break-word; word-break: break-all; line-height: 15px; padding: 8px 7px; min-height: 12px; border-top-width: 1px; border-top-style: solid; border-top-color: rgb(224, 224, 224);\">吴昌硕篆刻</span></p><p>篆刻，自起源至今的三千七百多年的漫长历史中，历经了十余个朝代。在这个长期的发展过程中，<a target=\"_blank\" href=\"https://baike.baidu.com/item/%E7%AF%86%E5%88%BB%E8%89%BA%E6%9C%AF\" style=\"color: rgb(19, 110, 194); text-decoration: none;\">篆刻艺术</a>出现了两个高度发展的历史阶段。</p><p>一个是战国、秦汉、<a target=\"_blank\" href=\"https://baike.baidu.com/item/%E9%AD%8F%E6%99%8B\" style=\"color: rgb(19, 110, 194); text-decoration: none;\">魏晋</a>六朝时期，这一时期的篆刻用料主要为玉石、金、牙、角等。它被称为“古代篆刻艺术时期”，它的篆刻艺术特点主要是以时代来划分。篆刻发展到了唐、宋、元时期，则处于衰微的时期。在这一时期，由于楷书的应用取代了<a target=\"_blank\" href=\"https://baike.baidu.com/item/%E7%AF%86%E4%B9%A6\" style=\"color: rgb(19, 110, 194); text-decoration: none;\">篆书</a>，同时官印和私印根本上分家，篆刻艺术走上了<a target=\"_blank\" href=\"https://baike.baidu.com/item/%E4%B8%8B%E5%9D%A1%E8%B7%AF\" style=\"color: rgb(19, 110, 194); text-decoration: none;\">下坡路</a>。这种形势到了元末出现了转机，画家王冕发现了花乳石可以入印，从而使石料成了治印的理想材料。到了明代，篆刻艺术进入了复兴时期。</p><p>明清以来，篆刻又迎来了它的第二个发展高峰期，它的篆刻艺术特点主要是流派纷呈。在这一时期文彭、<a target=\"_blank\" href=\"https://baike.baidu.com/item/%E4%BD%95%E9%9C%87\" style=\"color: rgb(19, 110, 194); text-decoration: none;\">何震</a>对流派篆刻艺术的开创起了重大的作用。<a target=\"_blank\" href=\"https://baike.baidu.com/item/%E6%96%87%E5%BD%AD\" style=\"color: rgb(19, 110, 194); text-decoration: none;\">文彭</a>是<a target=\"_blank\" href=\"https://baike.baidu.com/item/%E6%96%87%E5%BE%81%E6%98%8E\" style=\"color: rgb(19, 110, 194); text-decoration: none;\">文征明</a>的儿子，是他在一次偶然的机会，发现了“灯光石”冻石可以当做治<a target=\"_blank\" href=\"https://baike.baidu.com/item/%E5%8D%B0%E6%9D%90\" style=\"color: rgb(19, 110, 194); text-decoration: none;\">印材</a>料。经过他的倡导，石材被广泛的应用。在这以后的一段时期内篆刻艺术流派纷呈现，出现了<a target=\"_blank\" href=\"https://baike.baidu.com/item/%E7%A8%8B%E9%82%83\" style=\"color: rgb(19, 110, 194); text-decoration: none;\">程邃</a>、<a target=\"_blank\" href=\"https://baike.baidu.com/item/%E4%B8%81%E6%95%AC\" style=\"color: rgb(19, 110, 194); text-decoration: none;\">丁敬</a>、<a target=\"_blank\" href=\"https://baike.baidu.com/item/%E9%82%93%E7%9F%B3%E5%A6%82\" style=\"color: rgb(19, 110, 194); text-decoration: none;\">邓石如</a>、<a target=\"_blank\" href=\"https://baike.baidu.com/item/%E9%BB%84%E7%89%A7%E7%94%AB\" style=\"color: rgb(19, 110, 194); text-decoration: none;\">黄牧甫</a>、<a target=\"_blank\" href=\"https://baike.baidu.com/item/%E8%B5%B5%E4%B9%8B%E8%B0%A6\" style=\"color: rgb(19, 110, 194); text-decoration: none;\">赵之谦</a>、<a target=\"_blank\" href=\"https://baike.baidu.com/item/%E5%90%B4%E8%AE%A9%E4%B9%8B\" style=\"color: rgb(19, 110, 194); text-decoration: none;\">吴让之</a>等<span style=\"font-weight: 700;\">篆刻艺术家</span>，一时间篆刻艺术呈现出了一派繁荣的景象。</p><p>直至近现代篆刻大师<a target=\"_blank\" href=\"https://baike.baidu.com/item/%E5%90%B4%E6%98%8C%E7%A1%95\" style=\"color: rgb(19, 110, 194); text-decoration: none;\">吴昌硕</a>、<a target=\"_blank\" href=\"https://baike.baidu.com/item/%E9%BD%90%E7%99%BD%E7%9F%B3\" style=\"color: rgb(19, 110, 194); text-decoration: none;\">齐白石</a>，从而形成了一部完整的中国篆刻历史。篆刻艺术是书法、章法、刀法三者完美的结合，一方印中，即有豪壮飘逸的书法笔意，又有优美悦目的绘画构图，并且更兼得刀法生动的雕刻<a target=\"_blank\" href=\"https://baike.baidu.com/item/%E7%A5%9E%E9%9F%B5\" style=\"color: rgb(19, 110, 194); text-decoration: none;\">神韵</a>。可称得上“方寸之间，气象万千”。</p><p><a class=\"image-link\" href=\"https://baike.baidu.com/pic/%E7%AF%86%E5%88%BB/422334/0/cdfe72817c1183edbc3e1ef6?fr=lemma&ct=single\" target=\"_blank\" title=\"陈巨来篆刻\" style=\"color: rgb(19, 110, 194); text-decoration: none; display: block; width: 213px; height: 220px;\"><img class=\"\" src=\"https://gss0.bdstatic.com/-4o3dSag_xI4khGkpoWK1HF6hhy/baike/s%3D220/sign=4e0a0926b07eca8016053ee5a1239712/8d5494eef01f3a29d1ee7acb9925bc315c607c95.jpg\" alt=\"陈巨来篆刻\"/></a><span class=\"description\" style=\"display: block; color: rgb(85, 85, 85); font-size: 12px; text-indent: 0px; font-family: 宋体; word-wrap: break-word; word-break: break-all; line-height: 15px; padding: 8px 7px; min-height: 12px; border-top-width: 1px; border-top-style: solid; border-top-color: rgb(224, 224, 224);\">陈巨来篆刻</span></p><p>在我们游心赏玩之前，先要弄清楚篆刻的定义。篆刻是什么呢 它的解释，有广义与狭义的两种。篆刻的“篆”宇，古写作“瑑”，从玉（说文的注释上说明：“圭璧起兆，瑑也。”），凡是在玉、石上雕琢凹凸的花纹都叫做“瑑”，后来，竹帛成为通行的书写工具，于是<a target=\"_blank\" href=\"https://baike.baidu.com/item/%E7%AF%86%E5%AD%97\" style=\"color: rgb(19, 110, 194); text-decoration: none;\">篆字</a>的形符也由“玉”改从「竹」。</p><p>篆刻<a target=\"_blank\" href=\"https://baike.baidu.com/item/%E5%8D%B0%E7%AB%A0\" style=\"color: rgb(19, 110, 194); text-decoration: none;\">印章</a>起源甚早，据《汉书 祭祀志》载：“自五帝始有书契，至于三王，俗化雕文，诈伪渐兴，始有<a target=\"_blank\" href=\"https://baike.baidu.com/item/%E5%8D%B0%E7%8E%BA\" style=\"color: rgb(19, 110, 194); text-decoration: none;\">印玺</a>，以检奸萌”。</p><p>远在三千七百多年前的<a target=\"_blank\" href=\"https://baike.baidu.com/item/%E6%AE%B7%E5%95%86\" style=\"color: rgb(19, 110, 194); text-decoration: none;\">殷商</a>时代，便盛行刻字艺术。但印面并无本来意思的文字，只有象征血缘集团的记号，附加在同时代的青铜器或旗子上。虽说是记号，确有一定的读音。到了周代，以青铜质为主的“周玺”大为兴起。各种大小形状都有，一般分为白文，<a target=\"_blank\" href=\"https://baike.baidu.com/item/%E6%9C%B1%E6%96%87\" style=\"color: rgb(19, 110, 194); text-decoration: none;\">朱文</a>两种。秦代是中国文字由“籀书”演变成为篆书的时期，印的形式也更为广泛，印文圆润苍劲，笔势挺拔。</p><p><a target=\"_blank\" href=\"https://baike.baidu.com/item/%E6%B1%89%E4%BB%A3\" style=\"color: rgb(19, 110, 194); text-decoration: none;\">汉代</a>印章到达兴盛，史称汉印，字体由<a target=\"_blank\" href=\"https://baike.baidu.com/item/%E5%B0%8F%E7%AF%86\" style=\"color: rgb(19, 110, 194); text-decoration: none;\">小篆</a>演变成“缪篆”。汉印的印<a target=\"_blank\" href=\"https://baike.baidu.com/item/%E5%BD%A2%E5%88%B6\" style=\"color: rgb(19, 110, 194); text-decoration: none;\">形制</a>、印纽亦十分精美。<a target=\"_blank\" href=\"https://baike.baidu.com/item/%E8%A5%BF%E6%B3%A0%E5%85%AB%E5%AE%B6\" style=\"color: rgb(19, 110, 194); text-decoration: none;\">西泠八家</a>的奚冈曾说：“印之宗汉也，如诗文宗唐，字文宗晋”。唐宋之际，由于文人墨客的喜好，虽然改变了印章的体制，但仍以篆书作印。直到明清两代，印人辈出，篆刻便成为以篆书为基础，利用雕刻方法，在即面中表现疏密、离合的艺术型态，篆刻遂由广义的雕镂铭刻，转为狭义的治印之举。</p><p><img class=\"anchorclass\"/><img class=\"anchorclass\"/><img class=\"anchorclass\"/><img class=\"anchorclass\"/></p><h3 class=\"title-text\" style=\"margin: 0px; padding: 0px; font-size: 18px; font-weight: 400;\">篆刻种类</h3><p><span style=\"font-weight: 700;\">周玺印</span>：</p><p>秦朝以前，不论官印或私印都不称为印，统称为“<a target=\"_blank\" href=\"https://baike.baidu.com/item/%E7%8E%BA\" style=\"color: rgb(19, 110, 194); text-decoration: none;\">玺</a>”。</p><p>这是中国<a target=\"_blank\" href=\"https://baike.baidu.com/item/%E5%8D%B0%E7%AB%A0\" style=\"color: rgb(19, 110, 194); text-decoration: none;\">印章</a>最早的名称。玺有大有小，大的几寸见方，小的只有几分。印质有铜有玉。玺印采用<a target=\"_blank\" href=\"https://baike.baidu.com/item/%E5%A4%A7%E7%AF%86\" style=\"color: rgb(19, 110, 194); text-decoration: none;\">大篆</a>、<a target=\"_blank\" href=\"https://baike.baidu.com/item/%E7%B1%80%E6%96%87\" style=\"color: rgb(19, 110, 194); text-decoration: none;\">籀文</a>，布局松而不散，舒展自如，气势雄健挺拔。小玺则比较清丽。</p><p><span style=\"font-weight: 700;\">秦汉官印：</span></p><p><a target=\"_blank\" href=\"https://baike.baidu.com/item/%E7%A7%A6%E5%A7%8B%E7%9A%87\" style=\"color: rgb(19, 110, 194); text-decoration: none;\">秦始皇</a>统一中国后，对混乱的六国文字作了改革，制定了统一的字体─小篆。在当时社会，小篆是规范用字，因此也是印章上的规范用字。</p><p>秦印的形式与以往不同：四周多采用“田”形框。印文平均分配在框内。</p><p><span style=\"font-weight: 700;\">唐宋</span><span style=\"font-weight: 700;\">以来的官私印：</span></p><p>唐代印章仍用篆体，但和<a target=\"_blank\" href=\"https://baike.baidu.com/item/%E5%85%AD%E6%9C%9D\" style=\"color: rgb(19, 110, 194); text-decoration: none;\">六朝</a>以前有很大区别。</p><p><a target=\"_blank\" href=\"https://baike.baidu.com/item/%E7%A7%A6%E6%B1%89%E5%8D%B0\" style=\"color: rgb(19, 110, 194); text-decoration: none;\">秦汉印</a>印文多用<a target=\"_blank\" href=\"https://baike.baidu.com/item/%E7%BC%AA%E7%AF%86\" style=\"color: rgb(19, 110, 194); text-decoration: none;\">缪篆</a>，刻白文。</p><p>唐代因用印色直接盖在棉纸上，官印一律采用朱文，当时也有人用<a target=\"_blank\" href=\"https://baike.baidu.com/item/%E9%9A%B6%E4%B9%A6\" style=\"color: rgb(19, 110, 194); text-decoration: none;\">隶书</a>入印。</p><p>宋代官印接近唐代。但到金代则用「<a target=\"_blank\" href=\"https://baike.baidu.com/item/%E4%B9%9D%E5%8F%A0%E7%AF%86\" style=\"color: rgb(19, 110, 194); text-decoration: none;\">九叠篆</a>」入印。宋元私印变化很多，用途广泛，质地除铜、玉外，又增用象牙、犀角之类。当时并且以能看到朱红<a target=\"_blank\" href=\"https://baike.baidu.com/item/%E5%8D%B0%E6%B3%A5\" style=\"color: rgb(19, 110, 194); text-decoration: none;\">印泥</a>印在书画作品上，产生<a target=\"_blank\" href=\"https://baike.baidu.com/item/%E8%89%BA%E6%9C%AF%E6%95%88%E6%9E%9C\" style=\"color: rgb(19, 110, 194); text-decoration: none;\">艺术效果</a>。</p><p>明代官印也沿用“九叠篆”，尺寸比宋代、元代更大。多数是阔边粗朱文。</p><p>清代官印半边用汉篆，半边用满文。常设正规官，官印是方形；临时派遣的官，官印是长方形，叫做“关防”。</p><p><img class=\"anchorclass\"/><img class=\"anchorclass\"/><img class=\"anchorclass\"/></p><h2 class=\"title-text\" style=\"margin: 0px; padding: 0px 8px 0px 18px; font-size: 22px; color: rgb(0, 0, 0); float: left; font-weight: 400; background-image: initial; background-attachment: initial; background-size: initial; background-origin: initial; background-clip: initial; background-position: initial; background-repeat: initial;\">篆刻流派</h2><p><a class=\"edit-icon j-edit-link\" style=\"color: rgb(136, 136, 136); display: block; float: right; height: 22px; line-height: 22px; padding-left: 24px; font-size: 12px; font-family: SimSun; background-image: initial; background-attachment: initial; background-size: initial; background-origin: initial; background-clip: initial; background-position: initial; background-repeat: initial;\"><span class=\"cmn-icon wiki-lemma-icons wiki-lemma-icons_edit-lemma\" style=\"font-family: baikeFont_layout; -webkit-font-smoothing: antialiased; speak: none; line-height: 1; outline: 0px; margin: 0px 3px 0px 0px; vertical-align: text-bottom; color: rgb(170, 170, 170);\"></span>编辑</a></p><ol class=\"custom_num  para-list list-paddingleft-1\" style=\"margin-bottom: 15px; margin-left: 2em; padding-top: 0px; padding-right: 0px; padding-bottom: 0px; color: rgb(51, 51, 51); font-family: arial, 宋体, sans-serif; font-size: 12px; line-height: 18px; white-space: normal; background-color: rgb(255, 255, 255);\"><li class=\"list-num-1-1 list-num-paddingleft-1\" style=\"\"><p><a target=\"_blank\" href=\"https://baike.baidu.com/item/%E7%9A%96%E6%B4%BE\" style=\"color: rgb(19, 110, 194); text-decoration: none;\"><span style=\"font-weight: 700;\">皖派</span></a><span style=\"font-weight: 700;\">（<a target=\"_blank\" href=\"https://baike.baidu.com/item/%E5%BE%BD%E6%B4%BE\" style=\"color: rgb(19, 110, 194); text-decoration: none;\">徽派</a>）</span></p><p>代表人物：<a target=\"_blank\" href=\"https://baike.baidu.com/item/%E4%BD%95%E9%9C%87\" style=\"color: rgb(19, 110, 194); text-decoration: none;\">何震</a>、<a target=\"_blank\" href=\"https://baike.baidu.com/item/%E6%96%87%E5%BD%AD\" style=\"color: rgb(19, 110, 194); text-decoration: none;\">文彭</a>、<a target=\"_blank\" href=\"https://baike.baidu.com/item/%E8%8B%8F%E5%AE%A3\" style=\"color: rgb(19, 110, 194); text-decoration: none;\">苏宣</a>等</p></li><li class=\"list-num-1-2 list-num-paddingleft-1\" style=\"\"><p><span style=\"font-weight: 700;\">歙派（歙中四子）</span></p><p>代表人物：<a target=\"_blank\" href=\"https://baike.baidu.com/item/%E7%A8%8B%E9%82%83\" style=\"color: rgb(19, 110, 194); text-decoration: none;\">程邃</a>、<a target=\"_blank\" href=\"https://baike.baidu.com/item/%E5%B7%B4%E6%85%B0%E7%A5%96\" style=\"color: rgb(19, 110, 194); text-decoration: none;\">巴慰祖</a>、<a target=\"_blank\" href=\"https://baike.baidu.com/item/%E8%83%A1%E5%94%90\" style=\"color: rgb(19, 110, 194); text-decoration: none;\">胡唐</a>、<a target=\"_blank\" href=\"https://baike.baidu.com/item/%E6%B1%AA%E8%82%87%E9%BE%99\" style=\"color: rgb(19, 110, 194); text-decoration: none;\">汪肇龙</a></p></li><li class=\"list-num-1-3 list-num-paddingleft-1\" style=\"\"><p><span style=\"font-weight: 700;\">泗水派</span></p><p>代表人物：<a target=\"_blank\" href=\"https://baike.baidu.com/item/%E8%8B%8F%E5%AE%A3\" style=\"color: rgb(19, 110, 194); text-decoration: none;\">苏宣</a></p></li><li class=\"list-num-1-4 list-num-paddingleft-1\" style=\"\"><p><span style=\"font-weight: 700;\">粤派（黟山派）</span></p><p>代表人物：<a target=\"_blank\" href=\"https://baike.baidu.com/item/%E9%BB%84%E5%A3%AB%E9%99%B5\" style=\"color: rgb(19, 110, 194); text-decoration: none;\">黄士陵</a></p></li><li class=\"list-num-1-5 list-num-paddingleft-1\" style=\"\"><p><a target=\"_blank\" href=\"https://baike.baidu.com/item/%E6%B5%99%E6%B4%BE/2460548\" style=\"color: rgb(19, 110, 194); text-decoration: none;\"><span style=\"font-weight: 700;\">浙派</span></a><span style=\"font-weight: 700;\">（西泠八家）</span></p><p>代表人物：<a target=\"_blank\" href=\"https://baike.baidu.com/item/%E4%B8%81%E6%95%AC\" style=\"color: rgb(19, 110, 194); text-decoration: none;\">丁敬</a>、<a target=\"_blank\" href=\"https://baike.baidu.com/item/%E8%92%8B%E4%BB%81\" style=\"color: rgb(19, 110, 194); text-decoration: none;\">蒋仁</a>、<a target=\"_blank\" href=\"https://baike.baidu.com/item/%E9%BB%84%E6%98%93\" style=\"color: rgb(19, 110, 194); text-decoration: none;\">黄易</a>、<a target=\"_blank\" href=\"https://baike.baidu.com/item/%E5%A5%9A%E5%86%88\" style=\"color: rgb(19, 110, 194); text-decoration: none;\">奚冈</a>、<a target=\"_blank\" href=\"https://baike.baidu.com/item/%E9%99%88%E8%B1%AB%E9%92%9F\" style=\"color: rgb(19, 110, 194); text-decoration: none;\">陈豫钟</a>，<a target=\"_blank\" href=\"https://baike.baidu.com/item/%E9%99%88%E9%B8%BF%E5%AF%BF\" style=\"color: rgb(19, 110, 194); text-decoration: none;\">陈鸿寿</a>、<a target=\"_blank\" href=\"https://baike.baidu.com/item/%E8%B5%B5%E4%B9%8B%E7%90%9B\" style=\"color: rgb(19, 110, 194); text-decoration: none;\">赵之琛</a>、<a target=\"_blank\" href=\"https://baike.baidu.com/item/%E9%92%B1%E6%9D%BE\" style=\"color: rgb(19, 110, 194); text-decoration: none;\">钱松</a></p></li><li class=\"list-num-1-6 list-num-paddingleft-1\" style=\"\"><p><span style=\"font-weight: 700;\">新浙派</span></p><p>代表人物：<a target=\"_blank\" href=\"https://baike.baidu.com/item/%E8%B5%B5%E4%B9%8B%E8%B0%A6\" style=\"color: rgb(19, 110, 194); text-decoration: none;\">赵之谦</a>、<a target=\"_blank\" href=\"https://baike.baidu.com/item/%E5%8E%89%E8%89%AF%E7%8E%89\" style=\"color: rgb(19, 110, 194); text-decoration: none;\">厉良玉</a>、<a target=\"_blank\" href=\"https://baike.baidu.com/item/%E5%90%B4%E6%98%8C%E7%A1%95/572030\" style=\"color: rgb(19, 110, 194); text-decoration: none;\">吴昌硕</a></p></li><li class=\"list-num-1-7 list-num-paddingleft-1\" style=\"\"><p><span style=\"font-weight: 700;\">赵派（虞山派）</span></p><p>代表人物：<a target=\"_blank\" href=\"https://baike.baidu.com/item/%E9%82%93%E6%95%A3%E6%9C%A8\" style=\"color: rgb(19, 110, 194); text-decoration: none;\">邓散木</a></p></li><li class=\"list-num-1-8 list-num-paddingleft-1\" style=\"\"><p><span style=\"font-weight: 700;\">鲁派（齐鲁派）</span></p><p>代表人物：<a target=\"_blank\" href=\"https://baike.baidu.com/item/%E5%88%98%E5%85%B4/12978229\" style=\"color: rgb(19, 110, 194); text-decoration: none;\">刘兴</a>、孟国波、李家栋、张诚、司彬钰、李旸铭</p></li><li class=\"list-num-1-9 list-num-paddingleft-1\" style=\"\"><p><a target=\"_blank\" href=\"https://baike.baidu.com/item/%E5%A8%84%E4%B8%9C%E6%B4%BE/6686213\" style=\"color: rgb(19, 110, 194); text-decoration: none;\"><span style=\"font-weight: 700;\">娄东派</span></a></p><p>代表人物：<a target=\"_blank\" href=\"https://baike.baidu.com/item/%E6%B1%AA%E5%85%B3\" style=\"color: rgb(19, 110, 194); text-decoration: none;\">汪关</a>、<a target=\"_blank\" href=\"https://baike.baidu.com/item/%E6%9E%97%E7%9A%8B/836045\" style=\"color: rgb(19, 110, 194); text-decoration: none;\">林皋</a>（林派）、<a target=\"_blank\" href=\"https://baike.baidu.com/item/%E5%B7%B4%E6%85%B0%E7%A5%96\" style=\"color: rgb(19, 110, 194); text-decoration: none;\">巴慰祖</a></p></li><li class=\"list-num-1-10 list-num-paddingleft-1\" style=\"\"><p><span style=\"font-weight: 700;\">扬州派</span></p><p>代表人物：<a target=\"_blank\" href=\"https://baike.baidu.com/item/%E6%9E%97%E7%9A%8B/836045\" style=\"color: rgb(19, 110, 194); text-decoration: none;\">林皋</a>（林派）、<a target=\"_blank\" href=\"https://baike.baidu.com/item/%E6%B1%AA%E5%85%B3\" style=\"color: rgb(19, 110, 194); text-decoration: none;\">汪关</a>、<a target=\"_blank\" href=\"https://baike.baidu.com/item/%E6%B2%88%E4%B8%96%E5%92%8C\" style=\"color: rgb(19, 110, 194); text-decoration: none;\">沈世和</a></p></li><li class=\"list-num-1-11 list-num-paddingleft-1\" style=\"\"><p><span style=\"font-weight: 700;\">如皋派</span></p><p>代表人物：<a target=\"_blank\" href=\"https://baike.baidu.com/item/%E8%AE%B8%E5%AE%B9/73270\" style=\"color: rgb(19, 110, 194); text-decoration: none;\">许容</a>、<a target=\"_blank\" href=\"https://baike.baidu.com/item/%E7%AB%A5%E6%98%8C%E9%BE%84\" style=\"color: rgb(19, 110, 194); text-decoration: none;\">童昌龄</a>、陈瑶典等</p></li><li class=\"list-num-1-12 list-num-paddingleft-1\" style=\"\"><p><a target=\"_blank\" href=\"https://baike.baidu.com/item/%E4%BA%91%E9%97%B4%E6%B4%BE\" style=\"color: rgb(19, 110, 194); text-decoration: none;\"><span style=\"font-weight: 700;\">云间派</span></a></p><p>代表人物：王曾麓父子、鞠昆皋</p></li><li class=\"list-num-1-13 list-num-paddingleft-1\" style=\"\"><p><a target=\"_blank\" href=\"https://baike.baidu.com/item/%E4%BA%AC%E6%B4%BE\" style=\"color: rgb(19, 110, 194); text-decoration: none;\"><span style=\"font-weight: 700;\">京派</span></a></p><p>代表人物：<a target=\"_blank\" href=\"https://baike.baidu.com/item/%E9%BD%90%E7%99%BD%E7%9F%B3\" style=\"color: rgb(19, 110, 194); text-decoration: none;\">齐白石</a></p></li><li class=\"list-num-1-14 list-num-paddingleft-1\" style=\"\"><p><a target=\"_blank\" href=\"https://baike.baidu.com/item/%E9%97%BD%E6%B4%BE\" style=\"color: rgb(19, 110, 194); text-decoration: none;\"><span style=\"font-weight: 700;\">闽派</span></a><span style=\"font-weight: 700;\">（莆田派）</span></p><p>代表人物：<a target=\"_blank\" href=\"https://baike.baidu.com/item/%E5%AE%8B%E7%8F%8F\" style=\"color: rgb(19, 110, 194); text-decoration: none;\">宋珏</a>、吴晋、练元素、薛穆生、许有介、兰公漪等</p></li></ol><p><br/></p>', 'upload/cms/1607926684.jpg', '', '', 0, 5, 0, 0, 2, '', '渠道之殇：三星手机中国没落背后', 0, 0, '1', 1, 0, 1511176103, 1511176103, 1607926688);
INSERT INTO `nc_cms_article` VALUES (26, '嘲讽陈年是很容易的事，但我更愿意祝他成功', 3, '嘲讽陈年是很容易的事，但我更愿意祝他成功', '', '', '牛酷信息', '篆刻发展的发展历程', '<p>先秦及秦、汉的玺印，是古代人们在交往时,作为权力和凭证的信物。此外，吉语印、肖形印、黄神越章等印，也反映了古代的社会生活习俗和人们的思想意识。</p><p>当时不分尊卑都称为玺。玺文分朱文(文字凸起，亦称阳文)和白文（文字凹入，亦称阴文）两种，古玺的形状、大小不一，有长方形、方形、圆形和其他异形。内容有官职、姓名、吉语和肖形图案等。古玺制作精工，或凿或铸；玺文精细，<a target=\"_blank\" href=\"https://baike.baidu.com/item/%E7%AB%A0%E6%B3%95\" style=\"color: rgb(19, 110, 194); text-decoration: none;\">章法</a>生动。<a target=\"_blank\" href=\"https://baike.baidu.com/item/%E6%9C%B1%E6%96%87\" style=\"color: rgb(19, 110, 194); text-decoration: none;\">朱文</a>玺有的边栏宽阔，白文玺多有界格，还有一种朱白文相间的古玺也很别致，可见当时玺的制作已趋成熟。在河南安阳殷墟曾发现过3枚类似古玺的实物,有人据此推断古玺的起源当在商代，但尚须进一步探讨。到了秦代，皇帝的印称玺，一般人的则称印。秦印文字是秦书<a target=\"_blank\" href=\"https://baike.baidu.com/item/%E5%85%AB%E4%BD%93\" style=\"color: rgb(19, 110, 194); text-decoration: none;\">八体</a>之一的摹印篆，与秦代使用的小篆相近。秦印印文庄重秀丽，在方形的<a target=\"_blank\" href=\"https://baike.baidu.com/item/%E5%AE%98%E5%8D%B0\" style=\"color: rgb(19, 110, 194); text-decoration: none;\">官印</a>上加&quot;口&quot;字格和&quot;田&quot;字格，在长方形印上（又称半通印）加&quot;日&quot;字格，这是秦印显著的特点。秦印除官印、私印之外，还有以成语入印的，已开后世闲文印的先河。</p><p>汉代是玺印发展空前灿烂辉煌的时期。汉代除帝王印仍称玺外，其余都称印。在官印中有的称章或印章,私印中有的称信印或<a target=\"_blank\" href=\"https://baike.baidu.com/item/%E5%8D%B0%E4%BF%A1\" style=\"color: rgb(19, 110, 194); text-decoration: none;\">印信</a>。现代通常使用的印章一词，即来源于此。汉印无论从内容到形式比以前都更为丰富，尤以私印的种类最为繁多。<a target=\"_blank\" href=\"https://baike.baidu.com/item/%E6%B1%89%E5%8D%B0\" style=\"color: rgb(19, 110, 194); text-decoration: none;\">汉印</a>以缪篆体入印。这种字体与汉代隶书的兴起有关系，结体简化，笔画平整方直。汉印中还有以鸟虫书入印的，装饰性很强，是古代的一种美术字体。汉印分铸、凿两种。西汉的印章多为铸造，其中以西汉末年新莽时期的<a target=\"_blank\" href=\"https://baike.baidu.com/item/%E5%8D%B0%E7%AB%A0\" style=\"color: rgb(19, 110, 194); text-decoration: none;\">印章</a>制作最为精美。东汉的印章以凿印最有特色，因为东汉末期社会动荡，战乱不已，官员将领经常调动或阵亡，造成封拜频繁，往往印章来不及铸造，就在预先准备好的印坯上临时急就刻凿而成，印文多不加修饰。汉代铸印庄重雄浑，凿印健拔奇肆，这两种截然不同的风格，都给后世的篆刻以很大的影响和启发。</p><p>古代玺印的材料质地，多为金属和玉石等。这些印材虽有耗损极慢和垂诸久远的优点，但是由于硬度高,坚涩难刻，古代玺印制作须出自专门的工匠之手。据传元末画家王冕最早采用花乳石来刻印。早在古代的玺印中，曾发现有石质印章，在唐、宋私印中也有石刻的印章。花乳石易于镌刻，自王冕采用之后，就为文人和艺术家用刀刻印开辟了新的天地。明代文彭也有用灯光石（即冻石）刻印的记载。石质印材的广泛使用，为篆刻艺术的发展提供了极好的物质条件。</p><p><br/></p>', 'upload/cms/1607926669.jpg', '', '', 0, 6, 0, 0, 2, '', '嘲讽陈年是很容易的事，但我更愿意祝他成功', 0, 0, '1', 1, 0, 1511176139, 1511176139, 1607926673);
INSERT INTO `nc_cms_article` VALUES (27, '中国军舰协助英、德等10国从也门撤侨225人', 1, '中国军舰协助英、德等10国从也门撤侨225人', '', '', '', '知道爱你没有结局，痴心妄想你会给我甜蜜，有心无力，遥不可及。一切幻想写入了歌里，与你想做的太多，却只能与你错过。', '<p>知道爱你没有结局，痴心妄想你会给我甜蜜，有心无力，遥不可及。一切幻想写入了歌里，与你想做的太多，却只能与你错过。知道爱你没有结局，痴心妄想你会给我甜蜜，有心无力，遥不可及。一切幻想写入了歌里，与你想做的太多，却只能与你错过。知道爱你没有结局，痴心妄想你会给我甜蜜，有心无力，遥不可及。一切幻想写入了歌里，与你想做的太多，却只能与你错过。知道爱你没有结局，痴心妄想你会给我甜蜜，有心无力，遥不可及。一切幻想写入了歌里，与你想做的太多，却只能与你错过。知道爱你没有结局，痴心妄想你会给我甜蜜，有心无力，遥不可及。一切幻想写入了歌里，与你想做的太多，却只能与你错过。知道爱你没有结局，痴心妄想你会给我甜蜜，有心无力，遥不可及。一切幻想写入了歌里，与你想做的太多，却只能与你错过。知道爱你没有结局，痴心妄想你会给我甜蜜，有心无力，遥不可及。一切幻想写入了歌里，与你想做的太多，却只能与你错过。知道爱你没有结局，痴心妄想你会给我甜蜜，有心无力，遥不可及。一切幻想写入了歌里，与你想做的太多，却只能与你错过。知道爱你没有结局，痴心妄想你会给我甜蜜，有心无力，遥不可及。一切幻想写入了歌里，与你想做的太多，却只能与你错过。知道爱你没有结局，痴心妄想你会给我甜蜜，有心无力，遥不可及。一切幻想写入了歌里，与你想做的太多，却只能与你错过。知道爱你没有结局，痴心妄想你会给我甜蜜，有心无力，遥不可及。一切幻想写入了歌里，与你想做的太多，却只能与你错过。知道爱你没有结局，痴心妄想你会给我甜蜜，有心无力，遥不可及。一切幻想写入了歌里，与你想做的太多，却只能与你错过。知道爱你没有结局，痴心妄想你会给我甜蜜，有心无力，遥不可及。一切幻想写入了歌里，与你想做的太多，却只能与你错过。知道爱你没有结局，痴心妄想你会给我甜蜜，有心无力，遥不可及。一切幻想写入了歌里，与你想做的太多，却只能与你错过。知道爱你没有结局，痴心妄想你会给我甜蜜，有心无力，遥不可及。一切幻想写入了歌里，与你想做的太多，却只能与你错过。</p>', 'upload/cms/1607926700.jpg', '', '', 0, 4, 0, 0, 2, '', '中国军舰协助英、德等10国从也门撤侨225人', 0, 0, '1', 1, 0, 1511322439, 1511322439, 1607926703);

-- ----------------------------
-- Table structure for nc_cms_article_class
-- ----------------------------
DROP TABLE IF EXISTS `nc_cms_article_class`;
CREATE TABLE `nc_cms_article_class`  (
  `class_id` int(10) UNSIGNED NOT NULL AUTO_INCREMENT COMMENT '分类编号 ',
  `pid` int(11) NOT NULL DEFAULT 0 COMMENT '上级分类',
  `name` varchar(50) CHARACTER SET utf8 COLLATE utf8_general_ci NOT NULL COMMENT '分类名称',
  `sort` int(11) NOT NULL DEFAULT 0,
  PRIMARY KEY (`class_id`) USING BTREE
) ENGINE = InnoDB AUTO_INCREMENT = 4 AVG_ROW_LENGTH = 1170 CHARACTER SET = utf8 COLLATE = utf8_general_ci COMMENT = 'cms文章分类表' ROW_FORMAT = Compact;

-- ----------------------------
-- Records of nc_cms_article_class
-- ----------------------------
INSERT INTO `nc_cms_article_class` VALUES (1, 0, '分类122', 12);
INSERT INTO `nc_cms_article_class` VALUES (2, 0, '国画', 0);
INSERT INTO `nc_cms_article_class` VALUES (3, 0, '篆刻', 5);

-- ----------------------------
-- Table structure for nc_cms_comment
-- ----------------------------
DROP TABLE IF EXISTS `nc_cms_comment`;
CREATE TABLE `nc_cms_comment`  (
  `comment_id` int(10) UNSIGNED NOT NULL AUTO_INCREMENT COMMENT '评论编号',
  `text` varchar(2000) CHARACTER SET utf8 COLLATE utf8_general_ci NOT NULL COMMENT '评论内容',
  `uid` int(10) UNSIGNED NOT NULL COMMENT '评论人编号',
  `quote_comment_id` int(11) UNSIGNED NOT NULL DEFAULT 0 COMMENT '评论引用',
  `up` int(10) UNSIGNED NOT NULL COMMENT '点赞数量',
  `comment_time` int(10) UNSIGNED NOT NULL COMMENT '评论时间',
  PRIMARY KEY (`comment_id`) USING BTREE
) ENGINE = InnoDB AUTO_INCREMENT = 1 AVG_ROW_LENGTH = 8192 CHARACTER SET = utf8 COLLATE = utf8_general_ci COMMENT = 'CMS评论表' ROW_FORMAT = Compact;

-- ----------------------------
-- Table structure for nc_cms_topic
-- ----------------------------
DROP TABLE IF EXISTS `nc_cms_topic`;
CREATE TABLE `nc_cms_topic`  (
  `topic_id` int(10) UNSIGNED NOT NULL AUTO_INCREMENT COMMENT '专题编号',
  `instance_id` int(10) NOT NULL DEFAULT 0 COMMENT '店铺ID',
  `title` varchar(255) CHARACTER SET utf8 COLLATE utf8_general_ci NOT NULL COMMENT '专题标题',
  `image` varchar(255) CHARACTER SET utf8 COLLATE utf8_general_ci NOT NULL DEFAULT '' COMMENT '专题封面',
  `status` tinyint(1) NOT NULL DEFAULT 0 COMMENT '专题状态  0草稿  1发布',
  `content` text CHARACTER SET utf8 COLLATE utf8_general_ci NOT NULL COMMENT '专题内容',
  `create_time` int(11) NULL DEFAULT 0 COMMENT '创建时间',
  `modify_time` int(11) NULL DEFAULT 0 COMMENT '修改时间',
  PRIMARY KEY (`topic_id`) USING BTREE
) ENGINE = InnoDB AUTO_INCREMENT = 2 AVG_ROW_LENGTH = 16384 CHARACTER SET = utf8 COLLATE = utf8_general_ci COMMENT = '专题' ROW_FORMAT = Compact;

-- ----------------------------
-- Records of nc_cms_topic
-- ----------------------------
INSERT INTO `nc_cms_topic` VALUES (1, 0, '专题一', '', 1, '<p><img src=\"/upload/ueditor/image/20170726/1501053492126849.jpg\" title=\"1501053492126849.jpg\" alt=\"3196253_164214281000_2.jpg\"/><img src=\"/upload/ueditor/image/20170726/1501053496496586.jpg\" title=\"1501053496496586.jpg\" alt=\"4266814_142328777288_2.jpg\"/><img src=\"/upload/ueditor/image/20170726/1501053492126849.jpg\" alt=\"1501053492126849.jpg\"/></p>', 1501053523, 0);

-- ----------------------------
-- Table structure for nfx_commission_distribution
-- ----------------------------
DROP TABLE IF EXISTS `nfx_commission_distribution`;
CREATE TABLE `nfx_commission_distribution`  (
  `id` int(10) UNSIGNED NOT NULL AUTO_INCREMENT COMMENT '主键',
  `serial_no` varchar(50) CHARACTER SET utf8 COLLATE utf8_general_ci NOT NULL DEFAULT '' COMMENT '流水号',
  `shop_id` int(11) NOT NULL COMMENT '对应的店铺ID',
  `promoter_id` int(11) NOT NULL COMMENT '对应的推广员ID',
  `order_id` int(11) NOT NULL COMMENT '对应的订单ID',
  `order_goods_id` int(11) NOT NULL COMMENT '对应的订单项ID',
  `goods_money` decimal(10, 2) NOT NULL COMMENT '订单项商品总金额实际卖价',
  `goods_cost` decimal(10, 2) NOT NULL COMMENT '订单项商品总成本',
  `goods_return` decimal(10, 2) NOT NULL DEFAULT 0.00 COMMENT '商品利润',
  `promoter_level` int(11) NOT NULL COMMENT '对应推广员级次0本店1下级创造2下下级创造',
  `goods_commission_rate` decimal(10, 2) NOT NULL COMMENT '商品对应拿出的利润比率',
  `commission_rate` decimal(10, 2) NOT NULL COMMENT '获取的佣金比率',
  `commission_money` decimal(10, 4) NOT NULL COMMENT '获取的佣金金额',
  `is_issue` tinyint(1) NOT NULL DEFAULT 0 COMMENT '是否已经发放  0 未发放 1已发放',
  `create_time` int(11) NULL DEFAULT 0 COMMENT '创建时间',
  `modify_time` int(11) NULL DEFAULT 0 COMMENT '修改时间',
  PRIMARY KEY (`id`) USING BTREE
) ENGINE = InnoDB AUTO_INCREMENT = 6 AVG_ROW_LENGTH = 105 CHARACTER SET = utf8 COLLATE = utf8_general_ci COMMENT = '推广员分销佣金' ROW_FORMAT = Compact;

-- ----------------------------
-- Records of nfx_commission_distribution
-- ----------------------------
INSERT INTO `nfx_commission_distribution` VALUES (3, '170419025838517', 0, 58, 7, 5, 5889.00, 5300.00, 589.00, 0, 20.00, 50.00, 58.9000, 0, 1492585118, 0);
INSERT INTO `nfx_commission_distribution` VALUES (4, '170419032516587', 0, 58, 8, 6, 5889.00, 5300.00, 589.00, 0, 20.00, 50.00, 58.9000, 0, 1492586716, 0);
INSERT INTO `nfx_commission_distribution` VALUES (5, '170419032516966', 0, 58, 8, 7, 3100.00, 2000.00, 1100.00, 0, 50.00, 50.00, 275.0000, 0, 1492586716, 0);

-- ----------------------------
-- Table structure for nfx_commission_partner
-- ----------------------------
DROP TABLE IF EXISTS `nfx_commission_partner`;
CREATE TABLE `nfx_commission_partner`  (
  `id` int(10) UNSIGNED NOT NULL AUTO_INCREMENT COMMENT '主键',
  `serial_no` varchar(50) CHARACTER SET utf8 COLLATE utf8_general_ci NOT NULL DEFAULT '' COMMENT '流水号',
  `shop_id` int(11) NOT NULL COMMENT '对应的店铺ID',
  `partner_id` int(11) NOT NULL COMMENT '对应的股东ID',
  `partner_level` int(11) NOT NULL DEFAULT 0 COMMENT '获取佣金的股东等级',
  `order_partner_id` int(11) NOT NULL DEFAULT 0 COMMENT '产生订单的股东',
  `order_id` int(11) NOT NULL COMMENT '对应的订单ID',
  `order_goods_id` int(11) NOT NULL COMMENT '对应的订单项ID',
  `goods_return` decimal(10, 4) NOT NULL COMMENT '商品利润',
  `goods_money` decimal(10, 2) NOT NULL COMMENT '订单项商品总金额实际卖价',
  `goods_cost` decimal(10, 2) NOT NULL COMMENT '订单项商品总成本',
  `goods_commission_rate` decimal(10, 2) NOT NULL COMMENT '商品利润分成总比率',
  `commission_rate` decimal(10, 2) NOT NULL COMMENT '获取的佣金比率',
  `commission_money` decimal(10, 4) NOT NULL COMMENT '获取的佣金金额',
  `is_issue` tinyint(1) NOT NULL DEFAULT 0 COMMENT '是否已经发放  0未发放 1已发放',
  `create_time` int(11) NULL DEFAULT 0 COMMENT '创建时间',
  PRIMARY KEY (`id`) USING BTREE
) ENGINE = InnoDB AUTO_INCREMENT = 6 AVG_ROW_LENGTH = 287 CHARACTER SET = utf8 COLLATE = utf8_general_ci COMMENT = '股东分红佣金' ROW_FORMAT = Compact;

-- ----------------------------
-- Records of nfx_commission_partner
-- ----------------------------
INSERT INTO `nfx_commission_partner` VALUES (1, '170419021458158', 1, 16, 5, 16, 3, 1, 1178.0000, 11778.00, 10600.00, 30.00, 3.00, 10.6020, 0, 1492582498);
INSERT INTO `nfx_commission_partner` VALUES (2, '170419021505186', 1, 16, 5, 16, 3, 1, 1178.0000, 11778.00, 10600.00, 30.00, 3.00, 10.6020, 0, 1492582505);
INSERT INTO `nfx_commission_partner` VALUES (3, '170419025839852', 0, 16, 5, 16, 7, 5, 589.0000, 5889.00, 5300.00, 30.00, 3.00, 5.3010, 0, 1492585119);
INSERT INTO `nfx_commission_partner` VALUES (4, '170419032516549', 0, 16, 5, 16, 8, 6, 589.0000, 5889.00, 5300.00, 30.00, 3.00, 5.3010, 0, 1492586716);
INSERT INTO `nfx_commission_partner` VALUES (5, '170419032516697', 0, 16, 5, 16, 8, 7, 1100.0000, 3100.00, 2000.00, 35.00, 3.00, 11.5500, 0, 1492586716);

-- ----------------------------
-- Table structure for nfx_commission_partner_global
-- ----------------------------
DROP TABLE IF EXISTS `nfx_commission_partner_global`;
CREATE TABLE `nfx_commission_partner_global`  (
  `id` int(10) UNSIGNED NOT NULL AUTO_INCREMENT,
  `serial_no` varchar(255) CHARACTER SET utf8 COLLATE utf8_general_ci NOT NULL DEFAULT '' COMMENT '单据编号',
  `records_id` int(11) NOT NULL DEFAULT 0 COMMENT '记录id',
  `shop_id` int(11) NOT NULL COMMENT '店铺ID',
  `partner_id` int(11) NOT NULL COMMENT '股东ID',
  `uid` int(11) NOT NULL COMMENT '股东会员ID',
  `yingye_money` decimal(10, 2) NOT NULL DEFAULT 0.00 COMMENT '时间段内分红的店铺总额',
  `shop_value` int(11) NOT NULL DEFAULT 0 COMMENT '店铺总分值',
  `partner_value` int(11) NOT NULL DEFAULT 0 COMMENT '股东分值',
  `partner_rate` decimal(10, 2) NOT NULL DEFAULT 0.00 COMMENT '股东分红佣金比率(分值比率)',
  `fenhong_money` decimal(10, 2) NOT NULL DEFAULT 0.00 COMMENT '分红金额',
  `start_time` int(11) NULL DEFAULT 0 COMMENT '开始时间',
  `end_time` int(11) NULL DEFAULT 0 COMMENT '结束时间',
  `create_time` int(11) NULL DEFAULT 0 COMMENT '创建时间',
  PRIMARY KEY (`id`) USING BTREE
) ENGINE = InnoDB AUTO_INCREMENT = 1 AVG_ROW_LENGTH = 2048 CHARACTER SET = utf8 COLLATE = utf8_general_ci COMMENT = '全球分红佣金记录表' ROW_FORMAT = Compact;

-- ----------------------------
-- Table structure for nfx_commission_partner_global_records
-- ----------------------------
DROP TABLE IF EXISTS `nfx_commission_partner_global_records`;
CREATE TABLE `nfx_commission_partner_global_records`  (
  `id` int(10) UNSIGNED NOT NULL AUTO_INCREMENT COMMENT '主键',
  `shop_id` int(11) NOT NULL COMMENT '店铺ID',
  `fenhong_money` decimal(10, 2) NOT NULL DEFAULT 0.00 COMMENT '分红总金额',
  `start_time` int(11) NULL DEFAULT 0 COMMENT '分红开始时间',
  `end_time` int(11) NULL DEFAULT 0 COMMENT '分红结束时间',
  `create_time` int(11) NULL DEFAULT 0 COMMENT '创建时间',
  PRIMARY KEY (`id`) USING BTREE
) ENGINE = InnoDB AUTO_INCREMENT = 1 AVG_ROW_LENGTH = 5461 CHARACTER SET = utf8 COLLATE = utf8_general_ci COMMENT = '股东分红整体记录表' ROW_FORMAT = Compact;

-- ----------------------------
-- Table structure for nfx_commission_region_agent
-- ----------------------------
DROP TABLE IF EXISTS `nfx_commission_region_agent`;
CREATE TABLE `nfx_commission_region_agent`  (
  `id` int(10) UNSIGNED NOT NULL AUTO_INCREMENT COMMENT '表主键',
  `shop_id` int(11) NOT NULL COMMENT '店铺id',
  `serial_no` varchar(50) CHARACTER SET utf8 COLLATE utf8_general_ci NOT NULL DEFAULT '' COMMENT '流水号',
  `region_agent_id` int(11) NOT NULL COMMENT '区域代理ID',
  `uid` int(11) NOT NULL COMMENT '会员ID',
  `promoter_id` int(11) NOT NULL COMMENT '推广员id',
  `order_id` int(11) NOT NULL COMMENT '对应的订单ID',
  `order_goods_id` int(11) NOT NULL COMMENT '对应的订单项ID',
  `goods_money` decimal(10, 2) NOT NULL COMMENT '订单项商品总金额实际卖价',
  `goods_cost` decimal(10, 2) NOT NULL COMMENT '订单项商品总成本',
  `goods_return` decimal(10, 2) NOT NULL DEFAULT 0.00 COMMENT '商品利润',
  `goods_commission_rate` decimal(10, 2) NULL DEFAULT 0.00 COMMENT '商品利润分成总比率',
  `commission_type` int(11) NOT NULL DEFAULT 0 COMMENT '代理级别1.省级2.市级3.区级',
  `commission_rate` decimal(10, 2) NOT NULL DEFAULT 0.00 COMMENT '佣金比率',
  `commission` decimal(10, 2) NOT NULL DEFAULT 0.00 COMMENT '实际佣金金额',
  `is_issue` tinyint(1) NOT NULL DEFAULT 0 COMMENT '是否发放  0未发放  1已发放',
  `remark` varchar(255) CHARACTER SET utf8 COLLATE utf8_general_ci NOT NULL DEFAULT '' COMMENT '备注',
  `create_time` int(11) NULL DEFAULT 0 COMMENT '创建时间',
  `modify_time` int(11) NULL DEFAULT 0 COMMENT '修改时间',
  PRIMARY KEY (`id`) USING BTREE
) ENGINE = InnoDB AUTO_INCREMENT = 1 AVG_ROW_LENGTH = 5461 CHARACTER SET = utf8 COLLATE = utf8_general_ci COMMENT = '区域代理佣金列表' ROW_FORMAT = Compact;

-- ----------------------------
-- Table structure for nfx_goods_commission_rate
-- ----------------------------
DROP TABLE IF EXISTS `nfx_goods_commission_rate`;
CREATE TABLE `nfx_goods_commission_rate`  (
  `id` int(10) UNSIGNED NOT NULL AUTO_INCREMENT,
  `goods_id` int(11) NOT NULL COMMENT '商品ID',
  `is_open` tinyint(1) NOT NULL DEFAULT 1 COMMENT '是否启用分销',
  `distribution_commission_rate` decimal(10, 2) NOT NULL DEFAULT 0.00 COMMENT '分销佣金比率',
  `partner_commission_rate` decimal(10, 2) NOT NULL DEFAULT 0.00 COMMENT '股东分红佣金比率',
  `global_commission_rate` decimal(10, 2) NOT NULL DEFAULT 0.00 COMMENT '股东全球分红比率',
  `distribution_team_commission_rate` decimal(10, 2) NOT NULL DEFAULT 0.00 COMMENT '分销团队分红佣金比率',
  `partner_team_commission_rate` decimal(10, 2) NOT NULL DEFAULT 0.00 COMMENT '股东团队分红佣金比率',
  `regionagent_commission_rate` decimal(10, 2) NOT NULL DEFAULT 0.00 COMMENT '区域代理分红佣金比率',
  `channelagent_commission_rate` decimal(10, 2) NOT NULL DEFAULT 0.00 COMMENT '渠道代理分红佣金比率',
  `create_time` int(11) NULL DEFAULT 0 COMMENT '创建时间',
  `modify_time` int(11) NULL DEFAULT 0 COMMENT '修改时间',
  PRIMARY KEY (`id`) USING BTREE
) ENGINE = InnoDB AUTO_INCREMENT = 123 AVG_ROW_LENGTH = 136 CHARACTER SET = utf8 COLLATE = utf8_general_ci COMMENT = '商品佣金比率设置' ROW_FORMAT = Compact;

-- ----------------------------
-- Records of nfx_goods_commission_rate
-- ----------------------------
INSERT INTO `nfx_goods_commission_rate` VALUES (1, 90, 1, 0.40, 0.40, 0.40, 0.40, 0.40, 0.40, 0.40, 1488268842, 1488953745);
INSERT INTO `nfx_goods_commission_rate` VALUES (2, 91, 1, 10.00, 10.00, 10.00, 10.00, 10.00, 10.00, 10.00, 1488268842, 1488955396);
INSERT INTO `nfx_goods_commission_rate` VALUES (3, 92, 0, 0.40, 0.40, 0.40, 0.40, 0.40, 0.40, 0.40, 1488268842, 1488953745);
INSERT INTO `nfx_goods_commission_rate` VALUES (4, 93, 1, 0.40, 0.40, 0.40, 0.40, 0.40, 0.40, 0.40, 1488268842, 1488953745);
INSERT INTO `nfx_goods_commission_rate` VALUES (5, 94, 0, 0.40, 0.40, 0.40, 0.40, 0.40, 0.40, 0.40, 1488268842, 1488953745);
INSERT INTO `nfx_goods_commission_rate` VALUES (6, 98, 1, 20.00, 30.00, 10.00, 10.00, 10.00, 10.00, 10.00, 1488268842, 1489136640);
INSERT INTO `nfx_goods_commission_rate` VALUES (7, 100, 1, 50.00, 35.00, 10.00, 0.40, 0.40, 5.00, 0.40, 1488268842, 1489651239);
INSERT INTO `nfx_goods_commission_rate` VALUES (8, 103, 1, 0.40, 0.40, 0.40, 0.40, 0.40, 0.40, 0.40, 1488268842, 1488953745);
INSERT INTO `nfx_goods_commission_rate` VALUES (9, 104, 1, 0.40, 0.40, 0.40, 0.40, 0.40, 0.40, 0.40, 1488268842, 1488953745);
INSERT INTO `nfx_goods_commission_rate` VALUES (10, 105, 1, 0.40, 0.40, 0.40, 0.40, 0.40, 0.40, 0.40, 1488268843, 1488953745);
INSERT INTO `nfx_goods_commission_rate` VALUES (11, 106, 1, 0.40, 0.40, 0.40, 0.40, 0.40, 0.40, 0.40, 1488872140, 1488953745);
INSERT INTO `nfx_goods_commission_rate` VALUES (12, 107, 1, 0.40, 0.40, 0.40, 0.40, 0.40, 0.40, 0.40, 1488872140, 1488953745);
INSERT INTO `nfx_goods_commission_rate` VALUES (13, 108, 1, 0.40, 0.40, 0.40, 0.40, 0.40, 0.40, 0.40, 1488872141, 1488953745);
INSERT INTO `nfx_goods_commission_rate` VALUES (14, 109, 1, 0.40, 0.40, 0.40, 0.40, 0.40, 0.40, 0.40, 1488872141, 1488953745);
INSERT INTO `nfx_goods_commission_rate` VALUES (15, 110, 1, 0.40, 0.40, 0.40, 0.40, 0.40, 0.40, 0.40, 1488872141, 1488953745);
INSERT INTO `nfx_goods_commission_rate` VALUES (16, 111, 1, 0.40, 0.40, 0.40, 0.40, 0.40, 0.40, 0.40, 1488872141, 1488953745);
INSERT INTO `nfx_goods_commission_rate` VALUES (17, 112, 1, 0.40, 0.40, 0.40, 0.40, 0.40, 0.40, 0.40, 1488872141, 1488953745);
INSERT INTO `nfx_goods_commission_rate` VALUES (18, 113, 1, 0.40, 0.40, 0.40, 0.40, 0.40, 0.40, 0.40, 1488872141, 1488953745);
INSERT INTO `nfx_goods_commission_rate` VALUES (19, 114, 1, 0.40, 0.40, 0.40, 0.40, 0.40, 0.40, 0.40, 1488872141, 1488953745);
INSERT INTO `nfx_goods_commission_rate` VALUES (20, 115, 1, 0.40, 0.40, 0.40, 0.40, 0.40, 0.40, 0.40, 1488872141, 1488953745);
INSERT INTO `nfx_goods_commission_rate` VALUES (21, 116, 1, 0.40, 0.40, 0.40, 0.40, 0.40, 0.40, 0.40, 1488872141, 1488953745);
INSERT INTO `nfx_goods_commission_rate` VALUES (22, 117, 1, 0.40, 0.40, 0.40, 0.40, 0.40, 0.40, 0.40, 1488872141, 1488953745);
INSERT INTO `nfx_goods_commission_rate` VALUES (23, 118, 1, 0.40, 0.40, 0.40, 0.40, 0.40, 0.40, 0.40, 1488872141, 1488953745);
INSERT INTO `nfx_goods_commission_rate` VALUES (24, 119, 1, 0.40, 0.40, 0.40, 0.40, 0.40, 0.40, 0.40, 1488872141, 1488953745);
INSERT INTO `nfx_goods_commission_rate` VALUES (25, 120, 1, 0.40, 0.40, 0.40, 0.40, 0.40, 0.40, 0.40, 1488872141, 1488953745);
INSERT INTO `nfx_goods_commission_rate` VALUES (26, 121, 1, 0.40, 0.40, 0.40, 0.40, 0.40, 0.40, 0.40, 1488872141, 1488953745);
INSERT INTO `nfx_goods_commission_rate` VALUES (27, 122, 1, 0.40, 0.40, 0.40, 0.40, 0.40, 0.40, 0.40, 1488872141, 1488953745);
INSERT INTO `nfx_goods_commission_rate` VALUES (28, 123, 1, 0.40, 0.40, 0.40, 0.40, 0.40, 0.40, 0.40, 1488872141, 1488953745);
INSERT INTO `nfx_goods_commission_rate` VALUES (29, 124, 1, 0.40, 0.40, 0.40, 0.40, 0.40, 0.40, 0.40, 1488872141, 1488953745);
INSERT INTO `nfx_goods_commission_rate` VALUES (30, 125, 1, 0.40, 0.40, 0.40, 0.40, 0.40, 0.40, 0.40, 1488872141, 1488953745);
INSERT INTO `nfx_goods_commission_rate` VALUES (31, 126, 1, 0.40, 0.40, 0.40, 0.40, 0.40, 0.40, 0.40, 1488872142, 1488953745);
INSERT INTO `nfx_goods_commission_rate` VALUES (32, 127, 1, 0.40, 0.40, 0.40, 0.40, 0.40, 0.40, 0.40, 1488872142, 1488953745);
INSERT INTO `nfx_goods_commission_rate` VALUES (33, 128, 1, 0.40, 0.40, 0.40, 0.40, 0.40, 0.40, 0.40, 1488872142, 1488953745);
INSERT INTO `nfx_goods_commission_rate` VALUES (34, 129, 1, 0.40, 0.40, 0.40, 0.40, 0.40, 0.40, 0.40, 1488872142, 1488953745);
INSERT INTO `nfx_goods_commission_rate` VALUES (35, 130, 1, 0.40, 0.40, 0.40, 0.40, 0.40, 0.40, 0.40, 1488872142, 1488953745);
INSERT INTO `nfx_goods_commission_rate` VALUES (36, 131, 1, 0.40, 0.40, 0.40, 0.40, 0.40, 0.40, 0.40, 1488872142, 1488953745);
INSERT INTO `nfx_goods_commission_rate` VALUES (37, 132, 1, 0.40, 0.40, 0.40, 0.40, 0.40, 0.40, 0.40, 1488872142, 1488953745);
INSERT INTO `nfx_goods_commission_rate` VALUES (38, 133, 1, 0.40, 0.40, 0.40, 0.40, 0.40, 0.40, 0.40, 1488872142, 1488953745);
INSERT INTO `nfx_goods_commission_rate` VALUES (39, 134, 1, 0.40, 0.40, 0.40, 0.40, 0.40, 0.40, 0.40, 1488872142, 1488953745);
INSERT INTO `nfx_goods_commission_rate` VALUES (40, 135, 1, 0.40, 0.40, 0.40, 0.40, 0.40, 0.40, 0.40, 1488872142, 1488953745);
INSERT INTO `nfx_goods_commission_rate` VALUES (41, 136, 1, 0.40, 0.40, 0.40, 0.40, 0.40, 0.40, 0.40, 1488872142, 1488953745);
INSERT INTO `nfx_goods_commission_rate` VALUES (42, 137, 1, 0.40, 0.40, 0.40, 0.40, 0.40, 0.40, 0.40, 1488872142, 1488953745);
INSERT INTO `nfx_goods_commission_rate` VALUES (43, 138, 1, 0.40, 0.40, 0.40, 0.40, 0.40, 0.40, 0.40, 1488872142, 1488953745);
INSERT INTO `nfx_goods_commission_rate` VALUES (44, 139, 1, 0.40, 0.40, 0.40, 0.40, 0.40, 0.40, 0.40, 1488872142, 1488953745);
INSERT INTO `nfx_goods_commission_rate` VALUES (45, 140, 1, 0.40, 0.40, 0.40, 0.40, 0.40, 0.40, 0.40, 1488872142, 1488953745);
INSERT INTO `nfx_goods_commission_rate` VALUES (46, 141, 1, 0.40, 0.40, 0.40, 0.40, 0.40, 0.40, 0.40, 1488872142, 1488953745);
INSERT INTO `nfx_goods_commission_rate` VALUES (47, 142, 1, 0.40, 0.40, 0.40, 0.40, 0.40, 0.40, 0.40, 1488872142, 1488953745);
INSERT INTO `nfx_goods_commission_rate` VALUES (48, 143, 1, 0.40, 0.40, 0.40, 0.40, 0.40, 0.40, 0.40, 1488872142, 1488953745);
INSERT INTO `nfx_goods_commission_rate` VALUES (49, 144, 1, 0.40, 0.40, 0.40, 0.40, 0.40, 0.40, 0.40, 1488872142, 1488953745);
INSERT INTO `nfx_goods_commission_rate` VALUES (50, 145, 1, 0.40, 0.40, 0.40, 0.40, 0.40, 0.40, 0.40, 1488872142, 1488953745);
INSERT INTO `nfx_goods_commission_rate` VALUES (51, 146, 1, 0.40, 0.40, 0.40, 0.40, 0.40, 0.40, 0.40, 1488872142, 1488953745);
INSERT INTO `nfx_goods_commission_rate` VALUES (52, 147, 1, 0.40, 0.40, 0.40, 0.40, 0.40, 0.40, 0.40, 1488872143, 1488953745);
INSERT INTO `nfx_goods_commission_rate` VALUES (53, 148, 1, 0.40, 0.40, 0.40, 0.40, 0.40, 0.40, 0.40, 1488872143, 1488953745);
INSERT INTO `nfx_goods_commission_rate` VALUES (54, 149, 1, 0.40, 0.40, 0.40, 0.40, 0.40, 0.40, 0.40, 1488872143, 1488953745);
INSERT INTO `nfx_goods_commission_rate` VALUES (55, 150, 1, 0.40, 0.40, 0.40, 0.40, 0.40, 0.40, 0.40, 1488872143, 1488953745);
INSERT INTO `nfx_goods_commission_rate` VALUES (56, 151, 1, 0.40, 0.40, 0.40, 0.40, 0.40, 0.40, 0.40, 1488872143, 1488953745);
INSERT INTO `nfx_goods_commission_rate` VALUES (57, 152, 1, 0.40, 0.40, 0.40, 0.40, 0.40, 0.40, 0.40, 1488872143, 1488953745);
INSERT INTO `nfx_goods_commission_rate` VALUES (58, 153, 1, 0.40, 0.40, 0.40, 0.40, 0.40, 0.40, 0.40, 1488872143, 1488953745);
INSERT INTO `nfx_goods_commission_rate` VALUES (59, 154, 1, 0.40, 0.40, 0.40, 0.40, 0.40, 0.40, 0.40, 1488872143, 1488953745);
INSERT INTO `nfx_goods_commission_rate` VALUES (60, 155, 1, 0.40, 0.40, 0.40, 0.40, 0.40, 0.40, 0.40, 1488872143, 1488953745);
INSERT INTO `nfx_goods_commission_rate` VALUES (61, 156, 1, 0.40, 0.40, 0.40, 0.40, 0.40, 0.40, 0.40, 1488872143, 1488953745);
INSERT INTO `nfx_goods_commission_rate` VALUES (62, 157, 1, 0.40, 0.40, 0.40, 0.40, 0.40, 0.40, 0.40, 1488872143, 1488953745);
INSERT INTO `nfx_goods_commission_rate` VALUES (63, 158, 1, 0.40, 0.40, 0.40, 0.40, 0.40, 0.40, 0.40, 1488872143, 1488953745);
INSERT INTO `nfx_goods_commission_rate` VALUES (64, 159, 1, 0.40, 0.40, 0.40, 0.40, 0.40, 0.40, 0.40, 1488872143, 1488953745);
INSERT INTO `nfx_goods_commission_rate` VALUES (65, 160, 1, 0.40, 0.40, 0.40, 0.40, 0.40, 0.40, 0.40, 1488872143, 1488953745);
INSERT INTO `nfx_goods_commission_rate` VALUES (66, 161, 1, 0.40, 0.40, 0.40, 0.40, 0.40, 0.40, 0.40, 1488872143, 1488953745);
INSERT INTO `nfx_goods_commission_rate` VALUES (67, 162, 1, 0.40, 0.40, 0.40, 0.40, 0.40, 0.40, 0.40, 1488872143, 1488953745);
INSERT INTO `nfx_goods_commission_rate` VALUES (68, 163, 1, 0.40, 0.40, 0.40, 0.40, 0.40, 0.40, 0.40, 1488872143, 1488953745);
INSERT INTO `nfx_goods_commission_rate` VALUES (69, 164, 1, 0.40, 0.40, 0.40, 0.40, 0.40, 0.40, 0.40, 1488872143, 1488953745);
INSERT INTO `nfx_goods_commission_rate` VALUES (70, 165, 1, 0.40, 0.40, 0.40, 0.40, 0.40, 0.40, 0.40, 1488872143, 1488953745);
INSERT INTO `nfx_goods_commission_rate` VALUES (71, 166, 1, 0.40, 0.40, 0.40, 0.40, 0.40, 0.40, 0.40, 1488872143, 1488953745);
INSERT INTO `nfx_goods_commission_rate` VALUES (72, 167, 1, 0.40, 0.40, 0.40, 0.40, 0.40, 0.40, 0.40, 1488872143, 1488953745);
INSERT INTO `nfx_goods_commission_rate` VALUES (73, 168, 1, 0.40, 0.40, 0.40, 0.40, 0.40, 0.40, 0.40, 1488872143, 1488953745);
INSERT INTO `nfx_goods_commission_rate` VALUES (74, 169, 1, 0.40, 0.40, 0.40, 0.40, 0.40, 0.40, 0.40, 1488872144, 1488953745);
INSERT INTO `nfx_goods_commission_rate` VALUES (75, 170, 1, 0.40, 0.40, 0.40, 0.40, 0.40, 0.40, 0.40, 1488872144, 1488953745);
INSERT INTO `nfx_goods_commission_rate` VALUES (76, 171, 1, 0.40, 0.40, 0.40, 0.40, 0.40, 0.40, 0.40, 1488872144, 1488953745);
INSERT INTO `nfx_goods_commission_rate` VALUES (77, 172, 1, 0.40, 0.40, 0.40, 0.40, 0.40, 0.40, 0.40, 1488872144, 1488953745);
INSERT INTO `nfx_goods_commission_rate` VALUES (78, 173, 1, 0.40, 0.40, 0.40, 0.40, 0.40, 0.40, 0.40, 1488872144, 1488953745);
INSERT INTO `nfx_goods_commission_rate` VALUES (79, 174, 1, 0.40, 0.40, 0.40, 0.40, 0.40, 0.40, 0.40, 1488872144, 1488953745);
INSERT INTO `nfx_goods_commission_rate` VALUES (80, 175, 1, 0.40, 0.40, 0.40, 0.40, 0.40, 0.40, 0.40, 1488872144, 1488953745);
INSERT INTO `nfx_goods_commission_rate` VALUES (81, 176, 1, 0.40, 0.40, 0.40, 0.40, 0.40, 0.40, 0.40, 1488872145, 1488953745);
INSERT INTO `nfx_goods_commission_rate` VALUES (82, 177, 1, 0.40, 0.40, 0.40, 0.40, 0.40, 0.40, 0.40, 1488872145, 1488953745);
INSERT INTO `nfx_goods_commission_rate` VALUES (83, 178, 1, 0.40, 0.40, 0.40, 0.40, 0.40, 0.40, 0.40, 1488872145, 1488953745);
INSERT INTO `nfx_goods_commission_rate` VALUES (84, 179, 1, 0.40, 0.40, 0.40, 0.40, 0.40, 0.40, 0.40, 1488872145, 1488953745);
INSERT INTO `nfx_goods_commission_rate` VALUES (85, 180, 1, 0.40, 0.40, 0.40, 0.40, 0.40, 0.40, 0.40, 1488872145, 1488953745);
INSERT INTO `nfx_goods_commission_rate` VALUES (86, 181, 1, 0.40, 0.40, 0.40, 0.40, 0.40, 0.40, 0.40, 1488872145, 1488953745);
INSERT INTO `nfx_goods_commission_rate` VALUES (87, 182, 1, 0.40, 0.40, 0.40, 0.40, 0.40, 0.40, 0.40, 1488872145, 1488953745);
INSERT INTO `nfx_goods_commission_rate` VALUES (88, 183, 1, 0.40, 0.40, 0.40, 0.40, 0.40, 0.40, 0.40, 1488872145, 1488953745);
INSERT INTO `nfx_goods_commission_rate` VALUES (89, 184, 1, 0.40, 0.40, 0.40, 0.40, 0.40, 0.40, 0.40, 1488872145, 1488953745);
INSERT INTO `nfx_goods_commission_rate` VALUES (90, 185, 1, 0.40, 0.40, 0.40, 0.40, 0.40, 0.40, 0.40, 1488872145, 1488953745);
INSERT INTO `nfx_goods_commission_rate` VALUES (91, 186, 1, 0.40, 0.40, 0.40, 0.40, 0.40, 0.40, 0.40, 1488872145, 1488953745);
INSERT INTO `nfx_goods_commission_rate` VALUES (92, 187, 1, 0.40, 0.40, 0.40, 0.40, 0.40, 0.40, 0.40, 1488872145, 1488953745);
INSERT INTO `nfx_goods_commission_rate` VALUES (93, 188, 1, 0.40, 0.40, 0.40, 0.40, 0.40, 0.40, 0.40, 1488872145, 1488953745);
INSERT INTO `nfx_goods_commission_rate` VALUES (94, 189, 1, 0.40, 0.40, 0.40, 0.40, 0.40, 0.40, 0.40, 1488872145, 1488953745);
INSERT INTO `nfx_goods_commission_rate` VALUES (95, 190, 1, 0.40, 0.40, 0.40, 0.40, 0.40, 0.40, 0.40, 1488872145, 1488953745);
INSERT INTO `nfx_goods_commission_rate` VALUES (96, 191, 1, 0.40, 0.40, 0.40, 0.40, 0.40, 0.40, 0.40, 1488872145, 1488953745);
INSERT INTO `nfx_goods_commission_rate` VALUES (97, 192, 1, 0.40, 0.40, 0.40, 0.40, 0.40, 0.40, 0.40, 1488872145, 1488953745);
INSERT INTO `nfx_goods_commission_rate` VALUES (98, 193, 1, 0.40, 0.40, 0.40, 0.40, 0.40, 0.40, 0.40, 1488872145, 1488953745);
INSERT INTO `nfx_goods_commission_rate` VALUES (99, 194, 1, 0.40, 0.40, 0.40, 0.40, 0.40, 0.40, 0.40, 1488872146, 1488953745);
INSERT INTO `nfx_goods_commission_rate` VALUES (100, 195, 1, 0.40, 0.40, 0.40, 0.40, 0.40, 0.40, 0.40, 1488872146, 1488953745);
INSERT INTO `nfx_goods_commission_rate` VALUES (101, 196, 1, 0.40, 0.40, 0.40, 0.40, 0.40, 0.40, 0.40, 1488872146, 1488953745);
INSERT INTO `nfx_goods_commission_rate` VALUES (102, 197, 1, 0.40, 0.40, 0.40, 0.40, 0.40, 0.40, 0.40, 1488872146, 1488953745);
INSERT INTO `nfx_goods_commission_rate` VALUES (103, 198, 1, 0.40, 0.40, 0.40, 0.40, 0.40, 0.40, 0.40, 1488872146, 1488953745);
INSERT INTO `nfx_goods_commission_rate` VALUES (104, 199, 1, 0.40, 0.40, 0.40, 0.40, 0.40, 0.40, 0.40, 1488872146, 1488953745);
INSERT INTO `nfx_goods_commission_rate` VALUES (105, 200, 1, 0.40, 0.40, 0.40, 0.40, 0.40, 0.40, 0.40, 1488872146, 1488953745);
INSERT INTO `nfx_goods_commission_rate` VALUES (106, 201, 1, 0.40, 0.40, 0.40, 0.40, 0.40, 0.40, 0.40, 1488872146, 1488953745);
INSERT INTO `nfx_goods_commission_rate` VALUES (107, 202, 1, 0.40, 0.40, 0.40, 0.40, 0.40, 0.40, 0.40, 1488872146, 1488953745);
INSERT INTO `nfx_goods_commission_rate` VALUES (108, 203, 1, 0.40, 0.40, 0.40, 0.40, 0.40, 0.40, 0.40, 1488872146, 1488953745);
INSERT INTO `nfx_goods_commission_rate` VALUES (109, 204, 1, 0.40, 0.40, 0.40, 0.40, 0.40, 0.40, 0.40, 1488872146, 1488953745);
INSERT INTO `nfx_goods_commission_rate` VALUES (110, 205, 1, 0.40, 0.40, 0.40, 0.40, 0.40, 0.40, 0.40, 1488872146, 1488953745);
INSERT INTO `nfx_goods_commission_rate` VALUES (111, 206, 1, 0.40, 0.40, 0.40, 0.40, 0.40, 0.40, 0.40, 1488872146, 1488953745);
INSERT INTO `nfx_goods_commission_rate` VALUES (112, 207, 1, 0.40, 0.40, 0.40, 0.40, 0.40, 0.40, 0.40, 1488872146, 1488953745);
INSERT INTO `nfx_goods_commission_rate` VALUES (113, 208, 1, 0.40, 0.40, 0.40, 0.40, 0.40, 0.40, 0.40, 1488872146, 1488953745);
INSERT INTO `nfx_goods_commission_rate` VALUES (114, 209, 1, 0.40, 0.40, 0.40, 0.40, 0.40, 0.40, 0.40, 1488872146, 1488953745);
INSERT INTO `nfx_goods_commission_rate` VALUES (115, 210, 1, 0.40, 0.40, 0.40, 0.40, 0.40, 0.40, 0.40, 1488872146, 1488953745);
INSERT INTO `nfx_goods_commission_rate` VALUES (116, 211, 1, 0.40, 0.40, 0.40, 0.40, 0.40, 0.40, 0.40, 1488872146, 1488953745);
INSERT INTO `nfx_goods_commission_rate` VALUES (117, 212, 1, 0.40, 0.40, 0.40, 0.40, 0.40, 0.40, 0.40, 1488872146, 1488953745);
INSERT INTO `nfx_goods_commission_rate` VALUES (118, 213, 1, 0.40, 0.40, 0.40, 0.40, 0.40, 0.40, 0.40, 1488872146, 1488953745);
INSERT INTO `nfx_goods_commission_rate` VALUES (119, 214, 0, 0.40, 0.40, 0.40, 0.40, 0.40, 0.40, 0.40, 1488872146, 1488953745);
INSERT INTO `nfx_goods_commission_rate` VALUES (120, 215, 1, 0.80, 0.40, 0.10, 0.20, 3.00, 0.00, 0.00, 1488872146, 1492581590);
INSERT INTO `nfx_goods_commission_rate` VALUES (121, 217, 1, 0.00, 0.00, 0.00, 0.00, 0.00, 0.00, 0.00, 1495082442, 0);
INSERT INTO `nfx_goods_commission_rate` VALUES (122, 216, 1, 0.00, 0.00, 0.00, 0.00, 0.00, 0.00, 0.00, 1495082442, 0);

-- ----------------------------
-- Table structure for nfx_partner
-- ----------------------------
DROP TABLE IF EXISTS `nfx_partner`;
CREATE TABLE `nfx_partner`  (
  `partner_id` int(10) UNSIGNED NOT NULL AUTO_INCREMENT COMMENT '股东ID',
  `promoter_id` int(11) NOT NULL DEFAULT 0 COMMENT '推广员ID',
  `parent_partner` int(11) NOT NULL COMMENT '上级股东',
  `uid` int(11) NOT NULL COMMENT '会员ID',
  `shop_id` int(11) NOT NULL COMMENT '店铺ID',
  `partner_level` int(11) NOT NULL COMMENT '股东等级',
  `is_audit` tinyint(1) NOT NULL DEFAULT 0 COMMENT '是否审核通过',
  `is_lock` tinyint(1) NOT NULL DEFAULT 0 COMMENT '是否被冻结',
  `register_time` int(11) NULL DEFAULT 0 COMMENT '创建时间',
  `modify_time` int(11) NULL DEFAULT 0 COMMENT '修改时间',
  `audit_time` int(11) NULL DEFAULT 0 COMMENT '审核通过时间',
  `lock_time` int(11) NULL DEFAULT 0 COMMENT '冻结时间',
  PRIMARY KEY (`partner_id`) USING BTREE
) ENGINE = InnoDB AUTO_INCREMENT = 18 AVG_ROW_LENGTH = 2340 CHARACTER SET = utf8 COLLATE = utf8_general_ci COMMENT = '股东表' ROW_FORMAT = Compact;

-- ----------------------------
-- Records of nfx_partner
-- ----------------------------
INSERT INTO `nfx_partner` VALUES (10, 53, 0, 159, 0, 1, 1, 0, 1489661237, 0, 1489661260, 0);
INSERT INTO `nfx_partner` VALUES (11, 46, 10, 158, 0, 5, 1, 0, 1489662073, 0, 1489713457, 0);
INSERT INTO `nfx_partner` VALUES (13, 56, 12, 147, 0, 1, 1, 0, 1489751228, 0, 1489751304, 0);
INSERT INTO `nfx_partner` VALUES (14, 60, 0, 169, 0, 1, 1, 0, 1491452283, 0, 1491460790, 0);
INSERT INTO `nfx_partner` VALUES (15, 58, 0, 2, 0, 5, -1, 0, 1491453368, 0, 1491471714, 0);
INSERT INTO `nfx_partner` VALUES (16, 58, 0, 2, 0, 5, 1, 0, 1491463801, 0, 1491464048, 0);
INSERT INTO `nfx_partner` VALUES (17, 62, 0, 192, 0, 1, 0, 0, 1491896622, 0, 0, 0);

-- ----------------------------
-- Table structure for nfx_partner_level
-- ----------------------------
DROP TABLE IF EXISTS `nfx_partner_level`;
CREATE TABLE `nfx_partner_level`  (
  `level_id` int(10) UNSIGNED NOT NULL AUTO_INCREMENT COMMENT '等级ID',
  `level_money` decimal(10, 2) NOT NULL DEFAULT 0.00 COMMENT '等级条件（团队销售额）',
  `level_name` varchar(50) CHARACTER SET utf8 COLLATE utf8_general_ci NOT NULL DEFAULT '' COMMENT '等级名称',
  `commission_rate` decimal(10, 2) NOT NULL DEFAULT 0.00 COMMENT '股东分红佣金比率',
  `global_value` decimal(10, 2) NOT NULL DEFAULT 0.00 COMMENT '全球分红分值',
  `global_weight` decimal(10, 2) NOT NULL DEFAULT 0.00 COMMENT '全球分红权重',
  `shop_id` int(11) NOT NULL DEFAULT 0 COMMENT '店铺id',
  `create_time` int(11) NULL DEFAULT 0 COMMENT '创建时间',
  `modify_time` int(11) NULL DEFAULT 0 COMMENT '修改时间',
  PRIMARY KEY (`level_id`) USING BTREE
) ENGINE = InnoDB AUTO_INCREMENT = 11 AVG_ROW_LENGTH = 8192 CHARACTER SET = utf8 COLLATE = utf8_general_ci COMMENT = '股东等级' ROW_FORMAT = Compact;

-- ----------------------------
-- Records of nfx_partner_level
-- ----------------------------
INSERT INTO `nfx_partner_level` VALUES (1, 6.00, '一级股东', 4.00, 500.00, 500.00, 0, 0, 1492514628);
INSERT INTO `nfx_partner_level` VALUES (5, 6.00, '钱', 3.00, 500.00, 500.00, 0, 1489571846, 1492514628);
INSERT INTO `nfx_partner_level` VALUES (9, 12.00, '123', 1.00, 100.00, 100.00, 0, 1492513025, 1492514628);
INSERT INTO `nfx_partner_level` VALUES (10, 213.00, '12', 12.00, 0.00, 0.00, 1, 1492514293, 1492514302);

-- ----------------------------
-- Table structure for nfx_promoter
-- ----------------------------
DROP TABLE IF EXISTS `nfx_promoter`;
CREATE TABLE `nfx_promoter`  (
  `promoter_id` int(10) UNSIGNED NOT NULL AUTO_INCREMENT COMMENT '推广员ID',
  `parent_promoter` int(11) NOT NULL DEFAULT 0 COMMENT '上级推广员id',
  `uid` int(11) NOT NULL COMMENT '推广员对应会员ID',
  `shop_id` int(11) NOT NULL DEFAULT 0 COMMENT '店铺ID',
  `promoter_level` int(11) NOT NULL DEFAULT 0 COMMENT '推广员等级',
  `promoter_shop_name` varchar(255) CHARACTER SET utf8 COLLATE utf8_general_ci NOT NULL DEFAULT '' COMMENT '推广员店铺名称',
  `commission_cash` decimal(10, 2) NOT NULL DEFAULT 0.00 COMMENT '已提现佣金',
  `commossion_total` decimal(10, 2) NOT NULL DEFAULT 0.00 COMMENT '佣金总额',
  `order_total` decimal(10, 2) NOT NULL DEFAULT 0.00 COMMENT '销售总额',
  `is_lock` tinyint(1) NOT NULL DEFAULT 0 COMMENT '是否被冻结',
  `is_audit` tinyint(1) NOT NULL DEFAULT 0 COMMENT '是否已审核',
  `qrcode` varchar(255) CHARACTER SET utf8 COLLATE utf8_general_ci NOT NULL DEFAULT '' COMMENT '推广二维码',
  `memo` varchar(255) CHARACTER SET utf8 COLLATE utf8_general_ci NOT NULL DEFAULT '' COMMENT '备注',
  `lock_time` int(11) NULL DEFAULT 0 COMMENT '冻结时间',
  `audit_time` int(11) NULL DEFAULT 0 COMMENT '审核通过时间',
  `regidter_time` int(11) NULL DEFAULT 0 COMMENT '申请时间',
  `modify_time` int(11) NULL DEFAULT 0 COMMENT '修改时间',
  PRIMARY KEY (`promoter_id`) USING BTREE
) ENGINE = InnoDB AUTO_INCREMENT = 63 AVG_ROW_LENGTH = 1260 CHARACTER SET = utf8 COLLATE = utf8_general_ci COMMENT = '推广员表' ROW_FORMAT = Compact;

-- ----------------------------
-- Records of nfx_promoter
-- ----------------------------
INSERT INTO `nfx_promoter` VALUES (1, 0, 145, 0, 1, '风格', 20.00, 20.00, 20.00, 1, 1, 'yyy', '放到', 0, 0, 1485931268, 0);
INSERT INTO `nfx_promoter` VALUES (2, 1, 146, 0, 1, '撒旦法', 20.00, 20.00, 20.00, 0, 1, 'ngj', '发货', 0, 0, 1487920863, 0);
INSERT INTO `nfx_promoter` VALUES (45, 0, 157, 0, 1, '5店铺', 0.00, 0.00, 0.00, 0, 1, '', '', 0, 1489638758, 1489637511, 0);
INSERT INTO `nfx_promoter` VALUES (46, 53, 158, 0, 1, '6店铺', 0.00, 0.00, 0.00, 0, 1, '', '', 0, 1489644019, 1489643940, 0);
INSERT INTO `nfx_promoter` VALUES (53, 56, 159, 0, 5, '7店铺', 0.00, 0.00, 0.00, 1, 1, '', '', 0, 1489651098, 1489651052, 0);
INSERT INTO `nfx_promoter` VALUES (55, 3, 147, 0, 1, '111', 0.00, 0.00, 0.00, 0, 1, '', '', 0, 1491458623, 1489750945, 0);
INSERT INTO `nfx_promoter` VALUES (56, 45, 147, 0, 1, '99', 0.00, 0.00, 0.00, 0, 1, '', '', 0, 1489751066, 1489751054, 0);
INSERT INTO `nfx_promoter` VALUES (57, 53, 160, 0, 1, 'rr', 0.00, 0.00, 0.00, 0, -1, '', '', 0, 1491458575, 1491365500, 0);
INSERT INTO `nfx_promoter` VALUES (58, 0, 2, 0, 1, '11', 0.00, 0.00, 0.00, 0, 1, '', '', 0, 1491443547, 1491443969, 0);
INSERT INTO `nfx_promoter` VALUES (59, 0, 168, 0, 1, '', 0.00, 0.00, 0.00, 1, 1, '', '', 0, 1491458562, 1491445432, 0);
INSERT INTO `nfx_promoter` VALUES (60, 0, 169, 0, 5, '高伟66店铺', 0.00, 0.00, 0.00, 0, 0, '', '', 0, 1492488214, 1491448230, 0);
INSERT INTO `nfx_promoter` VALUES (61, 60, 191, 0, 5, 'gw77店', 0.00, 0.00, 0.00, 0, 0, '', '', 0, 1492488209, 1491469240, 0);
INSERT INTO `nfx_promoter` VALUES (62, 0, 192, 1, 1, 'zkf', 0.00, 0.00, 0.00, 0, 0, '', '', 0, 1491529831, 1491529598, 0);

-- ----------------------------
-- Table structure for nfx_promoter_level
-- ----------------------------
DROP TABLE IF EXISTS `nfx_promoter_level`;
CREATE TABLE `nfx_promoter_level`  (
  `level_id` int(10) UNSIGNED NOT NULL AUTO_INCREMENT COMMENT '等级ID',
  `shop_id` int(11) NOT NULL DEFAULT 0 COMMENT '店铺ID',
  `level_name` varchar(50) CHARACTER SET utf8 COLLATE utf8_general_ci NOT NULL DEFAULT '' COMMENT '等级名称',
  `level_money` decimal(10, 2) NOT NULL DEFAULT 0.00 COMMENT '等级升级条件（销售额）',
  `level_0` decimal(10, 2) NOT NULL DEFAULT 0.00 COMMENT '本店销售佣金比率',
  `level_1` decimal(10, 2) NOT NULL DEFAULT 0.00 COMMENT '给上级的佣金比率',
  `level_2` decimal(10, 2) NOT NULL DEFAULT 0.00 COMMENT '给上上级的佣金比率',
  `create_time` int(11) NULL DEFAULT 0 COMMENT '创建时间',
  `modify_time` int(11) NULL DEFAULT 0 COMMENT '修改时间',
  PRIMARY KEY (`level_id`) USING BTREE
) ENGINE = InnoDB AUTO_INCREMENT = 11 AVG_ROW_LENGTH = 4096 CHARACTER SET = utf8 COLLATE = utf8_general_ci COMMENT = '推广员等级' ROW_FORMAT = Compact;

-- ----------------------------
-- Records of nfx_promoter_level
-- ----------------------------
INSERT INTO `nfx_promoter_level` VALUES (1, 0, '最高级1', 0.00, 50.00, 10.00, 20.00, 1488264842, 1489571534);
INSERT INTO `nfx_promoter_level` VALUES (2, 0, '最高级2', 500.00, 60.00, 25.00, 15.00, 1489394429, 1489545534);
INSERT INTO `nfx_promoter_level` VALUES (5, 0, '等级三', 1000.00, 70.00, 20.00, 10.00, 1489545561, 0);
INSERT INTO `nfx_promoter_level` VALUES (10, 1, 'cs', 123.00, 0.10, 0.20, 0.30, 1492501531, 0);

-- ----------------------------
-- Table structure for nfx_promoter_region_agent
-- ----------------------------
DROP TABLE IF EXISTS `nfx_promoter_region_agent`;
CREATE TABLE `nfx_promoter_region_agent`  (
  `region_agent_id` int(10) NOT NULL AUTO_INCREMENT COMMENT '表主键',
  `shop_id` int(11) NOT NULL COMMENT '店铺id',
  `promoter_id` int(11) NOT NULL COMMENT '推广员ID',
  `uid` int(11) NOT NULL COMMENT '会员ID',
  `agent_type` int(11) NOT NULL DEFAULT 0 COMMENT '代理类型1.省代，2，市代3，区域代理',
  `agent_provinceid` int(11) NOT NULL DEFAULT 0 COMMENT '代理省份id',
  `agent_cityid` int(11) NOT NULL DEFAULT 0 COMMENT '代理市id',
  `agent_districtid` int(11) NOT NULL DEFAULT 0 COMMENT '代理区域id',
  `is_audit` int(11) NOT NULL DEFAULT 0 COMMENT '是否已经通过0.待审核1.通过-1.审核不通过2.取消',
  `remark` varchar(255) CHARACTER SET utf8 COLLATE utf8_general_ci NOT NULL DEFAULT '' COMMENT '操作备注',
  `reg_time` int(11) NULL DEFAULT 0 COMMENT '申请时间',
  `audit_time` int(11) NULL DEFAULT 0 COMMENT '通过时间',
  `cancel_time` int(11) NULL DEFAULT 0 COMMENT '取消时间',
  PRIMARY KEY (`region_agent_id`) USING BTREE
) ENGINE = InnoDB AUTO_INCREMENT = 16 AVG_ROW_LENGTH = 16384 CHARACTER SET = utf8 COLLATE = utf8_general_ci COMMENT = '推广员区域代理' ROW_FORMAT = Compact;

-- ----------------------------
-- Records of nfx_promoter_region_agent
-- ----------------------------
INSERT INTO `nfx_promoter_region_agent` VALUES (8, 1, 45, 157, 1, 0, 0, 0, 2, '', 1489652800, 1489652869, NULL);
INSERT INTO `nfx_promoter_region_agent` VALUES (9, 2, 46, 158, 2, 4, 14, 0, 1, '', 1489653074, 1489653182, NULL);
INSERT INTO `nfx_promoter_region_agent` VALUES (10, 1, 53, 159, 3, 1, 1, 2, 1, '', 1489653214, 1491466973, NULL);
INSERT INTO `nfx_promoter_region_agent` VALUES (14, 1, 60, 169, 1, 3, 0, 0, 1, '', 1491465296, 1491465416, NULL);
INSERT INTO `nfx_promoter_region_agent` VALUES (15, 1, 58, 2, 1, 0, 0, 0, 0, '', 1491472634, NULL, NULL);

-- ----------------------------
-- Table structure for nfx_shop_commission_withdraw_config
-- ----------------------------
DROP TABLE IF EXISTS `nfx_shop_commission_withdraw_config`;
CREATE TABLE `nfx_shop_commission_withdraw_config`  (
  `shop_id` int(11) NOT NULL COMMENT '店铺Id',
  `min_cash_money` decimal(10, 2) NOT NULL DEFAULT 100.00 COMMENT '最低提现金额为元',
  `div_money` decimal(10, 2) NOT NULL DEFAULT 100.00 COMMENT '提现金额为的整数倍',
  PRIMARY KEY (`shop_id`) USING BTREE
) ENGINE = InnoDB AVG_ROW_LENGTH = 8192 CHARACTER SET = utf8 COLLATE = utf8_general_ci COMMENT = '佣金（体现条件）提现条件（交易完成后即可提现）' ROW_FORMAT = Compact;

-- ----------------------------
-- Table structure for nfx_shop_config
-- ----------------------------
DROP TABLE IF EXISTS `nfx_shop_config`;
CREATE TABLE `nfx_shop_config`  (
  `id` int(11) NOT NULL AUTO_INCREMENT,
  `shop_id` int(11) NOT NULL DEFAULT 0 COMMENT '店铺id',
  `is_distribution_enable` tinyint(4) NOT NULL DEFAULT 0 COMMENT '分销是否启用  1开启  0关闭',
  `is_distribution_audit` tinyint(4) NOT NULL DEFAULT 0 COMMENT '推广员是否需要审核  0不审核  1审核',
  `is_regional_agent` tinyint(4) NOT NULL DEFAULT 0 COMMENT '是否开启区域代理  1开启  0关闭',
  `is_partner_enable` tinyint(4) NOT NULL DEFAULT 0 COMMENT '股东分红是否开启  1开启  0关闭',
  `is_global_enable` tinyint(4) NOT NULL DEFAULT 0 COMMENT '全球分红是否开启',
  `create_date` int(11) NULL DEFAULT 0 COMMENT '创建时间',
  `modify_date` int(11) NULL DEFAULT 0 COMMENT '修改时间',
  PRIMARY KEY (`id`) USING BTREE
) ENGINE = InnoDB AUTO_INCREMENT = 10 AVG_ROW_LENGTH = 1820 CHARACTER SET = utf8 COLLATE = utf8_general_ci COMMENT = '店铺的分销配置表' ROW_FORMAT = Compact;

-- ----------------------------
-- Records of nfx_shop_config
-- ----------------------------
INSERT INTO `nfx_shop_config` VALUES (1, 1, 1, 1, 0, 1, 0, 1488877702, 1492514301);
INSERT INTO `nfx_shop_config` VALUES (2, 0, 1, 1, 1, 1, 1, 1489574964, 1492586876);
INSERT INTO `nfx_shop_config` VALUES (3, 2, 0, 0, 0, 0, 0, 1489651682, NULL);
INSERT INTO `nfx_shop_config` VALUES (4, 6, 0, 0, 0, 0, 0, 1490690052, NULL);
INSERT INTO `nfx_shop_config` VALUES (5, 8, 0, 0, 0, 0, 0, 1490694266, NULL);
INSERT INTO `nfx_shop_config` VALUES (6, 11, 0, 0, 0, 0, 0, 1490750976, NULL);
INSERT INTO `nfx_shop_config` VALUES (7, 12, 0, 0, 0, 0, 0, 1490752029, NULL);
INSERT INTO `nfx_shop_config` VALUES (8, 13, 0, 0, 0, 0, 0, 1491363674, NULL);
INSERT INTO `nfx_shop_config` VALUES (9, 111, 0, 0, 0, 0, 0, 1491475426, NULL);

-- ----------------------------
-- Table structure for nfx_shop_member_association
-- ----------------------------
DROP TABLE IF EXISTS `nfx_shop_member_association`;
CREATE TABLE `nfx_shop_member_association`  (
  `id` int(10) NOT NULL AUTO_INCREMENT COMMENT '表主键',
  `shop_id` int(11) NOT NULL DEFAULT 0 COMMENT '店铺id',
  `uid` int(11) NOT NULL COMMENT '会员ID',
  `source_uid` int(11) NOT NULL DEFAULT 0 COMMENT '来源会员ID',
  `promoter_id` int(11) NOT NULL DEFAULT 0 COMMENT '自身推广员ID',
  `qrcode_template_id` int(11) NOT NULL DEFAULT 0 COMMENT '推广二维码模板ID',
  `partner_id` int(11) NOT NULL DEFAULT 0 COMMENT '自身股东id',
  `is_promoter` tinyint(4) NOT NULL DEFAULT 0 COMMENT '是否是推广员',
  `is_partner` tinyint(4) NOT NULL DEFAULT 0 COMMENT '是否是股东',
  `region_center_id` tinyint(4) NOT NULL DEFAULT 0 COMMENT '是否是区域代理',
  `create_time` int(11) NULL DEFAULT 0 COMMENT '创建时间',
  `modify_time` int(11) NULL DEFAULT 0 COMMENT '修改时间',
  PRIMARY KEY (`id`) USING BTREE
) ENGINE = InnoDB AUTO_INCREMENT = 59 AVG_ROW_LENGTH = 481 CHARACTER SET = utf8 COLLATE = utf8_general_ci COMMENT = '店铺会员关联表' ROW_FORMAT = Compact;

-- ----------------------------
-- Records of nfx_shop_member_association
-- ----------------------------
INSERT INTO `nfx_shop_member_association` VALUES (1, 0, 145, 0, 1, 0, 1, 1, 0, 0, 0, 0);
INSERT INTO `nfx_shop_member_association` VALUES (2, 0, 146, 145, 2, 0, 2, 1, 0, 0, 1489630875, 0);
INSERT INTO `nfx_shop_member_association` VALUES (3, 0, 147, 146, 55, 0, 13, 1, 1, 11, 1489112510, 0);
INSERT INTO `nfx_shop_member_association` VALUES (4, 0, 151, 147, 43, 0, 7, 0, 0, 0, 1489546001, 1489546004);
INSERT INTO `nfx_shop_member_association` VALUES (5, 0, 111, 0, 1, 0, 1, 0, 0, 0, 1489567974, 0);
INSERT INTO `nfx_shop_member_association` VALUES (15, 0, 155, 151, 43, 0, 7, 0, 0, 0, 1489626354, 0);
INSERT INTO `nfx_shop_member_association` VALUES (18, 0, 147, 0, 55, 0, 13, 1, 1, 11, 1489633171, 0);
INSERT INTO `nfx_shop_member_association` VALUES (19, 0, 157, 0, 45, 0, 0, 1, 0, 8, 1489637178, 0);
INSERT INTO `nfx_shop_member_association` VALUES (20, 0, 158, 157, 46, 0, 11, 1, 1, 13, 1489638835, 0);
INSERT INTO `nfx_shop_member_association` VALUES (21, 0, 159, 158, 53, 3, 10, 1, 1, 10, 1489644075, 0);
INSERT INTO `nfx_shop_member_association` VALUES (22, 0, 160, 159, 53, 0, 11, 0, 0, 0, 1489651161, 0);
INSERT INTO `nfx_shop_member_association` VALUES (23, 0, 156, 0, 0, 0, 0, 0, 0, 0, 1489716116, 0);
INSERT INTO `nfx_shop_member_association` VALUES (24, 0, 161, 2, 0, 0, 0, 0, 0, 0, 1489718612, 0);
INSERT INTO `nfx_shop_member_association` VALUES (25, 0, 162, 146, 2, 0, 0, 0, 0, 0, 1489718842, 0);
INSERT INTO `nfx_shop_member_association` VALUES (31, 0, 163, 159, 53, 0, 10, 0, 0, 0, 1489723713, 0);
INSERT INTO `nfx_shop_member_association` VALUES (38, 0, 164, 156, 0, 0, 0, 0, 0, 0, 1489735238, 0);
INSERT INTO `nfx_shop_member_association` VALUES (39, 0, 2, 0, 58, 32, 16, 1, 1, 0, 1490681929, 0);
INSERT INTO `nfx_shop_member_association` VALUES (46, 0, 168, 0, 59, 0, 0, 1, 0, 0, 1491445425, 0);
INSERT INTO `nfx_shop_member_association` VALUES (47, 0, 169, 0, 60, 0, 14, 1, 1, 14, 1491445947, 0);
INSERT INTO `nfx_shop_member_association` VALUES (48, 0, 174, 0, 0, 0, 0, 0, 0, 0, 1491447164, 0);
INSERT INTO `nfx_shop_member_association` VALUES (50, 0, 190, 0, 0, 0, 0, 0, 0, 0, 1491468852, 0);
INSERT INTO `nfx_shop_member_association` VALUES (51, 0, 191, 169, 61, 0, 14, 1, 0, 0, 1491468877, 0);
INSERT INTO `nfx_shop_member_association` VALUES (53, 0, 192, 0, 62, 0, 0, 1, 0, 0, 1491529532, 0);
INSERT INTO `nfx_shop_member_association` VALUES (57, 1, 2, 0, 0, 0, 0, 0, 0, 0, 1492587182, 0);
INSERT INTO `nfx_shop_member_association` VALUES (58, 1, 201, 0, 0, 0, 0, 0, 0, 0, 1494813407, 0);

-- ----------------------------
-- Table structure for nfx_shop_region_agent_config
-- ----------------------------
DROP TABLE IF EXISTS `nfx_shop_region_agent_config`;
CREATE TABLE `nfx_shop_region_agent_config`  (
  `id` int(10) UNSIGNED NOT NULL AUTO_INCREMENT,
  `shop_id` int(11) NOT NULL COMMENT '店铺ID',
  `is_open` tinyint(1) NOT NULL DEFAULT 0 COMMENT '是否启用',
  `province_rate` decimal(10, 2) NOT NULL DEFAULT 0.00 COMMENT '省代比率',
  `city_rate` decimal(10, 2) NOT NULL DEFAULT 0.00 COMMENT '市代比率',
  `district_rate` decimal(10, 2) NOT NULL DEFAULT 0.00 COMMENT '区代比率',
  `application_require_province` decimal(10, 2) NOT NULL DEFAULT 0.00 COMMENT '省级申请业绩条件',
  `application_require_city` decimal(10, 2) NOT NULL DEFAULT 0.00 COMMENT '市代申请销售条件',
  `application_require_district` decimal(10, 2) NOT NULL DEFAULT 0.00 COMMENT '区代申请销售条件',
  `create_time` int(11) NULL DEFAULT 0 COMMENT '创建时间',
  `modify_time` int(11) NULL DEFAULT 0 COMMENT '修改时间',
  PRIMARY KEY (`id`) USING BTREE
) ENGINE = InnoDB AUTO_INCREMENT = 8 AVG_ROW_LENGTH = 4096 CHARACTER SET = utf8 COLLATE = utf8_general_ci COMMENT = '分销区域代理设置' ROW_FORMAT = Compact;

-- ----------------------------
-- Records of nfx_shop_region_agent_config
-- ----------------------------
INSERT INTO `nfx_shop_region_agent_config` VALUES (1, 1, 0, 40.00, 30.00, 30.00, 2000.00, 1000.00, 500.00, 1489474492, 0);
INSERT INTO `nfx_shop_region_agent_config` VALUES (4, 15, 0, 0.00, 0.00, 0.00, 0.00, 0.00, 0.00, 1491538018, 0);
INSERT INTO `nfx_shop_region_agent_config` VALUES (5, 16, 0, 0.00, 0.00, 0.00, 0.00, 0.00, 0.00, 1491965563, 0);
INSERT INTO `nfx_shop_region_agent_config` VALUES (6, 17, 0, 0.00, 0.00, 0.00, 0.00, 0.00, 0.00, 1491966647, 0);
INSERT INTO `nfx_shop_region_agent_config` VALUES (7, 0, 0, 40.00, 20.00, 10.00, 0.00, 0.00, 0.00, 0, 0);

-- ----------------------------
-- Table structure for nfx_user_account
-- ----------------------------
DROP TABLE IF EXISTS `nfx_user_account`;
CREATE TABLE `nfx_user_account`  (
  `id` int(10) UNSIGNED NOT NULL AUTO_INCREMENT COMMENT '主键',
  `shop_id` int(11) NOT NULL COMMENT '店铺ID',
  `uid` int(11) NOT NULL COMMENT '用户ID',
  `commission` decimal(10, 2) NOT NULL DEFAULT 0.00 COMMENT '总佣金',
  `commission_cash` decimal(10, 2) NOT NULL DEFAULT 0.00 COMMENT '可提现佣金',
  `commission_withdraw` decimal(10, 2) NOT NULL DEFAULT 0.00 COMMENT '已提现佣金',
  `commission_locked` decimal(10, 2) NOT NULL DEFAULT 0.00 COMMENT '冻结中的金额',
  `commission_promoter` decimal(10, 2) NOT NULL DEFAULT 0.00 COMMENT '分销佣金',
  `commission_partner` decimal(10, 2) NOT NULL DEFAULT 0.00 COMMENT '股东分红',
  `commission_partner_global` decimal(10, 2) NOT NULL DEFAULT 0.00 COMMENT '股东全球分红',
  `commission_region_agent` decimal(10, 2) NOT NULL DEFAULT 0.00 COMMENT '区域代理佣金',
  `commission_partner_team` decimal(10, 2) NOT NULL DEFAULT 0.00 COMMENT '股东团队分红',
  `commission_promoter_team` decimal(10, 2) NOT NULL DEFAULT 0.00 COMMENT '推广员团队分红',
  `commission_channelagent` decimal(10, 2) NOT NULL DEFAULT 0.00 COMMENT '渠道代理分红',
  `create_time` int(11) NULL DEFAULT 0 COMMENT '创建时间',
  `modify_time` int(11) NULL DEFAULT 0 COMMENT '最新时间',
  PRIMARY KEY (`id`) USING BTREE
) ENGINE = InnoDB AUTO_INCREMENT = 31 AVG_ROW_LENGTH = 1170 CHARACTER SET = utf8 COLLATE = utf8_general_ci COMMENT = '用户店铺账户统计' ROW_FORMAT = Compact;

-- ----------------------------
-- Records of nfx_user_account
-- ----------------------------
INSERT INTO `nfx_user_account` VALUES (1, 0, 2, 0.00, 0.00, 0.00, 0.00, 0.00, 0.00, 0.00, 0.00, 0.00, 0.00, 0.00, 1489397616, 1489397619);
INSERT INTO `nfx_user_account` VALUES (2, 0, 145, 0.00, 0.00, 0.00, 0.00, 0.00, 0.00, 0.00, 0.00, 0.00, 0.00, 0.00, 0, 1489732808);
INSERT INTO `nfx_user_account` VALUES (12, 0, 146, 0.00, 0.00, 0.00, 0.00, 0.00, 0.00, 0.00, 0.00, 0.00, 0.00, 0.00, 0, 1489732808);
INSERT INTO `nfx_user_account` VALUES (13, 0, 147, 0.00, 0.00, 1.00, 0.00, 0.00, 0.00, 0.00, 0.00, 0.00, 0.00, 0.00, 0, 1491470108);
INSERT INTO `nfx_user_account` VALUES (16, 0, 151, 0.00, 0.00, 0.00, 0.00, 0.00, 0.00, 0.00, 0.00, 0.00, 0.00, 0.00, 0, 0);
INSERT INTO `nfx_user_account` VALUES (17, 0, 157, 0.00, 0.00, 0.00, 0.00, 0.00, 0.00, 0.00, 0.00, 0.00, 0.00, 0.00, 0, 1491466502);
INSERT INTO `nfx_user_account` VALUES (18, 0, 158, 0.00, 0.00, 0.00, 0.00, 0.00, 0.00, 0.00, 0.00, 0.00, 0.00, 0.00, 0, 1491466502);
INSERT INTO `nfx_user_account` VALUES (19, 0, 159, 0.00, 0.00, 0.00, 0.00, 0.00, 0.00, 0.00, 0.00, 0.00, 0.00, 0.00, 0, 1491466502);
INSERT INTO `nfx_user_account` VALUES (24, 0, 2, 0.00, 0.00, 0.00, 0.00, 0.00, 0.00, 0.00, 0.00, 0.00, 0.00, 0.00, 0, 0);
INSERT INTO `nfx_user_account` VALUES (25, 0, 169, 0.00, 0.00, 0.00, 0.00, 0.00, 0.00, 0.00, 0.00, 0.00, 0.00, 0.00, 0, 1491469702);
INSERT INTO `nfx_user_account` VALUES (26, 0, 168, 0.00, 0.00, 0.00, 0.00, 0.00, 0.00, 0.00, 0.00, 0.00, 0.00, 0.00, 0, 0);
INSERT INTO `nfx_user_account` VALUES (27, 0, 147, 0.00, 0.00, 0.00, 0.00, 0.00, 0.00, 0.00, 0.00, 0.00, 0.00, 0.00, 0, 1491470108);
INSERT INTO `nfx_user_account` VALUES (28, 0, 191, 0.00, 0.00, 0.00, 0.00, 0.00, 0.00, 0.00, 0.00, 0.00, 0.00, 0.00, 0, 1491469702);
INSERT INTO `nfx_user_account` VALUES (29, 0, 192, 0.00, 0.00, 0.00, 0.00, 0.00, 0.00, 0.00, 0.00, 0.00, 0.00, 0.00, 0, 0);
INSERT INTO `nfx_user_account` VALUES (30, 0, 191, 0.00, 0.00, 0.00, 0.00, 0.00, 0.00, 0.00, 0.00, 0.00, 0.00, 0.00, 0, 0);

-- ----------------------------
-- Table structure for nfx_user_account_records
-- ----------------------------
DROP TABLE IF EXISTS `nfx_user_account_records`;
CREATE TABLE `nfx_user_account_records`  (
  `id` int(10) UNSIGNED NOT NULL AUTO_INCREMENT COMMENT '表主键',
  `uid` int(11) NOT NULL COMMENT '会员ID',
  `shop_id` int(11) NOT NULL DEFAULT 0 COMMENT '店铺ID，0标示平台',
  `batchcode` varchar(50) CHARACTER SET utf8 COLLATE utf8_general_ci NOT NULL DEFAULT '' COMMENT '流水号',
  `money` decimal(10, 4) NOT NULL DEFAULT 0.0000 COMMENT '发生金额',
  `account_type` int(11) NOT NULL DEFAULT 0 COMMENT '发生方式',
  `type_alis_id` int(11) NOT NULL DEFAULT 0 COMMENT '发生相关ID',
  `is_display` tinyint(1) NOT NULL DEFAULT 1 COMMENT '是否显示',
  `is_calculate` tinyint(1) NOT NULL DEFAULT 1 COMMENT '是否参与计算',
  `text` varchar(255) CHARACTER SET utf8 COLLATE utf8_general_ci NOT NULL DEFAULT '' COMMENT '描述',
  `create_time` int(11) NULL DEFAULT 0 COMMENT '创建时间',
  PRIMARY KEY (`id`) USING BTREE
) ENGINE = InnoDB AUTO_INCREMENT = 1 AVG_ROW_LENGTH = 234 CHARACTER SET = utf8 COLLATE = utf8_general_ci COMMENT = '会员账户账单(佣金)' ROW_FORMAT = Compact;

-- ----------------------------
-- Table structure for nfx_user_account_type
-- ----------------------------
DROP TABLE IF EXISTS `nfx_user_account_type`;
CREATE TABLE `nfx_user_account_type`  (
  `type_id` int(10) UNSIGNED NOT NULL AUTO_INCREMENT COMMENT '类型ID',
  `type_name` varchar(50) CHARACTER SET utf8 COLLATE utf8_general_ci NOT NULL COMMENT '类型名称',
  `sign` tinyint(1) NOT NULL DEFAULT 1 COMMENT '佣金或支出',
  PRIMARY KEY (`type_id`) USING BTREE
) ENGINE = InnoDB AUTO_INCREMENT = 11 AVG_ROW_LENGTH = 3276 CHARACTER SET = utf8 COLLATE = utf8_general_ci COMMENT = '会员账户获取或者减少类型' ROW_FORMAT = Compact;

-- ----------------------------
-- Records of nfx_user_account_type
-- ----------------------------
INSERT INTO `nfx_user_account_type` VALUES (1, '分销佣金', 1);
INSERT INTO `nfx_user_account_type` VALUES (2, '区域代理', 1);
INSERT INTO `nfx_user_account_type` VALUES (3, '渠道代理', 1);
INSERT INTO `nfx_user_account_type` VALUES (4, '股东分红', 1);
INSERT INTO `nfx_user_account_type` VALUES (5, '全球分红', 1);
INSERT INTO `nfx_user_account_type` VALUES (10, '提现', 2);

-- ----------------------------
-- Table structure for nfx_user_bank_account
-- ----------------------------
DROP TABLE IF EXISTS `nfx_user_bank_account`;
CREATE TABLE `nfx_user_bank_account`  (
  `id` int(11) NOT NULL AUTO_INCREMENT,
  `uid` int(11) NOT NULL COMMENT '会员id',
  `bank_type` varchar(50) CHARACTER SET utf8 COLLATE utf8_general_ci NOT NULL DEFAULT '1' COMMENT '账号类型 1银行卡2支付宝',
  `branch_bank_name` varchar(50) CHARACTER SET utf8 COLLATE utf8_general_ci NULL DEFAULT NULL COMMENT '支行信息',
  `realname` varchar(50) CHARACTER SET utf8 COLLATE utf8_general_ci NOT NULL DEFAULT '' COMMENT '真实姓名',
  `account_number` varchar(50) CHARACTER SET utf8 COLLATE utf8_general_ci NOT NULL DEFAULT '' COMMENT '银行账号',
  `mobile` varchar(20) CHARACTER SET utf8 COLLATE utf8_general_ci NOT NULL DEFAULT '' COMMENT '手机号',
  `is_default` int(11) NOT NULL DEFAULT 0 COMMENT '是否默认账号',
  `create_date` int(11) NULL DEFAULT 0 COMMENT '创建日期',
  `modify_date` int(11) NULL DEFAULT 0 COMMENT '修改日期',
  PRIMARY KEY (`id`) USING BTREE,
  INDEX `IDX_member_bank_account_uid`(`uid`) USING BTREE
) ENGINE = InnoDB AUTO_INCREMENT = 121 AVG_ROW_LENGTH = 16384 CHARACTER SET = utf8 COLLATE = utf8_general_ci COMMENT = '会员提现账号' ROW_FORMAT = Compact;

-- ----------------------------
-- Records of nfx_user_bank_account
-- ----------------------------
INSERT INTO `nfx_user_bank_account` VALUES (96, 151, '银行卡', '给我给我', '给我', '1111111111111111', '18735107960', 0, 1489548740, 1489548740);
INSERT INTO `nfx_user_bank_account` VALUES (97, 147, '银行卡', '工行', '小刘', '6225 0561 6511 9659 236', '13838385429', 1, 1489551252, 1489551252);
INSERT INTO `nfx_user_bank_account` VALUES (98, 2, '银行卡', '交通银行', '李广', '6226345678909876', '13645760987', 1, 1489558611, 1489558611);
INSERT INTO `nfx_user_bank_account` VALUES (99, 155, '银行卡', '123456', 'gw', '1111', '18735107960', 0, 1489577663, 1489577663);
INSERT INTO `nfx_user_bank_account` VALUES (111, 145, '银行卡', '农业银行', '李银', '6227 0006  3265 4542 232', '13838385623', 0, 1489747840, 1489749881);
INSERT INTO `nfx_user_bank_account` VALUES (112, 145, '银行卡', '建行', '王军11', '1123', '13838385426', 1, 1489747995, 1489749331);
INSERT INTO `nfx_user_bank_account` VALUES (113, 146, '银行卡', '华夏', '赵', '123', '13838385421', 1, 1489749143, 1489749143);
INSERT INTO `nfx_user_bank_account` VALUES (116, 159, '银行卡', '建行', '丽2', '12', '13838562366', 1, 1489752895, 1489753287);
INSERT INTO `nfx_user_bank_account` VALUES (117, 2, '银行卡', '建行', '小学生', '123456789321347', '15235165131', 0, 1491014511, 1491014511);
INSERT INTO `nfx_user_bank_account` VALUES (118, 159, '银行卡', '建行', 'xxx', '132456', '18649313172', 0, 1491015403, 1491015403);
INSERT INTO `nfx_user_bank_account` VALUES (119, 169, '银行卡', '2121212121999', 'gw', '15151515151515', '18725107896', 0, 1491464793, 1491464806);
INSERT INTO `nfx_user_bank_account` VALUES (120, 169, '银行卡', 'gwgw', 'gw', '5454', '18725421521', 1, 1491464902, 1491464902);

-- ----------------------------
-- Table structure for nfx_user_commission_withdraw
-- ----------------------------
DROP TABLE IF EXISTS `nfx_user_commission_withdraw`;
CREATE TABLE `nfx_user_commission_withdraw`  (
  `id` int(11) NOT NULL AUTO_INCREMENT,
  `shop_id` int(11) NOT NULL COMMENT '店铺编号',
  `withdraw_no` varchar(255) CHARACTER SET utf8 COLLATE utf8_general_ci NOT NULL DEFAULT '' COMMENT '提现流水号',
  `uid` int(11) NOT NULL COMMENT '分销商id',
  `bank_name` varchar(50) CHARACTER SET utf8 COLLATE utf8_general_ci NOT NULL COMMENT '提现银行名称',
  `account_number` varchar(50) CHARACTER SET utf8 COLLATE utf8_general_ci NOT NULL COMMENT '提现银行账号',
  `realname` varchar(10) CHARACTER SET utf8 COLLATE utf8_general_ci NOT NULL COMMENT '提现账户姓名',
  `mobile` varchar(20) CHARACTER SET utf8 COLLATE utf8_general_ci NOT NULL COMMENT '手机',
  `cash` decimal(10, 2) NOT NULL COMMENT '提现金额',
  `status` smallint(6) NOT NULL DEFAULT 0 COMMENT '当前状态 0已申请(等待处理) 1已同意 -1 已拒绝',
  `memo` varchar(255) CHARACTER SET utf8 COLLATE utf8_general_ci NOT NULL DEFAULT '' COMMENT '备注',
  `ask_for_date` int(11) NULL DEFAULT 0 COMMENT '提现日期',
  `payment_date` int(11) NULL DEFAULT 0 COMMENT '到账日期',
  `modify_date` int(11) NULL DEFAULT 0 COMMENT '修改日期',
  PRIMARY KEY (`id`) USING BTREE
) ENGINE = InnoDB AUTO_INCREMENT = 54 AVG_ROW_LENGTH = 4096 CHARACTER SET = utf8 COLLATE = utf8_general_ci COMMENT = '佣金提现记录表' ROW_FORMAT = Compact;

-- ----------------------------
-- Records of nfx_user_commission_withdraw
-- ----------------------------
INSERT INTO `nfx_user_commission_withdraw` VALUES (1, 1, '2015201032', 145, '交通银行', '525222222000112', '李志伟', '18649313172', 200.00, 1, '', 1489476956, 1489476958, 1489476971);
INSERT INTO `nfx_user_commission_withdraw` VALUES (2, 1, '2017031511', 145, '农业银行', '622400123114512', '小李', '18295412365', 100.00, -1, '', 1489479325, 1489652128, 1489479333);
INSERT INTO `nfx_user_commission_withdraw` VALUES (38, 1, '123456', 147, '工行', '6225056165119659236', '小刘', '13838385429', 2.00, -1, '', 1489656849, NULL, 1489656849);
INSERT INTO `nfx_user_commission_withdraw` VALUES (39, 1, '123456', 145, '农业银行', '6227 0006  3265 4542 232', '李银', '13838385623', 1.00, 0, '', 1489747852, NULL, 1489747852);
INSERT INTO `nfx_user_commission_withdraw` VALUES (48, 1, '123456', 159, '建行', '12', '丽2', '13838562366', 100.00, 1, '', 1490342862, NULL, 1490342862);
INSERT INTO `nfx_user_commission_withdraw` VALUES (49, 1, '123456', 159, '建行', '12', '丽2', '13838562366', 200.00, -1, '', 1490342893, NULL, 1490342893);
INSERT INTO `nfx_user_commission_withdraw` VALUES (50, 1, '123456', 159, '建行', '12', '丽2', '13838562366', 1000.00, 1, '', 1490343352, NULL, 1490343352);
INSERT INTO `nfx_user_commission_withdraw` VALUES (51, 1, '123456', 147, '工行', '6225 0561 6511 9659 236', '小刘', '13838385429', 1.00, 1, '', 1490671053, NULL, 1490671053);
INSERT INTO `nfx_user_commission_withdraw` VALUES (52, 1, '123456', 169, 'gwgw', '5454', 'gw', '18725421521', 30.00, 1, '', 1491467678, NULL, 1491467678);
INSERT INTO `nfx_user_commission_withdraw` VALUES (53, 1, '123456', 169, 'gwgw', '5454', 'gw', '18725421521', 10.00, -1, '', 1491468544, NULL, 1491468544);

-- ----------------------------
-- Table structure for ns_account
-- ----------------------------
DROP TABLE IF EXISTS `ns_account`;
CREATE TABLE `ns_account`  (
  `account_id` int(10) NOT NULL AUTO_INCREMENT COMMENT '账户ID',
  `account_profit` decimal(10, 2) NOT NULL DEFAULT 0.00 COMMENT '平台的总营业额',
  `account_money` decimal(10, 2) NOT NULL DEFAULT 0.00 COMMENT '平台资金总余额',
  `account_return` decimal(10, 2) NOT NULL DEFAULT 0.00 COMMENT '平台利润总额',
  `account_deposit` decimal(10, 2) NOT NULL DEFAULT 0.00 COMMENT '保证金总额',
  `account_order` decimal(10, 2) NOT NULL DEFAULT 0.00 COMMENT '商城订单总额',
  `account_withdraw` decimal(10, 2) NOT NULL DEFAULT 0.00 COMMENT '商城提现总额',
  `account_shop` decimal(10, 2) NOT NULL DEFAULT 0.00 COMMENT '店铺总余额',
  `account_shop_withdraw` decimal(10, 2) NOT NULL DEFAULT 0.00 COMMENT '店铺总提现',
  PRIMARY KEY (`account_id`) USING BTREE
) ENGINE = InnoDB AUTO_INCREMENT = 1 AVG_ROW_LENGTH = 8192 CHARACTER SET = utf8 COLLATE = utf8_general_ci COMMENT = '商城资金统计' ROW_FORMAT = Compact;

-- ----------------------------
-- Table structure for ns_account_assistant_records
-- ----------------------------
DROP TABLE IF EXISTS `ns_account_assistant_records`;
CREATE TABLE `ns_account_assistant_records`  (
  `id` int(10) UNSIGNED NOT NULL AUTO_INCREMENT COMMENT '主键',
  `serial_no` varchar(50) CHARACTER SET utf8 COLLATE utf8_general_ci NOT NULL DEFAULT '' COMMENT '流水号',
  `shop_id` int(11) NOT NULL DEFAULT 0 COMMENT '店铺id',
  `money` decimal(10, 2) NOT NULL DEFAULT 0.00 COMMENT '对应金额',
  `account_type` tinyint(1) NOT NULL COMMENT '账户类型',
  `type_alis_id` int(11) NOT NULL COMMENT '关联ID',
  `remark` varchar(255) CHARACTER SET utf8 COLLATE utf8_general_ci NOT NULL DEFAULT '' COMMENT '简介',
  `create_time` int(11) NULL DEFAULT 0 COMMENT '创建时间',
  PRIMARY KEY (`id`) USING BTREE
) ENGINE = InnoDB AUTO_INCREMENT = 1 CHARACTER SET = utf8 COLLATE = utf8_general_ci COMMENT = '招商员支付记录' ROW_FORMAT = Compact;

-- ----------------------------
-- Table structure for ns_account_order_records
-- ----------------------------
DROP TABLE IF EXISTS `ns_account_order_records`;
CREATE TABLE `ns_account_order_records`  (
  `id` int(10) UNSIGNED NOT NULL AUTO_INCREMENT COMMENT '主键',
  `serial_no` varchar(50) CHARACTER SET utf8 COLLATE utf8_general_ci NOT NULL DEFAULT '' COMMENT '流水号',
  `shop_id` int(11) NOT NULL DEFAULT 0 COMMENT '店铺id',
  `money` decimal(10, 2) NOT NULL DEFAULT 0.00 COMMENT '对应金额',
  `account_type` tinyint(1) NOT NULL COMMENT '账户类型',
  `type_alis_id` int(11) NOT NULL COMMENT '关联ID',
  `remark` varchar(255) CHARACTER SET utf8 COLLATE utf8_general_ci NOT NULL DEFAULT '' COMMENT '简介',
  `create_time` int(11) NULL DEFAULT 0 COMMENT '创建时间',
  PRIMARY KEY (`id`) USING BTREE
) ENGINE = InnoDB AUTO_INCREMENT = 1 AVG_ROW_LENGTH = 8192 CHARACTER SET = utf8 COLLATE = utf8_general_ci COMMENT = '金额账户记录' ROW_FORMAT = Compact;

-- ----------------------------
-- Table structure for ns_account_period
-- ----------------------------
DROP TABLE IF EXISTS `ns_account_period`;
CREATE TABLE `ns_account_period`  (
  `period_id` int(10) NOT NULL AUTO_INCREMENT COMMENT '账户ID',
  `period_year` int(10) NOT NULL COMMENT '账期年份',
  `period_month` int(10) NOT NULL COMMENT '账期月份',
  `account_profit` decimal(10, 2) NOT NULL DEFAULT 0.00 COMMENT '账期总营业额',
  `account_money` decimal(10, 2) NOT NULL DEFAULT 0.00 COMMENT '账期总发生余额',
  `account_return` decimal(10, 2) NOT NULL DEFAULT 0.00 COMMENT '账期利润总额',
  `account_deposit` decimal(10, 2) NOT NULL DEFAULT 0.00 COMMENT '账期保证金总额',
  `account_order` decimal(10, 2) NOT NULL DEFAULT 0.00 COMMENT '账期订单总额',
  `account_withdraw` decimal(10, 2) NOT NULL DEFAULT 0.00 COMMENT '账期店铺提现总额',
  `account_shop` decimal(10, 2) NOT NULL DEFAULT 0.00 COMMENT '账期店铺总发生额',
  `account_shop_withdraw` decimal(10, 2) NOT NULL DEFAULT 0.00 COMMENT '账期店铺总提现额',
  `start_time` int(11) NULL DEFAULT 0 COMMENT '开始时间',
  `end_time` int(11) NULL DEFAULT 0 COMMENT '结束时间',
  PRIMARY KEY (`period_id`) USING BTREE
) ENGINE = InnoDB AUTO_INCREMENT = 1 AVG_ROW_LENGTH = 16384 CHARACTER SET = utf8 COLLATE = utf8_general_ci COMMENT = '商城账期结算表' ROW_FORMAT = Compact;

-- ----------------------------
-- Table structure for ns_account_records
-- ----------------------------
DROP TABLE IF EXISTS `ns_account_records`;
CREATE TABLE `ns_account_records`  (
  `id` int(10) UNSIGNED NOT NULL AUTO_INCREMENT COMMENT '主键',
  `shop_id` int(11) NOT NULL DEFAULT 0 COMMENT '店铺id',
  `money` decimal(10, 2) NOT NULL DEFAULT 0.00 COMMENT '对应金额',
  `account_type` tinyint(1) NOT NULL COMMENT '账户类型',
  `type_alis_id` int(11) NOT NULL COMMENT '关联ID',
  `is_display` tinyint(1) NOT NULL DEFAULT 1 COMMENT '是否显示',
  `is_calculate` tinyint(1) NOT NULL DEFAULT 1 COMMENT '是否参与计算',
  `remark` varchar(255) CHARACTER SET utf8 COLLATE utf8_general_ci NOT NULL DEFAULT '' COMMENT '简介',
  `create_time` int(11) NULL DEFAULT 0 COMMENT '创建时间',
  PRIMARY KEY (`id`) USING BTREE
) ENGINE = InnoDB AUTO_INCREMENT = 1 AVG_ROW_LENGTH = 1092 CHARACTER SET = utf8 COLLATE = utf8_general_ci COMMENT = '金额账户记录' ROW_FORMAT = Compact;

-- ----------------------------
-- Table structure for ns_account_return_records
-- ----------------------------
DROP TABLE IF EXISTS `ns_account_return_records`;
CREATE TABLE `ns_account_return_records`  (
  `id` int(10) UNSIGNED NOT NULL AUTO_INCREMENT COMMENT '主键',
  `shop_id` int(11) NOT NULL DEFAULT 0 COMMENT '店铺id',
  `money` decimal(10, 2) NOT NULL DEFAULT 0.00 COMMENT '金额',
  `return_type` int(11) NOT NULL DEFAULT 0 COMMENT '提成类型',
  `type_alis_id` int(11) NOT NULL DEFAULT 0 COMMENT '关联id',
  `is_display` int(11) NOT NULL DEFAULT 0 COMMENT '是否显示',
  `is_calculate` int(11) NOT NULL DEFAULT 0 COMMENT '是否计算',
  `remark` varchar(255) CHARACTER SET utf8 COLLATE utf8_general_ci NOT NULL DEFAULT '0' COMMENT '备注',
  `create_time` int(11) NULL DEFAULT 0 COMMENT '创建时间',
  PRIMARY KEY (`id`) USING BTREE
) ENGINE = InnoDB AUTO_INCREMENT = 1 AVG_ROW_LENGTH = 910 CHARACTER SET = utf8 COLLATE = utf8_general_ci COMMENT = '平台的利润的记录' ROW_FORMAT = Compact;

-- ----------------------------
-- Table structure for ns_account_withdraw_records
-- ----------------------------
DROP TABLE IF EXISTS `ns_account_withdraw_records`;
CREATE TABLE `ns_account_withdraw_records`  (
  `id` int(10) UNSIGNED NOT NULL AUTO_INCREMENT COMMENT '主键',
  `serial_no` varchar(50) CHARACTER SET utf8 COLLATE utf8_general_ci NOT NULL DEFAULT '' COMMENT '流水号',
  `shop_id` int(11) NOT NULL DEFAULT 0 COMMENT '店铺id',
  `money` decimal(10, 2) NOT NULL DEFAULT 0.00 COMMENT '对应金额',
  `account_type` tinyint(1) NOT NULL COMMENT '账户类型',
  `type_alis_id` int(11) NOT NULL COMMENT '关联ID',
  `remark` varchar(255) CHARACTER SET utf8 COLLATE utf8_general_ci NOT NULL DEFAULT '' COMMENT '简介',
  `create_time` int(11) NULL DEFAULT 0 COMMENT '创建时间',
  PRIMARY KEY (`id`) USING BTREE
) ENGINE = InnoDB AUTO_INCREMENT = 1 CHARACTER SET = utf8 COLLATE = utf8_general_ci COMMENT = '金额账户记录' ROW_FORMAT = Compact;

-- ----------------------------
-- Table structure for ns_account_withdraw_user_records
-- ----------------------------
DROP TABLE IF EXISTS `ns_account_withdraw_user_records`;
CREATE TABLE `ns_account_withdraw_user_records`  (
  `id` int(10) UNSIGNED NOT NULL AUTO_INCREMENT COMMENT '主键',
  `serial_no` varchar(50) CHARACTER SET utf8 COLLATE utf8_general_ci NOT NULL DEFAULT '' COMMENT '流水号',
  `shop_id` int(11) NOT NULL DEFAULT 0 COMMENT '店铺id',
  `money` decimal(10, 2) NOT NULL DEFAULT 0.00 COMMENT '对应金额',
  `account_type` tinyint(1) NOT NULL COMMENT '账户类型',
  `type_alis_id` int(11) NOT NULL COMMENT '关联ID',
  `remark` varchar(255) CHARACTER SET utf8 COLLATE utf8_general_ci NOT NULL DEFAULT '' COMMENT '简介',
  `create_time` int(11) NULL DEFAULT 0 COMMENT '创建时间',
  PRIMARY KEY (`id`) USING BTREE
) ENGINE = InnoDB AUTO_INCREMENT = 1 CHARACTER SET = utf8 COLLATE = utf8_general_ci COMMENT = '会员提现记录表' ROW_FORMAT = Compact;

-- ----------------------------
-- Table structure for ns_attribute
-- ----------------------------
DROP TABLE IF EXISTS `ns_attribute`;
CREATE TABLE `ns_attribute`  (
  `attr_id` int(10) UNSIGNED NOT NULL AUTO_INCREMENT COMMENT '商品属性ID',
  `attr_name` varchar(255) CHARACTER SET utf8 COLLATE utf8_general_ci NOT NULL DEFAULT '' COMMENT '属性名称',
  `is_use` tinyint(1) NOT NULL DEFAULT 1 COMMENT '是否使用',
  `spec_id_array` varchar(255) CHARACTER SET utf8 COLLATE utf8_general_ci NOT NULL DEFAULT '' COMMENT '关联规格',
  `sort` int(11) NULL DEFAULT NULL,
  `create_time` int(11) NULL DEFAULT 0 COMMENT '创建时间',
  `modify_time` int(11) NULL DEFAULT 0 COMMENT '修改时间',
  PRIMARY KEY (`attr_id`) USING BTREE
) ENGINE = InnoDB AUTO_INCREMENT = 9 AVG_ROW_LENGTH = 16384 CHARACTER SET = utf8 COLLATE = utf8_general_ci COMMENT = '商品相关属性' ROW_FORMAT = Compact;

-- ----------------------------
-- Records of ns_attribute
-- ----------------------------
INSERT INTO `ns_attribute` VALUES (2, '手机', 1, '13,38,31,33,40,43,39,28,35,37,55,56,57', 1, 1501828437, 1507777283);
INSERT INTO `ns_attribute` VALUES (3, 'qqqq', 1, '32,46,50', 0, 1502099271, 1504089378);
INSERT INTO `ns_attribute` VALUES (4, '测试', 1, '51,49,48,32,34,11', 0, 1506406878, 1507513932);
INSERT INTO `ns_attribute` VALUES (5, '测试', 1, '26,40,15', 0, 1506485272, 0);
INSERT INTO `ns_attribute` VALUES (7, '11', 1, '', 0, 1509517337, 0);
INSERT INTO `ns_attribute` VALUES (8, '1', 1, '', 0, 1509517509, 0);

-- ----------------------------
-- Table structure for ns_attribute_value
-- ----------------------------
DROP TABLE IF EXISTS `ns_attribute_value`;
CREATE TABLE `ns_attribute_value`  (
  `attr_value_id` int(11) UNSIGNED NOT NULL AUTO_INCREMENT COMMENT '属性值ID',
  `attr_value_name` varchar(50) CHARACTER SET utf8 COLLATE utf8_general_ci NOT NULL DEFAULT '' COMMENT '属性值名称',
  `attr_id` int(11) NOT NULL COMMENT '属性ID',
  `value` varchar(1000) CHARACTER SET utf8 COLLATE utf8_general_ci NOT NULL DEFAULT '' COMMENT '属性对应相关数据',
  `type` int(11) NOT NULL DEFAULT 1 COMMENT '属性对应输入类型1.直接2.单选3.多选',
  `sort` int(11) NOT NULL DEFAULT 1999 COMMENT '排序号',
  `is_search` tinyint(1) NOT NULL DEFAULT 1 COMMENT '是否使用',
  PRIMARY KEY (`attr_value_id`) USING BTREE
) ENGINE = InnoDB AUTO_INCREMENT = 19 AVG_ROW_LENGTH = 4096 CHARACTER SET = utf8 COLLATE = utf8_general_ci COMMENT = '商品属性值' ROW_FORMAT = Compact;

-- ----------------------------
-- Records of ns_attribute_value
-- ----------------------------
INSERT INTO `ns_attribute_value` VALUES (2, '内存', 2, '21,22', 2, 1, 1);
INSERT INTO `ns_attribute_value` VALUES (4, 'www', 3, '', 1, 0, 1);
INSERT INTO `ns_attribute_value` VALUES (5, 'www', 3, 'q,w,1,2', 2, 0, 1);
INSERT INTO `ns_attribute_value` VALUES (6, 'weqe', 3, 'qq,we', 2, 0, 1);
INSERT INTO `ns_attribute_value` VALUES (7, '网络', 2, '3g,4g', 3, 2, 1);
INSERT INTO `ns_attribute_value` VALUES (8, '输入框1', 2, '', 1, 3, 1);
INSERT INTO `ns_attribute_value` VALUES (9, '内存', 4, '3g,4g,8g', 2, 0, 1);
INSERT INTO `ns_attribute_value` VALUES (10, '颜色', 4, '白色,金色,银色', 2, 1, 1);
INSERT INTO `ns_attribute_value` VALUES (11, '尺寸', 4, '5.0寸,5.5寸,6.1寸,6.4寸', 2, 0, 1);
INSERT INTO `ns_attribute_value` VALUES (12, '年份', 4, '16年,17年,15年', 2, 0, 1);
INSERT INTO `ns_attribute_value` VALUES (13, '材质', 5, '金属,合金,树脂纤维', 3, 0, 1);
INSERT INTO `ns_attribute_value` VALUES (14, '描述', 4, '', 1, 0, 1);
INSERT INTO `ns_attribute_value` VALUES (16, '测试', 2, '2222,1111,3333', 2, 4, 1);
INSERT INTO `ns_attribute_value` VALUES (17, '11', 7, '11', 3, 1, 1);
INSERT INTO `ns_attribute_value` VALUES (18, '1', 8, '', 1, 1, 1);

-- ----------------------------
-- Table structure for ns_cart
-- ----------------------------
DROP TABLE IF EXISTS `ns_cart`;
CREATE TABLE `ns_cart`  (
  `cart_id` int(11) NOT NULL AUTO_INCREMENT COMMENT '购物车id',
  `buyer_id` int(11) NOT NULL DEFAULT 0 COMMENT '买家id',
  `shop_id` int(11) NOT NULL DEFAULT 0 COMMENT '店铺id',
  `shop_name` varchar(100) CHARACTER SET utf8 COLLATE utf8_general_ci NOT NULL DEFAULT '' COMMENT '店铺名称',
  `goods_id` int(11) NOT NULL DEFAULT 0 COMMENT '商品id',
  `goods_name` varchar(200) CHARACTER SET utf8 COLLATE utf8_general_ci NOT NULL COMMENT '商品名称',
  `sku_id` int(11) NOT NULL DEFAULT 0 COMMENT '商品的skuid',
  `sku_name` varchar(200) CHARACTER SET utf8 COLLATE utf8_general_ci NOT NULL DEFAULT '' COMMENT '商品的sku名称',
  `price` decimal(10, 2) NOT NULL DEFAULT 0.00 COMMENT '商品价格',
  `num` smallint(5) NOT NULL DEFAULT 1 COMMENT '购买商品数量',
  `goods_picture` int(11) NOT NULL DEFAULT 0 COMMENT '商品图片',
  `bl_id` mediumint(8) NOT NULL DEFAULT 0 COMMENT '组合套装ID',
  PRIMARY KEY (`cart_id`) USING BTREE,
  INDEX `member_id`(`buyer_id`) USING BTREE
) ENGINE = InnoDB AUTO_INCREMENT = 251 AVG_ROW_LENGTH = 1170 CHARACTER SET = utf8 COLLATE = utf8_general_ci COMMENT = '购物车表' ROW_FORMAT = Compact;

-- ----------------------------
-- Records of ns_cart
-- ----------------------------
INSERT INTO `ns_cart` VALUES (224, 58, 0, 'DOAEZ官方商城', 17, '测试商品11', 65, '', 10.00, 1, 259, 0);
INSERT INTO `ns_cart` VALUES (225, 58, 0, 'DOAEZ官方商城', 93, 'aaa', 417, '', 0.00, 1, 326, 0);
INSERT INTO `ns_cart` VALUES (226, 58, 0, 'DOAEZ官方商城', 96, '撒旦', 422, '', 23.00, 1, 357, 0);
INSERT INTO `ns_cart` VALUES (232, 59, 0, 'DOAEZ官方商城', 93, 'aaa', 417, '', 0.00, 1, 326, 0);
INSERT INTO `ns_cart` VALUES (234, 59, 0, 'DOAEZ官方商城', 98, 'aaaaa', 428, '路飞 ', 29.00, 1, 354, 0);
INSERT INTO `ns_cart` VALUES (235, 59, 0, 'DOAEZ官方商城', 98, 'aaaaa', 429, 'fg  ', 25.00, 1, 354, 0);
INSERT INTO `ns_cart` VALUES (250, 1, 0, 'DOAEZ官方商城', 52, 'FANSILANEN喇叭袖V领条纹修身裙子夏连衣裙衬衫裙中长款高腰a字裙-副本', 361, '88 44 测试 ', 0.01, 10, 467, 0);

-- ----------------------------
-- Table structure for ns_click_fabulous
-- ----------------------------
DROP TABLE IF EXISTS `ns_click_fabulous`;
CREATE TABLE `ns_click_fabulous`  (
  `id` int(10) UNSIGNED NOT NULL AUTO_INCREMENT COMMENT '主键id',
  `uid` int(11) NOT NULL COMMENT '用户id',
  `shop_id` int(11) NOT NULL COMMENT '店铺id',
  `goods_id` int(11) NOT NULL COMMENT '商品id',
  `create_time` int(11) NULL DEFAULT 0 COMMENT '点赞时间',
  `status` int(11) NOT NULL DEFAULT 0 COMMENT '点赞状态 0 未点赞 1 点赞',
  `number` decimal(10, 2) NOT NULL DEFAULT 0.00 COMMENT '数量',
  PRIMARY KEY (`id`) USING BTREE
) ENGINE = InnoDB AUTO_INCREMENT = 88 AVG_ROW_LENGTH = 192 CHARACTER SET = utf8 COLLATE = utf8_general_ci COMMENT = '商品点赞记录表' ROW_FORMAT = Compact;

-- ----------------------------
-- Records of ns_click_fabulous
-- ----------------------------
INSERT INTO `ns_click_fabulous` VALUES (1, 1, 0, 3, 1502418131, 1, 5.00);
INSERT INTO `ns_click_fabulous` VALUES (2, 1, 0, 1, 1502418228, 1, 5.00);
INSERT INTO `ns_click_fabulous` VALUES (3, 1, 0, 49, 1502419450, 1, 5.00);
INSERT INTO `ns_click_fabulous` VALUES (4, 87, 0, 14, 1502761487, 1, 4.00);
INSERT INTO `ns_click_fabulous` VALUES (5, 1, 0, 57, 1502778387, 1, 4.00);
INSERT INTO `ns_click_fabulous` VALUES (6, 1, 0, 1, 1503107960, 1, 4.00);
INSERT INTO `ns_click_fabulous` VALUES (7, 1, 0, 54, 1503546611, 1, 4.00);
INSERT INTO `ns_click_fabulous` VALUES (8, 1, 0, 54, 1503546611, 1, 4.00);
INSERT INTO `ns_click_fabulous` VALUES (9, 1, 0, 64, 1503547025, 1, 4.00);
INSERT INTO `ns_click_fabulous` VALUES (10, 1, 0, 52, 1503547088, 1, 4.00);
INSERT INTO `ns_click_fabulous` VALUES (11, 1, 0, 51, 1503547117, 1, 4.00);
INSERT INTO `ns_click_fabulous` VALUES (12, 1, 0, 47, 1503547187, 1, 4.00);
INSERT INTO `ns_click_fabulous` VALUES (13, 1, 0, 47, 1503547189, 1, 4.00);
INSERT INTO `ns_click_fabulous` VALUES (14, 1, 0, 47, 1503547189, 1, 4.00);
INSERT INTO `ns_click_fabulous` VALUES (15, 1, 0, 47, 1503547189, 1, 4.00);
INSERT INTO `ns_click_fabulous` VALUES (16, 1, 0, 47, 1503547190, 1, 4.00);
INSERT INTO `ns_click_fabulous` VALUES (17, 1, 0, 47, 1503547190, 1, 4.00);
INSERT INTO `ns_click_fabulous` VALUES (18, 1, 0, 47, 1503547191, 1, 4.00);
INSERT INTO `ns_click_fabulous` VALUES (19, 1, 0, 47, 1503547191, 1, 4.00);
INSERT INTO `ns_click_fabulous` VALUES (20, 1, 0, 47, 1503547194, 1, 4.00);
INSERT INTO `ns_click_fabulous` VALUES (21, 1, 0, 47, 1503547195, 1, 4.00);
INSERT INTO `ns_click_fabulous` VALUES (22, 1, 0, 47, 1503547195, 1, 4.00);
INSERT INTO `ns_click_fabulous` VALUES (23, 20, 0, 3, 1503565403, 1, 4.00);
INSERT INTO `ns_click_fabulous` VALUES (24, 1, 0, 12, 1503741309, 1, 4.00);
INSERT INTO `ns_click_fabulous` VALUES (25, 1, 0, 12, 1503741311, 1, 4.00);
INSERT INTO `ns_click_fabulous` VALUES (26, 1, 0, 1, 1503973715, 1, 4.00);
INSERT INTO `ns_click_fabulous` VALUES (27, 1, 0, 3, 1503973770, 1, 4.00);
INSERT INTO `ns_click_fabulous` VALUES (28, 1, 0, 8, 1503973813, 1, 4.00);
INSERT INTO `ns_click_fabulous` VALUES (29, 1, 0, 10, 1503973849, 1, 4.00);
INSERT INTO `ns_click_fabulous` VALUES (30, 1, 0, 46, 1503973873, 1, 4.00);
INSERT INTO `ns_click_fabulous` VALUES (31, 1, 0, 7, 1503992092, 1, 4.00);
INSERT INTO `ns_click_fabulous` VALUES (32, 1, 0, 7, 1503992095, 1, 4.00);
INSERT INTO `ns_click_fabulous` VALUES (33, 1, 0, 7, 1503992096, 1, 4.00);
INSERT INTO `ns_click_fabulous` VALUES (34, 1, 0, 65, 1504764830, 1, 4.00);
INSERT INTO `ns_click_fabulous` VALUES (35, 1, 0, 65, 1504764832, 1, 4.00);
INSERT INTO `ns_click_fabulous` VALUES (36, 1, 0, 68, 1504765137, 1, 4.00);
INSERT INTO `ns_click_fabulous` VALUES (37, 1, 0, 3, 1504765373, 1, 4.00);
INSERT INTO `ns_click_fabulous` VALUES (38, 1, 0, 69, 1505465169, 1, 4.00);
INSERT INTO `ns_click_fabulous` VALUES (39, 1, 0, 70, 1505472163, 1, 4.00);
INSERT INTO `ns_click_fabulous` VALUES (40, 1, 0, 3, 1506482741, 1, 4.00);
INSERT INTO `ns_click_fabulous` VALUES (41, 1, 0, 3, 1506482742, 1, 4.00);
INSERT INTO `ns_click_fabulous` VALUES (42, 1, 0, 3, 1506482743, 1, 4.00);
INSERT INTO `ns_click_fabulous` VALUES (43, 1, 0, 3, 1506482743, 1, 4.00);
INSERT INTO `ns_click_fabulous` VALUES (44, 1, 0, 3, 1506482743, 1, 4.00);
INSERT INTO `ns_click_fabulous` VALUES (45, 0, 0, 72, 1506482707, 1, 4.00);
INSERT INTO `ns_click_fabulous` VALUES (46, 1, 0, 72, 1506482729, 1, 4.00);
INSERT INTO `ns_click_fabulous` VALUES (47, 1, 0, 72, 1506482730, 1, 4.00);
INSERT INTO `ns_click_fabulous` VALUES (48, 1, 0, 78, 1506482762, 1, 4.00);
INSERT INTO `ns_click_fabulous` VALUES (49, 1, 0, 78, 1506482764, 1, 4.00);
INSERT INTO `ns_click_fabulous` VALUES (50, 1, 0, 78, 1506482765, 1, 4.00);
INSERT INTO `ns_click_fabulous` VALUES (51, 1, 0, 78, 1506482766, 1, 4.00);
INSERT INTO `ns_click_fabulous` VALUES (52, 1, 0, 78, 1506482767, 1, 4.00);
INSERT INTO `ns_click_fabulous` VALUES (53, 1, 0, 78, 1506482767, 1, 4.00);
INSERT INTO `ns_click_fabulous` VALUES (54, 1, 0, 78, 1506482768, 1, 4.00);
INSERT INTO `ns_click_fabulous` VALUES (55, 1, 0, 78, 1506482768, 1, 4.00);
INSERT INTO `ns_click_fabulous` VALUES (56, 1, 0, 78, 1506482768, 1, 4.00);
INSERT INTO `ns_click_fabulous` VALUES (57, 1, 0, 78, 1506482769, 1, 4.00);
INSERT INTO `ns_click_fabulous` VALUES (58, 1, 0, 78, 1506482769, 1, 4.00);
INSERT INTO `ns_click_fabulous` VALUES (59, 1, 0, 78, 1506482769, 1, 4.00);
INSERT INTO `ns_click_fabulous` VALUES (60, 1, 0, 78, 1506482770, 1, 4.00);
INSERT INTO `ns_click_fabulous` VALUES (61, 1, 0, 78, 1506482770, 1, 4.00);
INSERT INTO `ns_click_fabulous` VALUES (62, 1, 0, 78, 1506482770, 1, 4.00);
INSERT INTO `ns_click_fabulous` VALUES (63, 1, 0, 78, 1506482771, 1, 4.00);
INSERT INTO `ns_click_fabulous` VALUES (64, 1, 0, 78, 1506482771, 1, 4.00);
INSERT INTO `ns_click_fabulous` VALUES (65, 1, 0, 78, 1506482771, 1, 4.00);
INSERT INTO `ns_click_fabulous` VALUES (66, 1, 0, 78, 1506482772, 1, 4.00);
INSERT INTO `ns_click_fabulous` VALUES (67, 1, 0, 78, 1506482772, 1, 4.00);
INSERT INTO `ns_click_fabulous` VALUES (68, 1, 0, 78, 1506482772, 1, 4.00);
INSERT INTO `ns_click_fabulous` VALUES (69, 1, 0, 78, 1506482773, 1, 4.00);
INSERT INTO `ns_click_fabulous` VALUES (70, 1, 0, 78, 1506482773, 1, 4.00);
INSERT INTO `ns_click_fabulous` VALUES (71, 1, 0, 78, 1506482773, 1, 4.00);
INSERT INTO `ns_click_fabulous` VALUES (72, 1, 0, 78, 1506482773, 1, 4.00);
INSERT INTO `ns_click_fabulous` VALUES (73, 1, 0, 78, 1506482774, 1, 4.00);
INSERT INTO `ns_click_fabulous` VALUES (74, 1, 0, 14, 1506483065, 1, 4.00);
INSERT INTO `ns_click_fabulous` VALUES (75, 1, 0, 14, 1506483066, 1, 4.00);
INSERT INTO `ns_click_fabulous` VALUES (76, 1, 0, 14, 1506483066, 1, 4.00);
INSERT INTO `ns_click_fabulous` VALUES (77, 1, 0, 65, 1506483117, 1, 4.00);
INSERT INTO `ns_click_fabulous` VALUES (78, 1, 0, 69, 1506483150, 1, 4.00);
INSERT INTO `ns_click_fabulous` VALUES (79, 1, 0, 17, 1506580851, 1, 4.00);
INSERT INTO `ns_click_fabulous` VALUES (80, 1, 0, 69, 1506668704, 1, 4.00);
INSERT INTO `ns_click_fabulous` VALUES (81, 0, 0, 78, 1506673238, 1, 4.00);
INSERT INTO `ns_click_fabulous` VALUES (82, 0, 0, 78, 1506673251, 1, 4.00);
INSERT INTO `ns_click_fabulous` VALUES (83, 0, 0, 78, 1506673261, 1, 4.00);
INSERT INTO `ns_click_fabulous` VALUES (84, 1, 0, 1, 1506675370, 1, 4.00);
INSERT INTO `ns_click_fabulous` VALUES (85, 1, 0, 72, 1506675448, 1, 4.00);
INSERT INTO `ns_click_fabulous` VALUES (86, 1, 0, 92, 1507537459, 1, 4.00);
INSERT INTO `ns_click_fabulous` VALUES (87, 1, 0, 1, 1507606142, 1, 4.00);

-- ----------------------------
-- Table structure for ns_consult
-- ----------------------------
DROP TABLE IF EXISTS `ns_consult`;
CREATE TABLE `ns_consult`  (
  `consult_id` int(10) UNSIGNED NOT NULL AUTO_INCREMENT COMMENT '咨询编号',
  `goods_id` int(11) UNSIGNED NULL DEFAULT 0 COMMENT '商品编号',
  `goods_name` varchar(100) CHARACTER SET utf8 COLLATE utf8_general_ci NOT NULL COMMENT '商品名称',
  `uid` int(11) NOT NULL DEFAULT 0 COMMENT '咨询发布者会员编号(0：游客)',
  `member_name` varchar(100) CHARACTER SET utf8 COLLATE utf8_general_ci NOT NULL DEFAULT '' COMMENT '会员名称',
  `shop_id` int(11) UNSIGNED NOT NULL DEFAULT 0 COMMENT '店铺编号',
  `shop_name` varchar(50) CHARACTER SET utf8 COLLATE utf8_general_ci NOT NULL COMMENT '店铺名称',
  `ct_id` int(10) UNSIGNED NOT NULL COMMENT '咨询类型',
  `consult_content` varchar(255) CHARACTER SET utf8 COLLATE utf8_general_ci NOT NULL DEFAULT '' COMMENT '咨询内容',
  `consult_reply` varchar(255) CHARACTER SET utf8 COLLATE utf8_general_ci NOT NULL DEFAULT '' COMMENT '咨询回复内容',
  `isanonymous` tinyint(1) NOT NULL DEFAULT 0 COMMENT '0表示不匿名 1表示匿名',
  `consult_addtime` int(11) NULL DEFAULT 0 COMMENT '咨询发布时间',
  `consult_reply_time` int(11) NULL DEFAULT 0 COMMENT '咨询回复时间',
  PRIMARY KEY (`consult_id`) USING BTREE
) ENGINE = InnoDB AUTO_INCREMENT = 4 AVG_ROW_LENGTH = 1638 CHARACTER SET = utf8 COLLATE = utf8_general_ci COMMENT = '咨询类型表' ROW_FORMAT = Compact;

-- ----------------------------
-- Records of ns_consult
-- ----------------------------
INSERT INTO `ns_consult` VALUES (3, 96, '撒旦', 59, 'zkf', 0, '', 1, 'erfadsdsd', '', 0, 1507538069, 0);

-- ----------------------------
-- Table structure for ns_consult_type
-- ----------------------------
DROP TABLE IF EXISTS `ns_consult_type`;
CREATE TABLE `ns_consult_type`  (
  `ct_id` int(10) UNSIGNED NOT NULL AUTO_INCREMENT COMMENT '咨询类型id',
  `ct_name` varchar(50) CHARACTER SET utf8 COLLATE utf8_general_ci NOT NULL DEFAULT '' COMMENT '咨询类型名称',
  `ct_introduce` text CHARACTER SET utf8 COLLATE utf8_general_ci NOT NULL COMMENT '咨询类型详细介绍',
  `ct_sort` int(11) NULL DEFAULT NULL,
  PRIMARY KEY (`ct_id`) USING BTREE
) ENGINE = InnoDB AUTO_INCREMENT = 1 AVG_ROW_LENGTH = 8192 CHARACTER SET = utf8 COLLATE = utf8_general_ci COMMENT = '咨询类型表' ROW_FORMAT = Compact;

-- ----------------------------
-- Table structure for ns_coupon
-- ----------------------------
DROP TABLE IF EXISTS `ns_coupon`;
CREATE TABLE `ns_coupon`  (
  `coupon_id` int(11) NOT NULL AUTO_INCREMENT COMMENT '优惠券id',
  `coupon_type_id` int(11) NOT NULL COMMENT '优惠券类型id',
  `shop_id` int(11) NOT NULL COMMENT '店铺Id',
  `coupon_code` varchar(255) CHARACTER SET utf8 COLLATE utf8_general_ci NOT NULL DEFAULT '' COMMENT '优惠券编码',
  `uid` int(11) NOT NULL DEFAULT 0 COMMENT '领用人',
  `use_order_id` int(11) NOT NULL DEFAULT 0 COMMENT '优惠券使用订单id',
  `create_order_id` int(11) NOT NULL DEFAULT 0 COMMENT '创建订单id(优惠券只有是完成订单发放的优惠券时才有值)',
  `money` decimal(10, 2) NOT NULL COMMENT '面额',
  `state` tinyint(4) NOT NULL DEFAULT 0 COMMENT '优惠券状态 0未领用 1已领用（未使用） 2已使用 3已过期',
  `get_type` int(11) NOT NULL DEFAULT 0 COMMENT '获取方式1订单2.首页领取',
  `fetch_time` int(11) NULL DEFAULT 0 COMMENT '领取时间',
  `use_time` int(11) NULL DEFAULT 0 COMMENT '使用时间',
  `start_time` int(11) NULL DEFAULT 0 COMMENT '有效期开始时间',
  `end_time` int(11) NULL DEFAULT 0 COMMENT '有效期结束时间',
  PRIMARY KEY (`coupon_id`) USING BTREE
) ENGINE = InnoDB AUTO_INCREMENT = 237 AVG_ROW_LENGTH = 148 CHARACTER SET = utf8 COLLATE = utf8_general_ci COMMENT = '优惠券表' ROW_FORMAT = Compact;

-- ----------------------------
-- Records of ns_coupon
-- ----------------------------
INSERT INTO `ns_coupon` VALUES (207, 24, 0, '1502866842243', 1, 0, 0, 1.00, 3, 2, 1502933914, 0, 1502866833, 1503644435);
INSERT INTO `ns_coupon` VALUES (208, 25, 0, '1502866902979', 1, 0, 0, 2.00, 3, 2, 1502933916, 0, 1502866895, 1503730897);
INSERT INTO `ns_coupon` VALUES (209, 25, 0, '1502866902697', 1, 0, 0, 2.00, 3, 2, 1503313151, 0, 1502866895, 1503730897);
INSERT INTO `ns_coupon` VALUES (210, 26, 0, '1502866932215', 1, 0, 0, 9.00, 3, 2, 1502933917, 0, 1502866925, 1503990129);
INSERT INTO `ns_coupon` VALUES (211, 26, 0, '1502866932470', 1, 0, 0, 9.00, 3, 2, 1503313007, 0, 1502866925, 1503990129);
INSERT INTO `ns_coupon` VALUES (212, 26, 0, '1502866932650', 1, 0, 0, 9.00, 3, 2, 1503313347, 0, 1502866925, 1503990129);
INSERT INTO `ns_coupon` VALUES (213, 27, 0, '1503979107280', 1, 0, 0, 5.00, 3, 3, 1503979178, 0, 1503979101, 1504065503);
INSERT INTO `ns_coupon` VALUES (214, 28, 0, '1503979133685', 1, 0, 0, 15.00, 3, 2, 1503989373, 0, 1503979129, 1504065531);
INSERT INTO `ns_coupon` VALUES (215, 29, 0, '1503979162250', 1, 0, 0, 105.00, 3, 2, 1503989892, 0, 1503979156, 1506052758);
INSERT INTO `ns_coupon` VALUES (216, 29, 0, '1503988784242', 1, 0, 0, 105.00, 3, 2, 1505551801, 0, 1503979156, 1506052758);
INSERT INTO `ns_coupon` VALUES (217, 27, 0, '1503990424715', 0, 0, 0, 5.00, 3, 0, 0, 0, 1503979101, 1504065503);
INSERT INTO `ns_coupon` VALUES (218, 27, 0, '1503990424522', 0, 0, 0, 5.00, 3, 0, 0, 0, 1503979101, 1504065503);
INSERT INTO `ns_coupon` VALUES (219, 27, 0, '1503990424593', 0, 0, 0, 5.00, 3, 0, 0, 0, 1503979101, 1504065503);
INSERT INTO `ns_coupon` VALUES (220, 27, 0, '1503990424408', 0, 0, 0, 5.00, 3, 0, 0, 0, 1503979101, 1504065503);
INSERT INTO `ns_coupon` VALUES (221, 27, 0, '1503990424799', 0, 0, 0, 5.00, 3, 0, 0, 0, 1503979101, 1504065503);
INSERT INTO `ns_coupon` VALUES (222, 30, 0, '1504232410945', 1, 0, 0, 1.00, 3, 2, 1505300063, 0, 1504232385, 1506046787);
INSERT INTO `ns_coupon` VALUES (223, 29, 0, '1505551067515', 1, 0, 0, 105.00, 3, 2, 1505552044, 0, 1503979156, 1506052758);
INSERT INTO `ns_coupon` VALUES (224, 29, 0, '1505551067262', 1, 0, 0, 105.00, 3, 2, 1505552055, 0, 1503979156, 1506052758);
INSERT INTO `ns_coupon` VALUES (225, 29, 0, '1505551067158', 1, 0, 0, 105.00, 3, 2, 1505552055, 0, 1503979156, 1506052758);
INSERT INTO `ns_coupon` VALUES (226, 29, 0, '1505551067817', 1, 0, 0, 105.00, 3, 2, 1505552059, 0, 1503979156, 1506052758);
INSERT INTO `ns_coupon` VALUES (227, 29, 0, '1505551067419', 1, 0, 0, 105.00, 3, 2, 1505552059, 0, 1503979156, 1506052758);
INSERT INTO `ns_coupon` VALUES (228, 29, 0, '1505551067470', 1, 0, 0, 105.00, 3, 2, 1505552200, 0, 1503979156, 1506052758);
INSERT INTO `ns_coupon` VALUES (229, 29, 0, '1505551067419', 1, 0, 0, 105.00, 3, 2, 1505735554, 0, 1503979156, 1506052758);
INSERT INTO `ns_coupon` VALUES (230, 29, 0, '1505551067357', 1, 0, 0, 105.00, 3, 2, 1505735978, 0, 1503979156, 1506052758);
INSERT INTO `ns_coupon` VALUES (231, 29, 0, '1505551067362', 1, 0, 0, 105.00, 3, 2, 1505735990, 0, 1503979156, 1506052758);
INSERT INTO `ns_coupon` VALUES (232, 29, 0, '1505551067586', 0, 0, 0, 105.00, 3, 0, 0, 0, 1503979156, 1506052758);
INSERT INTO `ns_coupon` VALUES (233, 29, 0, '1505551067427', 0, 0, 0, 105.00, 3, 0, 0, 0, 1503979156, 1506052758);
INSERT INTO `ns_coupon` VALUES (234, 31, 0, '1506495763863', 0, 0, 0, 1.00, 3, 0, 0, 0, 1506495759, 1506668561);
INSERT INTO `ns_coupon` VALUES (235, 30, 0, '1507685985878', 3, 0, 0, 10.00, 3, 3, 1507686013, 0, 1507685928, 1507858730);
INSERT INTO `ns_coupon` VALUES (236, 30, 0, '1507685985501', 0, 0, 0, 10.00, 3, 0, 0, 0, 1507685928, 1507858730);

-- ----------------------------
-- Table structure for ns_coupon_goods
-- ----------------------------
DROP TABLE IF EXISTS `ns_coupon_goods`;
CREATE TABLE `ns_coupon_goods`  (
  `id` int(11) NOT NULL AUTO_INCREMENT,
  `coupon_type_id` int(11) NOT NULL COMMENT '优惠券类型id',
  `goods_id` int(11) NOT NULL COMMENT '商品id',
  PRIMARY KEY (`id`) USING BTREE
) ENGINE = InnoDB AUTO_INCREMENT = 63 AVG_ROW_LENGTH = 606 CHARACTER SET = utf8 COLLATE = utf8_general_ci COMMENT = '优惠券使用商品表' ROW_FORMAT = Compact;

-- ----------------------------
-- Records of ns_coupon_goods
-- ----------------------------
INSERT INTO `ns_coupon_goods` VALUES (3, 4, 10);
INSERT INTO `ns_coupon_goods` VALUES (4, 4, 12);
INSERT INTO `ns_coupon_goods` VALUES (10, 8, 3);
INSERT INTO `ns_coupon_goods` VALUES (11, 8, 14);
INSERT INTO `ns_coupon_goods` VALUES (12, 11, 1);
INSERT INTO `ns_coupon_goods` VALUES (13, 11, 3);
INSERT INTO `ns_coupon_goods` VALUES (14, 11, 7);
INSERT INTO `ns_coupon_goods` VALUES (15, 11, 8);
INSERT INTO `ns_coupon_goods` VALUES (20, 12, 12);
INSERT INTO `ns_coupon_goods` VALUES (21, 12, 13);
INSERT INTO `ns_coupon_goods` VALUES (22, 14, 1);
INSERT INTO `ns_coupon_goods` VALUES (24, 24, 1);
INSERT INTO `ns_coupon_goods` VALUES (25, 25, 3);
INSERT INTO `ns_coupon_goods` VALUES (58, 29, 14);
INSERT INTO `ns_coupon_goods` VALUES (59, 29, 49);
INSERT INTO `ns_coupon_goods` VALUES (60, 29, 65);
INSERT INTO `ns_coupon_goods` VALUES (61, 29, 70);
INSERT INTO `ns_coupon_goods` VALUES (62, 30, 49);

-- ----------------------------
-- Table structure for ns_coupon_type
-- ----------------------------
DROP TABLE IF EXISTS `ns_coupon_type`;
CREATE TABLE `ns_coupon_type`  (
  `coupon_type_id` int(11) NOT NULL AUTO_INCREMENT COMMENT '优惠券类型Id',
  `shop_id` int(11) NOT NULL DEFAULT 1 COMMENT '店铺ID',
  `coupon_name` varchar(50) CHARACTER SET utf8 COLLATE utf8_general_ci NOT NULL DEFAULT '' COMMENT '优惠券名称',
  `money` decimal(10, 2) NOT NULL COMMENT '发放面额',
  `count` int(11) NOT NULL COMMENT '发放数量',
  `max_fetch` int(11) NOT NULL DEFAULT 0 COMMENT '每人最大领取个数 0无限制',
  `at_least` decimal(10, 2) NOT NULL DEFAULT 0.00 COMMENT '满多少元使用 0代表无限制',
  `need_user_level` tinyint(4) NOT NULL DEFAULT 0 COMMENT '领取人会员等级',
  `range_type` tinyint(4) NOT NULL DEFAULT 1 COMMENT '使用范围0部分产品使用 1全场产品使用',
  `is_show` int(11) NOT NULL DEFAULT 0 COMMENT '是否允许首页显示0不显示1显示',
  `start_time` int(11) NULL DEFAULT 0 COMMENT '有效日期开始时间',
  `end_time` int(11) NULL DEFAULT 0 COMMENT '有效日期结束时间',
  `create_time` int(11) NULL DEFAULT 0 COMMENT '创建时间',
  `update_time` int(11) NULL DEFAULT 0 COMMENT '修改时间',
  PRIMARY KEY (`coupon_type_id`) USING BTREE
) ENGINE = InnoDB AUTO_INCREMENT = 31 AVG_ROW_LENGTH = 1365 CHARACTER SET = utf8 COLLATE = utf8_general_ci COMMENT = '优惠券类型表' ROW_FORMAT = Compact;

-- ----------------------------
-- Records of ns_coupon_type
-- ----------------------------
INSERT INTO `ns_coupon_type` VALUES (28, 0, '优惠劵二', 15.00, 1, 1, 20.00, 0, 1, 1, 1503979129, 1504065531, 0, 0);
INSERT INTO `ns_coupon_type` VALUES (29, 0, '优惠劵三', 105.00, 13, 11, 110.00, 0, 0, 1, 1503979156, 1506052758, 0, 0);
INSERT INTO `ns_coupon_type` VALUES (30, 0, '测试优惠劵', 10.00, 2, 1, 5.00, 0, 0, 1, 1507685928, 1507858730, 0, 0);

-- ----------------------------
-- Table structure for ns_express_company
-- ----------------------------
DROP TABLE IF EXISTS `ns_express_company`;
CREATE TABLE `ns_express_company`  (
  `co_id` int(11) NOT NULL AUTO_INCREMENT COMMENT '表序号',
  `shop_id` int(11) NOT NULL COMMENT '商铺id',
  `company_name` varchar(50) CHARACTER SET utf8 COLLATE utf8_general_ci NOT NULL DEFAULT '' COMMENT '物流公司名称',
  `express_no` varchar(20) CHARACTER SET utf8 COLLATE utf8_general_ci NOT NULL DEFAULT '' COMMENT '物流编号',
  `is_enabled` int(11) NOT NULL DEFAULT 1 COMMENT '使用状态',
  `image` varchar(255) CHARACTER SET utf8 COLLATE utf8_general_ci NULL DEFAULT '' COMMENT '物流公司模版图片',
  `phone` varchar(50) CHARACTER SET utf8 COLLATE utf8_general_ci NOT NULL DEFAULT '' COMMENT '联系电话',
  `orders` int(11) NULL DEFAULT NULL,
  `express_logo` varchar(255) CHARACTER SET utf8 COLLATE utf8_general_ci NULL DEFAULT '' COMMENT '公司logo',
  `is_default` int(11) NOT NULL DEFAULT 0 COMMENT '是否设置为默认 0未设置 1 默认',
  PRIMARY KEY (`co_id`) USING BTREE
) ENGINE = InnoDB AUTO_INCREMENT = 17 AVG_ROW_LENGTH = 420 CHARACTER SET = utf8 COLLATE = utf8_general_ci COMMENT = '物流公司' ROW_FORMAT = Compact;

-- ----------------------------
-- Records of ns_express_company
-- ----------------------------
INSERT INTO `ns_express_company` VALUES (8, 0, '百世快递', 'HTKY', 1, '', '', 0, '', 1);
INSERT INTO `ns_express_company` VALUES (10, 0, '11', '', 1, '', '', 0, '', 0);
INSERT INTO `ns_express_company` VALUES (12, 0, '申通快递', 'STO', 1, '', '400-802-5503', 0, '', 0);
INSERT INTO `ns_express_company` VALUES (13, 0, '安能快递', 'ANE', 1, '', '400-820-5535', 0, '', 0);
INSERT INTO `ns_express_company` VALUES (14, 0, '11', '11', 1, '', '', 0, '', 0);
INSERT INTO `ns_express_company` VALUES (15, 0, '1', '3', 1, '', '', 0, '', 0);
INSERT INTO `ns_express_company` VALUES (16, 0, '1', '1', 1, '', '', 0, '', 0);

-- ----------------------------
-- Table structure for ns_express_shipping
-- ----------------------------
DROP TABLE IF EXISTS `ns_express_shipping`;
CREATE TABLE `ns_express_shipping`  (
  `sid` int(11) NOT NULL AUTO_INCREMENT COMMENT '运单模版id',
  `shop_id` int(11) NOT NULL COMMENT '店铺id',
  `template_name` varchar(255) CHARACTER SET utf8 COLLATE utf8_general_ci NOT NULL DEFAULT '' COMMENT '模版名称',
  `co_id` int(11) NOT NULL DEFAULT 0 COMMENT '物流公司 id',
  `size_type` smallint(6) NOT NULL DEFAULT 1 COMMENT '尺寸类型 1像素px  2毫米mm',
  `width` smallint(6) NOT NULL DEFAULT 0 COMMENT '宽度',
  `height` smallint(6) NOT NULL DEFAULT 0 COMMENT '长度',
  `image` varchar(255) CHARACTER SET utf8 COLLATE utf8_general_ci NOT NULL DEFAULT '' COMMENT '快递单图片',
  PRIMARY KEY (`sid`) USING BTREE,
  INDEX `IDX_express_shipping_co_id`(`co_id`) USING BTREE,
  INDEX `IDX_express_shipping_shopId`(`shop_id`) USING BTREE
) ENGINE = InnoDB AUTO_INCREMENT = 19 AVG_ROW_LENGTH = 5461 CHARACTER SET = utf8 COLLATE = utf8_general_ci COMMENT = '运单模板' ROW_FORMAT = Compact;

-- ----------------------------
-- Records of ns_express_shipping
-- ----------------------------
INSERT INTO `ns_express_shipping` VALUES (1, 0, '申通', 1, 1, 869, 480, '');
INSERT INTO `ns_express_shipping` VALUES (2, 0, '小学生物流', 2, 1, 0, 0, '');
INSERT INTO `ns_express_shipping` VALUES (3, 0, 'ces', 3, 1, 0, 0, '');
INSERT INTO `ns_express_shipping` VALUES (4, 0, 'cesaaa', 4, 1, 0, 0, '');
INSERT INTO `ns_express_shipping` VALUES (5, 0, 'bgt1', 5, 1, 0, 0, '');
INSERT INTO `ns_express_shipping` VALUES (6, 0, 'gfd', 6, 1, 0, 0, '');
INSERT INTO `ns_express_shipping` VALUES (7, 0, '韵达快递', 5, 1, 0, 0, '');
INSERT INTO `ns_express_shipping` VALUES (8, 0, '222', 6, 1, 0, 0, '');
INSERT INTO `ns_express_shipping` VALUES (9, 0, '333', 7, 1, 0, 0, '');
INSERT INTO `ns_express_shipping` VALUES (10, 0, '111', 8, 1, 869, 480, 'http://ouo5ro5lf.bkt.clouddn.com/upload/express/1503044932.jpg');
INSERT INTO `ns_express_shipping` VALUES (11, 0, '测试', 9, 1, 0, 0, '');
INSERT INTO `ns_express_shipping` VALUES (12, 0, '11', 10, 1, 0, 0, '');
INSERT INTO `ns_express_shipping` VALUES (13, 0, '121', 11, 1, 0, 0, '');
INSERT INTO `ns_express_shipping` VALUES (14, 0, '申通快递', 12, 1, 0, 0, '');
INSERT INTO `ns_express_shipping` VALUES (15, 0, '安能快递', 13, 1, 0, 0, '');
INSERT INTO `ns_express_shipping` VALUES (16, 0, '11', 14, 1, 0, 0, '');
INSERT INTO `ns_express_shipping` VALUES (17, 0, '1', 15, 1, 0, 0, '');
INSERT INTO `ns_express_shipping` VALUES (18, 0, '1', 16, 1, 0, 0, '');

-- ----------------------------
-- Table structure for ns_express_shipping_items
-- ----------------------------
DROP TABLE IF EXISTS `ns_express_shipping_items`;
CREATE TABLE `ns_express_shipping_items`  (
  `sid` int(11) NOT NULL DEFAULT 0 COMMENT '运单模版id',
  `field_name` varchar(30) CHARACTER SET utf8 COLLATE utf8_general_ci NOT NULL COMMENT '字段名称',
  `field_display_name` varchar(255) CHARACTER SET utf8 COLLATE utf8_general_ci NOT NULL COMMENT '打印项名称',
  `is_print` tinyint(4) NOT NULL DEFAULT 1 COMMENT '是否打印',
  `x` int(11) NOT NULL DEFAULT 0 COMMENT 'x',
  `y` int(11) NOT NULL DEFAULT 0 COMMENT 'y',
  PRIMARY KEY (`sid`, `field_name`) USING BTREE
) ENGINE = InnoDB AVG_ROW_LENGTH = 420 CHARACTER SET = utf8 COLLATE = utf8_general_ci COMMENT = '物流模板打印项' ROW_FORMAT = Compact;

-- ----------------------------
-- Records of ns_express_shipping_items
-- ----------------------------
INSERT INTO `ns_express_shipping_items` VALUES (1, 'A1', '订单编号', 1, 10, 12);
INSERT INTO `ns_express_shipping_items` VALUES (1, 'A10', '收件人邮编', 1, 10, 87);
INSERT INTO `ns_express_shipping_items` VALUES (1, 'A11', '货到付款物流编号', 1, 10, 287);
INSERT INTO `ns_express_shipping_items` VALUES (1, 'A12', '代收金额', 1, 10, 187);
INSERT INTO `ns_express_shipping_items` VALUES (1, 'A13', '备注', 1, 10, 312);
INSERT INTO `ns_express_shipping_items` VALUES (1, 'A2', '发件人公司', 1, 10, 37);
INSERT INTO `ns_express_shipping_items` VALUES (1, 'A3', '发件人地址', 1, 10, 137);
INSERT INTO `ns_express_shipping_items` VALUES (1, 'A4', '发件人姓名', 1, 10, 112);
INSERT INTO `ns_express_shipping_items` VALUES (1, 'A5', '发件人电话', 1, 10, 212);
INSERT INTO `ns_express_shipping_items` VALUES (1, 'A6', '发件人邮编', 1, 10, 237);
INSERT INTO `ns_express_shipping_items` VALUES (1, 'A7', '收件人地址', 1, 10, 262);
INSERT INTO `ns_express_shipping_items` VALUES (1, 'A8', '收件人姓名', 1, 10, 62);
INSERT INTO `ns_express_shipping_items` VALUES (1, 'A9', '收件人电话', 1, 10, 162);
INSERT INTO `ns_express_shipping_items` VALUES (2, 'A1', '订单编号', 1, 10, 11);
INSERT INTO `ns_express_shipping_items` VALUES (2, 'A10', '收件人邮编', 1, 10, 86);
INSERT INTO `ns_express_shipping_items` VALUES (2, 'A11', '货到付款物流编号', 1, 10, 286);
INSERT INTO `ns_express_shipping_items` VALUES (2, 'A12', '代收金额', 1, 10, 186);
INSERT INTO `ns_express_shipping_items` VALUES (2, 'A13', '备注', 1, 10, 311);
INSERT INTO `ns_express_shipping_items` VALUES (2, 'A2', '发件人公司', 1, 10, 36);
INSERT INTO `ns_express_shipping_items` VALUES (2, 'A3', '发件人地址', 1, 10, 136);
INSERT INTO `ns_express_shipping_items` VALUES (2, 'A4', '发件人姓名', 1, 10, 111);
INSERT INTO `ns_express_shipping_items` VALUES (2, 'A5', '发件人电话', 1, 10, 211);
INSERT INTO `ns_express_shipping_items` VALUES (2, 'A6', '发件人邮编', 1, 10, 236);
INSERT INTO `ns_express_shipping_items` VALUES (2, 'A7', '收件人地址', 1, 10, 261);
INSERT INTO `ns_express_shipping_items` VALUES (2, 'A8', '收件人姓名', 1, 10, 61);
INSERT INTO `ns_express_shipping_items` VALUES (2, 'A9', '收件人电话', 1, 10, 161);
INSERT INTO `ns_express_shipping_items` VALUES (3, 'A1', '订单编号', 1, 10, 11);
INSERT INTO `ns_express_shipping_items` VALUES (3, 'A10', '收件人邮编', 1, 10, 86);
INSERT INTO `ns_express_shipping_items` VALUES (3, 'A11', '货到付款物流编号', 1, 10, 286);
INSERT INTO `ns_express_shipping_items` VALUES (3, 'A12', '代收金额', 1, 10, 186);
INSERT INTO `ns_express_shipping_items` VALUES (3, 'A13', '备注', 1, 10, 311);
INSERT INTO `ns_express_shipping_items` VALUES (3, 'A2', '发件人公司', 1, 10, 36);
INSERT INTO `ns_express_shipping_items` VALUES (3, 'A3', '发件人地址', 1, 10, 136);
INSERT INTO `ns_express_shipping_items` VALUES (3, 'A4', '发件人姓名', 1, 10, 111);
INSERT INTO `ns_express_shipping_items` VALUES (3, 'A5', '发件人电话', 1, 10, 211);
INSERT INTO `ns_express_shipping_items` VALUES (3, 'A6', '发件人邮编', 1, 10, 236);
INSERT INTO `ns_express_shipping_items` VALUES (3, 'A7', '收件人地址', 1, 10, 261);
INSERT INTO `ns_express_shipping_items` VALUES (3, 'A8', '收件人姓名', 1, 10, 61);
INSERT INTO `ns_express_shipping_items` VALUES (3, 'A9', '收件人电话', 1, 10, 161);
INSERT INTO `ns_express_shipping_items` VALUES (4, 'A1', '订单编号', 1, 10, 11);
INSERT INTO `ns_express_shipping_items` VALUES (4, 'A10', '收件人邮编', 1, 10, 86);
INSERT INTO `ns_express_shipping_items` VALUES (4, 'A11', '货到付款物流编号', 1, 10, 286);
INSERT INTO `ns_express_shipping_items` VALUES (4, 'A12', '代收金额', 1, 10, 186);
INSERT INTO `ns_express_shipping_items` VALUES (4, 'A13', '备注', 1, 10, 311);
INSERT INTO `ns_express_shipping_items` VALUES (4, 'A2', '发件人公司', 1, 10, 36);
INSERT INTO `ns_express_shipping_items` VALUES (4, 'A3', '发件人地址', 1, 10, 136);
INSERT INTO `ns_express_shipping_items` VALUES (4, 'A4', '发件人姓名', 1, 10, 111);
INSERT INTO `ns_express_shipping_items` VALUES (4, 'A5', '发件人电话', 1, 10, 211);
INSERT INTO `ns_express_shipping_items` VALUES (4, 'A6', '发件人邮编', 1, 10, 236);
INSERT INTO `ns_express_shipping_items` VALUES (4, 'A7', '收件人地址', 1, 10, 261);
INSERT INTO `ns_express_shipping_items` VALUES (4, 'A8', '收件人姓名', 1, 10, 61);
INSERT INTO `ns_express_shipping_items` VALUES (4, 'A9', '收件人电话', 1, 10, 161);
INSERT INTO `ns_express_shipping_items` VALUES (5, 'A1', '订单编号', 1, 10, 11);
INSERT INTO `ns_express_shipping_items` VALUES (5, 'A10', '收件人邮编', 1, 10, 86);
INSERT INTO `ns_express_shipping_items` VALUES (5, 'A11', '货到付款物流编号', 1, 10, 286);
INSERT INTO `ns_express_shipping_items` VALUES (5, 'A12', '代收金额', 1, 10, 186);
INSERT INTO `ns_express_shipping_items` VALUES (5, 'A13', '备注', 1, 10, 311);
INSERT INTO `ns_express_shipping_items` VALUES (5, 'A2', '发件人公司', 1, 10, 36);
INSERT INTO `ns_express_shipping_items` VALUES (5, 'A3', '发件人地址', 1, 10, 136);
INSERT INTO `ns_express_shipping_items` VALUES (5, 'A4', '发件人姓名', 1, 10, 111);
INSERT INTO `ns_express_shipping_items` VALUES (5, 'A5', '发件人电话', 1, 10, 211);
INSERT INTO `ns_express_shipping_items` VALUES (5, 'A6', '发件人邮编', 1, 10, 236);
INSERT INTO `ns_express_shipping_items` VALUES (5, 'A7', '收件人地址', 1, 10, 261);
INSERT INTO `ns_express_shipping_items` VALUES (5, 'A8', '收件人姓名', 1, 10, 61);
INSERT INTO `ns_express_shipping_items` VALUES (5, 'A9', '收件人电话', 1, 10, 161);
INSERT INTO `ns_express_shipping_items` VALUES (6, 'A1', '订单编号', 1, 10, 11);
INSERT INTO `ns_express_shipping_items` VALUES (6, 'A10', '收件人邮编', 1, 10, 86);
INSERT INTO `ns_express_shipping_items` VALUES (6, 'A11', '货到付款物流编号', 1, 10, 286);
INSERT INTO `ns_express_shipping_items` VALUES (6, 'A12', '代收金额', 1, 10, 186);
INSERT INTO `ns_express_shipping_items` VALUES (6, 'A13', '备注', 1, 10, 311);
INSERT INTO `ns_express_shipping_items` VALUES (6, 'A2', '发件人公司', 1, 10, 36);
INSERT INTO `ns_express_shipping_items` VALUES (6, 'A3', '发件人地址', 1, 10, 136);
INSERT INTO `ns_express_shipping_items` VALUES (6, 'A4', '发件人姓名', 1, 10, 111);
INSERT INTO `ns_express_shipping_items` VALUES (6, 'A5', '发件人电话', 1, 10, 211);
INSERT INTO `ns_express_shipping_items` VALUES (6, 'A6', '发件人邮编', 1, 10, 236);
INSERT INTO `ns_express_shipping_items` VALUES (6, 'A7', '收件人地址', 1, 10, 261);
INSERT INTO `ns_express_shipping_items` VALUES (6, 'A8', '收件人姓名', 1, 10, 61);
INSERT INTO `ns_express_shipping_items` VALUES (6, 'A9', '收件人电话', 1, 10, 161);
INSERT INTO `ns_express_shipping_items` VALUES (7, 'A1', '订单编号', 1, 10, 11);
INSERT INTO `ns_express_shipping_items` VALUES (7, 'A10', '收件人邮编', 1, 10, 86);
INSERT INTO `ns_express_shipping_items` VALUES (7, 'A11', '货到付款物流编号', 1, 10, 286);
INSERT INTO `ns_express_shipping_items` VALUES (7, 'A12', '代收金额', 1, 10, 186);
INSERT INTO `ns_express_shipping_items` VALUES (7, 'A13', '备注', 1, 10, 311);
INSERT INTO `ns_express_shipping_items` VALUES (7, 'A2', '发件人公司', 1, 10, 36);
INSERT INTO `ns_express_shipping_items` VALUES (7, 'A3', '发件人地址', 1, 10, 136);
INSERT INTO `ns_express_shipping_items` VALUES (7, 'A4', '发件人姓名', 1, 10, 111);
INSERT INTO `ns_express_shipping_items` VALUES (7, 'A5', '发件人电话', 1, 10, 211);
INSERT INTO `ns_express_shipping_items` VALUES (7, 'A6', '发件人邮编', 1, 10, 236);
INSERT INTO `ns_express_shipping_items` VALUES (7, 'A7', '收件人地址', 1, 10, 261);
INSERT INTO `ns_express_shipping_items` VALUES (7, 'A8', '收件人姓名', 1, 10, 61);
INSERT INTO `ns_express_shipping_items` VALUES (7, 'A9', '收件人电话', 1, 10, 161);
INSERT INTO `ns_express_shipping_items` VALUES (8, 'A1', '订单编号', 1, 10, 11);
INSERT INTO `ns_express_shipping_items` VALUES (8, 'A10', '收件人邮编', 1, 10, 86);
INSERT INTO `ns_express_shipping_items` VALUES (8, 'A11', '货到付款物流编号', 1, 10, 286);
INSERT INTO `ns_express_shipping_items` VALUES (8, 'A12', '代收金额', 1, 10, 186);
INSERT INTO `ns_express_shipping_items` VALUES (8, 'A13', '备注', 1, 10, 311);
INSERT INTO `ns_express_shipping_items` VALUES (8, 'A2', '发件人公司', 1, 10, 36);
INSERT INTO `ns_express_shipping_items` VALUES (8, 'A3', '发件人地址', 1, 10, 136);
INSERT INTO `ns_express_shipping_items` VALUES (8, 'A4', '发件人姓名', 1, 10, 111);
INSERT INTO `ns_express_shipping_items` VALUES (8, 'A5', '发件人电话', 1, 10, 211);
INSERT INTO `ns_express_shipping_items` VALUES (8, 'A6', '发件人邮编', 1, 10, 236);
INSERT INTO `ns_express_shipping_items` VALUES (8, 'A7', '收件人地址', 1, 10, 261);
INSERT INTO `ns_express_shipping_items` VALUES (8, 'A8', '收件人姓名', 1, 10, 61);
INSERT INTO `ns_express_shipping_items` VALUES (8, 'A9', '收件人电话', 1, 10, 161);
INSERT INTO `ns_express_shipping_items` VALUES (9, 'A1', '订单编号', 1, 10, 11);
INSERT INTO `ns_express_shipping_items` VALUES (9, 'A10', '收件人邮编', 1, 10, 86);
INSERT INTO `ns_express_shipping_items` VALUES (9, 'A11', '货到付款物流编号', 1, 10, 286);
INSERT INTO `ns_express_shipping_items` VALUES (9, 'A12', '代收金额', 1, 10, 186);
INSERT INTO `ns_express_shipping_items` VALUES (9, 'A13', '备注', 1, 10, 311);
INSERT INTO `ns_express_shipping_items` VALUES (9, 'A2', '发件人公司', 1, 10, 36);
INSERT INTO `ns_express_shipping_items` VALUES (9, 'A3', '发件人地址', 1, 10, 136);
INSERT INTO `ns_express_shipping_items` VALUES (9, 'A4', '发件人姓名', 1, 10, 111);
INSERT INTO `ns_express_shipping_items` VALUES (9, 'A5', '发件人电话', 1, 10, 211);
INSERT INTO `ns_express_shipping_items` VALUES (9, 'A6', '发件人邮编', 1, 10, 236);
INSERT INTO `ns_express_shipping_items` VALUES (9, 'A7', '收件人地址', 1, 10, 261);
INSERT INTO `ns_express_shipping_items` VALUES (9, 'A8', '收件人姓名', 1, 10, 61);
INSERT INTO `ns_express_shipping_items` VALUES (9, 'A9', '收件人电话', 1, 10, 161);
INSERT INTO `ns_express_shipping_items` VALUES (10, 'A1', '订单编号', 1, 10, 12);
INSERT INTO `ns_express_shipping_items` VALUES (10, 'A10', '收件人邮编', 1, 10, 87);
INSERT INTO `ns_express_shipping_items` VALUES (10, 'A11', '货到付款物流编号', 1, 10, 287);
INSERT INTO `ns_express_shipping_items` VALUES (10, 'A12', '代收金额', 1, 10, 187);
INSERT INTO `ns_express_shipping_items` VALUES (10, 'A13', '备注', 1, 10, 312);
INSERT INTO `ns_express_shipping_items` VALUES (10, 'A2', '发件人公司', 1, 10, 37);
INSERT INTO `ns_express_shipping_items` VALUES (10, 'A3', '发件人地址', 1, 10, 137);
INSERT INTO `ns_express_shipping_items` VALUES (10, 'A4', '发件人姓名', 1, 10, 112);
INSERT INTO `ns_express_shipping_items` VALUES (10, 'A5', '发件人电话', 1, 10, 212);
INSERT INTO `ns_express_shipping_items` VALUES (10, 'A6', '发件人邮编', 1, 10, 237);
INSERT INTO `ns_express_shipping_items` VALUES (10, 'A7', '收件人地址', 1, 10, 262);
INSERT INTO `ns_express_shipping_items` VALUES (10, 'A8', '收件人姓名', 1, 10, 62);
INSERT INTO `ns_express_shipping_items` VALUES (10, 'A9', '收件人电话', 1, 10, 162);
INSERT INTO `ns_express_shipping_items` VALUES (11, 'A1', '订单编号', 1, 10, 11);
INSERT INTO `ns_express_shipping_items` VALUES (11, 'A10', '收件人邮编', 1, 10, 86);
INSERT INTO `ns_express_shipping_items` VALUES (11, 'A11', '货到付款物流编号', 1, 10, 286);
INSERT INTO `ns_express_shipping_items` VALUES (11, 'A12', '代收金额', 1, 10, 186);
INSERT INTO `ns_express_shipping_items` VALUES (11, 'A13', '备注', 1, 10, 311);
INSERT INTO `ns_express_shipping_items` VALUES (11, 'A2', '发件人公司', 1, 10, 36);
INSERT INTO `ns_express_shipping_items` VALUES (11, 'A3', '发件人地址', 1, 10, 136);
INSERT INTO `ns_express_shipping_items` VALUES (11, 'A4', '发件人姓名', 1, 10, 111);
INSERT INTO `ns_express_shipping_items` VALUES (11, 'A5', '发件人电话', 1, 10, 211);
INSERT INTO `ns_express_shipping_items` VALUES (11, 'A6', '发件人邮编', 1, 10, 236);
INSERT INTO `ns_express_shipping_items` VALUES (11, 'A7', '收件人地址', 1, 10, 261);
INSERT INTO `ns_express_shipping_items` VALUES (11, 'A8', '收件人姓名', 1, 10, 61);
INSERT INTO `ns_express_shipping_items` VALUES (11, 'A9', '收件人电话', 1, 10, 161);
INSERT INTO `ns_express_shipping_items` VALUES (12, 'A1', '订单编号', 1, 10, 11);
INSERT INTO `ns_express_shipping_items` VALUES (12, 'A10', '收件人邮编', 1, 10, 86);
INSERT INTO `ns_express_shipping_items` VALUES (12, 'A11', '货到付款物流编号', 1, 10, 286);
INSERT INTO `ns_express_shipping_items` VALUES (12, 'A12', '代收金额', 1, 10, 186);
INSERT INTO `ns_express_shipping_items` VALUES (12, 'A13', '备注', 1, 10, 311);
INSERT INTO `ns_express_shipping_items` VALUES (12, 'A2', '发件人公司', 1, 10, 36);
INSERT INTO `ns_express_shipping_items` VALUES (12, 'A3', '发件人地址', 1, 10, 136);
INSERT INTO `ns_express_shipping_items` VALUES (12, 'A4', '发件人姓名', 1, 10, 111);
INSERT INTO `ns_express_shipping_items` VALUES (12, 'A5', '发件人电话', 1, 10, 211);
INSERT INTO `ns_express_shipping_items` VALUES (12, 'A6', '发件人邮编', 1, 10, 236);
INSERT INTO `ns_express_shipping_items` VALUES (12, 'A7', '收件人地址', 1, 10, 261);
INSERT INTO `ns_express_shipping_items` VALUES (12, 'A8', '收件人姓名', 1, 10, 61);
INSERT INTO `ns_express_shipping_items` VALUES (12, 'A9', '收件人电话', 1, 10, 161);
INSERT INTO `ns_express_shipping_items` VALUES (13, 'A1', '订单编号', 1, 10, 11);
INSERT INTO `ns_express_shipping_items` VALUES (13, 'A10', '收件人邮编', 1, 10, 86);
INSERT INTO `ns_express_shipping_items` VALUES (13, 'A11', '货到付款物流编号', 1, 10, 286);
INSERT INTO `ns_express_shipping_items` VALUES (13, 'A12', '代收金额', 1, 10, 186);
INSERT INTO `ns_express_shipping_items` VALUES (13, 'A13', '备注', 1, 10, 311);
INSERT INTO `ns_express_shipping_items` VALUES (13, 'A2', '发件人公司', 1, 10, 36);
INSERT INTO `ns_express_shipping_items` VALUES (13, 'A3', '发件人地址', 1, 10, 136);
INSERT INTO `ns_express_shipping_items` VALUES (13, 'A4', '发件人姓名', 1, 10, 111);
INSERT INTO `ns_express_shipping_items` VALUES (13, 'A5', '发件人电话', 1, 10, 211);
INSERT INTO `ns_express_shipping_items` VALUES (13, 'A6', '发件人邮编', 1, 10, 236);
INSERT INTO `ns_express_shipping_items` VALUES (13, 'A7', '收件人地址', 1, 10, 261);
INSERT INTO `ns_express_shipping_items` VALUES (13, 'A8', '收件人姓名', 1, 10, 61);
INSERT INTO `ns_express_shipping_items` VALUES (13, 'A9', '收件人电话', 1, 10, 161);
INSERT INTO `ns_express_shipping_items` VALUES (14, 'A1', '订单编号', 1, 10, 11);
INSERT INTO `ns_express_shipping_items` VALUES (14, 'A10', '收件人邮编', 1, 10, 86);
INSERT INTO `ns_express_shipping_items` VALUES (14, 'A11', '货到付款物流编号', 1, 10, 286);
INSERT INTO `ns_express_shipping_items` VALUES (14, 'A12', '代收金额', 1, 10, 186);
INSERT INTO `ns_express_shipping_items` VALUES (14, 'A13', '备注', 1, 10, 311);
INSERT INTO `ns_express_shipping_items` VALUES (14, 'A2', '发件人公司', 1, 10, 36);
INSERT INTO `ns_express_shipping_items` VALUES (14, 'A3', '发件人地址', 1, 10, 136);
INSERT INTO `ns_express_shipping_items` VALUES (14, 'A4', '发件人姓名', 1, 10, 111);
INSERT INTO `ns_express_shipping_items` VALUES (14, 'A5', '发件人电话', 1, 10, 211);
INSERT INTO `ns_express_shipping_items` VALUES (14, 'A6', '发件人邮编', 1, 10, 236);
INSERT INTO `ns_express_shipping_items` VALUES (14, 'A7', '收件人地址', 1, 10, 261);
INSERT INTO `ns_express_shipping_items` VALUES (14, 'A8', '收件人姓名', 1, 10, 61);
INSERT INTO `ns_express_shipping_items` VALUES (14, 'A9', '收件人电话', 1, 10, 161);
INSERT INTO `ns_express_shipping_items` VALUES (15, 'A1', '订单编号', 1, 10, 11);
INSERT INTO `ns_express_shipping_items` VALUES (15, 'A10', '收件人邮编', 1, 10, 86);
INSERT INTO `ns_express_shipping_items` VALUES (15, 'A11', '货到付款物流编号', 1, 10, 286);
INSERT INTO `ns_express_shipping_items` VALUES (15, 'A12', '代收金额', 1, 10, 186);
INSERT INTO `ns_express_shipping_items` VALUES (15, 'A13', '备注', 1, 10, 311);
INSERT INTO `ns_express_shipping_items` VALUES (15, 'A2', '发件人公司', 1, 10, 36);
INSERT INTO `ns_express_shipping_items` VALUES (15, 'A3', '发件人地址', 1, 10, 136);
INSERT INTO `ns_express_shipping_items` VALUES (15, 'A4', '发件人姓名', 1, 10, 111);
INSERT INTO `ns_express_shipping_items` VALUES (15, 'A5', '发件人电话', 1, 10, 211);
INSERT INTO `ns_express_shipping_items` VALUES (15, 'A6', '发件人邮编', 1, 10, 236);
INSERT INTO `ns_express_shipping_items` VALUES (15, 'A7', '收件人地址', 1, 10, 261);
INSERT INTO `ns_express_shipping_items` VALUES (15, 'A8', '收件人姓名', 1, 10, 61);
INSERT INTO `ns_express_shipping_items` VALUES (15, 'A9', '收件人电话', 1, 10, 161);
INSERT INTO `ns_express_shipping_items` VALUES (16, 'A1', '订单编号', 1, 10, 11);
INSERT INTO `ns_express_shipping_items` VALUES (16, 'A10', '收件人邮编', 1, 10, 86);
INSERT INTO `ns_express_shipping_items` VALUES (16, 'A11', '货到付款物流编号', 1, 10, 286);
INSERT INTO `ns_express_shipping_items` VALUES (16, 'A12', '代收金额', 1, 10, 186);
INSERT INTO `ns_express_shipping_items` VALUES (16, 'A13', '备注', 1, 10, 311);
INSERT INTO `ns_express_shipping_items` VALUES (16, 'A2', '发件人公司', 1, 10, 36);
INSERT INTO `ns_express_shipping_items` VALUES (16, 'A3', '发件人地址', 1, 10, 136);
INSERT INTO `ns_express_shipping_items` VALUES (16, 'A4', '发件人姓名', 1, 10, 111);
INSERT INTO `ns_express_shipping_items` VALUES (16, 'A5', '发件人电话', 1, 10, 211);
INSERT INTO `ns_express_shipping_items` VALUES (16, 'A6', '发件人邮编', 1, 10, 236);
INSERT INTO `ns_express_shipping_items` VALUES (16, 'A7', '收件人地址', 1, 10, 261);
INSERT INTO `ns_express_shipping_items` VALUES (16, 'A8', '收件人姓名', 1, 10, 61);
INSERT INTO `ns_express_shipping_items` VALUES (16, 'A9', '收件人电话', 1, 10, 161);
INSERT INTO `ns_express_shipping_items` VALUES (17, 'A1', '订单编号', 1, 10, 11);
INSERT INTO `ns_express_shipping_items` VALUES (17, 'A10', '收件人邮编', 1, 10, 86);
INSERT INTO `ns_express_shipping_items` VALUES (17, 'A11', '货到付款物流编号', 1, 10, 286);
INSERT INTO `ns_express_shipping_items` VALUES (17, 'A12', '代收金额', 1, 10, 186);
INSERT INTO `ns_express_shipping_items` VALUES (17, 'A13', '备注', 1, 10, 311);
INSERT INTO `ns_express_shipping_items` VALUES (17, 'A2', '发件人公司', 1, 10, 36);
INSERT INTO `ns_express_shipping_items` VALUES (17, 'A3', '发件人地址', 1, 10, 136);
INSERT INTO `ns_express_shipping_items` VALUES (17, 'A4', '发件人姓名', 1, 10, 111);
INSERT INTO `ns_express_shipping_items` VALUES (17, 'A5', '发件人电话', 1, 10, 211);
INSERT INTO `ns_express_shipping_items` VALUES (17, 'A6', '发件人邮编', 1, 10, 236);
INSERT INTO `ns_express_shipping_items` VALUES (17, 'A7', '收件人地址', 1, 10, 261);
INSERT INTO `ns_express_shipping_items` VALUES (17, 'A8', '收件人姓名', 1, 10, 61);
INSERT INTO `ns_express_shipping_items` VALUES (17, 'A9', '收件人电话', 1, 10, 161);
INSERT INTO `ns_express_shipping_items` VALUES (18, 'A1', '订单编号', 1, 10, 11);
INSERT INTO `ns_express_shipping_items` VALUES (18, 'A10', '收件人邮编', 1, 10, 86);
INSERT INTO `ns_express_shipping_items` VALUES (18, 'A11', '货到付款物流编号', 1, 10, 286);
INSERT INTO `ns_express_shipping_items` VALUES (18, 'A12', '代收金额', 1, 10, 186);
INSERT INTO `ns_express_shipping_items` VALUES (18, 'A13', '备注', 1, 10, 311);
INSERT INTO `ns_express_shipping_items` VALUES (18, 'A2', '发件人公司', 1, 10, 36);
INSERT INTO `ns_express_shipping_items` VALUES (18, 'A3', '发件人地址', 1, 10, 136);
INSERT INTO `ns_express_shipping_items` VALUES (18, 'A4', '发件人姓名', 1, 10, 111);
INSERT INTO `ns_express_shipping_items` VALUES (18, 'A5', '发件人电话', 1, 10, 211);
INSERT INTO `ns_express_shipping_items` VALUES (18, 'A6', '发件人邮编', 1, 10, 236);
INSERT INTO `ns_express_shipping_items` VALUES (18, 'A7', '收件人地址', 1, 10, 261);
INSERT INTO `ns_express_shipping_items` VALUES (18, 'A8', '收件人姓名', 1, 10, 61);
INSERT INTO `ns_express_shipping_items` VALUES (18, 'A9', '收件人电话', 1, 10, 161);

-- ----------------------------
-- Table structure for ns_express_shipping_items_library
-- ----------------------------
DROP TABLE IF EXISTS `ns_express_shipping_items_library`;
CREATE TABLE `ns_express_shipping_items_library`  (
  `Id` int(11) NOT NULL AUTO_INCREMENT COMMENT '物流模版打印项库ID',
  `shop_id` int(11) NOT NULL DEFAULT 0 COMMENT '店铺id',
  `field_name` varchar(50) CHARACTER SET utf8 COLLATE utf8_general_ci NOT NULL COMMENT '字段名',
  `field_display_name` varchar(50) CHARACTER SET utf8 COLLATE utf8_general_ci NOT NULL COMMENT '字段显示名',
  `is_enabled` bit(1) NOT NULL DEFAULT b'1' COMMENT '是否启用',
  PRIMARY KEY (`Id`) USING BTREE
) ENGINE = InnoDB AUTO_INCREMENT = 14 AVG_ROW_LENGTH = 1260 CHARACTER SET = utf8 COLLATE = utf8_general_ci COMMENT = '物流模版打印项库' ROW_FORMAT = Compact;

-- ----------------------------
-- Records of ns_express_shipping_items_library
-- ----------------------------
INSERT INTO `ns_express_shipping_items_library` VALUES (1, 0, 'A1', '订单编号', b'1');
INSERT INTO `ns_express_shipping_items_library` VALUES (2, 0, 'A2', '发件人公司', b'1');
INSERT INTO `ns_express_shipping_items_library` VALUES (3, 0, 'A8', '收件人姓名', b'1');
INSERT INTO `ns_express_shipping_items_library` VALUES (4, 0, 'A10', '收件人邮编', b'1');
INSERT INTO `ns_express_shipping_items_library` VALUES (5, 0, 'A4', '发件人姓名', b'1');
INSERT INTO `ns_express_shipping_items_library` VALUES (6, 0, 'A3', '发件人地址', b'1');
INSERT INTO `ns_express_shipping_items_library` VALUES (7, 0, 'A9', '收件人电话', b'1');
INSERT INTO `ns_express_shipping_items_library` VALUES (8, 0, 'A12', '代收金额', b'1');
INSERT INTO `ns_express_shipping_items_library` VALUES (9, 0, 'A5', '发件人电话', b'1');
INSERT INTO `ns_express_shipping_items_library` VALUES (10, 0, 'A6', '发件人邮编', b'1');
INSERT INTO `ns_express_shipping_items_library` VALUES (11, 0, 'A7', '收件人地址', b'1');
INSERT INTO `ns_express_shipping_items_library` VALUES (12, 0, 'A11', '货到付款物流编号', b'1');
INSERT INTO `ns_express_shipping_items_library` VALUES (13, 0, 'A13', '备注', b'1');

-- ----------------------------
-- Table structure for ns_gift_grant_records
-- ----------------------------
DROP TABLE IF EXISTS `ns_gift_grant_records`;
CREATE TABLE `ns_gift_grant_records`  (
  `id` int(10) UNSIGNED NOT NULL AUTO_INCREMENT COMMENT '主键',
  `gift_id` int(11) NOT NULL COMMENT '赠送活动ID',
  `goods_id` int(11) NOT NULL COMMENT '赠送商品ID',
  `goods_name` varchar(50) CHARACTER SET utf8 COLLATE utf8_general_ci NOT NULL DEFAULT '' COMMENT '赠送商品名称',
  `goods_img` varchar(255) CHARACTER SET utf8 COLLATE utf8_general_ci NOT NULL DEFAULT '' COMMENT '赠送商品图片',
  `num` int(11) NOT NULL DEFAULT 1 COMMENT '赠送数量',
  `type` int(11) NOT NULL DEFAULT 1 COMMENT '发放方式',
  `type_id` int(11) NOT NULL DEFAULT 0 COMMENT '发放相关ID',
  `memo` text CHARACTER SET utf8 COLLATE utf8_general_ci NOT NULL COMMENT '备注',
  `create_time` int(11) NULL DEFAULT 0 COMMENT '赠送时间',
  PRIMARY KEY (`id`) USING BTREE
) ENGINE = InnoDB AUTO_INCREMENT = 1 CHARACTER SET = utf8 COLLATE = utf8_general_ci COMMENT = '赠品发放记录' ROW_FORMAT = Compact;

-- ----------------------------
-- Table structure for ns_goods
-- ----------------------------
DROP TABLE IF EXISTS `ns_goods`;
CREATE TABLE `ns_goods`  (
  `goods_id` int(10) UNSIGNED NOT NULL AUTO_INCREMENT COMMENT '商品id(SKU)',
  `goods_name` varchar(50) CHARACTER SET utf8 COLLATE utf8_general_ci NOT NULL DEFAULT '' COMMENT '商品名称',
  `shop_id` int(10) UNSIGNED NOT NULL DEFAULT 1 COMMENT '店铺id',
  `category_id` int(10) UNSIGNED NOT NULL DEFAULT 0 COMMENT '商品分类id',
  `category_id_1` int(10) UNSIGNED NOT NULL DEFAULT 0 COMMENT '一级分类id',
  `category_id_2` int(10) UNSIGNED NOT NULL DEFAULT 0 COMMENT '二级分类id',
  `category_id_3` int(10) UNSIGNED NOT NULL DEFAULT 0 COMMENT '三级分类id',
  `brand_id` int(10) UNSIGNED NOT NULL DEFAULT 0 COMMENT '品牌id',
  `group_id_array` varchar(255) CHARACTER SET utf8 COLLATE utf8_general_ci NOT NULL DEFAULT '' COMMENT '店铺分类id 首尾用,隔开',
  `promotion_type` tinyint(3) NOT NULL DEFAULT 0 COMMENT '促销类型 0无促销，1团购，2限时折扣',
  `promote_id` int(11) NOT NULL DEFAULT 0 COMMENT '促销活动ID',
  `goods_type` tinyint(4) NOT NULL DEFAULT 1 COMMENT '实物或虚拟商品标志 1实物商品 0 虚拟商品 2 F码商品',
  `market_price` decimal(10, 2) NOT NULL DEFAULT 0.00 COMMENT '市场价',
  `price` decimal(19, 2) NOT NULL DEFAULT 0.00 COMMENT '商品原价格',
  `promotion_price` decimal(10, 2) NOT NULL DEFAULT 0.00 COMMENT '商品促销价格',
  `cost_price` decimal(19, 2) NOT NULL DEFAULT 0.00 COMMENT '成本价',
  `point_exchange_type` tinyint(3) NOT NULL DEFAULT 0 COMMENT '积分兑换类型 0 非积分兑换 1 只能积分兑换 ',
  `point_exchange` int(11) NOT NULL DEFAULT 0 COMMENT '积分兑换',
  `give_point` int(11) NOT NULL DEFAULT 0 COMMENT '购买商品赠送积分',
  `is_member_discount` int(1) NOT NULL DEFAULT 0 COMMENT '参与会员折扣',
  `shipping_fee` decimal(10, 2) NOT NULL DEFAULT 0.00 COMMENT '运费 0为免运费',
  `shipping_fee_id` int(11) NOT NULL DEFAULT 0 COMMENT '售卖区域id 物流模板id  ns_order_shipping_fee 表id',
  `stock` int(10) NOT NULL DEFAULT 0 COMMENT '商品库存',
  `max_buy` int(11) NOT NULL DEFAULT 0 COMMENT '限购 0 不限购',
  `min_buy` int(11) NOT NULL DEFAULT 0 COMMENT '最少买几件',
  `clicks` int(10) UNSIGNED NOT NULL DEFAULT 0 COMMENT '商品点击数量',
  `min_stock_alarm` int(11) NOT NULL DEFAULT 0 COMMENT '库存预警值',
  `sales` int(10) UNSIGNED NOT NULL DEFAULT 0 COMMENT '销售数量',
  `collects` int(10) UNSIGNED NOT NULL DEFAULT 0 COMMENT '收藏数量',
  `star` tinyint(3) UNSIGNED NOT NULL DEFAULT 5 COMMENT '好评星级',
  `evaluates` int(10) UNSIGNED NOT NULL DEFAULT 0 COMMENT '评价数',
  `shares` int(11) NOT NULL DEFAULT 0 COMMENT '分享数',
  `province_id` int(10) UNSIGNED NOT NULL DEFAULT 0 COMMENT '一级地区id',
  `city_id` int(10) UNSIGNED NOT NULL DEFAULT 0 COMMENT '二级地区id',
  `picture` int(11) NOT NULL DEFAULT 0 COMMENT '商品主图',
  `keywords` varchar(255) CHARACTER SET utf8 COLLATE utf8_general_ci NOT NULL DEFAULT '' COMMENT '商品关键词',
  `introduction` varchar(255) CHARACTER SET utf8 COLLATE utf8_general_ci NOT NULL DEFAULT '' COMMENT '商品简介，促销语',
  `description` text CHARACTER SET utf8 COLLATE utf8_general_ci NOT NULL COMMENT '商品详情',
  `QRcode` varchar(255) CHARACTER SET utf8 COLLATE utf8_general_ci NOT NULL DEFAULT '' COMMENT '商品二维码',
  `code` varchar(50) CHARACTER SET utf8 COLLATE utf8_general_ci NOT NULL DEFAULT '' COMMENT '商家编号',
  `is_stock_visible` int(1) NOT NULL DEFAULT 0 COMMENT '页面不显示库存',
  `is_hot` int(1) NOT NULL DEFAULT 0 COMMENT '是否热销商品',
  `is_recommend` int(1) NOT NULL DEFAULT 0 COMMENT '是否推荐',
  `is_new` int(1) NOT NULL DEFAULT 0 COMMENT '是否新品',
  `is_pre_sale` int(11) NULL DEFAULT 0,
  `is_bill` int(1) NOT NULL DEFAULT 0 COMMENT '是否开具增值税发票 1是，0否',
  `state` tinyint(3) NOT NULL DEFAULT 1 COMMENT '商品状态 0下架，1正常，10违规（禁售）',
  `sort` int(11) NOT NULL DEFAULT 0 COMMENT '排序',
  `img_id_array` varchar(1000) CHARACTER SET utf8 COLLATE utf8_general_ci NULL DEFAULT NULL COMMENT '商品图片序列',
  `sku_img_array` varchar(1000) CHARACTER SET utf8 COLLATE utf8_general_ci NULL DEFAULT NULL COMMENT '商品sku应用图片列表  属性,属性值，图片ID',
  `match_point` float(10, 2) NULL DEFAULT NULL COMMENT '实物与描述相符（根据评价计算）',
  `match_ratio` float(10, 2) NULL DEFAULT NULL COMMENT '实物与描述相符（根据评价计算）百分比',
  `real_sales` int(10) NOT NULL DEFAULT 0 COMMENT '实际销量',
  `goods_attribute_id` int(11) NOT NULL DEFAULT 0 COMMENT '商品类型',
  `goods_spec_format` text CHARACTER SET utf8 COLLATE utf8_general_ci NOT NULL COMMENT '商品规格',
  `goods_weight` decimal(8, 2) NOT NULL DEFAULT 0.00 COMMENT '商品重量',
  `goods_volume` decimal(8, 2) NOT NULL DEFAULT 0.00 COMMENT '商品体积',
  `shipping_fee_type` int(11) NOT NULL DEFAULT 1 COMMENT '计价方式1.重量2.体积3.计件',
  `extend_category_id` varchar(255) CHARACTER SET utf8 COLLATE utf8_general_ci NULL DEFAULT NULL,
  `extend_category_id_1` varchar(255) CHARACTER SET utf8 COLLATE utf8_general_ci NULL DEFAULT NULL,
  `extend_category_id_2` varchar(255) CHARACTER SET utf8 COLLATE utf8_general_ci NULL DEFAULT NULL,
  `extend_category_id_3` varchar(255) CHARACTER SET utf8 COLLATE utf8_general_ci NULL DEFAULT NULL,
  `supplier_id` int(11) NOT NULL DEFAULT 0 COMMENT '供货商id',
  `sale_date` int(11) NULL DEFAULT 0 COMMENT '上下架时间',
  `create_time` int(11) NULL DEFAULT 0 COMMENT '商品添加时间',
  `update_time` int(11) NULL DEFAULT 0 COMMENT '商品编辑时间',
  PRIMARY KEY (`goods_id`) USING BTREE
) ENGINE = InnoDB AUTO_INCREMENT = 100 AVG_ROW_LENGTH = 16554 CHARACTER SET = utf8 COLLATE = utf8_general_ci COMMENT = '商品表' ROW_FORMAT = Compact;

-- ----------------------------
-- Records of ns_goods
-- ----------------------------
INSERT INTO `ns_goods` VALUES (1, '韩版牛仔短裤女夏前短后长高腰a字毛边大码宽松学生阔腿卷边热裤', 0, 2, 1, 2, 0, 8, '', 0, 0, 1, 40.00, 39.00, 39.00, 30.00, 0, 0, 1000, 0, 1.00, 8, 46, 7, 5, 0, 10, 136, 0, 5, 1, 0, 0, 0, 255, 'xxxxx', '', '<p style=\"margin-top: 1.12em; margin-bottom: 1.12em; padding: 0px; line-height: 1.4; color: rgb(64, 64, 64); font-family: tahoma, arial, 宋体, sans-serif; font-size: 14px; white-space: normal; background-color: rgb(255, 255, 255);\"><span style=\"margin: 0px; padding: 0px; font-weight: 700; font-size: 36px; line-height: 54px;\"><img align=\"absmiddle\" src=\"https://img.alicdn.com/imgextra/i1/2406931838/TB2F6nwcMJkpuFjSszcXXXfsFXa_!!2406931838.jpg\" class=\"img-ks-lazyload\" style=\"margin: 0px; padding: 0px; border: 0px; animation: ks-fadeIn 350ms linear 0ms 1 normal both; opacity: 1; vertical-align: top; float: none;\"/><img align=\"absmiddle\" src=\"https://img.alicdn.com/imgextra/i3/2406931838/TB2mQjCcNdkpuFjy0FbXXaNnpXa_!!2406931838.jpg\" class=\"img-ks-lazyload\" style=\"margin: 0px; padding: 0px; border: 0px; animation: ks-fadeIn 350ms linear 0ms 1 normal both; opacity: 1; vertical-align: top; float: none;\"/><img align=\"absmiddle\" src=\"https://img.alicdn.com/imgextra/i1/2406931838/TB23e2ZcSFjpuFjSszhXXaBuVXa_!!2406931838.jpg\" class=\"img-ks-lazyload\" style=\"margin: 0px; padding: 0px; border: 0px; animation: ks-fadeIn 350ms linear 0ms 1 normal both; opacity: 1; vertical-align: top; float: none;\"/><img align=\"absmiddle\" src=\"https://img.alicdn.com/imgextra/i2/2406931838/TB2b9YFcStkpuFjy0FhXXXQzFXa_!!2406931838.jpg\" class=\"img-ks-lazyload\" style=\"margin: 0px; padding: 0px; border: 0px; animation: ks-fadeIn 350ms linear 0ms 1 normal both; opacity: 1; vertical-align: top; float: none;\"/><img align=\"absmiddle\" src=\"https://img.alicdn.com/imgextra/i4/2406931838/TB2Obv4cMxlpuFjy0FoXXa.lXXa_!!2406931838.jpg\" class=\"img-ks-lazyload\" style=\"margin: 0px; padding: 0px; border: 0px; animation: ks-fadeIn 350ms linear 0ms 1 normal both; opacity: 1; vertical-align: top; float: none;\"/><img align=\"absmiddle\" src=\"https://img.alicdn.com/imgextra/i4/2406931838/TB2_3fBcHBkpuFjy1zkXXbSpFXa_!!2406931838.jpg\" class=\"img-ks-lazyload\" style=\"margin: 0px; padding: 0px; border: 0px; animation: ks-fadeIn 350ms linear 0ms 1 normal both; opacity: 1; vertical-align: top; float: none;\"/><img align=\"absmiddle\" src=\"https://img.alicdn.com/imgextra/i4/2406931838/TB2m8LScMJlpuFjSspjXXcT.pXa_!!2406931838.jpg\" class=\"img-ks-lazyload\" style=\"margin: 0px; padding: 0px; border: 0px; animation: ks-fadeIn 350ms linear 0ms 1 normal both; opacity: 1; vertical-align: top; float: none;\"/><img align=\"absmiddle\" src=\"https://img.alicdn.com/imgextra/i4/2406931838/TB2amnNcMFkpuFjSspnXXb4qFXa_!!2406931838.jpg\" class=\"img-ks-lazyload\" style=\"margin: 0px; padding: 0px; border: 0px; animation: ks-fadeIn 350ms linear 0ms 1 normal both; opacity: 1; vertical-align: top; float: none;\"/><img align=\"absmiddle\" src=\"https://img.alicdn.com/imgextra/i1/2406931838/TB2aQB9dAqvpuFjSZFhXXaOgXXa_!!2406931838.jpg\" class=\"img-ks-lazyload\" style=\"margin: 0px; padding: 0px; border: 0px; animation: ks-fadeIn 350ms linear 0ms 1 normal both; opacity: 1; vertical-align: top; float: none;\"/><img align=\"absmiddle\" src=\"https://img.alicdn.com/imgextra/i3/2406931838/TB2I0f4cMxlpuFjy0FoXXa.lXXa_!!2406931838.jpg\" class=\"img-ks-lazyload\" style=\"margin: 0px; padding: 0px; border: 0px; animation: ks-fadeIn 350ms linear 0ms 1 normal both; opacity: 1; vertical-align: top; float: none;\"/><img align=\"absmiddle\" src=\"https://img.alicdn.com/imgextra/i2/2406931838/TB21abEbCz9F1JjSZFMXXXmNXXa_!!2406931838.jpg\" class=\"img-ks-lazyload\" style=\"margin: 0px; padding: 0px; border: 0px; animation: ks-fadeIn 350ms linear 0ms 1 normal both; opacity: 1; vertical-align: top; float: none;\"/></span></p><p><img class=\"desc_anchor img-ks-lazyload\" id=\"desc-module-5\" src=\"https://assets.alicdn.com/kissy/1.0.0/build/imglazyload/spaceball.gif\" style=\"margin: 0px; padding: 0px; border: 0px; height: 1px; display: block; clear: both; animation: ks-fadeIn 350ms linear 0ms 1 normal both; opacity: 1; vertical-align: top; color: rgb(64, 64, 64); font-family: tahoma, arial, 宋体, sans-serif; font-size: 14px; line-height: 21px; white-space: normal; background-color: rgb(255, 255, 255);\"/></p><p><br/></p>', 'upload/goods_qrcode/goods_qrcode_1.png', '', 1, 0, 1, 0, 0, 0, 1, 25, '255,256,264,265,266,267', '', 5.00, 100.00, 136, 0, '[]', 1.00, 1.00, 3, '', '', '', '', 0, 1500265390, 1500265390, 1506481650);
INSERT INTO `ns_goods` VALUES (3, '东风日产 轩逸', 0, 3, 42, 3, 0, 8, '', 2, 28, 1, 0.00, 20.00, 20.00, 0.00, 0, 0, 0, 0, 1.00, 0, 0, 5, 4, 1056, 2, 57, 0, 0, 0, 1, 4, 14, 261, '东风', '东风日产 轩逸 分期购车1年0利率0材料0等待', '<p style=\"margin-top: 1.12em; margin-bottom: 1.12em; padding: 0px; line-height: 1.4; color: rgb(64, 64, 64); font-family: tahoma, arial, 宋体, sans-serif; font-size: 14px; white-space: normal; background-color: rgb(255, 255, 255);\"><img align=\"absmiddle\" src=\"/upload/ueditor/image/20170718/1500359316348170.jpg\" class=\"img-ks-lazyload\" style=\"margin: 0px; padding: 0px; border: 0px; animation: ks-fadeIn 350ms linear 0ms 1 normal both; opacity: 1; vertical-align: top; float: none;\"/><img align=\"absmiddle\" src=\"/upload/ueditor/image/20170718/1500359316826941.jpg\" class=\"img-ks-lazyload\" style=\"margin: 0px; padding: 0px; border: 0px; animation: ks-fadeIn 350ms linear 0ms 1 normal both; opacity: 1; vertical-align: top; float: none;\"/><img align=\"absmiddle\" src=\"/upload/ueditor/image/20170718/1500359316291540.jpg\" class=\"img-ks-lazyload\" style=\"margin: 0px; padding: 0px; border: 0px; animation: ks-fadeIn 350ms linear 0ms 1 normal both; opacity: 1; vertical-align: top; float: none;\"/><img align=\"absmiddle\" src=\"/upload/ueditor/image/20170718/1500359317804264.jpg\" class=\"img-ks-lazyload\" style=\"margin: 0px; padding: 0px; border: 0px; animation: ks-fadeIn 350ms linear 0ms 1 normal both; opacity: 1; vertical-align: top; float: none;\"/><img align=\"absmiddle\" src=\"/upload/ueditor/image/20170718/1500359317113547.jpg\" class=\"img-ks-lazyload\" style=\"margin: 0px; padding: 0px; border: 0px; animation: ks-fadeIn 350ms linear 0ms 1 normal both; opacity: 1; vertical-align: top; float: none;\"/><img align=\"absmiddle\" src=\"/upload/ueditor/image/20170718/1500359318829351.jpg\" class=\"img-ks-lazyload\" style=\"margin: 0px; padding: 0px; border: 0px; animation: ks-fadeIn 350ms linear 0ms 1 normal both; opacity: 1; vertical-align: top; float: none;\"/><img align=\"absmiddle\" src=\"/upload/ueditor/image/20170718/1500359318107334.jpg\" class=\"img-ks-lazyload\" style=\"margin: 0px; padding: 0px; border: 0px; animation: ks-fadeIn 350ms linear 0ms 1 normal both; opacity: 1; vertical-align: top; float: none;\"/><img align=\"absmiddle\" src=\"/upload/ueditor/image/20170718/1500359319914554.jpg\" class=\"img-ks-lazyload\" style=\"margin: 0px; padding: 0px; border: 0px; animation: ks-fadeIn 350ms linear 0ms 1 normal both; opacity: 1; vertical-align: top; float: none;\"/></p><p style=\"margin-top: 1.12em; margin-bottom: 1.12em; padding: 0px; line-height: 1.4; color: rgb(64, 64, 64); font-family: tahoma, arial, 宋体, sans-serif; font-size: 14px; white-space: normal; background-color: rgb(255, 255, 255);\"><img align=\"absmiddle\" src=\"/upload/ueditor/image/20170718/1500359319413578.jpg\" class=\"img-ks-lazyload\" style=\"margin: 0px; padding: 0px; border: 0px; animation: ks-fadeIn 350ms linear 0ms 1 normal both; opacity: 1; vertical-align: top; float: none;\"/><img align=\"absmiddle\" src=\"/upload/ueditor/image/20170718/1500359319291970.jpg\" class=\"img-ks-lazyload\" style=\"margin: 0px; padding: 0px; border: 0px; animation: ks-fadeIn 350ms linear 0ms 1 normal both; opacity: 1; vertical-align: top; float: none;\"/><img align=\"absmiddle\" src=\"/upload/ueditor/image/20170718/1500359320169674.jpg\" class=\"img-ks-lazyload\" style=\"margin: 0px; padding: 0px; border: 0px; animation: ks-fadeIn 350ms linear 0ms 1 normal both; opacity: 1; vertical-align: top; float: none;\"/></p><p><br/></p>', 'upload/goods_qrcode/goods_qrcode_3.png', '', 1, 0, 1, 0, 0, 0, 1, 2, '261', '', 1.50, 30.00, 42, 2, '[{\"spec_name\":\"大小\",\"spec_id\":13,\"value\":[{\"spec_value_name\":\"超大\",\"spec_name\":\"大小\",\"spec_id\":13,\"spec_value_id\":25,\"spec_show_type\":3,\"spec_value_data\":\"#000000\"}]}]', 100.00, 0.00, 1, '2', '1', '2', '0', 0, 1500359340, 1500359340, 1507770802);
INSERT INTO `ns_goods` VALUES (14, '测试商品6', 0, 3, 42, 3, 0, 0, '', 2, 28, 1, 0.00, 10.00, 9.99, 3.00, 0, 0, 0, 0, 0.00, 0, 186, 0, 0, 0, 0, 23, 1, 10, 2, 0, 20, 230, 263, '', '', '<p>测试商品6</p>', 'upload/goods_qrcode/goods_qrcode_14.png', '', 1, 0, 1, 0, 0, 0, 1, 11, '263', '', 5.00, 100.00, 23, 0, '[{\"spec_name\":\"颜色\",\"spec_id\":1,\"value\":[{\"spec_value_name\":\"红色\",\"spec_name\":\"颜色\",\"spec_id\":1,\"spec_value_id\":2,\"spec_show_type\":2,\"spec_value_data\":\"#ff0000\"},{\"spec_value_name\":\"蓝色\",\"spec_name\":\"颜色\",\"spec_id\":1,\"spec_value_id\":3,\"spec_show_type\":2,\"spec_value_data\":\"#00ffff\"}]}]', 0.00, 0.00, 3, '2', '1', '2', '0', 0, 1500449754, 1500449754, 1506334711);
INSERT INTO `ns_goods` VALUES (49, '七分裤', 0, 2, 1, 2, 0, 0, '', 0, 0, 1, 199.00, 200.00, 200.00, 100.00, 0, 0, 0, 0, 1.00, 0, 5993, 0, 0, 0, 10, 6, 1, 0, 0, 0, 0, 0, 247, '', '', '<p>啊啊啊啊啊啊aaaaaaaaaaa4夫妇付付付付付付付付付付付付付付付付付付付付</p>', 'upload/goods_qrcode/goods_qrcode_49.png', '', 1, 0, 1, 0, 0, 0, 1, 0, '247', '1', 1.00, 1.00, 6, 0, '[{\"spec_name\":\"尺寸\",\"spec_id\":2,\"value\":[{\"spec_value_name\":\"s\",\"spec_name\":\"尺寸\",\"spec_id\":2,\"spec_value_id\":7,\"spec_show_type\":1,\"spec_value_data\":\"\"},{\"spec_value_name\":\"m\",\"spec_name\":\"尺寸\",\"spec_id\":2,\"spec_value_id\":8,\"spec_show_type\":1,\"spec_value_data\":\"\"},{\"spec_value_name\":\"l\",\"spec_name\":\"尺寸\",\"spec_id\":2,\"spec_value_id\":9,\"spec_show_type\":1,\"spec_value_data\":\"\"},{\"spec_value_name\":\"xl\",\"spec_name\":\"尺寸\",\"spec_id\":2,\"spec_value_id\":10,\"spec_show_type\":1,\"spec_value_data\":\"\"},{\"spec_value_name\":\"xxl\",\"spec_name\":\"尺寸\",\"spec_id\":2,\"spec_value_id\":11,\"spec_show_type\":1,\"spec_value_data\":\"\"},{\"spec_value_name\":\"xxxl\",\"spec_name\":\"尺寸\",\"spec_id\":2,\"spec_value_id\":12,\"spec_show_type\":1,\"spec_value_data\":\"\"}]}]', 0.00, 0.00, 3, '', '', '', '', 0, 1501044013, 1501044013, 1506334711);
INSERT INTO `ns_goods` VALUES (51, '七分裤-副本', 0, 2, 1, 2, 0, 0, '', 0, 0, 1, 199.00, 200.00, 200.00, 100.00, 1, 5, 2, 0, 0.00, 0, 5998, 0, 0, 0, 10, 5, 0, 0, 0, 0, 0, 0, 457, '', '', '<p>啊啊啊啊啊啊aaaaaaaaaaa4夫妇付付付付付付付付付付付付付付付付付付付付</p>', 'upload/goods_qrcode/goods_qrcode_51.png', '', 1, 0, 0, 1, 0, 0, 1, 0, '457,455,458', '', NULL, NULL, 5, 0, '[{\"spec_name\":\"尺寸\",\"spec_id\":2,\"value\":[{\"spec_value_name\":\"s\",\"spec_name\":\"尺寸\",\"spec_id\":2,\"spec_value_id\":7,\"spec_show_type\":1,\"spec_value_data\":\"\"},{\"spec_value_name\":\"m\",\"spec_name\":\"尺寸\",\"spec_id\":2,\"spec_value_id\":8,\"spec_show_type\":1,\"spec_value_data\":\"\"},{\"spec_value_name\":\"l\",\"spec_name\":\"尺寸\",\"spec_id\":2,\"spec_value_id\":9,\"spec_show_type\":1,\"spec_value_data\":\"\"},{\"spec_value_name\":\"xl\",\"spec_name\":\"尺寸\",\"spec_id\":2,\"spec_value_id\":10,\"spec_show_type\":1,\"spec_value_data\":\"\"},{\"spec_value_name\":\"xxl\",\"spec_name\":\"尺寸\",\"spec_id\":2,\"spec_value_id\":11,\"spec_show_type\":1,\"spec_value_data\":\"\"},{\"spec_value_name\":\"xxxl\",\"spec_name\":\"尺寸\",\"spec_id\":2,\"spec_value_id\":12,\"spec_show_type\":1,\"spec_value_data\":\"\"}]}]', 0.00, 0.00, 3, '', '', '', '', 0, 1501485831, 1501485831, 1508747484);
INSERT INTO `ns_goods` VALUES (52, 'FANSILANEN喇叭袖V领条纹修身裙子夏连衣裙衬衫裙中长款高腰a字裙-副本', 0, 18, 1, 2, 18, 0, '', 0, 0, 1, 0.00, 0.01, 0.01, 0.00, 0, 0, 0, 0, 0.00, 0, 277, 0, 0, 0, 300, 8, 0, 0, 0, 0, 0, 0, 467, '', 'FANSILANEN喇叭袖V领条纹修身裙子夏连衣裙衬衫裙中长款高腰a字裙', '<ul class=\"attributes-list list-paddingleft-2\" style=\"list-style-type: none;\"><li><p>通勤:&nbsp;韩版</p></li><li><p>组合形式:&nbsp;单件</p></li><li><p>裙长:&nbsp;短裙</p></li><li><p>款式:&nbsp;其他/other</p></li><li><p>袖长:&nbsp;七分袖</p></li><li><p>领型:&nbsp;V领</p></li><li><p>袖型:&nbsp;喇叭袖</p></li><li><p>腰型:&nbsp;高腰</p></li><li><p>衣门襟:&nbsp;其他</p></li><li><p>裙型:&nbsp;A字裙</p></li><li><p>图案:&nbsp;条纹</p></li><li><p>流行元素/工艺:&nbsp;荷叶边 系带 纽扣 印花</p></li><li><p>品牌:&nbsp;范思蓝恩</p></li><li><p>面料:&nbsp;其他</p></li><li><p>成分含量:&nbsp;95%以上</p></li><li><p>材质:&nbsp;棉</p></li><li><p>适用年龄:&nbsp;25-29周岁</p></li><li><p>年份季节:&nbsp;2016年夏季</p></li><li><p>颜色分类:&nbsp;藏青白条纹 白底黑条纹</p></li><li><p>尺码:&nbsp;XS S M L XL</p></li></ul><p><a style=\"color: rgb(51, 102, 204); outline: 0px;\" name=\"hlg_list_1_16899403_start\"></a></p><table cellpadding=\"0\" cellspacing=\"0\"><tbody><tr class=\"firstRow\"><td style=\"margin: 0px; padding: 0px;\"><br/></td></tr></tbody></table><p><a style=\"color: rgb(51, 102, 204); outline: 0px;\" name=\"hlg_list_1_16899403_end\"></a></p><p><img align=\"absmiddle\" src=\"/upload/ueditor/image/20170726/1501054131630415.jpg\" class=\"\" width=\"750\" height=\"1132\" style=\"border: 0px; vertical-align: middle;\"/><img align=\"absmiddle\" src=\"/upload/ueditor/image/20170726/1501054132126995.jpg\" class=\"\" width=\"750\" height=\"1019\" style=\"border: 0px; vertical-align: middle;\"/><img align=\"absmiddle\" src=\"/upload/ueditor/image/20170726/1501054133518016.jpg\" class=\"\" width=\"750\" height=\"929\" style=\"border: 0px; vertical-align: middle;\"/><img align=\"absmiddle\" src=\"/upload/ueditor/image/20170726/1501054134136548.jpg\" class=\"\" width=\"750\" height=\"725\" style=\"border: 0px; vertical-align: middle;\"/></p><p><img src=\"/upload/ueditor/image/20170726/1501054135590137.jpg\" class=\"\" align=\"absmiddle\" width=\"750\" height=\"1134\" style=\"border: 0px; vertical-align: middle; max-width: 750px;\"/></p><p><img align=\"absmiddle\" src=\"/upload/ueditor/image/20170726/1501054136109472.jpg\" class=\"\" width=\"750\" height=\"535\" style=\"border: 0px; vertical-align: middle;\"/></p><p><img align=\"absmiddle\" src=\"/upload/ueditor/image/20170726/1501054137273940.jpg\" class=\"\" width=\"750\" height=\"1314\" style=\"border: 0px; vertical-align: middle;\"/><img align=\"absmiddle\" src=\"/upload/ueditor/image/20170726/1501054137942396.jpg\" class=\"\" width=\"750\" height=\"909\" style=\"border: 0px; vertical-align: middle;\"/><img align=\"absmiddle\" src=\"/upload/ueditor/image/20170726/1501054138111168.jpg\" class=\"\" width=\"750\" height=\"744\" style=\"border: 0px; vertical-align: middle;\"/><img align=\"absmiddle\" src=\"/upload/ueditor/image/20170726/1501054139688164.jpg\" class=\"\" width=\"750\" height=\"968\" style=\"border: 0px; vertical-align: middle;\"/><img align=\"absmiddle\" src=\"/upload/ueditor/image/20170726/1501054140112046.jpg\" class=\"\" width=\"750\" height=\"744\" style=\"border: 0px; vertical-align: middle;\"/><img align=\"absmiddle\" src=\"/upload/ueditor/image/20170726/1501054141816743.jpg\" class=\"\" width=\"750\" height=\"830\" style=\"border: 0px; vertical-align: middle; line-height: 1.5;\"/><img align=\"absmiddle\" src=\"/upload/ueditor/image/20170726/1501054142432469.jpg\" class=\"\" width=\"750\" height=\"787\" style=\"border: 0px; vertical-align: middle; line-height: 1.5;\"/><img align=\"absmiddle\" src=\"/upload/ueditor/image/20170726/1501054143110781.jpg\" class=\"\" width=\"750\" height=\"679\" style=\"border: 0px; vertical-align: middle; line-height: 1.5;\"/></p><p><img align=\"absmiddle\" src=\"/upload/ueditor/image/20170726/1501054143129499.jpg\" class=\"\" width=\"750\" height=\"651\" style=\"border: 0px; vertical-align: middle;\"/></p><p><img align=\"absmiddle\" src=\"/upload/ueditor/image/20170726/1501054144636009.jpg\" class=\"\" width=\"750\" height=\"1041\" style=\"border: 0px; vertical-align: middle;\"/></p><p style=\"margin-top: 1.12em; margin-bottom: 1.12em; padding: 0px;\">&nbsp;</p><p><br/></p>', 'upload/goods_qrcode/goods_qrcode_52.png', '', 1, 0, 1, 0, 0, 0, 1, 0, '467,466', '', 5.00, 100.00, 8, 3, '[{\"spec_name\":\"多个\",\"spec_id\":46,\"value\":[{\"spec_value_name\":\"88\",\"spec_name\":\"多个\",\"spec_id\":46,\"spec_value_id\":140,\"spec_show_type\":1,\"spec_value_data\":\"\"},{\"spec_value_name\":\"99\",\"spec_name\":\"多个\",\"spec_id\":46,\"spec_value_id\":141,\"spec_show_type\":1,\"spec_value_data\":\"\"},{\"spec_value_name\":\"10\",\"spec_name\":\"多个\",\"spec_id\":46,\"spec_value_id\":142,\"spec_show_type\":1,\"spec_value_data\":\"\"},{\"spec_value_name\":\"11\",\"spec_name\":\"多个\",\"spec_id\":46,\"spec_value_id\":151,\"spec_show_type\":1,\"spec_value_data\":\"\"},{\"spec_value_name\":\"12\",\"spec_name\":\"多个\",\"spec_id\":46,\"spec_value_id\":152,\"spec_show_type\":1,\"spec_value_data\":\"\"},{\"spec_value_name\":\"13\",\"spec_name\":\"多个\",\"spec_id\":46,\"spec_value_id\":153,\"spec_show_type\":1,\"spec_value_data\":\"\"},{\"spec_value_name\":\"14\",\"spec_name\":\"多个\",\"spec_id\":46,\"spec_value_id\":154,\"spec_show_type\":1,\"spec_value_data\":\"\"}]},{\"spec_name\":\"撒旦法\",\"spec_id\":32,\"value\":[{\"spec_value_name\":\"44\",\"spec_name\":\"撒旦法\",\"spec_id\":32,\"spec_value_id\":107,\"spec_show_type\":3,\"spec_value_data\":\"\",\"spec_value_data_src\":\"\"},{\"spec_value_name\":\"撒旦法\",\"spec_name\":\"撒旦法\",\"spec_id\":32,\"spec_value_id\":155,\"spec_show_type\":3,\"spec_value_data\":\"\",\"spec_value_data_src\":\"\"}]},{\"spec_name\":\"测试\",\"spec_id\":50,\"value\":[{\"spec_value_name\":\"测试\",\"spec_name\":\"测试\",\"spec_id\":50,\"spec_value_id\":161,\"spec_show_type\":3,\"spec_value_data\":\"276\",\"spec_value_data_src\":\"http://ouo5ro5lf.bkt.clouddn.com/upload/goods/20170830/543082edcdc0d162e9b8d54c852b338f.jpg?imageView2/1/w/60/h/60/q/75|imageslim\"}]}]', 0.00, 0.00, 3, '', '', '', '', 0, 1501485835, 1501485835, 1508404583);
INSERT INTO `ns_goods` VALUES (99, 'Midea/美的 MG90V150WD 9公斤智能变频滚筒洗衣机家用静音全自动', 0, 6, 4, 6, 0, 6, '', 0, 0, 1, 0.00, 2949.00, 2949.00, 0.00, 0, 0, 0, 0, 1.00, 0, 50, 0, 0, 0, 0, 4, 0, 0, 0, 0, 0, 0, 480, '', 'Midea/美的 MG90V150WD 9公斤智能变频滚筒洗衣机家用静音全自动', '<p>    <a style=\"margin: 0px; padding: 0px; color: rgb(51, 85, 170); outline: 0px;\"><img src=\"/upload/ueditor/image/20171024/1508828706937490.png\" style=\"margin: 0px; padding: 0px; border: 0px;\"/></a></p><p>    <img src=\"/upload/ueditor/image/20171024/1508828707376269.jpg\" width=\"790\" height=\"180\" style=\"margin: 0px; padding: 0px; border: 0px; vertical-align: top;\"/></p><p>    <em class=\"mui-decor-detail-text-icon mui-decor-detail-text-icon-3c-shrh\" style=\"margin: 20px 16px 0px 0px; padding: 0px; float: left; display: block; width: 42px; height: 42px; background: url(&quot;//img.alicdn.com/tfs/TB1M8KOSXXXXXasXpXXXXXXXXXX-42-42.png&quot;) no-repeat;\"></em></p><p>    <span class=\"mui-decor-detail-text-title\" style=\"margin: 0px; padding: 0px; display: block; line-height: 32px; font-size: 14px; font-weight: bolder;\">送货入户</span></p><p class=\"mui-decor-detail-text-text\" style=\"margin-top: 0px; margin-bottom: 0px; padding: 0px; line-height: 21px; font-size: 12px; color: rgb(102, 102, 102);\">    1.在天猫电器购买带有“送货入户”标识的商品，则商家须向消费者提供搬楼、送货入户的特殊服务。</p><p class=\"mui-decor-detail-text-text\" style=\"margin-top: 0px; margin-bottom: 0px; padding: 0px; line-height: 21px; font-size: 12px; color: rgb(102, 102, 102);\">    2.如若违背承诺，并由天猫判定投诉成立，商家向消费者支付10000个天猫积分。</p><p>    <em class=\"mui-decor-detail-text-icon mui-decor-detail-text-icon-3c-ybff\" style=\"margin: 20px 16px 0px 0px; padding: 0px; float: left; display: block; width: 42px; height: 42px; background: url(&quot;//img.alicdn.com/tfs/TB1PDeQSXXXXXXeXpXXXXXXXXXX-42-42.png&quot;) no-repeat;\"></em></p><p>    <span class=\"mui-decor-detail-text-title\" style=\"margin: 0px; padding: 0px; display: block; line-height: 32px; font-size: 14px; font-weight: bolder;\">延保服务</span></p><p class=\"mui-decor-detail-text-text\" style=\"margin-top: 0px; margin-bottom: 0px; padding: 0px; line-height: 21px; font-size: 12px; color: rgb(102, 102, 102);\">    1.购买电器商品时选择购买“电器延保”服务后，在服务保障期内如消费者购买的电器发生故障，由天猫负责委派第三方服务商在消费者的服务保障额度范围内为消费者提供维修的保障服务项目。</p><p class=\"mui-decor-detail-text-text\" style=\"margin-top: 0px; margin-bottom: 0px; padding: 0px; line-height: 21px; font-size: 12px; color: rgb(102, 102, 102);\">    2.针对消费者单次维修服务申请，如服务商未按上门维修服务时效承诺履行服务的，需向消费者支付人民币50元的违约金。</p><p>    <span style=\"margin: 0px; padding: 0px;text-decoration:line-through;\"><strong style=\"margin: 0px; padding: 0px;\"></strong></span></p><p>    <span style=\"margin: 0px; padding: 0px;\"></span></p><p>    <br/></p><p>    <span style=\"margin: 0px; padding: 0px;text-decoration:line-through;\"><strong style=\"margin: 0px; padding: 0px;\"></strong></span></p><p>    <span style=\"margin: 0px; padding: 0px;text-decoration:line-through;\"><strong style=\"margin: 0px; padding: 0px;\"></strong></span></p><p>    <span style=\"margin: 0px; padding: 0px;\"></span></p><p>    <a class=\"jdb abs a2JP5-czYA\" href=\"https://detail.tmall.com/item.htm?id=555287451312&skuId=3424728468472&scene=taobao_shop\" target=\"_blank\" data-linkmode=\"ptlink\" data-appid=\"a2JP5-czYA\" style=\"margin: 0px; padding: 0px; text-decoration: none; color: rgb(41, 83, 166); outline: 0px; position: absolute; border: none; display: block; width: 408px; height: 300px; top: 71px; left: 0px; z-index: 10;\"></a><a class=\"jdb abs a2JP5-evg8\" href=\"https://detail.tmall.com/item.htm?id=552290198469&skuId=3382583925332&scene=taobao_shop\" target=\"_blank\" data-linkmode=\"ptlink\" data-appid=\"a2JP5-evg8\" style=\"margin: 0px; padding: 0px; text-decoration: none; color: rgb(41, 83, 166); outline: 0px; position: absolute; border: none; display: block; width: 373px; height: 300px; top: 78px; left: 408px; z-index: 10;\"></a></p><p>    <br/></p><p>    <span style=\"margin: 0px; padding: 0px;text-decoration:line-through;\"><strong style=\"margin: 0px; padding: 0px;\"></strong></span></p><p>    <img class=\"desc_anchor img-ks-lazyload\" id=\"desc-module-1\" src=\"/upload/ueditor/image/20171024/1508828707450542.gif\" style=\"margin: 0px; padding: 0px; border: 0px; height: 1px; display: block; clear: both; animation: ks-fadeIn 350ms linear 0ms 1 normal both; opacity: 1; vertical-align: top; max-width: 100%; color: rgb(64, 64, 64); white-space: normal; background-color: rgb(255, 255, 255);\"/></p><p style=\"margin-top: 1.12em; margin-bottom: 1.12em; padding: 0px; line-height: 1.4; color: rgb(64, 64, 64); white-space: normal; background-color: rgb(255, 255, 255);\">    <span style=\"margin: 0px; padding: 0px; color: rgb(255, 255, 255);\">。。。。。。。<img align=\"absmiddle\" src=\"/upload/ueditor/image/20171024/1508828707626026.jpg\" class=\"img-ks-lazyload\" style=\"margin: 0px; padding: 0px; border: 0px; animation: ks-fadeIn 350ms linear 0ms 1 normal both; opacity: 1; vertical-align: top; float: none;\"/><img src=\"/upload/ueditor/image/20171024/1508828707120566.jpg\" align=\"absmiddle\" class=\"img-ks-lazyload\" style=\"margin: 0px; padding: 0px; border: 0px; animation: ks-fadeIn 350ms linear 0ms 1 normal both; opacity: 1; vertical-align: top; float: none;\"/><img align=\"absmiddle\" src=\"/upload/ueditor/image/20171024/1508828707156979.jpg\" class=\"img-ks-lazyload\" style=\"margin: 0px; padding: 0px; border: 0px; animation: ks-fadeIn 350ms linear 0ms 1 normal both; opacity: 1; vertical-align: top; float: none;\"/><img align=\"absmiddle\" src=\"/upload/ueditor/image/20171024/1508828708121995.jpg\" class=\"img-ks-lazyload\" style=\"margin: 0px; padding: 0px; border: 0px; animation: ks-fadeIn 350ms linear 0ms 1 normal both; opacity: 1; vertical-align: top; float: none;\"/></span></p><p>    <img class=\"desc_anchor img-ks-lazyload\" id=\"desc-module-2\" src=\"/upload/ueditor/image/20171024/1508828707450542.gif\" style=\"margin: 0px; padding: 0px; border: 0px; height: 1px; display: block; clear: both; animation: ks-fadeIn 350ms linear 0ms 1 normal both; opacity: 1; vertical-align: top; max-width: 100%; color: rgb(64, 64, 64); white-space: normal; background-color: rgb(255, 255, 255);\"/></p><p style=\"margin-top: 1.12em; margin-bottom: 1.12em; padding: 0px; line-height: 1.4; color: rgb(64, 64, 64); white-space: normal; background-color: rgb(255, 255, 255);\">    <img align=\"absmiddle\" src=\"/upload/ueditor/image/20171024/1508828708625596.jpg\" class=\"img-ks-lazyload\" style=\"margin: 0px; padding: 0px; border: 0px; animation: ks-fadeIn 350ms linear 0ms 1 normal both; opacity: 1; vertical-align: top; max-width: 100%; float: none;\"/><img align=\"absmiddle\" src=\"/upload/ueditor/image/20171024/1508828708111641.jpg\" class=\"img-ks-lazyload\" style=\"margin: 0px; padding: 0px; border: 0px; animation: ks-fadeIn 350ms linear 0ms 1 normal both; opacity: 1; vertical-align: top; max-width: 100%; float: none;\"/><img align=\"absmiddle\" src=\"/upload/ueditor/image/20171024/1508828708259825.jpg\" class=\"img-ks-lazyload\" style=\"margin: 0px; padding: 0px; border: 0px; animation: ks-fadeIn 350ms linear 0ms 1 normal both; opacity: 1; vertical-align: top; max-width: 100%; float: none;\"/><img align=\"absmiddle\" src=\"/upload/ueditor/image/20171024/1508828708139922.jpg\" class=\"img-ks-lazyload\" style=\"margin: 0px; padding: 0px; border: 0px; animation: ks-fadeIn 350ms linear 0ms 1 normal both; opacity: 1; vertical-align: top; max-width: 100%; float: none;\"/><img align=\"absmiddle\" src=\"/upload/ueditor/image/20171024/1508828709254834.jpg\" class=\"img-ks-lazyload\" style=\"margin: 0px; padding: 0px; border: 0px; animation: ks-fadeIn 350ms linear 0ms 1 normal both; opacity: 1; vertical-align: top; max-width: 100%; float: none;\"/><img align=\"absmiddle\" src=\"/upload/ueditor/image/20171024/1508828709819325.jpg\" class=\"img-ks-lazyload\" style=\"margin: 0px; padding: 0px; border: 0px; animation: ks-fadeIn 350ms linear 0ms 1 normal both; opacity: 1; vertical-align: top; max-width: 100%; float: none;\"/><img align=\"absmiddle\" src=\"/upload/ueditor/image/20171024/1508828709377819.jpg\" class=\"img-ks-lazyload\" style=\"margin: 0px; padding: 0px; border: 0px; animation: ks-fadeIn 350ms linear 0ms 1 normal both; opacity: 1; vertical-align: top; max-width: 100%; float: none;\"/><img align=\"absmiddle\" src=\"/upload/ueditor/image/20171024/1508828709469390.jpg\" class=\"img-ks-lazyload\" style=\"margin: 0px; padding: 0px; border: 0px; animation: ks-fadeIn 350ms linear 0ms 1 normal both; opacity: 1; vertical-align: top; max-width: 100%; float: none;\"/><img align=\"absmiddle\" src=\"/upload/ueditor/image/20171024/1508828709115092.jpg\" class=\"img-ks-lazyload\" style=\"margin: 0px; padding: 0px; border: 0px; animation: ks-fadeIn 350ms linear 0ms 1 normal both; opacity: 1; vertical-align: top; max-width: 100%; float: none;\"/><img align=\"absmiddle\" src=\"/upload/ueditor/image/20171024/1508828710931207.jpg\" class=\"img-ks-lazyload\" style=\"margin: 0px; padding: 0px; border: 0px; animation: ks-fadeIn 350ms linear 0ms 1 normal both; opacity: 1; vertical-align: top; max-width: 100%; float: none;\"/><img align=\"absmiddle\" src=\"/upload/ueditor/image/20171024/1508828710201302.jpg\" class=\"img-ks-lazyload\" style=\"margin: 0px; padding: 0px; border: 0px; animation: ks-fadeIn 350ms linear 0ms 1 normal both; opacity: 1; vertical-align: top; max-width: 100%; float: none;\"/><img align=\"absmiddle\" src=\"/upload/ueditor/image/20171024/1508828710542028.jpg\" class=\"img-ks-lazyload\" style=\"margin: 0px; padding: 0px; border: 0px; animation: ks-fadeIn 350ms linear 0ms 1 normal both; opacity: 1; vertical-align: top; max-width: 100%; float: none;\"/></p><p>    <img class=\"desc_anchor img-ks-lazyload\" id=\"desc-module-3\" src=\"/upload/ueditor/image/20171024/1508828707450542.gif\" style=\"margin: 0px; padding: 0px; border: 0px; height: 1px; display: block; clear: both; animation: ks-fadeIn 350ms linear 0ms 1 normal both; opacity: 1; vertical-align: top; max-width: 100%; color: rgb(64, 64, 64); white-space: normal; background-color: rgb(255, 255, 255);\"/></p><p style=\"margin-top: 1.12em; margin-bottom: 1.12em; padding: 0px; line-height: 1.4; color: rgb(64, 64, 64); white-space: normal; background-color: rgb(255, 255, 255);\">    <img align=\"absmiddle\" src=\"/upload/ueditor/image/20171024/1508828710491595.jpg\" class=\"img-ks-lazyload\" style=\"margin: 0px; padding: 0px; border: 0px; animation: ks-fadeIn 350ms linear 0ms 1 normal both; opacity: 1; vertical-align: top; max-width: 100%; float: none;\"/></p><p>    <img class=\"desc_anchor img-ks-lazyload\" id=\"desc-module-4\" src=\"/upload/ueditor/image/20171024/1508828707450542.gif\" style=\"margin: 0px; padding: 0px; border: 0px; height: 1px; display: block; clear: both; animation: ks-fadeIn 350ms linear 0ms 1 normal both; opacity: 1; vertical-align: top; max-width: 100%; color: rgb(64, 64, 64); white-space: normal; background-color: rgb(255, 255, 255);\"/></p><p style=\"margin-top: 1.12em; margin-bottom: 1.12em; padding: 0px; line-height: 1.4; color: rgb(64, 64, 64); white-space: normal; background-color: rgb(255, 255, 255);\">    &nbsp;</p><p style=\"margin-top: 1.12em; margin-bottom: 1.12em; padding: 0px; line-height: 1.4; color: rgb(64, 64, 64); white-space: normal; background-color: rgb(255, 255, 255);\">    <img align=\"absmiddle\" src=\"/upload/ueditor/image/20171024/1508828711126461.jpg\" class=\"img-ks-lazyload\" style=\"margin: 0px; padding: 0px; border: 0px; animation: ks-fadeIn 350ms linear 0ms 1 normal both; opacity: 1; vertical-align: top; max-width: 100%; float: none;\"/></p><p>    <img class=\"desc_anchor img-ks-lazyload\" id=\"desc-module-5\" src=\"/upload/ueditor/image/20171024/1508828707450542.gif\" style=\"margin: 0px; padding: 0px; border: 0px; height: 1px; display: block; clear: both; animation: ks-fadeIn 350ms linear 0ms 1 normal both; opacity: 1; vertical-align: top; max-width: 100%; color: rgb(64, 64, 64); white-space: normal; background-color: rgb(255, 255, 255);\"/></p><p>    <br/></p>', 'upload/goods_qrcode/goods_qrcode_99.png', '', 1, 0, 0, 0, 0, 0, 1, 0, '480,481,482', '', NULL, NULL, 4, 0, '[]', 0.00, 0.00, 3, '', '', '', '', 1, 1508828909, 1508828909, 1508829329);

-- ----------------------------
-- Table structure for ns_goods_attribute
-- ----------------------------
DROP TABLE IF EXISTS `ns_goods_attribute`;
CREATE TABLE `ns_goods_attribute`  (
  `attr_id` int(10) UNSIGNED NOT NULL AUTO_INCREMENT,
  `goods_id` int(11) NOT NULL COMMENT '商品ID',
  `shop_id` int(11) NOT NULL DEFAULT 0 COMMENT '店铺ID',
  `attr_value_id` int(11) NOT NULL COMMENT '属性值id',
  `attr_value` varchar(255) CHARACTER SET utf8 COLLATE utf8_general_ci NOT NULL DEFAULT '' COMMENT '属性值名称',
  `attr_value_name` varchar(255) CHARACTER SET utf8 COLLATE utf8_general_ci NOT NULL DEFAULT '' COMMENT '属性值对应数据值',
  `sort` int(11) NOT NULL DEFAULT 0 COMMENT '排序',
  `create_time` int(11) NULL DEFAULT 0 COMMENT '创建时间',
  PRIMARY KEY (`attr_id`) USING BTREE
) ENGINE = InnoDB AUTO_INCREMENT = 400 AVG_ROW_LENGTH = 315 CHARACTER SET = utf8 COLLATE = utf8_general_ci COMMENT = '商品属性表' ROW_FORMAT = Compact;

-- ----------------------------
-- Records of ns_goods_attribute
-- ----------------------------
INSERT INTO `ns_goods_attribute` VALUES (233, 73, 0, 4, 'www', '', 0, 1505474823);
INSERT INTO `ns_goods_attribute` VALUES (239, 74, 0, 4, 'www', '', 0, 1505724365);
INSERT INTO `ns_goods_attribute` VALUES (241, 76, 0, 4, 'www', '', 0, 1505789419);
INSERT INTO `ns_goods_attribute` VALUES (243, 79, 0, 4, 'www', '', 0, 1505789445);
INSERT INTO `ns_goods_attribute` VALUES (248, 75, 0, 4, 'www', '', 0, 1505806185);
INSERT INTO `ns_goods_attribute` VALUES (279, 68, 0, 14, '描述', '测试测试测试测试测试测试测试测试测试测试测试测试测试啊啊啊啊啊啊啊啊啊啊啊啊啊啊啊啊啊啊啊啊啊啊啊啊啊啊啊啊啊啊', 0, 1507514076);
INSERT INTO `ns_goods_attribute` VALUES (280, 68, 0, 9, '内存', '8g', 0, 1507514076);
INSERT INTO `ns_goods_attribute` VALUES (281, 68, 0, 11, '尺寸', '5.5寸', 0, 1507514076);
INSERT INTO `ns_goods_attribute` VALUES (282, 68, 0, 12, '年份', '17年', 0, 1507514076);
INSERT INTO `ns_goods_attribute` VALUES (283, 68, 0, 10, '颜色', '金色', 0, 1507514076);
INSERT INTO `ns_goods_attribute` VALUES (284, 80, 0, 4, 'www', '', 0, 1507598942);
INSERT INTO `ns_goods_attribute` VALUES (325, 96, 0, 8, '输入框1', '', 3, 1507709378);
INSERT INTO `ns_goods_attribute` VALUES (333, 3, 0, 8, '输入框1', '', 3, 1507770802);
INSERT INTO `ns_goods_attribute` VALUES (334, 3, 0, 16, '测试', '2222', 4, 1507770802);
INSERT INTO `ns_goods_attribute` VALUES (335, 3, 0, 2, '内存', '21', 1, 1507770802);
INSERT INTO `ns_goods_attribute` VALUES (336, 3, 0, 7, '网络', '3g', 2, 1507770802);
INSERT INTO `ns_goods_attribute` VALUES (345, 98, 0, 8, '输入框1', '111', 3, 1507777611);
INSERT INTO `ns_goods_attribute` VALUES (346, 98, 0, 2, '内存', '22', 1, 1507777611);
INSERT INTO `ns_goods_attribute` VALUES (347, 98, 0, 16, '测试', '1111', 4, 1507777611);
INSERT INTO `ns_goods_attribute` VALUES (348, 98, 0, 7, '网络', '4g', 2, 1507777611);
INSERT INTO `ns_goods_attribute` VALUES (377, 101, 0, 8, '输入框1', '1', 3, 1507952970);
INSERT INTO `ns_goods_attribute` VALUES (378, 101, 0, 2, '内存', '22', 1, 1507952970);
INSERT INTO `ns_goods_attribute` VALUES (379, 101, 0, 16, '测试', '1111', 4, 1507952970);
INSERT INTO `ns_goods_attribute` VALUES (380, 101, 0, 7, '网络', '4g', 2, 1507952970);
INSERT INTO `ns_goods_attribute` VALUES (381, 100, 0, 8, '输入框1', '1', 3, 1507952989);
INSERT INTO `ns_goods_attribute` VALUES (382, 100, 0, 2, '内存', '22', 1, 1507952989);
INSERT INTO `ns_goods_attribute` VALUES (383, 100, 0, 7, '网络', '3g', 2, 1507952989);
INSERT INTO `ns_goods_attribute` VALUES (384, 100, 0, 7, '网络', '4g', 2, 1507952989);
INSERT INTO `ns_goods_attribute` VALUES (385, 99, 0, 8, '输入框1', '1', 3, 1507953009);
INSERT INTO `ns_goods_attribute` VALUES (386, 99, 0, 7, '网络', '4g', 2, 1507953009);
INSERT INTO `ns_goods_attribute` VALUES (387, 102, 0, 8, '输入框1', '1', 3, 1507953027);
INSERT INTO `ns_goods_attribute` VALUES (388, 102, 0, 7, '网络', '4g', 2, 1507953027);
INSERT INTO `ns_goods_attribute` VALUES (399, 52, 0, 4, 'www', '', 0, 1508404583);

-- ----------------------------
-- Table structure for ns_goods_attribute_deleted
-- ----------------------------
DROP TABLE IF EXISTS `ns_goods_attribute_deleted`;
CREATE TABLE `ns_goods_attribute_deleted`  (
  `attr_id` int(10) NOT NULL,
  `goods_id` int(11) NOT NULL COMMENT '商品ID',
  `shop_id` int(11) NOT NULL DEFAULT 0 COMMENT '店铺ID',
  `attr_value_id` int(11) NOT NULL COMMENT '属性值id',
  `attr_value` varchar(255) CHARACTER SET utf8 COLLATE utf8_general_ci NOT NULL DEFAULT '' COMMENT '属性值名称',
  `attr_value_name` varchar(255) CHARACTER SET utf8 COLLATE utf8_general_ci NOT NULL DEFAULT '' COMMENT '属性值对应数据值',
  `sort` int(11) NOT NULL DEFAULT 0 COMMENT '排序',
  `create_time` int(11) NULL DEFAULT 0 COMMENT '创建时间'
) ENGINE = InnoDB AVG_ROW_LENGTH = 315 CHARACTER SET = utf8 COLLATE = utf8_general_ci COMMENT = '商品属性回收站表' ROW_FORMAT = Compact;

-- ----------------------------
-- Records of ns_goods_attribute_deleted
-- ----------------------------
INSERT INTO `ns_goods_attribute_deleted` VALUES (389, 65, 0, 8, '输入框1', '22', 3, 1508143896);
INSERT INTO `ns_goods_attribute_deleted` VALUES (390, 65, 0, 2, '内存', '22', 1, 1508143896);
INSERT INTO `ns_goods_attribute_deleted` VALUES (391, 65, 0, 7, '网络', '3g', 2, 1508143896);
INSERT INTO `ns_goods_attribute_deleted` VALUES (392, 65, 0, 7, '网络', '4g', 2, 1508143896);

-- ----------------------------
-- Table structure for ns_goods_attribute_value
-- ----------------------------
DROP TABLE IF EXISTS `ns_goods_attribute_value`;
CREATE TABLE `ns_goods_attribute_value`  (
  `attr_value_id` int(11) NOT NULL AUTO_INCREMENT COMMENT '商品属性值ID',
  `attr_id` int(11) NOT NULL COMMENT '商品属性ID',
  `attr_value` varchar(255) CHARACTER SET utf8 COLLATE utf8_general_ci NOT NULL DEFAULT '' COMMENT '值名称',
  `is_visible` bit(1) NOT NULL DEFAULT b'1' COMMENT '是否可视',
  `sort` int(11) NULL DEFAULT NULL,
  `create_time` int(11) NULL DEFAULT 0,
  PRIMARY KEY (`attr_value_id`) USING BTREE,
  INDEX `IDX_category_propvalues_c_pId`(`attr_id`) USING BTREE,
  INDEX `IDX_category_propvalues_orders`(`sort`) USING BTREE,
  INDEX `IDX_category_propvalues_value`(`attr_value`) USING BTREE
) ENGINE = InnoDB AUTO_INCREMENT = 1 AVG_ROW_LENGTH = 1092 CHARACTER SET = utf8 COLLATE = utf8_general_ci COMMENT = '商品规格值模版表' ROW_FORMAT = Compact;

-- ----------------------------
-- Table structure for ns_goods_brand
-- ----------------------------
DROP TABLE IF EXISTS `ns_goods_brand`;
CREATE TABLE `ns_goods_brand`  (
  `brand_id` bigint(20) NOT NULL AUTO_INCREMENT COMMENT '索引ID',
  `shop_id` int(11) NOT NULL DEFAULT 0 COMMENT '店铺ID',
  `brand_name` varchar(100) CHARACTER SET utf8 COLLATE utf8_general_ci NOT NULL COMMENT '品牌名称',
  `brand_initial` varchar(1) CHARACTER SET utf8 COLLATE utf8_general_ci NOT NULL COMMENT '品牌首字母',
  `brand_pic` varchar(100) CHARACTER SET utf8 COLLATE utf8_general_ci NOT NULL DEFAULT '' COMMENT '图片',
  `brand_recommend` tinyint(1) NOT NULL DEFAULT 0 COMMENT '推荐，0为否，1为是，默认为0',
  `sort` int(11) NULL DEFAULT NULL,
  `brand_category_name` varchar(50) CHARACTER SET utf8 COLLATE utf8_general_ci NOT NULL DEFAULT '' COMMENT '类别名称',
  `category_id_array` varchar(1000) CHARACTER SET utf8 COLLATE utf8_general_ci NOT NULL DEFAULT '' COMMENT '所属分类id组',
  `brand_ads` varchar(255) CHARACTER SET utf8 COLLATE utf8_general_ci NOT NULL DEFAULT '' COMMENT '品牌推荐广告',
  `category_name` varchar(50) CHARACTER SET utf8 COLLATE utf8_general_ci NOT NULL DEFAULT '' COMMENT '品牌所属分类名称',
  `category_id_1` int(11) NOT NULL DEFAULT 0 COMMENT '一级分类ID',
  `category_id_2` int(11) NOT NULL DEFAULT 0 COMMENT '二级分类ID',
  `category_id_3` int(11) NOT NULL DEFAULT 0 COMMENT '三级分类ID',
  PRIMARY KEY (`brand_id`) USING BTREE
) ENGINE = InnoDB AUTO_INCREMENT = 20 AVG_ROW_LENGTH = 1024 CHARACTER SET = utf8 COLLATE = utf8_general_ci COMMENT = '品牌表' ROW_FORMAT = Compact;

-- ----------------------------
-- Records of ns_goods_brand
-- ----------------------------
INSERT INTO `ns_goods_brand` VALUES (1, 0, '小学生', 'Z', 'http://ouo5ro5lf.bkt.clouddn.com/upload/goods_brand/1503710738.png', 1, 1, '', '', 'http://ouo5ro5lf.bkt.clouddn.com/upload/goods_brand/1503042381.jpg', '', 0, -1, -1);
INSERT INTO `ns_goods_brand` VALUES (2, 0, '商品品牌', 'A', 'http://ouo5ro5lf.bkt.clouddn.com/upload/goods_brand/1503710671.png', 1, 1, '', '', '', 'j', 42, -1, -1);
INSERT INTO `ns_goods_brand` VALUES (3, 0, '森马', 'S', 'http://ouo5ro5lf.bkt.clouddn.com/upload/goods_brand/1503710598.png', 1, 1, '', '', '', 'j', 42, -1, -1);
INSERT INTO `ns_goods_brand` VALUES (4, 0, '森马', 'S', 'http://ouo5ro5lf.bkt.clouddn.com/upload/goods_brand/1503710579.png', 1, 1, '', '', '', '', 0, -1, -1);
INSERT INTO `ns_goods_brand` VALUES (5, 0, '奇酷', 'S', 'http://ouo5ro5lf.bkt.clouddn.com/upload/goods_brand/1503710548.png', 1, 1, '', '', '', '', 0, -1, -1);
INSERT INTO `ns_goods_brand` VALUES (6, 0, '海尔', 'H', 'http://ouo5ro5lf.bkt.clouddn.com/upload/goods_brand/1503710296.png', 1, 1, '', '', '', 'j', 42, -1, -1);
INSERT INTO `ns_goods_brand` VALUES (7, 0, '努比亚', 'N', 'http://ouo5ro5lf.bkt.clouddn.com/upload/goods_brand/1503710410.png', 1, 1, '', '', 'upload/goods_brand/1505355551.png', 'j', 42, -1, -1);
INSERT INTO `ns_goods_brand` VALUES (8, 0, '发给', 'a', 'http://ouo5ro5lf.bkt.clouddn.com/upload/goods_brand/1503979522.jpg', 1, 1, '', '', '', 'j', 42, -1, -1);
INSERT INTO `ns_goods_brand` VALUES (9, 0, 'fgh ', 'a', 'http://ouo5ro5lf.bkt.clouddn.com/upload/goods_brand/1503979536.jpg', 1, 1, '', '', '', 'j', 42, -1, -1);
INSERT INTO `ns_goods_brand` VALUES (10, 0, 'dfh', 'f', 'http://ouo5ro5lf.bkt.clouddn.com/upload/goods_brand/1503979557.png', 1, 1, '', '', '', 'j', 42, -1, -1);
INSERT INTO `ns_goods_brand` VALUES (11, 0, '阿迪达斯', 'A', '', 1, 1, '', '', '', 'j', 42, -1, -1);
INSERT INTO `ns_goods_brand` VALUES (12, 0, '爱戈尔', 'Z', '', 1, 1, '', '', '', '', 0, -1, -1);
INSERT INTO `ns_goods_brand` VALUES (15, 0, '爱动电器', 'Z', '', 1, 1, '', '', '', '', 0, -1, -1);
INSERT INTO `ns_goods_brand` VALUES (16, 0, '奥丁格', 'Z', '', 1, 1, '', '', '', '', 0, -1, -1);
INSERT INTO `ns_goods_brand` VALUES (17, 0, '爱亲亲', 'Z', '', 1, 1, '', '', '', '', 0, -1, -1);
INSERT INTO `ns_goods_brand` VALUES (18, 0, '阿拉老酒', 'Z', '', 1, 1, '', '', '', '', 0, -1, -1);
INSERT INTO `ns_goods_brand` VALUES (19, 0, 'frs ', 'd', 'upload/goods_brand/1507542010.jpg', 1, 1, '', '', '', '2323', 4, 0, 0);

-- ----------------------------
-- Table structure for ns_goods_category
-- ----------------------------
DROP TABLE IF EXISTS `ns_goods_category`;
CREATE TABLE `ns_goods_category`  (
  `category_id` int(11) NOT NULL AUTO_INCREMENT,
  `category_name` varchar(50) CHARACTER SET utf8 COLLATE utf8_general_ci NOT NULL DEFAULT '',
  `short_name` varchar(50) CHARACTER SET utf8 COLLATE utf8_general_ci NOT NULL DEFAULT '' COMMENT '商品分类简称 ',
  `pid` int(11) NOT NULL DEFAULT 0,
  `level` tinyint(4) NOT NULL DEFAULT 0,
  `is_visible` int(11) NOT NULL DEFAULT 1 COMMENT '是否显示  1 显示 0 不显示',
  `attr_id` int(11) NOT NULL DEFAULT 0 COMMENT '关联商品类型ID',
  `attr_name` varchar(255) CHARACTER SET utf8 COLLATE utf8_general_ci NOT NULL DEFAULT '' COMMENT '关联类型名称',
  `keywords` varchar(255) CHARACTER SET utf8 COLLATE utf8_general_ci NOT NULL DEFAULT '',
  `description` varchar(255) CHARACTER SET utf8 COLLATE utf8_general_ci NULL DEFAULT '',
  `sort` int(11) NULL DEFAULT NULL,
  `category_pic` varchar(255) CHARACTER SET utf8 COLLATE utf8_general_ci NOT NULL DEFAULT '' COMMENT '商品分类图片',
  PRIMARY KEY (`category_id`) USING BTREE
) ENGINE = InnoDB AUTO_INCREMENT = 46 AVG_ROW_LENGTH = 244 CHARACTER SET = utf8 COLLATE = utf8_general_ci COMMENT = '商品分类表' ROW_FORMAT = Compact;

-- ----------------------------
-- Records of ns_goods_category
-- ----------------------------
INSERT INTO `ns_goods_category` VALUES (1, 'ssss', '女装', 0, 1, 1, 0, '', '女装111', '', 2, 'http://ouo5ro5lf.bkt.clouddn.com/upload/goods_category/1504599523.jpg');
INSERT INTO `ns_goods_category` VALUES (2, '短裤/热裤', '短裤/', 1, 2, 1, 2, '手机', '', '', 0, '');
INSERT INTO `ns_goods_category` VALUES (3, '汽车22', '汽车', 42, 2, 1, 0, '', '', '', 1, '');
INSERT INTO `ns_goods_category` VALUES (4, '2323', 'A', 0, 1, 1, 0, '', '', '', 1, '');
INSERT INTO `ns_goods_category` VALUES (6, 'B1', 'B', 4, 2, 1, 0, '', '', '', 0, '');
INSERT INTO `ns_goods_category` VALUES (8, '2333', 'C', 0, 1, 1, 0, '', '', '', 3, '');
INSERT INTO `ns_goods_category` VALUES (9, 'CC', 'CC', 8, 2, 1, 0, '', '', '', 0, '');
INSERT INTO `ns_goods_category` VALUES (11, 'd', 'D', 0, 1, 1, 0, '', '', '', 4, '');
INSERT INTO `ns_goods_category` VALUES (17, '111111111', '111', 2, 3, 1, 3, 'qqqq', '', '', 0, '');
INSERT INTO `ns_goods_category` VALUES (18, '222222222', '222', 2, 3, 1, 3, 'qqqq', '', '', 0, '');
INSERT INTO `ns_goods_category` VALUES (19, '222222222', '222', 2, 3, 1, 3, 'qqqq', '', '', 0, '');
INSERT INTO `ns_goods_category` VALUES (20, '33333333333', '333', 2, 3, 1, 3, 'qqqq', '', '', 0, '');
INSERT INTO `ns_goods_category` VALUES (21, '44444444444', '444', 2, 3, 1, 3, 'qqqq', '', '', 0, '');
INSERT INTO `ns_goods_category` VALUES (22, '555555555', '555', 2, 3, 1, 3, 'qqqq', '', '', 0, '');
INSERT INTO `ns_goods_category` VALUES (23, '6666666666', '666', 2, 3, 1, 3, 'qqqq', '', '', 0, '');
INSERT INTO `ns_goods_category` VALUES (24, '77777777777777', '777', 2, 3, 1, 3, 'qqqq', '', '', 0, '');
INSERT INTO `ns_goods_category` VALUES (25, '8888888888888', '888', 2, 3, 1, 3, 'qqqq', '', '', 0, '');
INSERT INTO `ns_goods_category` VALUES (26, '9999999999', '999', 2, 3, 1, 3, 'qqqq', '', '', 0, '');
INSERT INTO `ns_goods_category` VALUES (27, '00000000000', '000', 2, 3, 1, 3, 'qqqq', '', '', 0, '');
INSERT INTO `ns_goods_category` VALUES (29, 'e', '测试分类5', 0, 1, 1, 3, 'qqqq', '测试分类5', '', 5, 'http://ouo5ro5lf.bkt.clouddn.com/upload/goods_category/1503136635.jpg');
INSERT INTO `ns_goods_category` VALUES (30, '份额里', '撒旦法', 42, 2, 1, 0, '', '萨芬', '', 2, '');
INSERT INTO `ns_goods_category` VALUES (34, '测试商品', 'sdf', 1, 2, 1, 0, '', '', '', 0, '');
INSERT INTO `ns_goods_category` VALUES (38, 'f', '对方公司非官方大哥', 0, 1, 1, 2, '手机', '阿斯顿', '', 6, '');
INSERT INTO `ns_goods_category` VALUES (39, 'g', '撒旦法撒旦法三国', 0, 1, 1, 0, '', '', '', 7, '');
INSERT INTO `ns_goods_category` VALUES (40, 'h', '带她赢', 0, 1, 1, 0, '', '', '', 8, '');
INSERT INTO `ns_goods_category` VALUES (41, 'i', '测试分类', 0, 1, 1, 0, '', '', '', 9, '');
INSERT INTO `ns_goods_category` VALUES (42, 'j', '测试分类', 0, 1, 1, 0, '', '', '', 10, '');
INSERT INTO `ns_goods_category` VALUES (43, '手机/数码/平板', '手机/数码', 0, 1, 0, 2, '手机', '手机,平板', '', 11, '');
INSERT INTO `ns_goods_category` VALUES (44, '男装', '男装', 1, 2, 1, 0, '', '', '', 0, '');
INSERT INTO `ns_goods_category` VALUES (45, '女装', '女装', 1, 2, 1, 0, '', '', '', 0, '');

-- ----------------------------
-- Table structure for ns_goods_category_block
-- ----------------------------
DROP TABLE IF EXISTS `ns_goods_category_block`;
CREATE TABLE `ns_goods_category_block`  (
  `id` int(11) NOT NULL AUTO_INCREMENT,
  `shop_id` int(11) NOT NULL DEFAULT 0 COMMENT '实例id',
  `category_name` varchar(50) CHARACTER SET utf8 COLLATE utf8_general_ci NOT NULL DEFAULT '' COMMENT '分类名称',
  `category_id` int(11) NOT NULL DEFAULT 0 COMMENT '分类id',
  `short_name` varchar(50) CHARACTER SET utf8 COLLATE utf8_general_ci NOT NULL DEFAULT '' COMMENT '分类简称',
  `category_alias` varchar(50) CHARACTER SET utf8 COLLATE utf8_general_ci NOT NULL DEFAULT '' COMMENT '分类别名',
  `color` varchar(255) CHARACTER SET utf8 COLLATE utf8_general_ci NOT NULL DEFAULT '#FFFFFF' COMMENT '颜色',
  `is_show` int(11) NOT NULL DEFAULT 1 COMMENT '是否显示 1显示 0 不显示',
  `is_show_lower_category` int(11) NOT NULL DEFAULT 0 COMMENT '是否显示下级分类',
  `is_show_brand` int(11) NOT NULL DEFAULT 0 COMMENT '是否显示品牌',
  `sort` int(11) NOT NULL DEFAULT 0 COMMENT '排序',
  `ad_picture` varchar(255) CHARACTER SET utf8 COLLATE utf8_general_ci NOT NULL DEFAULT '' COMMENT '广告图  {[\"title\":\"\",\"subtitle\":\"\",\"picture\":\"\",\"url\":\"\",\"background\":\"\"]}',
  `create_time` int(11) NOT NULL DEFAULT 0 COMMENT '创建时间',
  `modify_time` int(11) NOT NULL DEFAULT 0 COMMENT '修改时间',
  PRIMARY KEY (`id`) USING BTREE
) ENGINE = InnoDB AUTO_INCREMENT = 27 AVG_ROW_LENGTH = 1820 CHARACTER SET = utf8 COLLATE = utf8_general_ci COMMENT = '商品分类楼层表' ROW_FORMAT = Compact;

-- ----------------------------
-- Records of ns_goods_category_block
-- ----------------------------
INSERT INTO `ns_goods_category_block` VALUES (1, 0, 'ssss', 1, '', 'sdf', '#ffffff', 0, 0, 0, 0, '{\"title\":\"111111\",\"subtitle\":\"111\",\"picture\":\"http://oz54h6dg5.bkt.clouddn.com/upload/image_collection/1510309671.png\",\"background\":\"#000000\",\"url\":\"wwww.niushop.com.cn\"}', 0, 1508386789);
INSERT INTO `ns_goods_category_block` VALUES (5, 0, '2323', 4, '2323', '2323', '#ffffff', 1, 1, 1, 1, '{\"title\":\"美妆个护\",\"subtitle\":\"美妆个护aaaaaa\",\"picture\":\"upload/image_collection/1506502432.jpg\",\"background\":\"#ffffff\",\"url\":\"1111\"}', 0, 1508745179);
INSERT INTO `ns_goods_category_block` VALUES (8, 0, '2333', 8, '2333', '2333', '#000000', 0, 0, 0, 0, '', 0, 1506581240);
INSERT INTO `ns_goods_category_block` VALUES (15, 0, 'e', 29, 'e', 'e', '#000000', 0, 0, 0, 0, '', 0, 1506581241);
INSERT INTO `ns_goods_category_block` VALUES (20, 0, 'g', 39, 'g', 'g', '#ffffff', 0, 0, 0, 1, '', 1503973118, 1506581243);
INSERT INTO `ns_goods_category_block` VALUES (21, 0, 'h', 40, 'h', 'h', '#ffffff', 0, 0, 0, 1, '', 1503973151, 1506581244);
INSERT INTO `ns_goods_category_block` VALUES (22, 0, 'i', 41, 'i', 'i', '#ffffff', 0, 0, 0, 2, '', 1503989371, 1506581246);
INSERT INTO `ns_goods_category_block` VALUES (23, 0, 'j', 42, 'j', 'j', '#ffffff', 1, 1, 1, 3, '{\"title\":\"dsf \",\"subtitle\":\"sdfdsf\",\"picture\":\"upload/image_collection/1506766354.png\",\"background\":\"#ffffff\",\"url\":\"http://www.baidu.com\"}', 1503997508, 1506581247);
INSERT INTO `ns_goods_category_block` VALUES (24, 0, 'd', 11, 'd', 'd', '#ffffff', 0, 0, 0, 2, '', 1503997667, 1506581241);
INSERT INTO `ns_goods_category_block` VALUES (25, 0, 'f', 38, 'f', 'f', '#ffffff', 1, 1, 1, 5, '{\"title\":\"服饰轻奢\",\"subtitle\":\"服饰轻奢aaa\",\"picture\":\"upload/image_collection/1506766301.png\",\"background\":\"#ffffff\",\"url\":\"11111\"}', 1503997744, 1506581242);
INSERT INTO `ns_goods_category_block` VALUES (26, 0, '手机/数码/平板', 43, '手机/数', '手机/数码/平板', '#FFFFFF', 1, 0, 0, 0, '', 1505470061, 1508744987);

-- ----------------------------
-- Table structure for ns_goods_comment
-- ----------------------------
DROP TABLE IF EXISTS `ns_goods_comment`;
CREATE TABLE `ns_goods_comment`  (
  `id` int(10) UNSIGNED NOT NULL AUTO_INCREMENT COMMENT '主键id',
  `uid` int(11) NOT NULL COMMENT '用户id',
  `shop_id` int(11) NOT NULL COMMENT '店铺id',
  `order_id` int(11) NOT NULL COMMENT '订单id',
  `create_time` int(11) NULL DEFAULT 0 COMMENT '评论创建时间',
  `status` int(11) NOT NULL DEFAULT 0 COMMENT '评论状态 0未评论 1已评论',
  `number` decimal(10, 2) NOT NULL DEFAULT 0.00 COMMENT '数量',
  PRIMARY KEY (`id`) USING BTREE
) ENGINE = InnoDB AUTO_INCREMENT = 22 AVG_ROW_LENGTH = 819 CHARACTER SET = utf8 COLLATE = utf8_general_ci COMMENT = '商品评论送积分记录表' ROW_FORMAT = Compact;

-- ----------------------------
-- Records of ns_goods_comment
-- ----------------------------
INSERT INTO `ns_goods_comment` VALUES (1, 1, 0, 33, 1502418945, 1, 10.00);
INSERT INTO `ns_goods_comment` VALUES (2, 1, 0, 23, 1502419501, 1, 10.00);
INSERT INTO `ns_goods_comment` VALUES (3, 1, 0, 59, 1502433754, 1, 9.00);
INSERT INTO `ns_goods_comment` VALUES (4, 1, 0, 58, 1502436050, 1, 9.00);
INSERT INTO `ns_goods_comment` VALUES (5, 1, 0, 15, 1502442968, 1, 9.00);
INSERT INTO `ns_goods_comment` VALUES (6, 1, 0, 15, 1502443794, 1, 9.00);
INSERT INTO `ns_goods_comment` VALUES (7, 1, 0, 63, 1502536197, 1, 9.00);
INSERT INTO `ns_goods_comment` VALUES (8, 1, 0, 58, 1502877564, 1, 9.00);
INSERT INTO `ns_goods_comment` VALUES (9, 1, 0, 33, 1503460030, 1, 9.00);
INSERT INTO `ns_goods_comment` VALUES (10, 1, 0, 78, 1503573845, 1, 9.00);
INSERT INTO `ns_goods_comment` VALUES (11, 1, 0, 82, 1503575119, 1, 9.00);
INSERT INTO `ns_goods_comment` VALUES (12, 1, 0, 9, 1503628742, 1, 9.00);
INSERT INTO `ns_goods_comment` VALUES (13, 1, 0, 36, 1503653311, 1, 9.00);
INSERT INTO `ns_goods_comment` VALUES (14, 1, 0, 134, 1505388468, 1, 9.00);
INSERT INTO `ns_goods_comment` VALUES (15, 1, 0, 135, 1505461330, 1, 9.00);
INSERT INTO `ns_goods_comment` VALUES (16, 1, 0, 75, 1505469519, 1, 9.00);
INSERT INTO `ns_goods_comment` VALUES (17, 1, 0, 167, 1505986259, 1, 9.00);
INSERT INTO `ns_goods_comment` VALUES (18, 1, 0, 101, 1505986431, 1, 9.00);
INSERT INTO `ns_goods_comment` VALUES (19, 58, 0, 202, 1506680446, 1, 9.00);
INSERT INTO `ns_goods_comment` VALUES (20, 59, 0, 210, 1507531690, 1, 9.00);
INSERT INTO `ns_goods_comment` VALUES (21, 1, 0, 99, 1507603966, 1, 9.00);

-- ----------------------------
-- Table structure for ns_goods_deleted
-- ----------------------------
DROP TABLE IF EXISTS `ns_goods_deleted`;
CREATE TABLE `ns_goods_deleted`  (
  `goods_id` int(10) NOT NULL DEFAULT 0 COMMENT '商品id(SKU)',
  `goods_name` varchar(50) CHARACTER SET utf8 COLLATE utf8_general_ci NOT NULL DEFAULT '' COMMENT '商品名称',
  `shop_id` int(10) UNSIGNED NOT NULL DEFAULT 1 COMMENT '店铺id',
  `category_id` int(10) UNSIGNED NOT NULL DEFAULT 0 COMMENT '商品分类id',
  `category_id_1` int(10) UNSIGNED NOT NULL DEFAULT 0 COMMENT '一级分类id',
  `category_id_2` int(10) UNSIGNED NOT NULL DEFAULT 0 COMMENT '二级分类id',
  `category_id_3` int(10) UNSIGNED NOT NULL DEFAULT 0 COMMENT '三级分类id',
  `brand_id` int(10) UNSIGNED NOT NULL DEFAULT 0 COMMENT '品牌id',
  `group_id_array` varchar(255) CHARACTER SET utf8 COLLATE utf8_general_ci NOT NULL DEFAULT '' COMMENT '店铺分类id 首尾用,隔开',
  `promotion_type` tinyint(3) NOT NULL DEFAULT 0 COMMENT '促销类型 0无促销，1团购，2限时折扣',
  `promote_id` int(11) NOT NULL DEFAULT 0 COMMENT '促销活动ID',
  `goods_type` tinyint(4) NOT NULL DEFAULT 1 COMMENT '实物或虚拟商品标志 1实物商品 0 虚拟商品 2 F码商品',
  `market_price` decimal(10, 2) NOT NULL DEFAULT 0.00 COMMENT '市场价',
  `price` decimal(19, 2) NOT NULL DEFAULT 0.00 COMMENT '商品原价格',
  `promotion_price` decimal(10, 2) NOT NULL DEFAULT 0.00 COMMENT '商品促销价格',
  `cost_price` decimal(19, 2) NOT NULL DEFAULT 0.00 COMMENT '成本价',
  `point_exchange_type` tinyint(3) NOT NULL DEFAULT 0 COMMENT '积分兑换类型 0 非积分兑换 1 只能积分兑换 ',
  `point_exchange` int(11) NOT NULL DEFAULT 0 COMMENT '积分兑换',
  `give_point` int(11) NOT NULL DEFAULT 0 COMMENT '购买商品赠送积分',
  `is_member_discount` int(1) NOT NULL DEFAULT 0 COMMENT '参与会员折扣',
  `shipping_fee` decimal(10, 2) NOT NULL DEFAULT 0.00 COMMENT '运费 0为免运费',
  `shipping_fee_id` int(11) NOT NULL DEFAULT 0 COMMENT '售卖区域id 物流模板id  ns_order_shipping_fee 表id',
  `stock` int(10) NOT NULL DEFAULT 0 COMMENT '商品库存',
  `max_buy` int(11) NOT NULL DEFAULT 0 COMMENT '限购 0 不限购',
  `clicks` int(10) UNSIGNED NOT NULL DEFAULT 0 COMMENT '商品点击数量',
  `min_stock_alarm` int(11) NOT NULL DEFAULT 0 COMMENT '库存预警值',
  `sales` int(10) UNSIGNED NOT NULL DEFAULT 0 COMMENT '销售数量',
  `collects` int(10) UNSIGNED NOT NULL DEFAULT 0 COMMENT '收藏数量',
  `star` tinyint(3) UNSIGNED NOT NULL DEFAULT 5 COMMENT '好评星级',
  `evaluates` int(10) UNSIGNED NOT NULL DEFAULT 0 COMMENT '评价数',
  `shares` int(11) NOT NULL DEFAULT 0 COMMENT '分享数',
  `province_id` int(10) UNSIGNED NOT NULL DEFAULT 0 COMMENT '一级地区id',
  `city_id` int(10) UNSIGNED NOT NULL DEFAULT 0 COMMENT '二级地区id',
  `picture` int(11) NOT NULL DEFAULT 0 COMMENT '商品主图',
  `keywords` varchar(255) CHARACTER SET utf8 COLLATE utf8_general_ci NOT NULL DEFAULT '' COMMENT '商品关键词',
  `introduction` varchar(255) CHARACTER SET utf8 COLLATE utf8_general_ci NOT NULL DEFAULT '' COMMENT '商品简介，促销语',
  `description` text CHARACTER SET utf8 COLLATE utf8_general_ci NOT NULL COMMENT '商品详情',
  `QRcode` varchar(255) CHARACTER SET utf8 COLLATE utf8_general_ci NOT NULL DEFAULT '' COMMENT '商品二维码',
  `code` varchar(50) CHARACTER SET utf8 COLLATE utf8_general_ci NOT NULL DEFAULT '' COMMENT '商家编号',
  `is_stock_visible` int(1) NOT NULL DEFAULT 0 COMMENT '页面不显示库存',
  `is_hot` int(1) NOT NULL DEFAULT 0 COMMENT '是否热销商品',
  `is_recommend` int(1) NOT NULL DEFAULT 0 COMMENT '是否推荐',
  `is_new` int(1) NOT NULL DEFAULT 0 COMMENT '是否新品',
  `is_pre_sale` int(1) NOT NULL DEFAULT 0 COMMENT '是否预售',
  `is_bill` int(1) NOT NULL DEFAULT 0 COMMENT '是否开具增值税发票 1是，0否',
  `state` tinyint(3) NOT NULL DEFAULT 1 COMMENT '商品状态 0下架，1正常，10违规（禁售）',
  `sort` int(11) NOT NULL DEFAULT 0 COMMENT '排序',
  `img_id_array` varchar(1000) CHARACTER SET utf8 COLLATE utf8_general_ci NULL DEFAULT NULL COMMENT '商品图片序列',
  `sku_img_array` varchar(1000) CHARACTER SET utf8 COLLATE utf8_general_ci NULL DEFAULT NULL COMMENT '商品sku应用图片列表  属性,属性值，图片ID',
  `match_point` float(10, 2) NULL DEFAULT NULL COMMENT '实物与描述相符（根据评价计算）',
  `match_ratio` float(10, 2) NULL DEFAULT NULL COMMENT '实物与描述相符（根据评价计算）百分比',
  `real_sales` int(10) NOT NULL DEFAULT 0 COMMENT '实际销量',
  `goods_attribute_id` int(11) NOT NULL DEFAULT 0 COMMENT '商品类型',
  `goods_spec_format` text CHARACTER SET utf8 COLLATE utf8_general_ci NOT NULL COMMENT '商品规格',
  `goods_weight` decimal(8, 2) NOT NULL DEFAULT 0.00 COMMENT '商品重量',
  `goods_volume` decimal(8, 2) NOT NULL DEFAULT 0.00 COMMENT '商品体积',
  `shipping_fee_type` int(11) NOT NULL DEFAULT 1 COMMENT '计价方式1.重量2.体积3.计件',
  `extend_category_id` varchar(255) CHARACTER SET utf8 COLLATE utf8_general_ci NULL DEFAULT NULL,
  `extend_category_id_1` varchar(255) CHARACTER SET utf8 COLLATE utf8_general_ci NULL DEFAULT NULL,
  `extend_category_id_2` varchar(255) CHARACTER SET utf8 COLLATE utf8_general_ci NULL DEFAULT NULL,
  `extend_category_id_3` varchar(255) CHARACTER SET utf8 COLLATE utf8_general_ci NULL DEFAULT NULL,
  `supplier_id` int(11) NOT NULL DEFAULT 0 COMMENT '供货商id',
  `sale_date` int(11) NULL DEFAULT 0 COMMENT '上下架时间',
  `create_time` int(11) NULL DEFAULT 0 COMMENT '商品添加时间',
  `update_time` int(11) NULL DEFAULT 0 COMMENT '商品编辑时间',
  `min_buy` int(11) NOT NULL DEFAULT 0 COMMENT '最小购买数'
) ENGINE = InnoDB AVG_ROW_LENGTH = 16384 CHARACTER SET = utf8 COLLATE = utf8_general_ci COMMENT = '商品回收站表' ROW_FORMAT = Compact;

-- ----------------------------
-- Records of ns_goods_deleted
-- ----------------------------
INSERT INTO `ns_goods_deleted` VALUES (65, 'nubia/努比亚 Z17无边框骁龙835双摄旗舰新品', 0, 34, 1, 34, 0, 4, '', 0, 0, 1, 0.00, 0.00, 0.00, 0.00, 0, 0, 0, 0, 1.00, 0, 88, 0, 0, 5, 30, 0, 0, 0, 0, 0, 0, 256, '高通骁龙835,努比亚', '2300+1200万变焦双摄 骁龙835', '<p>成</p>', 'upload/goods_qrcode/goods_qrcode_65.png', '', 1, 0, 1, 0, 0, 0, 1, 0, '256,252', '', 5.00, 100.00, 30, 2, '[]', 3.00, 0.00, 1, '', '', '', '', 0, 1503114170, 1503114170, 1508202565, 0);

-- ----------------------------
-- Table structure for ns_goods_evaluate
-- ----------------------------
DROP TABLE IF EXISTS `ns_goods_evaluate`;
CREATE TABLE `ns_goods_evaluate`  (
  `id` int(11) NOT NULL AUTO_INCREMENT COMMENT '评价ID',
  `order_id` int(11) NOT NULL COMMENT '订单ID',
  `order_no` bigint(20) UNSIGNED NOT NULL COMMENT '订单编号',
  `order_goods_id` int(11) NOT NULL COMMENT '订单项ID',
  `goods_id` int(11) NOT NULL COMMENT '商品ID',
  `goods_name` varchar(100) CHARACTER SET utf8 COLLATE utf8_general_ci NOT NULL COMMENT '商品名称',
  `goods_price` decimal(10, 2) NOT NULL DEFAULT 0.00 COMMENT '商品价格',
  `goods_image` varchar(255) CHARACTER SET utf8 COLLATE utf8_general_ci NOT NULL DEFAULT '' COMMENT '商品图片',
  `shop_id` int(11) NOT NULL COMMENT '店铺ID',
  `shop_name` varchar(100) CHARACTER SET utf8 COLLATE utf8_general_ci NOT NULL COMMENT '店铺名称',
  `content` varchar(255) CHARACTER SET utf8 COLLATE utf8_general_ci NOT NULL DEFAULT '' COMMENT '评价内容',
  `image` varchar(255) CHARACTER SET utf8 COLLATE utf8_general_ci NOT NULL DEFAULT '' COMMENT '评价图片',
  `explain_first` varchar(255) CHARACTER SET utf8 COLLATE utf8_general_ci NOT NULL DEFAULT '' COMMENT '解释内容',
  `member_name` varchar(100) CHARACTER SET utf8 COLLATE utf8_general_ci NOT NULL DEFAULT '' COMMENT '评价人名称',
  `uid` int(11) NOT NULL COMMENT '评价人编号',
  `is_anonymous` tinyint(1) NOT NULL DEFAULT 0 COMMENT '0表示不是 1表示是匿名评价',
  `scores` tinyint(1) NOT NULL COMMENT '1-5分',
  `again_content` varchar(255) CHARACTER SET utf8 COLLATE utf8_general_ci NOT NULL DEFAULT '' COMMENT '追加评价内容',
  `again_image` varchar(255) CHARACTER SET utf8 COLLATE utf8_general_ci NOT NULL DEFAULT '' COMMENT '追加评价图片',
  `again_explain` varchar(255) CHARACTER SET utf8 COLLATE utf8_general_ci NOT NULL DEFAULT '' COMMENT '追加解释内容',
  `explain_type` int(11) NULL DEFAULT 0 COMMENT '1好评2中评3差评',
  `is_show` int(1) NULL DEFAULT 1 COMMENT '1显示 0隐藏',
  `addtime` int(11) NULL DEFAULT 0 COMMENT '评价时间',
  `again_addtime` int(11) NULL DEFAULT 0 COMMENT '追加评价时间',
  PRIMARY KEY (`id`) USING BTREE
) ENGINE = InnoDB AUTO_INCREMENT = 38 AVG_ROW_LENGTH = 1489 CHARACTER SET = utf8 COLLATE = utf8_general_ci COMMENT = '商品评价表' ROW_FORMAT = Compact;

-- ----------------------------
-- Records of ns_goods_evaluate
-- ----------------------------
INSERT INTO `ns_goods_evaluate` VALUES (3, 15, 2147483647, 16, 16, '测试商品11', 0.00, 'upload/goods/703e7f1766203c3cd2807c27abf041f2.png', 0, '默认', '良心商家，质量很好。', '', '', 'admin', 1, 0, 5, '', '', '', 1, 1, 1501119597, NULL);
INSERT INTO `ns_goods_evaluate` VALUES (4, 15, 2147483647, 17, 15, '测试商品10', 12.00, 'upload/goods/c35792f5d6168cf2d54e8ced3ae7051b.jpg', 0, '默认', '良心商家，质量很好。', '', '', 'admin', 1, 0, 5, '', '', '', 1, 1, 1501119597, NULL);
INSERT INTO `ns_goods_evaluate` VALUES (5, 33, 2147483647, 35, 3, '东风日产 轩逸', 118800.00, 'upload/goods/e27d0627e2ed1912fd6fc834ef2040c9.jpg', 0, '默认', '111', '', '', 'admin', 1, 0, 5, '', '', '', 1, 1, 1502270063, 0);
INSERT INTO `ns_goods_evaluate` VALUES (6, 23, 2147483647, 25, 17, '测试商品11', 6.00, 'upload/goods/6942e61a295f52bfc7ece6d312305b2a.png', 0, '默认', '撒旦撒多所大所大', '', '', 'admin', 1, 1, 3, 'lihia', '', '', 2, 1, 1502329867, 1502419550);
INSERT INTO `ns_goods_evaluate` VALUES (7, 31, 2147483647, 33, 7, '测试商品', 100.00, 'upload/goods/f89edb3a8e6ed34d5cbfa5270970eb17.png', 0, '默认', 'pc端评价', '', '', 'lzw', 6, 0, 5, '追加评价也出来了~~', 'upload/evaluate/1502350395.jpg,upload/evaluate/1502350397.jpg', '', 1, 1, 1502331500, 1502350399);
INSERT INTO `ns_goods_evaluate` VALUES (8, 29, 2147483647, 31, 7, '测试商品', 100.00, 'upload/goods/f89edb3a8e6ed34d5cbfa5270970eb17.png', 0, '默认', 'lzw我要评价手机端测试商品功能', '', '', 'lzw', 6, 0, 4, '', '', '', 1, 1, 1502336317, 0);
INSERT INTO `ns_goods_evaluate` VALUES (9, 30, 2147483647, 32, 7, '测试商品', 100.00, 'upload/goods/f89edb3a8e6ed34d5cbfa5270970eb17.png', 0, '默认', '我要评价第二次手机端', '', '', 'lzw', 6, 0, 3, '啊啊啊啊', '', '', 2, 1, 1502336816, 1502337646);
INSERT INTO `ns_goods_evaluate` VALUES (10, 27, 2147483647, 29, 7, '测试商品', 100.00, 'upload/goods/f89edb3a8e6ed34d5cbfa5270970eb17.png', 0, '默认', '手机端烦烦烦啊烦烦烦', '', '', 'lzw', 6, 1, 3, '', '', '', 2, 1, 1502338915, 0);
INSERT INTO `ns_goods_evaluate` VALUES (11, 30, 2147483647, 32, 7, '测试商品', 100.00, 'upload/goods/f89edb3a8e6ed34d5cbfa5270970eb17.png', 0, '默认', '终于出来了~~', 'upload/evaluate/1502349278.jpg,upload/evaluate/1502349280.jpg,upload/evaluate/1502349283.jpg', '', 'lzw', 6, 1, 3, '', '', '', 2, 1, 1502349289, 0);
INSERT INTO `ns_goods_evaluate` VALUES (12, 56, 2147483647, 62, 3, '东风日产 轩逸', 504000.00, 'upload/goods/e27d0627e2ed1912fd6fc834ef2040c9.jpg', 0, '默认', 'dddd', 'upload/evaluate/1502368385.jpg,upload/evaluate/1502368388.jpg', '', 'admin', 1, 1, 4, 'sddd', '', '', 1, 1, 1502368417, 1502368430);
INSERT INTO `ns_goods_evaluate` VALUES (13, 33, 2147483647, 35, 3, '东风日产 轩逸', 118800.00, 'upload/goods/e27d0627e2ed1912fd6fc834ef2040c9.jpg', 0, '默认', 'haokan', '', '', 'admin', 1, 0, 5, '', '', '', 1, 1, 1502418945, 0);
INSERT INTO `ns_goods_evaluate` VALUES (14, 23, 2147483647, 25, 17, '测试商品11', 6.00, 'upload/goods/6942e61a295f52bfc7ece6d312305b2a.png', 0, '默认', 'meili', '', '', 'admin', 1, 0, 5, 'lihia', '', '', 1, 1, 1502419501, 1502419550);
INSERT INTO `ns_goods_evaluate` VALUES (15, 59, 2147483647, 65, 56, '2212', 73.20, 'upload/goods/d753577bfce798d7a2794af27095cb6c.png', 0, '默认', '豆腐干豆腐', '', '', 'admin', 1, 0, 5, 'ffff', 'upload/evaluate/1502439327.jpg,upload/evaluate/1502439329.jpg', '', 1, 1, 1502433753, 1502439331);
INSERT INTO `ns_goods_evaluate` VALUES (16, 58, 2147483647, 64, 1, '韩版牛仔短裤女夏前短后长高腰a字毛边大码宽松学生阔腿卷边热裤', 23.40, 'upload/goods/fa2edf431fbfa8427daf31f9f8ddf361.png', 0, '默认', '简直了', 'upload/evaluate/1502436049.jpg', '', 'admin', 1, 0, 5, '很好很不错', 'upload/common/1503654021.jpg,upload/common/1503654028.jpg', '', 1, 1, 1502436050, 1503654046);
INSERT INTO `ns_goods_evaluate` VALUES (17, 15, 2147483647, 15, 1, '韩版牛仔短裤女夏前短后长高腰a字毛边大码宽松学生阔腿卷边热裤', 70.20, '', 0, '默认', '111111', 'upload/evaluate/1502442942.jpg', '', 'admin', 1, 0, 4, '', '', '', 1, 1, 1502442967, 0);
INSERT INTO `ns_goods_evaluate` VALUES (18, 15, 2147483647, 16, 16, '测试商品11', 0.00, '', 0, '默认', '2222222', 'upload/evaluate/1502442946.jpg', '', 'admin', 1, 0, 4, '', '', '', 1, 1, 1502442967, 0);
INSERT INTO `ns_goods_evaluate` VALUES (19, 15, 2147483647, 17, 15, '测试商品10', 12.00, 'upload/goods/c35792f5d6168cf2d54e8ced3ae7051b.jpg', 0, '默认', '33333333333', 'upload/evaluate/1502442949.jpg', '', 'admin', 1, 0, 4, '', '', '', 1, 1, 1502442967, 0);
INSERT INTO `ns_goods_evaluate` VALUES (20, 15, 2147483647, 15, 1, '韩版牛仔短裤女夏前短后长高腰a字毛边大码宽松学生阔腿卷边热裤', 70.20, '', 0, '默认', '11111111', '', '', 'admin', 1, 0, 5, '', '', '', 1, 1, 1502443794, 0);
INSERT INTO `ns_goods_evaluate` VALUES (21, 15, 2147483647, 16, 16, '测试商品11', 0.00, '', 0, '默认', '2222222222', '', '', 'admin', 1, 0, 5, '', '', '', 1, 1, 1502443794, 0);
INSERT INTO `ns_goods_evaluate` VALUES (22, 15, 2147483647, 17, 15, '测试商品10', 12.00, 'upload/goods/c35792f5d6168cf2d54e8ced3ae7051b.jpg', 0, '默认', '3333333333333', '', '', 'admin', 1, 0, 5, '', '', '', 1, 1, 1502443794, 0);
INSERT INTO `ns_goods_evaluate` VALUES (25, 33, 2147483647, 35, 3, '东风日产 轩逸', 118800.00, 'upload/goods/e27d0627e2ed1912fd6fc834ef2040c9.jpg', 0, '默认', '2017-8-23慎重购买！！', '/niushop_b2c_demo/niushop_b2c_demo/upload/evaluate/1503460023.jpg', '', 'admin', 1, 1, 2, '', '', '', 2, 1, 1503460029, 0);
INSERT INTO `ns_goods_evaluate` VALUES (26, 78, 2147483647, 85, 65, 'nubia/努比亚 Z17无边框骁龙835双摄旗舰新品', 1679.40, 'http://ouo5ro5lf.bkt.clouddn.com/upload/goods/20170818/1f556ea50dd886fe4fc11f7401de2075.jpg', 0, '默认', '1111111111111111', '/niushop_b2c_demo/niushop_b2c_demo/upload/common/1503573824.png,/niushop_b2c_demo/niushop_b2c_demo/upload/common/1503573836.png', '', 'admin', 1, 0, 5, '2122222222', 'upload/common/1503574155.png,upload/common/1503574158.png', '', 1, 1, 1503573844, 1503574160);
INSERT INTO `ns_goods_evaluate` VALUES (27, 82, 2147483647, 89, 7, '测试商品', 60.00, 'upload/goods/2017081449f218b2e21bc4f557311cd16d614bd9.jpg', 0, '默认', '451145551', 'upload/common/1503575103.png,upload/common/1503575105.png', '', 'admin', 1, 0, 5, '6666666666', 'upload/common/1503575175.png', '', 1, 1, 1503575119, 1503575176);
INSERT INTO `ns_goods_evaluate` VALUES (28, 9, 2147483647, 9, 1, '韩版牛仔短裤女夏前短后长高腰a字毛边大码宽松学生阔腿卷边热裤', 27.30, '', 0, '默认', '很好很不错', 'upload/common/1503628738.png', '', 'admin', 1, 0, 5, '', '', '', 1, 1, 1503628742, 0);
INSERT INTO `ns_goods_evaluate` VALUES (29, 36, 2147483647, 38, 3, '东风日产 轩逸', 297600.00, 'upload/goods/e27d0627e2ed1912fd6fc834ef2040c9.jpg', 0, '默认', '差评', 'upload/common/1503653295.jpg', '', 'admin', 1, 1, 1, '', '', '', 3, 1, 1503653311, 0);
INSERT INTO `ns_goods_evaluate` VALUES (30, 134, 2147483647, 144, 14, '测试商品6', 6.00, 'http://ouo5ro5lf.bkt.clouddn.com/upload/goods/20170829/dc201e822cbe7e22ac80736b534dcbfa.jpg', 0, '默认', '21212121', '', '', 'admin', 1, 0, 5, '', '', '', 1, 1, 1505388468, 0);
INSERT INTO `ns_goods_evaluate` VALUES (31, 135, 2147483647, 145, 14, '测试商品6', 6.00, 'http://ouo5ro5lf.bkt.clouddn.com/upload/goods/20170829/dc201e822cbe7e22ac80736b534dcbfa.jpg', 0, '默认', 'sg', '', '', 'admin', 1, 0, 5, '', '', '', 1, 1, 1505461330, 0);
INSERT INTO `ns_goods_evaluate` VALUES (32, 75, 2147483647, 82, 64, '测试', 0.00, 'http://ouo5ro5lf.bkt.clouddn.com/upload/goods/20170818/70f992783c91baeb4933207a86a1e224.jpg', 0, '默认', 'aaaaaaaa', '', '', 'admin', 1, 0, 5, '', '', '', 1, 1, 1505469519, 0);
INSERT INTO `ns_goods_evaluate` VALUES (33, 167, 2147483647, 185, 73, '测试商品', 12.00, 'http://ouo5ro5lf.bkt.clouddn.com/upload/goods/20170830/c16bdbf5fbd6acd071d35e9764cee9e0.jpg', 0, '默认', 'thfbcb', 'upload/common/1505986253.png,upload/common/1505986255.png', '', 'admin', 1, 0, 5, 'jh', 'upload/common/1505986465.png,upload/common/1505986467.png', '', 1, 1, 1505986259, 1505986469);
INSERT INTO `ns_goods_evaluate` VALUES (34, 101, 2147483647, 108, 52, 'FANSILANEN喇叭袖V领条纹修身裙子夏连衣裙衬衫裙中长款高腰a字裙-副本', 0.01, 'upload/goods/20170817/17811cd8e091d1b18df2a5276e19a9b0.jpg', 0, '默认', '11', 'upload/common/1505986429.png', '', 'admin', 1, 0, 5, '', '', '', 1, 1, 1505986431, 0);
INSERT INTO `ns_goods_evaluate` VALUES (35, 202, 2147483647, 229, 96, '撒旦', 100.00, 'upload/goods/20170929/9c48146c2f1ecf43b9bda4a28a0d98c0.jpg', 0, '默认', '的风格', 'upload/common/1506680433.png,upload/common/1506680437.jpg', '', 'zkf123', 58, 0, 5, '', '', '', 1, 1, 1506680446, 0);
INSERT INTO `ns_goods_evaluate` VALUES (36, 210, 2147483647, 235, 96, '撒旦', 99.90, 'upload/goods/20170929/9c48146c2f1ecf43b9bda4a28a0d98c0.jpg', 0, '默认', 'gh', 'upload/common/1507531673.png,upload/common/1507531677.jpg', '', 'zkf', 59, 0, 5, '', '', '', 1, 1, 1507531690, 0);
INSERT INTO `ns_goods_evaluate` VALUES (37, 99, 2147483647, 106, 1, '韩版牛仔短裤女夏前短后长高腰a字毛边大码宽松学生阔腿卷边热裤', 117.00, 'http://ouo5ro5lf.bkt.clouddn.com/upload/goods/20170828/f42d3f0cb1d6d4fa07bb310ba52340af.jpg', 0, '默认', 'O(∩_∩)O哈哈~O(∩_∩)O哈哈~O(∩_∩)O哈哈~O(∩_∩)O哈哈~', '', '', 'admin', 1, 0, 5, '', '', '', 1, 1, 1507603966, 0);

-- ----------------------------
-- Table structure for ns_goods_group
-- ----------------------------
DROP TABLE IF EXISTS `ns_goods_group`;
CREATE TABLE `ns_goods_group`  (
  `group_id` int(11) NOT NULL AUTO_INCREMENT,
  `shop_id` int(11) NOT NULL,
  `group_name` varchar(50) CHARACTER SET utf8 COLLATE utf8_general_ci NOT NULL DEFAULT '' COMMENT '分类名称',
  `pid` int(11) NOT NULL DEFAULT 0 COMMENT '上级id 最多2级',
  `level` tinyint(4) NOT NULL DEFAULT 0 COMMENT '级别',
  `is_visible` int(1) NOT NULL DEFAULT 1 COMMENT '是否可视',
  `group_pic` varchar(100) CHARACTER SET utf8 COLLATE utf8_general_ci NOT NULL DEFAULT '' COMMENT '图片',
  `sort` int(11) NULL DEFAULT NULL,
  PRIMARY KEY (`group_id`) USING BTREE
) ENGINE = InnoDB AUTO_INCREMENT = 10 AVG_ROW_LENGTH = 160 CHARACTER SET = utf8 COLLATE = utf8_general_ci COMMENT = '商品本店分类' ROW_FORMAT = Compact;

-- ----------------------------
-- Records of ns_goods_group
-- ----------------------------
INSERT INTO `ns_goods_group` VALUES (1, 0, '小学生分组', 0, 1, 1, '292', 1);
INSERT INTO `ns_goods_group` VALUES (3, 0, '测试11', 0, 1, 1, '295', 2);
INSERT INTO `ns_goods_group` VALUES (7, 0, '分组3', 0, 1, 1, '288', 1);
INSERT INTO `ns_goods_group` VALUES (8, 0, '111', 0, 1, 1, '291', 0);
INSERT INTO `ns_goods_group` VALUES (9, 0, '分组5', 0, 1, 1, '255', 0);

-- ----------------------------
-- Table structure for ns_goods_sku
-- ----------------------------
DROP TABLE IF EXISTS `ns_goods_sku`;
CREATE TABLE `ns_goods_sku`  (
  `sku_id` int(11) NOT NULL AUTO_INCREMENT COMMENT '表序号',
  `goods_id` int(11) NOT NULL DEFAULT 0 COMMENT '商品编号',
  `sku_name` varchar(500) CHARACTER SET utf8 COLLATE utf8_general_ci NOT NULL DEFAULT '' COMMENT 'SKU名称',
  `attr_value_items` varchar(255) CHARACTER SET utf8 COLLATE utf8_general_ci NOT NULL DEFAULT '' COMMENT '属性和属性值 id串 attribute + attribute value 表ID分号分隔',
  `attr_value_items_format` varchar(500) CHARACTER SET utf8 COLLATE utf8_general_ci NOT NULL DEFAULT '' COMMENT '属性和属性值id串组合json格式',
  `market_price` decimal(10, 2) NOT NULL DEFAULT 0.00 COMMENT '市场价',
  `price` decimal(10, 2) NOT NULL DEFAULT 0.00 COMMENT '价格',
  `promote_price` decimal(10, 2) NOT NULL DEFAULT 0.00 COMMENT '促销价格',
  `cost_price` decimal(19, 2) NOT NULL DEFAULT 0.00 COMMENT '成本价',
  `stock` int(11) NOT NULL DEFAULT 0 COMMENT '库存',
  `picture` int(11) NOT NULL DEFAULT 0 COMMENT '如果是第一个sku编码, 可以加图片',
  `code` varchar(255) CHARACTER SET utf8 COLLATE utf8_general_ci NOT NULL DEFAULT '' COMMENT '商家编码',
  `QRcode` varchar(255) CHARACTER SET utf8 COLLATE utf8_general_ci NOT NULL DEFAULT '' COMMENT '商品二维码',
  `create_date` int(11) NULL DEFAULT 0 COMMENT '创建时间',
  `update_date` int(11) NULL DEFAULT 0 COMMENT '修改时间',
  PRIMARY KEY (`sku_id`) USING BTREE
) ENGINE = InnoDB AUTO_INCREMENT = 451 AVG_ROW_LENGTH = 481 CHARACTER SET = utf8 COLLATE = utf8_general_ci COMMENT = '商品skui规格价格库存信息表' ROW_FORMAT = Compact;

-- ----------------------------
-- Records of ns_goods_sku
-- ----------------------------
INSERT INTO `ns_goods_sku` VALUES (1, 1, '', '', '', 40.00, 39.00, 39.00, 30.00, 46, 0, '', '', 1500265390, 1507884766);
INSERT INTO `ns_goods_sku` VALUES (34, 14, '红色 ', '1:2', '1:2', 0.00, 10.00, 9.99, 3.00, 89, 0, '', '', 1500449754, 1505360317);
INSERT INTO `ns_goods_sku` VALUES (35, 14, '蓝色 ', '1:3', '1:3', 0.00, 10.00, 9.99, 3.00, 97, 0, '', '', 1500449754, 1505360317);
INSERT INTO `ns_goods_sku` VALUES (126, 49, 's ', '2:7', '2:7', 199.00, 200.00, 200.00, 100.00, 995, 0, '000000000001', '', 1501044013, 1504766322);
INSERT INTO `ns_goods_sku` VALUES (127, 49, 'm ', '2:8', '2:8', 200.00, 200.00, 200.00, 100.00, 999, 0, '111111111112', '', 1501044013, 1504766322);
INSERT INTO `ns_goods_sku` VALUES (128, 49, 'l ', '2:9', '2:9', 200.00, 200.00, 200.00, 100.00, 1000, 0, '0000003', '', 1501044013, 1504766322);
INSERT INTO `ns_goods_sku` VALUES (129, 49, 'xl ', '2:10', '2:10', 200.00, 200.00, 200.00, 100.00, 999, 0, '004', '', 1501044013, 1504766322);
INSERT INTO `ns_goods_sku` VALUES (130, 49, 'xxl ', '2:11', '2:11', 200.00, 200.00, 200.00, 100.00, 1000, 0, '00000000005', '', 1501044013, 1504766322);
INSERT INTO `ns_goods_sku` VALUES (131, 49, 'xxxl ', '2:12', '2:12', 200.00, 200.00, 200.00, 100.00, 1000, 0, '00000006', '', 1501044013, 1504766322);
INSERT INTO `ns_goods_sku` VALUES (132, 50, 's ', '2:7', '2:7', 699.00, 699.00, 699.00, 699.00, 998, 0, '', '', 1501054261, 1507530671);
INSERT INTO `ns_goods_sku` VALUES (133, 50, 'm ', '2:8', '2:8', 699.00, 699.00, 699.00, 699.00, 1000, 0, '', '', 1501054261, 1507530671);
INSERT INTO `ns_goods_sku` VALUES (134, 50, 'l ', '2:9', '2:9', 699.00, 699.00, 699.00, 699.00, 1000, 0, '', '', 1501054261, 1507530671);
INSERT INTO `ns_goods_sku` VALUES (135, 50, 'xl ', '2:10', '2:10', 699.00, 699.00, 699.00, 699.00, 1000, 0, '', '', 1501054261, 1507530671);
INSERT INTO `ns_goods_sku` VALUES (136, 50, 'xxl ', '2:11', '2:11', 699.00, 699.00, 699.00, 699.00, 1000, 0, '', '', 1501054261, 1507530671);
INSERT INTO `ns_goods_sku` VALUES (137, 50, 'xxxl ', '2:12', '2:12', 699.00, 699.00, 699.00, 699.00, 1000, 0, '', '', 1501054261, 1507530671);
INSERT INTO `ns_goods_sku` VALUES (138, 51, 's ', '2:7', '2:7', 199.00, 200.00, 200.00, 100.00, 998, 0, '000000000001', '', 1501485831, 1508747484);
INSERT INTO `ns_goods_sku` VALUES (139, 51, 'm ', '2:8', '2:8', 200.00, 200.00, 200.00, 100.00, 1000, 0, '111111111112', '', 1501485831, 1508747484);
INSERT INTO `ns_goods_sku` VALUES (140, 51, 'l ', '2:9', '2:9', 200.00, 200.00, 200.00, 100.00, 1000, 0, '0000003', '', 1501485831, 1508747484);
INSERT INTO `ns_goods_sku` VALUES (141, 51, 'xl ', '2:10', '2:10', 200.00, 200.00, 200.00, 100.00, 1000, 0, '004', '', 1501485831, 1508747484);
INSERT INTO `ns_goods_sku` VALUES (142, 51, 'xxl ', '2:11', '2:11', 200.00, 200.00, 200.00, 100.00, 1000, 0, '00000000005', '', 1501485831, 1508747484);
INSERT INTO `ns_goods_sku` VALUES (143, 51, 'xxxl ', '2:12', '2:12', 200.00, 200.00, 200.00, 100.00, 1000, 0, '00000006', '', 1501485831, 1508747484);
INSERT INTO `ns_goods_sku` VALUES (246, 70, '', '', '', 0.00, 0.00, 0.00, 0.00, 99, 0, '222', '', 1504088361, 1505458320);
INSERT INTO `ns_goods_sku` VALUES (361, 52, '88 44 测试 ', '46:140;32:107;50:161', '46:140;32:107;50:161', 0.00, 0.01, 0.01, 0.00, 19, 0, '', '', 1504582478, 1508404583);
INSERT INTO `ns_goods_sku` VALUES (362, 52, '88 撒旦法 测试 ', '46:140;32:155;50:161', '46:140;32:155;50:161', 0.00, 0.01, 0.01, 0.00, 18, 0, '', '', 1504582478, 1508404583);
INSERT INTO `ns_goods_sku` VALUES (363, 52, '99 44 测试 ', '46:141;32:107;50:161', '46:141;32:107;50:161', 0.00, 0.01, 0.01, 0.00, 20, 0, '', '', 1504582479, 1508404583);
INSERT INTO `ns_goods_sku` VALUES (364, 52, '99 撒旦法 测试 ', '46:141;32:155;50:161', '46:141;32:155;50:161', 0.00, 0.01, 0.01, 0.00, 20, 0, '', '', 1504582479, 1508404583);
INSERT INTO `ns_goods_sku` VALUES (365, 52, '10 44 测试 ', '46:142;32:107;50:161', '46:142;32:107;50:161', 0.00, 0.01, 0.01, 0.00, 20, 0, '', '', 1504582479, 1508404583);
INSERT INTO `ns_goods_sku` VALUES (366, 52, '10 撒旦法 测试 ', '46:142;32:155;50:161', '46:142;32:155;50:161', 0.00, 0.01, 0.01, 0.00, 20, 0, '', '', 1504582479, 1508404583);
INSERT INTO `ns_goods_sku` VALUES (367, 52, '11 44 测试 ', '46:151;32:107;50:161', '46:151;32:107;50:161', 0.00, 0.01, 0.01, 0.00, 20, 0, '', '', 1504582479, 1508404583);
INSERT INTO `ns_goods_sku` VALUES (368, 52, '11 撒旦法 测试 ', '46:151;32:155;50:161', '46:151;32:155;50:161', 0.00, 0.01, 0.01, 0.00, 20, 0, '', '', 1504582479, 1508404583);
INSERT INTO `ns_goods_sku` VALUES (369, 52, '12 44 测试 ', '46:152;32:107;50:161', '46:152;32:107;50:161', 0.00, 0.01, 0.01, 0.00, 20, 0, '', '', 1504582479, 1508404583);
INSERT INTO `ns_goods_sku` VALUES (370, 52, '12 撒旦法 测试 ', '46:152;32:155;50:161', '46:152;32:155;50:161', 0.00, 0.01, 0.01, 0.00, 20, 0, '', '', 1504582479, 1508404583);
INSERT INTO `ns_goods_sku` VALUES (371, 52, '13 44 测试 ', '46:153;32:107;50:161', '46:153;32:107;50:161', 0.00, 0.01, 0.01, 0.00, 20, 0, '', '', 1504582479, 1508404583);
INSERT INTO `ns_goods_sku` VALUES (372, 52, '13 撒旦法 测试 ', '46:153;32:155;50:161', '46:153;32:155;50:161', 0.00, 0.01, 0.01, 0.00, 20, 0, '', '', 1504582479, 1508404583);
INSERT INTO `ns_goods_sku` VALUES (373, 52, '14 44 测试 ', '46:154;32:107;50:161', '46:154;32:107;50:161', 0.00, 0.01, 0.01, 0.00, 20, 0, '', '', 1504582479, 1508404583);
INSERT INTO `ns_goods_sku` VALUES (374, 52, '14 撒旦法 测试 ', '46:154;32:155;50:161', '46:154;32:155;50:161', 0.00, 0.01, 0.01, 0.00, 20, 0, '', '', 1504582479, 1508404583);
INSERT INTO `ns_goods_sku` VALUES (381, 72, '', '', '', 0.00, 20.00, 20.00, 0.00, 15, 0, '', '', 1505211106, 1506581658);
INSERT INTO `ns_goods_sku` VALUES (382, 73, '88 ', '46:140', '46:140', 0.00, 20.00, 20.00, 0.00, 7, 0, '', '', 1505474823, 0);
INSERT INTO `ns_goods_sku` VALUES (383, 73, '99 ', '46:141', '46:141', 0.00, 20.00, 20.00, 0.00, 10, 0, '', '', 1505474823, 0);
INSERT INTO `ns_goods_sku` VALUES (384, 74, '', '', '', 0.00, 0.00, 0.00, 0.00, 19, 0, '', '', 1505475087, 1505724365);
INSERT INTO `ns_goods_sku` VALUES (386, 76, '88 ', '46:140', '46:140', 0.00, 20.00, 20.00, 0.00, 9, 0, '', '', 1505789419, 0);
INSERT INTO `ns_goods_sku` VALUES (387, 76, '99 ', '46:141', '46:141', 0.00, 20.00, 20.00, 0.00, 10, 0, '', '', 1505789419, 0);
INSERT INTO `ns_goods_sku` VALUES (388, 77, '', '', '', 0.00, 20.00, 20.00, 0.00, 14, 0, '', '', 1505789424, 0);
INSERT INTO `ns_goods_sku` VALUES (395, 79, '88 ', '46:140', '46:140', 0.00, 20.00, 20.00, 0.00, 10, 0, '', '', 1505789445, 0);
INSERT INTO `ns_goods_sku` VALUES (396, 79, '99 ', '46:141', '46:141', 0.00, 20.00, 20.00, 0.00, 10, 0, '', '', 1505789445, 0);
INSERT INTO `ns_goods_sku` VALUES (397, 80, '88 ', '46:140', '46:140', 0.00, 20.00, 20.00, 0.00, 10, 0, '', '', 1505789450, 1507598941);
INSERT INTO `ns_goods_sku` VALUES (398, 80, '99 ', '46:141', '46:141', 0.00, 20.00, 20.00, 0.00, 10, 0, '', '', 1505789450, 1507598941);
INSERT INTO `ns_goods_sku` VALUES (399, 75, '44 88 ', '32:107;46:140', '32:107;46:140', 22.00, 111.00, 111.00, 32.00, 33, 0, '', '', 1505804651, 1505806184);
INSERT INTO `ns_goods_sku` VALUES (400, 75, '44 99 ', '32:107;46:141', '32:107;46:141', 22.00, 111.00, 111.00, 32.00, 33, 0, '', '', 1505804651, 1505806184);
INSERT INTO `ns_goods_sku` VALUES (401, 75, '22 88 ', '32:108;46:140', '32:108;46:140', 22.00, 111.00, 111.00, 32.00, 33, 0, '', '', 1505804651, 1505806184);
INSERT INTO `ns_goods_sku` VALUES (402, 75, '22 99 ', '32:108;46:141', '32:108;46:141', 22.00, 111.00, 111.00, 32.00, 32, 0, '', '', 1505804651, 1505806184);
INSERT INTO `ns_goods_sku` VALUES (403, 81, '', '', '', 0.00, 0.00, 0.00, 0.00, 20, 0, '', '', 1505811377, 1505961945);
INSERT INTO `ns_goods_sku` VALUES (404, 82, '', '', '', 0.00, 20.00, 20.00, 0.00, 15, 0, '', '', 1505813511, 0);
INSERT INTO `ns_goods_sku` VALUES (405, 83, '', '', '', 0.00, 20.00, 20.00, 0.00, 15, 0, '', '', 1505813523, 0);
INSERT INTO `ns_goods_sku` VALUES (406, 84, '', '', '', 0.00, 20.00, 20.00, 0.00, 15, 0, '', '', 1505813539, 0);
INSERT INTO `ns_goods_sku` VALUES (407, 85, '', '', '', 0.00, 20.00, 20.00, 0.00, 15, 0, '', '', 1505813543, 0);
INSERT INTO `ns_goods_sku` VALUES (408, 86, '', '', '', 0.00, 20.00, 20.00, 0.00, 15, 0, '', '', 1505813554, 0);
INSERT INTO `ns_goods_sku` VALUES (409, 87, '', '', '', 0.00, 20.00, 20.00, 0.00, 15, 0, '', '', 1505813558, 0);
INSERT INTO `ns_goods_sku` VALUES (410, 88, '', '', '', 0.00, 20.00, 20.00, 0.00, 15, 0, '', '', 1505813563, 0);
INSERT INTO `ns_goods_sku` VALUES (411, 89, '', '', '', 0.00, 20.00, 20.00, 0.00, 15, 0, '', '', 1505813587, 0);
INSERT INTO `ns_goods_sku` VALUES (412, 90, '', '', '', 0.00, 20.00, 20.00, 0.00, 15, 0, '', '', 1505813591, 0);
INSERT INTO `ns_goods_sku` VALUES (413, 91, '', '', '', 0.00, 20.00, 20.00, 0.00, 15, 0, '', '', 1505813595, 0);
INSERT INTO `ns_goods_sku` VALUES (416, 92, '', '', '', 11.00, 11.00, 11.00, 11.00, 11, 0, '', '', 0, 1506653851);
INSERT INTO `ns_goods_sku` VALUES (417, 93, '', '', '', 0.00, 0.00, 0.00, 0.00, 4998, 0, '', '', 1506596131, 1507699703);
INSERT INTO `ns_goods_sku` VALUES (422, 96, '', '', '', 0.00, 0.00, 0.00, 0.00, 1, 0, '', '', 1506678050, 1507709378);
INSERT INTO `ns_goods_sku` VALUES (425, 68, '', '', '', 0.00, 0.00, 0.00, 0.00, 0, 0, '', '', 0, 1507514076);
INSERT INTO `ns_goods_sku` VALUES (426, 97, '', '', '', 0.00, 0.01, 0.01, 0.00, 0, 0, '', '', 1507542125, 0);
INSERT INTO `ns_goods_sku` VALUES (435, 3, '超大 ', '13:25', '13:25', 0.00, 20.00, 20.00, 0.00, 0, 0, '', '', 1507770802, 0);
INSERT INTO `ns_goods_sku` VALUES (436, 98, '路飞 11 超大 白色 ', '40:127;38:124;13:25;33:168', '40:127;38:124;13:25;33:168', 1.00, 1.00, 1.00, 1.00, 11, 0, '11', '', 1507777556, 1507777611);
INSERT INTO `ns_goods_sku` VALUES (437, 98, 'fg  11 超大 白色 ', '40:167;38:124;13:25;33:168', '40:167;38:124;13:25;33:168', 1.00, 1.00, 1.00, 1.00, 11, 0, '11', '', 1507777556, 1507777611);
INSERT INTO `ns_goods_sku` VALUES (438, 98, '路飞 11 超大 红色 ', '40:127;38:124;13:25;33:114', '40:127;38:124;13:25;33:114', 1.00, 1.00, 1.00, 1.00, 11, 0, '', '', 1507777611, 0);
INSERT INTO `ns_goods_sku` VALUES (439, 98, 'fg  11 超大 红色 ', '40:167;38:124;13:25;33:114', '40:167;38:124;13:25;33:114', 1.00, 1.00, 1.00, 1.00, 11, 0, '', '', 1507777611, 0);
INSERT INTO `ns_goods_sku` VALUES (442, 100, '砖石小鳄鱼皮 32GB 中国大陆 ', '55:169;56:170;57:171', '55:169;56:170;57:171', 1.00, 289.00, 289.00, 1.00, 199, 0, '', '', 1507951612, 1507952989);
INSERT INTO `ns_goods_sku` VALUES (443, 100, '砖石小鳄鱼皮 64GB 中国大陆 ', '55:169;56:172;57:171', '55:169;56:172;57:171', 1.00, 289.00, 289.00, 1.00, 200, 0, '', '', 1507951612, 1507952989);
INSERT INTO `ns_goods_sku` VALUES (444, 101, '砖石小鳄鱼皮 32GB 中国大陆 ', '55:169;56:170;57:171', '55:169;56:170;57:171', 1.00, 50.00, 50.00, 1.00, 198, 0, '', '', 1507951617, 1507952970);
INSERT INTO `ns_goods_sku` VALUES (445, 101, '砖石小鳄鱼皮 64GB 中国大陆 ', '55:169;56:172;57:171', '55:169;56:172;57:171', 1.00, 50.00, 50.00, 1.00, 200, 0, '', '', 1507951617, 1507952970);
INSERT INTO `ns_goods_sku` VALUES (446, 102, '砖石小鳄鱼皮 32GB 中国大陆 ', '55:169;56:170;57:171', '55:169;56:170;57:171', 1.00, 888.00, 888.00, 1.00, 198, 0, '', '', 1507951621, 1507953027);
INSERT INTO `ns_goods_sku` VALUES (447, 102, '砖石小鳄鱼皮 64GB 中国大陆 ', '55:169;56:172;57:171', '55:169;56:172;57:171', 1.00, 888.00, 888.00, 1.00, 200, 0, '', '', 1507951621, 1507953027);
INSERT INTO `ns_goods_sku` VALUES (450, 99, '', '', '', 0.00, 2949.00, 2949.00, 0.00, 50, 0, '', '', 1508828909, 1508829329);

-- ----------------------------
-- Table structure for ns_goods_sku_deleted
-- ----------------------------
DROP TABLE IF EXISTS `ns_goods_sku_deleted`;
CREATE TABLE `ns_goods_sku_deleted`  (
  `sku_id` int(11) NOT NULL DEFAULT 0 COMMENT '表序号',
  `goods_id` int(11) NOT NULL DEFAULT 0 COMMENT '商品编号',
  `sku_name` varchar(500) CHARACTER SET utf8 COLLATE utf8_general_ci NOT NULL DEFAULT '' COMMENT 'SKU名称',
  `attr_value_items` varchar(255) CHARACTER SET utf8 COLLATE utf8_general_ci NOT NULL DEFAULT '' COMMENT '属性和属性值 id串 attribute + attribute value 表ID分号分隔',
  `attr_value_items_format` varchar(500) CHARACTER SET utf8 COLLATE utf8_general_ci NOT NULL DEFAULT '' COMMENT '属性和属性值id串组合json格式',
  `market_price` decimal(10, 2) NOT NULL DEFAULT 0.00 COMMENT '市场价',
  `price` decimal(10, 2) NOT NULL DEFAULT 0.00 COMMENT '价格',
  `promote_price` decimal(10, 2) NOT NULL DEFAULT 0.00 COMMENT '促销价格',
  `cost_price` decimal(19, 2) NOT NULL DEFAULT 0.00 COMMENT '成本价',
  `stock` int(11) NOT NULL DEFAULT 0 COMMENT '库存',
  `picture` int(11) NOT NULL DEFAULT 0 COMMENT '如果是第一个sku编码, 可以加图片',
  `code` varchar(255) CHARACTER SET utf8 COLLATE utf8_general_ci NOT NULL DEFAULT '' COMMENT '商家编码',
  `QRcode` varchar(255) CHARACTER SET utf8 COLLATE utf8_general_ci NOT NULL DEFAULT '' COMMENT '商品二维码',
  `create_date` int(11) NULL DEFAULT 0 COMMENT '创建时间',
  `update_date` int(11) NULL DEFAULT 0 COMMENT '修改时间'
) ENGINE = InnoDB AVG_ROW_LENGTH = 1638 CHARACTER SET = utf8 COLLATE = utf8_general_ci COMMENT = '商品skui规格价格库存信息回收站表' ROW_FORMAT = Compact;

-- ----------------------------
-- Records of ns_goods_sku_deleted
-- ----------------------------
INSERT INTO `ns_goods_sku_deleted` VALUES (430, 65, '', '', '', 0.00, 0.00, 0.00, 0.00, 88, 0, '', '', 0, 1508202565);

-- ----------------------------
-- Table structure for ns_goods_sku_picture
-- ----------------------------
DROP TABLE IF EXISTS `ns_goods_sku_picture`;
CREATE TABLE `ns_goods_sku_picture`  (
  `id` int(11) NOT NULL AUTO_INCREMENT,
  `goods_id` int(11) NOT NULL DEFAULT 0 COMMENT '商品id',
  `shop_id` int(11) NOT NULL DEFAULT 0 COMMENT '店铺id',
  `spec_id` int(11) NOT NULL DEFAULT 0 COMMENT '主规格id',
  `spec_value_id` int(11) NOT NULL DEFAULT 0 COMMENT '规格值id',
  `sku_img_array` varchar(1000) CHARACTER SET utf8 COLLATE utf8_general_ci NOT NULL DEFAULT '' COMMENT '图片id 多个用逗号隔开',
  `create_time` int(11) NULL DEFAULT 0 COMMENT '创建时间',
  `modify_time` int(11) NULL DEFAULT 0 COMMENT '修改时间',
  PRIMARY KEY (`id`) USING BTREE
) ENGINE = InnoDB AUTO_INCREMENT = 412 AVG_ROW_LENGTH = 2340 CHARACTER SET = utf8 COLLATE = utf8_general_ci COMMENT = '商品sku多图' ROW_FORMAT = Compact;

-- ----------------------------
-- Records of ns_goods_sku_picture
-- ----------------------------
INSERT INTO `ns_goods_sku_picture` VALUES (102, 20, 0, 1, 1, '', 1500629654, NULL);
INSERT INTO `ns_goods_sku_picture` VALUES (103, 20, 0, 1, 2, '', 1500629654, NULL);
INSERT INTO `ns_goods_sku_picture` VALUES (350, 14, 0, 1, 2, '114', 1505360317, 1505360317);
INSERT INTO `ns_goods_sku_picture` VALUES (351, 14, 0, 1, 3, '122', 1505360317, 1505360317);
INSERT INTO `ns_goods_sku_picture` VALUES (356, 75, 0, 32, 107, '302,304', 1505806185, 1505806185);
INSERT INTO `ns_goods_sku_picture` VALUES (357, 75, 0, 32, 108, '303', 1505806185, 1505806185);
INSERT INTO `ns_goods_sku_picture` VALUES (358, 68, 0, 33, 115, '254,254,273,274,275,276', 1505902896, 1505902896);
INSERT INTO `ns_goods_sku_picture` VALUES (359, 68, 0, 33, 114, '255', 1505902896, 1505902896);
INSERT INTO `ns_goods_sku_picture` VALUES (410, 98, 0, 40, 127, '428,427', 1507777611, 1507777611);
INSERT INTO `ns_goods_sku_picture` VALUES (411, 98, 0, 40, 167, '426,428', 1507777611, 1507777611);

-- ----------------------------
-- Table structure for ns_goods_sku_picture_delete
-- ----------------------------
DROP TABLE IF EXISTS `ns_goods_sku_picture_delete`;
CREATE TABLE `ns_goods_sku_picture_delete`  (
  `id` int(11) NOT NULL,
  `goods_id` int(11) NOT NULL DEFAULT 0 COMMENT '商品id',
  `shop_id` int(11) NOT NULL DEFAULT 0 COMMENT '店铺id',
  `spec_id` int(11) NOT NULL DEFAULT 0 COMMENT '主规格id',
  `spec_value_id` int(11) NOT NULL DEFAULT 0 COMMENT '规格值id',
  `sku_img_array` varchar(1000) CHARACTER SET utf8 COLLATE utf8_general_ci NOT NULL DEFAULT '' COMMENT '图片id 多个用逗号隔开',
  `create_time` int(11) NULL DEFAULT 0 COMMENT '创建时间',
  `modify_time` int(11) NULL DEFAULT 0 COMMENT '修改时间'
) ENGINE = InnoDB AVG_ROW_LENGTH = 2730 CHARACTER SET = utf8 COLLATE = utf8_general_ci COMMENT = '商品sku多图' ROW_FORMAT = Compact;

-- ----------------------------
-- Records of ns_goods_sku_picture_delete
-- ----------------------------
INSERT INTO `ns_goods_sku_picture_delete` VALUES (136, 38, 0, 1, 1, '123,116,117', 1500635746, 1500635746);
INSERT INTO `ns_goods_sku_picture_delete` VALUES (137, 38, 0, 1, 2, '128,124,116', 1500635746, 1500635746);
INSERT INTO `ns_goods_sku_picture_delete` VALUES (138, 39, 0, 1, 1, '123,116,117', 1500635889, 1500635889);
INSERT INTO `ns_goods_sku_picture_delete` VALUES (139, 39, 0, 1, 2, '128,124,116', 1500635889, 1500635889);
INSERT INTO `ns_goods_sku_picture_delete` VALUES (360, 65, 0, 33, 115, '254,254', 1506412462, 1506412462);
INSERT INTO `ns_goods_sku_picture_delete` VALUES (361, 65, 0, 33, 114, '255', 1506412462, 1506412462);

-- ----------------------------
-- Table structure for ns_goods_spec
-- ----------------------------
DROP TABLE IF EXISTS `ns_goods_spec`;
CREATE TABLE `ns_goods_spec`  (
  `spec_id` int(11) NOT NULL AUTO_INCREMENT COMMENT '属性ID',
  `shop_id` int(11) NOT NULL DEFAULT 0 COMMENT '店铺ID',
  `spec_name` varchar(255) CHARACTER SET utf8 COLLATE utf8_general_ci NOT NULL DEFAULT '' COMMENT '属性名称',
  `is_visible` tinyint(1) NOT NULL DEFAULT 0 COMMENT '是否可视',
  `sort` int(11) NOT NULL DEFAULT 0 COMMENT '排序',
  `show_type` int(11) NOT NULL DEFAULT 1 COMMENT '展示方式 1 文字 2 颜色 3 图片',
  `is_screen` tinyint(1) NOT NULL DEFAULT 1 COMMENT '是否参与筛选 0 不参与 1 参与',
  `create_time` int(11) NULL DEFAULT 0 COMMENT '创建日期',
  PRIMARY KEY (`spec_id`) USING BTREE,
  INDEX `IDX_category_props_categoryId`(`shop_id`) USING BTREE,
  INDEX `IDX_category_props_orders`(`sort`) USING BTREE
) ENGINE = InnoDB AUTO_INCREMENT = 59 AVG_ROW_LENGTH = 3276 CHARACTER SET = utf8 COLLATE = utf8_general_ci COMMENT = '商品属性（规格）表' ROW_FORMAT = Compact;

-- ----------------------------
-- Records of ns_goods_spec
-- ----------------------------
INSERT INTO `ns_goods_spec` VALUES (1, 0, '颜色', 1, 1, 2, 1, 1500282949);
INSERT INTO `ns_goods_spec` VALUES (2, 0, '尺寸', 1, 1, 1, 1, 1500282988);
INSERT INTO `ns_goods_spec` VALUES (11, 0, '舒适版', 1, 0, 3, 1, 1500374764);
INSERT INTO `ns_goods_spec` VALUES (12, 0, '尺码', 1, 1, 3, 1, 1500454021);
INSERT INTO `ns_goods_spec` VALUES (13, 0, '大小', 1, 3, 3, 1, 1500457441);
INSERT INTO `ns_goods_spec` VALUES (15, 0, '测试测试测试测试测试测试测试', 1, 0, 1, 1, 1500622394);
INSERT INTO `ns_goods_spec` VALUES (16, 0, '商品测试颜色', 1, 0, 1, 1, 1500876424);
INSERT INTO `ns_goods_spec` VALUES (17, 0, '颜色', 1, 0, 3, 0, 1501732098);
INSERT INTO `ns_goods_spec` VALUES (18, 0, '颜色', 1, 0, 2, 0, 1501732327);
INSERT INTO `ns_goods_spec` VALUES (19, 0, '颜色', 1, 0, 2, 0, 1501732467);
INSERT INTO `ns_goods_spec` VALUES (20, 0, '颜色', 1, 0, 2, 0, 1501732746);
INSERT INTO `ns_goods_spec` VALUES (21, 0, '颜色', 1, 0, 2, 1, 1501733495);
INSERT INTO `ns_goods_spec` VALUES (22, 0, '水电费', 1, 1, 1, 0, 1501733847);
INSERT INTO `ns_goods_spec` VALUES (23, 0, '颜色', 1, 2, 2, 0, 1501733964);
INSERT INTO `ns_goods_spec` VALUES (24, 0, '颜色', 1, 2, 2, 0, 1501734052);
INSERT INTO `ns_goods_spec` VALUES (28, 0, '颜色', 1, 0, 2, 0, 1501734395);
INSERT INTO `ns_goods_spec` VALUES (29, 0, '颜色', 1, 0, 2, 1, 1501734443);
INSERT INTO `ns_goods_spec` VALUES (30, 0, '大小', 0, 0, 1, 1, 1501828365);
INSERT INTO `ns_goods_spec` VALUES (31, 0, 'qq', 1, 1, 1, 0, 1501845569);
INSERT INTO `ns_goods_spec` VALUES (32, 0, '撒旦法', 1, 99, 3, 0, 1502272857);
INSERT INTO `ns_goods_spec` VALUES (33, 0, '颜色', 1, 1, 2, 0, 1502435415);
INSERT INTO `ns_goods_spec` VALUES (34, 0, 'ceshi', 1, 0, 3, 0, 1502521301);
INSERT INTO `ns_goods_spec` VALUES (35, 0, '的风格', 1, 0, 3, 0, 1502536607);
INSERT INTO `ns_goods_spec` VALUES (36, 0, '颜色', 1, 1, 2, 0, 1503114292);
INSERT INTO `ns_goods_spec` VALUES (37, 0, 'xc', 1, 0, 3, 0, 1503914401);
INSERT INTO `ns_goods_spec` VALUES (38, 0, '撒旦法2', 1, 2, 3, 0, 1503914468);
INSERT INTO `ns_goods_spec` VALUES (39, 0, '海贼王', 1, 0, 1, 0, 1503916888);
INSERT INTO `ns_goods_spec` VALUES (40, 0, '新海贼王', 1, 1, 3, 0, 1503916899);
INSERT INTO `ns_goods_spec` VALUES (41, 0, 'ces', 1, 0, 1, 0, 1503992062);
INSERT INTO `ns_goods_spec` VALUES (42, 0, 'ces', 1, 0, 1, 0, 1503992351);
INSERT INTO `ns_goods_spec` VALUES (43, 0, 'text', 1, 0, 1, 0, 1504056087);
INSERT INTO `ns_goods_spec` VALUES (44, 0, '商城规格', 1, 1, 3, 0, 1504080848);
INSERT INTO `ns_goods_spec` VALUES (45, 0, '测试qqq', 1, 1, 1, 0, 1504084916);
INSERT INTO `ns_goods_spec` VALUES (46, 0, '多个', 1, 1, 1, 0, 1504086208);
INSERT INTO `ns_goods_spec` VALUES (47, 0, '测试规格', 0, 1, 3, 0, 1504089803);
INSERT INTO `ns_goods_spec` VALUES (48, 0, '测试2', 1, 0, 1, 0, 1504090030);
INSERT INTO `ns_goods_spec` VALUES (49, 0, '颜色', 1, 0, 2, 0, 1504581948);
INSERT INTO `ns_goods_spec` VALUES (50, 0, '测试', 1, 0, 3, 0, 1504582428);
INSERT INTO `ns_goods_spec` VALUES (51, 0, 'tesst', 1, 0, 1, 0, 1505819777);
INSERT INTO `ns_goods_spec` VALUES (52, 0, 'test', 1, 0, 3, 0, 1506561957);
INSERT INTO `ns_goods_spec` VALUES (53, 0, 'aa', 1, 0, 3, 0, 1506563658);
INSERT INTO `ns_goods_spec` VALUES (54, 0, '测试', 1, 0, 1, 0, 1507543034);
INSERT INTO `ns_goods_spec` VALUES (55, 0, '机身颜色', 1, 0, 3, 0, 1507943590);
INSERT INTO `ns_goods_spec` VALUES (56, 0, '存储容量', 1, 0, 1, 0, 1507943651);
INSERT INTO `ns_goods_spec` VALUES (57, 0, '版本类型', 1, 1, 1, 0, 1507943661);
INSERT INTO `ns_goods_spec` VALUES (58, 0, '11', 1, 1, 1, 1, 1509518189);

-- ----------------------------
-- Table structure for ns_goods_spec_value
-- ----------------------------
DROP TABLE IF EXISTS `ns_goods_spec_value`;
CREATE TABLE `ns_goods_spec_value`  (
  `spec_value_id` int(11) NOT NULL AUTO_INCREMENT COMMENT '商品属性值ID',
  `spec_id` int(11) NOT NULL COMMENT '商品属性ID',
  `spec_value_name` varchar(255) CHARACTER SET utf8 COLLATE utf8_general_ci NOT NULL DEFAULT '' COMMENT '商品属性值名称',
  `spec_value_data` varchar(255) CHARACTER SET utf8 COLLATE utf8_general_ci NOT NULL DEFAULT '' COMMENT '商品属性值数据',
  `is_visible` tinyint(1) NOT NULL DEFAULT 0 COMMENT '是否可视',
  `sort` int(11) NOT NULL DEFAULT 0 COMMENT '排序',
  `create_time` int(11) NULL DEFAULT 0,
  PRIMARY KEY (`spec_value_id`) USING BTREE,
  INDEX `IDX_category_propvalues_c_pId`(`spec_id`) USING BTREE,
  INDEX `IDX_category_propvalues_orders`(`sort`) USING BTREE,
  INDEX `IDX_category_propvalues_value`(`spec_value_name`) USING BTREE
) ENGINE = InnoDB AUTO_INCREMENT = 174 AVG_ROW_LENGTH = 1092 CHARACTER SET = utf8 COLLATE = utf8_general_ci COMMENT = '商品规格值模版表' ROW_FORMAT = Compact;

-- ----------------------------
-- Records of ns_goods_spec_value
-- ----------------------------
INSERT INTO `ns_goods_spec_value` VALUES (1, 1, '黑色', '#000000', 1, 255, 1500282949);
INSERT INTO `ns_goods_spec_value` VALUES (2, 1, '红色', '#ff0000', 1, 255, 1500282949);
INSERT INTO `ns_goods_spec_value` VALUES (3, 1, '蓝色', '#00ffff', 1, 255, 1500282949);
INSERT INTO `ns_goods_spec_value` VALUES (4, 1, '白色', '#ffffff', 1, 255, 1500282949);
INSERT INTO `ns_goods_spec_value` VALUES (5, 1, '绿色', '#00ff00', 1, 255, 1500282949);
INSERT INTO `ns_goods_spec_value` VALUES (6, 1, '粉色', '#ff80ff', 1, 255, 1500282949);
INSERT INTO `ns_goods_spec_value` VALUES (7, 2, 's', '', 1, 255, 1500282988);
INSERT INTO `ns_goods_spec_value` VALUES (8, 2, 'm', '', 1, 255, 1500282988);
INSERT INTO `ns_goods_spec_value` VALUES (9, 2, 'l', '', 1, 255, 1500282988);
INSERT INTO `ns_goods_spec_value` VALUES (10, 2, 'xl', '', 1, 255, 1500282988);
INSERT INTO `ns_goods_spec_value` VALUES (11, 2, 'xxl', '', 1, 255, 1500282988);
INSERT INTO `ns_goods_spec_value` VALUES (12, 2, 'xxxl', '', 1, 255, 1500282988);
INSERT INTO `ns_goods_spec_value` VALUES (22, 11, '舒适版', '#000000', 1, 0, 1500374785);
INSERT INTO `ns_goods_spec_value` VALUES (23, 11, '尊享版', '#000000', 1, 0, 1500374797);
INSERT INTO `ns_goods_spec_value` VALUES (24, 12, '10', '', 1, 0, 1500454028);
INSERT INTO `ns_goods_spec_value` VALUES (25, 13, '超大', '#000000', 1, 0, 1500457449);
INSERT INTO `ns_goods_spec_value` VALUES (26, 13, '小型', '#000000', 1, 0, 1500457455);
INSERT INTO `ns_goods_spec_value` VALUES (27, 11, '人人', '#000000', 1, 0, 1500457745);
INSERT INTO `ns_goods_spec_value` VALUES (28, 12, '11', '', 1, 0, 1500457778);
INSERT INTO `ns_goods_spec_value` VALUES (29, 12, '12', '', 1, 0, 1500457782);
INSERT INTO `ns_goods_spec_value` VALUES (30, 15, '120', '', 1, 0, 1500622402);
INSERT INTO `ns_goods_spec_value` VALUES (31, 16, '红色', '', 1, 0, 1500876433);
INSERT INTO `ns_goods_spec_value` VALUES (32, 16, '蓝色', '', 1, 0, 1500876437);
INSERT INTO `ns_goods_spec_value` VALUES (33, 16, '绿色', '', 1, 0, 1500876447);
INSERT INTO `ns_goods_spec_value` VALUES (34, 12, '13', '', 1, 255, 1501299240);
INSERT INTO `ns_goods_spec_value` VALUES (35, 12, '14', '', 1, 255, 1501299240);
INSERT INTO `ns_goods_spec_value` VALUES (36, 12, '15', '', 1, 255, 1501299240);
INSERT INTO `ns_goods_spec_value` VALUES (37, 12, '16', '', 1, 255, 1501299240);
INSERT INTO `ns_goods_spec_value` VALUES (38, 12, '17', '', 1, 255, 1501299240);
INSERT INTO `ns_goods_spec_value` VALUES (39, 12, '18', '', 1, 255, 1501299240);
INSERT INTO `ns_goods_spec_value` VALUES (40, 12, '19', '', 1, 255, 1501299240);
INSERT INTO `ns_goods_spec_value` VALUES (41, 12, '20', '', 1, 255, 1501299240);
INSERT INTO `ns_goods_spec_value` VALUES (42, 12, '21', '', 1, 255, 1501299240);
INSERT INTO `ns_goods_spec_value` VALUES (43, 12, '22', '', 1, 255, 1501299240);
INSERT INTO `ns_goods_spec_value` VALUES (44, 12, '23', '', 1, 255, 1501299240);
INSERT INTO `ns_goods_spec_value` VALUES (45, 12, '24', '', 1, 255, 1501299240);
INSERT INTO `ns_goods_spec_value` VALUES (46, 12, '25', '', 1, 255, 1501299240);
INSERT INTO `ns_goods_spec_value` VALUES (47, 12, '26', '', 1, 255, 1501299240);
INSERT INTO `ns_goods_spec_value` VALUES (48, 12, '27', '', 1, 255, 1501299240);
INSERT INTO `ns_goods_spec_value` VALUES (49, 12, '28', '', 1, 255, 1501299240);
INSERT INTO `ns_goods_spec_value` VALUES (50, 12, '29', '', 1, 255, 1501299240);
INSERT INTO `ns_goods_spec_value` VALUES (51, 12, '30', '', 1, 255, 1501299240);
INSERT INTO `ns_goods_spec_value` VALUES (52, 12, '31', '', 1, 255, 1501299240);
INSERT INTO `ns_goods_spec_value` VALUES (53, 12, '32', '', 1, 255, 1501299240);
INSERT INTO `ns_goods_spec_value` VALUES (54, 12, '33', '', 1, 255, 1501299240);
INSERT INTO `ns_goods_spec_value` VALUES (55, 12, '34', '', 1, 255, 1501299240);
INSERT INTO `ns_goods_spec_value` VALUES (56, 12, '35', '', 1, 255, 1501299240);
INSERT INTO `ns_goods_spec_value` VALUES (57, 12, '36', '', 1, 255, 1501299240);
INSERT INTO `ns_goods_spec_value` VALUES (58, 12, '37', '', 1, 255, 1501299240);
INSERT INTO `ns_goods_spec_value` VALUES (59, 12, '38', '', 1, 255, 1501299240);
INSERT INTO `ns_goods_spec_value` VALUES (60, 12, '39', '', 1, 255, 1501299240);
INSERT INTO `ns_goods_spec_value` VALUES (61, 12, '40', '', 1, 255, 1501299240);
INSERT INTO `ns_goods_spec_value` VALUES (62, 12, '41', '', 1, 255, 1501299240);
INSERT INTO `ns_goods_spec_value` VALUES (63, 12, '42', '', 1, 255, 1501299262);
INSERT INTO `ns_goods_spec_value` VALUES (64, 12, '43', '', 1, 255, 1501299262);
INSERT INTO `ns_goods_spec_value` VALUES (65, 12, '44', '', 1, 255, 1501299262);
INSERT INTO `ns_goods_spec_value` VALUES (66, 12, '45', '', 1, 255, 1501299262);
INSERT INTO `ns_goods_spec_value` VALUES (67, 12, '46', '', 1, 255, 1501299262);
INSERT INTO `ns_goods_spec_value` VALUES (68, 12, '47', '', 1, 255, 1501299262);
INSERT INTO `ns_goods_spec_value` VALUES (69, 12, '48', '', 1, 255, 1501299296);
INSERT INTO `ns_goods_spec_value` VALUES (70, 12, '49', '', 1, 255, 1501299297);
INSERT INTO `ns_goods_spec_value` VALUES (71, 12, '50', '', 1, 255, 1501299297);
INSERT INTO `ns_goods_spec_value` VALUES (72, 12, '51', '', 1, 255, 1501299297);
INSERT INTO `ns_goods_spec_value` VALUES (73, 12, '52', '', 1, 255, 1501299297);
INSERT INTO `ns_goods_spec_value` VALUES (74, 12, '53', '', 1, 255, 1501299297);
INSERT INTO `ns_goods_spec_value` VALUES (75, 12, '54', '', 1, 255, 1501299297);
INSERT INTO `ns_goods_spec_value` VALUES (76, 12, '55', '', 1, 255, 1501299297);
INSERT INTO `ns_goods_spec_value` VALUES (77, 12, '56', '', 1, 255, 1501299616);
INSERT INTO `ns_goods_spec_value` VALUES (78, 12, '57', '', 1, 255, 1501299616);
INSERT INTO `ns_goods_spec_value` VALUES (79, 12, '58', '', 1, 255, 1501299616);
INSERT INTO `ns_goods_spec_value` VALUES (80, 12, '59', '', 1, 255, 1501299616);
INSERT INTO `ns_goods_spec_value` VALUES (81, 12, '60', '', 1, 255, 1501299616);
INSERT INTO `ns_goods_spec_value` VALUES (82, 12, '61', '', 1, 255, 1501299616);
INSERT INTO `ns_goods_spec_value` VALUES (83, 12, '62', '', 1, 255, 1501299616);
INSERT INTO `ns_goods_spec_value` VALUES (84, 12, '63', '', 1, 255, 1501300009);
INSERT INTO `ns_goods_spec_value` VALUES (85, 12, '64', '', 1, 255, 1501300009);
INSERT INTO `ns_goods_spec_value` VALUES (86, 12, '65', '', 1, 255, 1501300009);
INSERT INTO `ns_goods_spec_value` VALUES (87, 12, '66', '', 1, 255, 1501300009);
INSERT INTO `ns_goods_spec_value` VALUES (88, 12, '67', '', 1, 255, 1501300009);
INSERT INTO `ns_goods_spec_value` VALUES (89, 12, '68', '', 1, 255, 1501300009);
INSERT INTO `ns_goods_spec_value` VALUES (90, 12, '69', '', 1, 255, 1501300009);
INSERT INTO `ns_goods_spec_value` VALUES (99, 29, '摩卡棕', '#804040', 1, 0, 1501734455);
INSERT INTO `ns_goods_spec_value` VALUES (100, 29, '月光银', '#ebebeb', 1, 0, 1501734519);
INSERT INTO `ns_goods_spec_value` VALUES (101, 29, '钨钢黑', '#181818', 1, 0, 1501734533);
INSERT INTO `ns_goods_spec_value` VALUES (102, 30, '31', '', 1, 0, 1501828369);
INSERT INTO `ns_goods_spec_value` VALUES (103, 30, '32', '', 1, 0, 1501828373);
INSERT INTO `ns_goods_spec_value` VALUES (104, 31, '11', '', 1, 0, 1501845581);
INSERT INTO `ns_goods_spec_value` VALUES (105, 31, '22', '', 1, 0, 1501845584);
INSERT INTO `ns_goods_spec_value` VALUES (106, 31, '33', '', 1, 0, 1501845587);
INSERT INTO `ns_goods_spec_value` VALUES (107, 32, '44', '', 1, 0, 1502272861);
INSERT INTO `ns_goods_spec_value` VALUES (108, 32, '22', '', 1, 0, 1502273218);
INSERT INTO `ns_goods_spec_value` VALUES (109, 11, '人挺好', '', 1, 0, 1502361342);
INSERT INTO `ns_goods_spec_value` VALUES (110, 11, '付v', '', 1, 0, 1502361368);
INSERT INTO `ns_goods_spec_value` VALUES (111, 32, '股份', '', 1, 0, 1502362445);
INSERT INTO `ns_goods_spec_value` VALUES (112, 32, '55', '', 1, 0, 1502362918);
INSERT INTO `ns_goods_spec_value` VALUES (113, 32, '55', '', 1, 0, 1502362971);
INSERT INTO `ns_goods_spec_value` VALUES (114, 33, '红色', '#ff0000', 1, 0, 1502435428);
INSERT INTO `ns_goods_spec_value` VALUES (115, 33, '蓝色', '#000000', 1, 0, 1502435433);
INSERT INTO `ns_goods_spec_value` VALUES (116, 34, 'dd', '', 1, 0, 1502521305);
INSERT INTO `ns_goods_spec_value` VALUES (117, 35, '的风格', '#000000', 1, 0, 1502536611);
INSERT INTO `ns_goods_spec_value` VALUES (118, 35, '的风格', '#000000', 1, 0, 1502536614);
INSERT INTO `ns_goods_spec_value` VALUES (119, 36, '黑金', '#000000', 1, 0, 1503114343);
INSERT INTO `ns_goods_spec_value` VALUES (120, 36, '烈焰红', '#000000', 1, 0, 1503114357);
INSERT INTO `ns_goods_spec_value` VALUES (121, 36, '极光蓝', '#0000ff', 1, 0, 1503114389);
INSERT INTO `ns_goods_spec_value` VALUES (122, 37, '11', '', 1, 0, 1503914409);
INSERT INTO `ns_goods_spec_value` VALUES (123, 37, '22', '', 1, 0, 1503914412);
INSERT INTO `ns_goods_spec_value` VALUES (124, 38, '11', '', 1, 0, 1503914472);
INSERT INTO `ns_goods_spec_value` VALUES (125, 38, '11', '', 1, 0, 1503914476);
INSERT INTO `ns_goods_spec_value` VALUES (126, 38, '发时光飞逝', '', 1, 0, 1503915118);
INSERT INTO `ns_goods_spec_value` VALUES (127, 40, '路飞', '', 1, 0, 1503916919);
INSERT INTO `ns_goods_spec_value` VALUES (128, 41, 'ces', '', 1, 0, 1503992068);
INSERT INTO `ns_goods_spec_value` VALUES (129, 42, 'aa', '', 1, 0, 1503992353);
INSERT INTO `ns_goods_spec_value` VALUES (130, 43, 'test', '', 1, 0, 1504056090);
INSERT INTO `ns_goods_spec_value` VALUES (131, 43, '商城', '', 1, 0, 1504080808);
INSERT INTO `ns_goods_spec_value` VALUES (132, 43, '撒旦撒', '', 1, 0, 1504080813);
INSERT INTO `ns_goods_spec_value` VALUES (133, 44, '20', '', 1, 0, 1504080861);
INSERT INTO `ns_goods_spec_value` VALUES (134, 44, '21', '', 1, 0, 1504080869);
INSERT INTO `ns_goods_spec_value` VALUES (135, 32, '6655', '', 1, 0, 1504084163);
INSERT INTO `ns_goods_spec_value` VALUES (136, 45, '1', '', 1, 0, 1504084920);
INSERT INTO `ns_goods_spec_value` VALUES (137, 45, '2', '', 1, 0, 1504084923);
INSERT INTO `ns_goods_spec_value` VALUES (138, 45, '3', '', 1, 0, 1504084925);
INSERT INTO `ns_goods_spec_value` VALUES (139, 45, 'DFG', '', 1, 0, 1504087904);
INSERT INTO `ns_goods_spec_value` VALUES (140, 46, '88', '', 1, 0, 1504088873);
INSERT INTO `ns_goods_spec_value` VALUES (141, 46, '99', '', 1, 0, 1504088877);
INSERT INTO `ns_goods_spec_value` VALUES (142, 46, '10', '', 1, 0, 1504088880);
INSERT INTO `ns_goods_spec_value` VALUES (143, 45, '发给', '', 1, 0, 1504088952);
INSERT INTO `ns_goods_spec_value` VALUES (144, 45, '4', '', 1, 0, 1504089332);
INSERT INTO `ns_goods_spec_value` VALUES (145, 45, '5', '', 1, 0, 1504089335);
INSERT INTO `ns_goods_spec_value` VALUES (146, 45, '6', '', 1, 0, 1504089337);
INSERT INTO `ns_goods_spec_value` VALUES (147, 47, '11', '', 1, 0, 1504090009);
INSERT INTO `ns_goods_spec_value` VALUES (148, 47, '11', '', 1, 0, 1504090014);
INSERT INTO `ns_goods_spec_value` VALUES (149, 47, '11', '', 1, 0, 1504090019);
INSERT INTO `ns_goods_spec_value` VALUES (150, 48, '22', '', 1, 0, 1504090035);
INSERT INTO `ns_goods_spec_value` VALUES (151, 46, '11', '', 1, 255, 1504090112);
INSERT INTO `ns_goods_spec_value` VALUES (152, 46, '12', '', 1, 255, 1504090144);
INSERT INTO `ns_goods_spec_value` VALUES (153, 46, '13', '', 1, 255, 1504090144);
INSERT INTO `ns_goods_spec_value` VALUES (154, 46, '14', '', 1, 255, 1504090144);
INSERT INTO `ns_goods_spec_value` VALUES (155, 32, '撒旦法', '', 1, 0, 1504091249);
INSERT INTO `ns_goods_spec_value` VALUES (156, 32, '下册V型从v', '', 1, 0, 1504091253);
INSERT INTO `ns_goods_spec_value` VALUES (157, 32, '规划法规和', '', 1, 0, 1504091306);
INSERT INTO `ns_goods_spec_value` VALUES (158, 32, 'dfgdfg', '', 1, 0, 1504091310);
INSERT INTO `ns_goods_spec_value` VALUES (159, 49, '红色', '#ff0000', 1, 0, 1504581967);
INSERT INTO `ns_goods_spec_value` VALUES (160, 49, '紫色', '#8000ff', 1, 0, 1504581987);
INSERT INTO `ns_goods_spec_value` VALUES (161, 50, '测试', '', 1, 0, 1504582438);
INSERT INTO `ns_goods_spec_value` VALUES (162, 51, 'tt', '', 1, 0, 1505819785);
INSERT INTO `ns_goods_spec_value` VALUES (163, 52, '1', '', 1, 0, 1506561963);
INSERT INTO `ns_goods_spec_value` VALUES (164, 53, 'g', '', 1, 0, 1506563661);
INSERT INTO `ns_goods_spec_value` VALUES (165, 54, '1111', '', 1, 0, 1507543045);
INSERT INTO `ns_goods_spec_value` VALUES (166, 54, '222', '', 1, 0, 1507543053);
INSERT INTO `ns_goods_spec_value` VALUES (167, 40, 'fg ', '', 1, 0, 1507618133);
INSERT INTO `ns_goods_spec_value` VALUES (168, 33, '白色', '#000000', 1, 0, 1507777525);
INSERT INTO `ns_goods_spec_value` VALUES (169, 55, '砖石小鳄鱼皮', '', 1, 0, 1507943606);
INSERT INTO `ns_goods_spec_value` VALUES (170, 56, '32GB', '', 1, 0, 1507943655);
INSERT INTO `ns_goods_spec_value` VALUES (171, 57, '中国大陆', '', 1, 0, 1507943667);
INSERT INTO `ns_goods_spec_value` VALUES (172, 56, '64GB', '', 1, 0, 1507948955);
INSERT INTO `ns_goods_spec_value` VALUES (173, 58, '11', '', 1, 255, 1509518189);

-- ----------------------------
-- Table structure for ns_member
-- ----------------------------
DROP TABLE IF EXISTS `ns_member`;
CREATE TABLE `ns_member`  (
  `uid` int(11) NOT NULL COMMENT '用户ID',
  `member_name` varchar(50) CHARACTER SET utf8 COLLATE utf8_general_ci NOT NULL DEFAULT '' COMMENT '前台用户名',
  `member_level` int(11) NOT NULL DEFAULT 0 COMMENT '会员等级',
  `memo` varchar(1000) CHARACTER SET utf8 COLLATE utf8_general_ci NULL DEFAULT NULL COMMENT '备注',
  `reg_time` int(11) NULL DEFAULT 0 COMMENT '注册时间',
  PRIMARY KEY (`uid`) USING BTREE
) ENGINE = InnoDB AVG_ROW_LENGTH = 147 CHARACTER SET = utf8 COLLATE = utf8_general_ci COMMENT = '前台用户表' ROW_FORMAT = Compact;

-- ----------------------------
-- Records of ns_member
-- ----------------------------
INSERT INTO `ns_member` VALUES (1, 'admin', 49, '', 1500235349);
INSERT INTO `ns_member` VALUES (2, 'gwgw', 49, NULL, 1500281667);
INSERT INTO `ns_member` VALUES (3, 'gaowei', 49, NULL, 1500282391);
INSERT INTO `ns_member` VALUES (5, 'gaowei123', 47, NULL, 1500888792);
INSERT INTO `ns_member` VALUES (6, 'lzw', 47, NULL, 1501068418);
INSERT INTO `ns_member` VALUES (7, 'xxc', 48, NULL, 1501119486);
INSERT INTO `ns_member` VALUES (8, 'gaoweieee', 47, NULL, 1501212346);
INSERT INTO `ns_member` VALUES (9, 'gggg9999', 47, NULL, 1501213076);
INSERT INTO `ns_member` VALUES (10, 'qqqqqq', 47, NULL, 1501660628);
INSERT INTO `ns_member` VALUES (11, '111', 47, NULL, 1501846140);
INSERT INTO `ns_member` VALUES (12, '133333467090', 47, NULL, 1502704786);
INSERT INTO `ns_member` VALUES (13, 'lg111', 47, NULL, 1502879609);
INSERT INTO `ns_member` VALUES (14, 'gaowei111', 47, NULL, 1503019255);
INSERT INTO `ns_member` VALUES (19, '18734824089', 47, NULL, 1503560019);
INSERT INTO `ns_member` VALUES (20, 'gaowei888888', 47, NULL, 1503564413);
INSERT INTO `ns_member` VALUES (21, 'zxx', 47, NULL, 1503899964);
INSERT INTO `ns_member` VALUES (22, 'wyc', 47, NULL, 1504170146);
INSERT INTO `ns_member` VALUES (23, '18634373642', 47, NULL, 1504610293);
INSERT INTO `ns_member` VALUES (24, '18636101547', 47, NULL, 1504610668);
INSERT INTO `ns_member` VALUES (25, '18634373642', 47, NULL, 1504665678);
INSERT INTO `ns_member` VALUES (26, 'wyc123', 47, NULL, 1504666480);
INSERT INTO `ns_member` VALUES (27, '18234064950', 47, NULL, 1504667405);
INSERT INTO `ns_member` VALUES (28, '', 47, NULL, 1504670803);
INSERT INTO `ns_member` VALUES (29, '', 47, NULL, 1504670926);
INSERT INTO `ns_member` VALUES (30, 'wyc123', 47, NULL, 1504758706);
INSERT INTO `ns_member` VALUES (31, 'xxs', 47, NULL, 1504842070);
INSERT INTO `ns_member` VALUES (32, 'lg321', 47, NULL, 1505125003);
INSERT INTO `ns_member` VALUES (33, 'ls', 47, NULL, 1505359848);
INSERT INTO `ns_member` VALUES (35, '@@@', 47, NULL, 1505363087);
INSERT INTO `ns_member` VALUES (42, '', 47, NULL, 1505379156);
INSERT INTO `ns_member` VALUES (43, '18234064950', 47, NULL, 1505386331);
INSERT INTO `ns_member` VALUES (44, '17635673194', 47, NULL, 1505387399);
INSERT INTO `ns_member` VALUES (45, '18234064950', 47, NULL, 1505388485);
INSERT INTO `ns_member` VALUES (46, '18234064950', 47, NULL, 1505390766);
INSERT INTO `ns_member` VALUES (47, '', 47, NULL, 1505553509);
INSERT INTO `ns_member` VALUES (48, '', 47, NULL, 1505708300);
INSERT INTO `ns_member` VALUES (49, '', 47, NULL, 1506051840);
INSERT INTO `ns_member` VALUES (50, '', 47, NULL, 1506069586);
INSERT INTO `ns_member` VALUES (51, '18636101547', 47, NULL, 1506070313);
INSERT INTO `ns_member` VALUES (52, 'freedomhua', 47, NULL, 1506332363);
INSERT INTO `ns_member` VALUES (53, '15235165131', 47, NULL, 1506501684);
INSERT INTO `ns_member` VALUES (54, '15235165131', 47, NULL, 1506501791);
INSERT INTO `ns_member` VALUES (55, '15235165131', 47, NULL, 1506506780);
INSERT INTO `ns_member` VALUES (56, '15263524524', 47, NULL, 1506507513);
INSERT INTO `ns_member` VALUES (57, '18234064955', 47, NULL, 1506508899);
INSERT INTO `ns_member` VALUES (58, 'zkf123', 47, NULL, 1506678296);
INSERT INTO `ns_member` VALUES (59, 'zkf', 52, NULL, 1507520927);
INSERT INTO `ns_member` VALUES (60, 'zzz', 47, NULL, 1507710507);
INSERT INTO `ns_member` VALUES (61, 'wyc321', 47, NULL, 1508752462);
INSERT INTO `ns_member` VALUES (62, 'admin123', 47, NULL, 1510210898);
INSERT INTO `ns_member` VALUES (63, 'admin1', 47, NULL, 1510211698);
INSERT INTO `ns_member` VALUES (64, 'admin12', 47, NULL, 1510211743);
INSERT INTO `ns_member` VALUES (65, 'admin1234', 47, NULL, 1510213622);
INSERT INTO `ns_member` VALUES (66, 'admin12345', 47, NULL, 1510217987);
INSERT INTO `ns_member` VALUES (67, 'testtest', 47, NULL, 1510218285);
INSERT INTO `ns_member` VALUES (68, 'xiaohong ', 47, NULL, 1510282962);
INSERT INTO `ns_member` VALUES (69, 'xiaohong1', 47, NULL, 1510283116);
INSERT INTO `ns_member` VALUES (70, 'xiaoming', 47, NULL, 1510284606);
INSERT INTO `ns_member` VALUES (71, 'xiaowang', 47, NULL, 1510284778);
INSERT INTO `ns_member` VALUES (72, 'xiaohong12', 47, NULL, 1510288114);
INSERT INTO `ns_member` VALUES (73, 'xiaohong123', 47, NULL, 1510288228);
INSERT INTO `ns_member` VALUES (74, 'daming', 47, NULL, 1510564325);
INSERT INTO `ns_member` VALUES (75, 'admintest', 47, NULL, 1510998158);
INSERT INTO `ns_member` VALUES (77, 'zhaoheilei', 47, NULL, 1511334912);
INSERT INTO `ns_member` VALUES (78, 'zhaohailei4321', 47, NULL, 1511337240);
INSERT INTO `ns_member` VALUES (79, 'lzw1', 47, NULL, 1511349600);
INSERT INTO `ns_member` VALUES (80, 'zhl', 47, NULL, 1512459659);
INSERT INTO `ns_member` VALUES (82, 'zhaoyun', 47, NULL, 1513934451);
INSERT INTO `ns_member` VALUES (83, 'zhaoyun1', 47, NULL, 1514185435);
INSERT INTO `ns_member` VALUES (84, 'test', 47, NULL, 1559733955);
INSERT INTO `ns_member` VALUES (85, 'chenliang', 47, NULL, 1563200690);
INSERT INTO `ns_member` VALUES (86, 'test1', 47, NULL, 1572851268);
INSERT INTO `ns_member` VALUES (87, 'dsanys', 47, NULL, 1573800467);
INSERT INTO `ns_member` VALUES (88, '!S!WCRTESTINPUT000000!E!', 47, NULL, 1579548793);
INSERT INTO `ns_member` VALUES (89, '!S!WCRTESTINPUT000000!E!\' aNd \'7\'=\'7', 47, NULL, 1579548795);
INSERT INTO `ns_member` VALUES (90, '!S!WCRTESTINPUT000000!E!\' aNd \'7\'=\'2', 47, NULL, 1579548797);
INSERT INTO `ns_member` VALUES (91, '!S!WCRTESTINPUT000000&lt;&gt;&lt;&gt;%3c%3e!E!', 47, NULL, 1579548798);
INSERT INTO `ns_member` VALUES (92, '1 aNd 7=7', 47, NULL, 1579548800);
INSERT INTO `ns_member` VALUES (93, '1 aNd 7=2', 47, NULL, 1579548803);
INSERT INTO `ns_member` VALUES (94, '1\' aNd \'7\'=\'7', 47, NULL, 1579548804);
INSERT INTO `ns_member` VALUES (95, '1\' aNd \'7\'=\'2', 47, NULL, 1579548806);
INSERT INTO `ns_member` VALUES (96, '99999999 oR 7=7', 47, NULL, 1579548807);
INSERT INTO `ns_member` VALUES (97, '99999999 oR 7=2', 47, NULL, 1579548808);
INSERT INTO `ns_member` VALUES (98, '99999999\' oR \'7\'=\'7', 47, NULL, 1579548808);
INSERT INTO `ns_member` VALUES (99, '99999999\' oR \'7\'=\'2', 47, NULL, 1579548809);
INSERT INTO `ns_member` VALUES (100, '99999999\'] | * | user[@role=\'admin', 47, NULL, 1579548809);
INSERT INTO `ns_member` VALUES (101, '99999999', 47, NULL, 1579548810);
INSERT INTO `ns_member` VALUES (102, '\' oR \'%\'=\'', 47, NULL, 1579548810);
INSERT INTO `ns_member` VALUES (103, '\' oR \'%\'=\'2', 47, NULL, 1579548811);
INSERT INTO `ns_member` VALUES (104, '123456', 47, NULL, 1585192251);
INSERT INTO `ns_member` VALUES (105, 'wlb', 47, NULL, 1596531447);
INSERT INTO `ns_member` VALUES (106, 'HRW', 47, NULL, 1598411267);
INSERT INTO `ns_member` VALUES (107, 'ckadmin', 47, NULL, 1602317963);
INSERT INTO `ns_member` VALUES (108, 'wang', 47, NULL, 1602660116);
INSERT INTO `ns_member` VALUES (109, '777', 47, NULL, 1603001028);
INSERT INTO `ns_member` VALUES (110, '1346722308911', 47, NULL, 1604916375);

-- ----------------------------
-- Table structure for ns_member_account
-- ----------------------------
DROP TABLE IF EXISTS `ns_member_account`;
CREATE TABLE `ns_member_account`  (
  `id` int(10) UNSIGNED NOT NULL AUTO_INCREMENT,
  `uid` int(11) NOT NULL COMMENT '会员uid',
  `shop_id` int(11) NOT NULL COMMENT '店铺ID',
  `point` int(11) NOT NULL DEFAULT 0 COMMENT '会员积分',
  `balance` decimal(10, 2) NOT NULL DEFAULT 0.00 COMMENT '余额',
  `coin` int(11) NOT NULL DEFAULT 0 COMMENT '购物币',
  `member_cunsum` decimal(10, 2) NOT NULL DEFAULT 0.00 COMMENT '会员消费',
  `member_sum_point` int(11) NOT NULL DEFAULT 0 COMMENT '会员累计积分',
  PRIMARY KEY (`id`) USING BTREE
) ENGINE = InnoDB AUTO_INCREMENT = 96 AVG_ROW_LENGTH = 3276 CHARACTER SET = utf8 COLLATE = utf8_general_ci COMMENT = '会员账户统计表' ROW_FORMAT = Compact;

-- ----------------------------
-- Records of ns_member_account
-- ----------------------------
INSERT INTO `ns_member_account` VALUES (63, 6, 0, 0, 92.78, 0, 0.00, 0);
INSERT INTO `ns_member_account` VALUES (64, 80, 0, 0, 395.17, 0, 0.00, 0);
INSERT INTO `ns_member_account` VALUES (65, 1, 0, 0, 0.00, 0, 0.00, 0);
INSERT INTO `ns_member_account` VALUES (66, 82, 0, 0, 482.00, 0, 0.00, 0);
INSERT INTO `ns_member_account` VALUES (67, 83, 0, 0, 4971.00, 0, 0.00, 0);
INSERT INTO `ns_member_account` VALUES (68, 84, 0, 0, 0.00, 0, 0.00, 0);
INSERT INTO `ns_member_account` VALUES (69, 75, 0, 0, 99.90, 0, 0.00, 0);
INSERT INTO `ns_member_account` VALUES (70, 85, 0, 0, 0.00, 0, 0.00, 0);
INSERT INTO `ns_member_account` VALUES (71, 86, 0, 0, 0.00, 0, 0.00, 0);
INSERT INTO `ns_member_account` VALUES (72, 87, 0, 0, 0.00, 0, 0.00, 0);
INSERT INTO `ns_member_account` VALUES (73, 88, 0, 0, 0.00, 0, 0.00, 0);
INSERT INTO `ns_member_account` VALUES (74, 89, 0, 0, 0.00, 0, 0.00, 0);
INSERT INTO `ns_member_account` VALUES (75, 90, 0, 0, 0.00, 0, 0.00, 0);
INSERT INTO `ns_member_account` VALUES (76, 91, 0, 0, 0.00, 0, 0.00, 0);
INSERT INTO `ns_member_account` VALUES (77, 92, 0, 0, 0.00, 0, 0.00, 0);
INSERT INTO `ns_member_account` VALUES (78, 93, 0, 0, 0.00, 0, 0.00, 0);
INSERT INTO `ns_member_account` VALUES (79, 94, 0, 0, 0.00, 0, 0.00, 0);
INSERT INTO `ns_member_account` VALUES (80, 95, 0, 0, 0.00, 0, 0.00, 0);
INSERT INTO `ns_member_account` VALUES (81, 96, 0, 0, 0.00, 0, 0.00, 0);
INSERT INTO `ns_member_account` VALUES (82, 97, 0, 0, 0.00, 0, 0.00, 0);
INSERT INTO `ns_member_account` VALUES (83, 98, 0, 0, 0.00, 0, 0.00, 0);
INSERT INTO `ns_member_account` VALUES (84, 99, 0, 0, 0.00, 0, 0.00, 0);
INSERT INTO `ns_member_account` VALUES (85, 100, 0, 0, 0.00, 0, 0.00, 0);
INSERT INTO `ns_member_account` VALUES (86, 101, 0, 0, 0.00, 0, 0.00, 0);
INSERT INTO `ns_member_account` VALUES (87, 102, 0, 0, 0.00, 0, 0.00, 0);
INSERT INTO `ns_member_account` VALUES (88, 103, 0, 0, 0.00, 0, 0.00, 0);
INSERT INTO `ns_member_account` VALUES (89, 104, 0, 0, 0.00, 0, 0.00, 0);
INSERT INTO `ns_member_account` VALUES (90, 105, 0, 0, 0.00, 0, 0.00, 0);
INSERT INTO `ns_member_account` VALUES (91, 106, 0, 0, 0.00, 0, 0.00, 0);
INSERT INTO `ns_member_account` VALUES (92, 107, 0, 0, 0.00, 0, 0.00, 0);
INSERT INTO `ns_member_account` VALUES (93, 108, 0, 0, 0.00, 0, 0.00, 0);
INSERT INTO `ns_member_account` VALUES (94, 109, 0, 0, 0.00, 0, 0.00, 0);
INSERT INTO `ns_member_account` VALUES (95, 110, 0, 0, 0.00, 0, 0.00, 0);

-- ----------------------------
-- Table structure for ns_member_account_records
-- ----------------------------
DROP TABLE IF EXISTS `ns_member_account_records`;
CREATE TABLE `ns_member_account_records`  (
  `id` int(10) UNSIGNED NOT NULL AUTO_INCREMENT COMMENT '主键',
  `uid` int(11) NOT NULL DEFAULT 0 COMMENT '用户ID',
  `shop_id` int(11) NOT NULL DEFAULT 0 COMMENT '店铺ID',
  `account_type` int(11) NOT NULL DEFAULT 1 COMMENT '账户类型1.积分2.余额3.购物币',
  `sign` smallint(6) NOT NULL DEFAULT 1 COMMENT '正负号',
  `number` decimal(10, 2) NOT NULL DEFAULT 0.00 COMMENT '数量',
  `from_type` smallint(6) NOT NULL DEFAULT 0 COMMENT '产生方式1.商城订单2.订单退还3.兑换4.充值5.签到6.分享7.注册8.提现9提现退还 20视频商城订单',
  `data_id` int(11) NOT NULL DEFAULT 0 COMMENT '相关表的数据ID',
  `text` varchar(255) CHARACTER SET utf8 COLLATE utf8_general_ci NOT NULL DEFAULT '' COMMENT '数据相关内容描述文本',
  `create_time` int(11) NULL DEFAULT 0 COMMENT '创建时间',
  PRIMARY KEY (`id`) USING BTREE
) ENGINE = InnoDB AUTO_INCREMENT = 578 AVG_ROW_LENGTH = 108 CHARACTER SET = utf8 COLLATE = utf8_general_ci COMMENT = '会员流水账表' ROW_FORMAT = Compact;

-- ----------------------------
-- Records of ns_member_account_records
-- ----------------------------
INSERT INTO `ns_member_account_records` VALUES (416, 6, 0, 2, 1, 2000.00, 10, 0, '', 1511521856);
INSERT INTO `ns_member_account_records` VALUES (418, 6, 0, 2, 0, -203.20, 21, 92, '课程购买', 1511522114);
INSERT INTO `ns_member_account_records` VALUES (419, 6, 0, 2, 0, -11.00, 8, 10, '会员余额提现', 1511575170);
INSERT INTO `ns_member_account_records` VALUES (420, 6, 0, 2, 0, -11.00, 8, 11, '会员余额提现', 1511575173);
INSERT INTO `ns_member_account_records` VALUES (421, 6, 0, 2, 0, -11.00, 8, 12, '会员余额提现', 1511575174);
INSERT INTO `ns_member_account_records` VALUES (422, 6, 0, 2, 0, -11.00, 8, 13, '会员余额提现', 1511575174);
INSERT INTO `ns_member_account_records` VALUES (423, 6, 0, 2, 0, -11.00, 8, 14, '会员余额提现', 1511575175);
INSERT INTO `ns_member_account_records` VALUES (424, 6, 0, 2, 0, -11.00, 8, 15, '会员余额提现', 1511575175);
INSERT INTO `ns_member_account_records` VALUES (425, 6, 0, 2, 0, -11.00, 8, 16, '会员余额提现', 1511575175);
INSERT INTO `ns_member_account_records` VALUES (426, 6, 0, 2, 0, -11.00, 8, 17, '会员余额提现', 1511575176);
INSERT INTO `ns_member_account_records` VALUES (427, 6, 0, 2, 0, -11.00, 8, 18, '会员余额提现', 1511575176);
INSERT INTO `ns_member_account_records` VALUES (428, 6, 0, 2, 0, -11.00, 8, 19, '会员余额提现', 1511575179);
INSERT INTO `ns_member_account_records` VALUES (429, 6, 0, 2, 0, -110.00, 8, 20, '会员余额提现', 1511575182);
INSERT INTO `ns_member_account_records` VALUES (430, 6, 0, 2, 0, -110.00, 8, 21, '会员余额提现', 1511575184);
INSERT INTO `ns_member_account_records` VALUES (431, 6, 0, 2, 0, -110.00, 8, 22, '会员余额提现', 1511575185);
INSERT INTO `ns_member_account_records` VALUES (432, 6, 0, 2, 0, -110.00, 8, 23, '会员余额提现', 1511575185);
INSERT INTO `ns_member_account_records` VALUES (433, 6, 0, 2, 0, -110.00, 8, 24, '会员余额提现', 1511575186);
INSERT INTO `ns_member_account_records` VALUES (434, 6, 0, 2, 0, -110.00, 8, 25, '会员余额提现', 1511575186);
INSERT INTO `ns_member_account_records` VALUES (435, 6, 0, 2, 0, -110.00, 8, 26, '会员余额提现', 1511575186);
INSERT INTO `ns_member_account_records` VALUES (436, 6, 0, 2, 0, -110.00, 8, 27, '会员余额提现', 1511575187);
INSERT INTO `ns_member_account_records` VALUES (437, 6, 0, 2, 0, -110.00, 8, 28, '会员余额提现', 1511575187);
INSERT INTO `ns_member_account_records` VALUES (438, 6, 0, 2, 0, -11.00, 8, 29, '会员余额提现', 1511575417);
INSERT INTO `ns_member_account_records` VALUES (439, 6, 0, 2, 0, -0.01, 21, 93, '课程购买', 1511944389);
INSERT INTO `ns_member_account_records` VALUES (440, 6, 0, 2, 1, 0.01, 22, 93, '取消课程订单', 1511944573);
INSERT INTO `ns_member_account_records` VALUES (441, 6, 0, 2, 0, -0.01, 21, 94, '课程购买', 1511944653);
INSERT INTO `ns_member_account_records` VALUES (442, 6, 0, 2, 0, -0.01, 21, 95, '课程购买', 1511944666);
INSERT INTO `ns_member_account_records` VALUES (443, 6, 0, 2, 1, 0.01, 22, 95, '取消课程订单', 1511946175);
INSERT INTO `ns_member_account_records` VALUES (444, 6, 0, 2, 1, 0.01, 22, 94, '取消课程订单', 1511946508);
INSERT INTO `ns_member_account_records` VALUES (445, 6, 0, 2, 0, -0.01, 21, 96, '课程购买', 1511946604);
INSERT INTO `ns_member_account_records` VALUES (446, 6, 0, 2, 1, 0.01, 22, 96, '取消课程订单', 1511946619);
INSERT INTO `ns_member_account_records` VALUES (447, 6, 0, 2, 0, -0.01, 21, 97, '课程购买', 1511946727);
INSERT INTO `ns_member_account_records` VALUES (448, 6, 0, 2, 0, -0.01, 21, 98, '课程购买', 1511947127);
INSERT INTO `ns_member_account_records` VALUES (449, 6, 0, 2, 1, 0.01, 22, 97, '取消课程订单', 1511947982);
INSERT INTO `ns_member_account_records` VALUES (450, 6, 0, 2, 0, -0.01, 21, 99, '课程购买', 1511947983);
INSERT INTO `ns_member_account_records` VALUES (451, 6, 0, 2, 0, -0.01, 21, 100, '课程购买', 1512379018);
INSERT INTO `ns_member_account_records` VALUES (452, 80, 0, 1, 1, 0.00, 7, 0, '注册会员赠送积分', 1512459659);
INSERT INTO `ns_member_account_records` VALUES (453, 6, 0, 2, 0, -0.01, 21, 101, '课程购买', 1512640458);
INSERT INTO `ns_member_account_records` VALUES (454, 6, 0, 2, 1, 0.01, 22, 101, '取消课程订单', 1512640589);
INSERT INTO `ns_member_account_records` VALUES (455, 1, 0, 2, 0, 0.00, 21, 104, '课程购买', 1512800230);
INSERT INTO `ns_member_account_records` VALUES (456, 1, 0, 2, 0, 0.00, 21, 105, '课程购买', 1512800266);
INSERT INTO `ns_member_account_records` VALUES (457, 1, 0, 2, 0, 0.00, 21, 106, '课程购买', 1512801063);
INSERT INTO `ns_member_account_records` VALUES (458, 1, 0, 2, 0, 0.00, 21, 107, '课程购买', 1512802895);
INSERT INTO `ns_member_account_records` VALUES (459, 1, 0, 2, 0, 0.00, 21, 108, '课程购买', 1512803090);
INSERT INTO `ns_member_account_records` VALUES (460, 80, 0, 2, 0, -0.01, 21, 109, '课程购买', 1512804445);
INSERT INTO `ns_member_account_records` VALUES (461, 80, 0, 2, 1, 0.01, 22, 109, '取消课程订单', 1512805867);
INSERT INTO `ns_member_account_records` VALUES (462, 80, 0, 2, 0, -0.01, 21, 110, '课程购买', 1512806420);
INSERT INTO `ns_member_account_records` VALUES (463, 80, 0, 2, 0, -0.01, 21, 111, '课程购买', 1512807203);
INSERT INTO `ns_member_account_records` VALUES (464, 80, 0, 2, 0, 0.00, 21, 112, '课程购买', 1512807293);
INSERT INTO `ns_member_account_records` VALUES (465, 80, 0, 2, 0, -10.80, 21, 113, '课程购买', 1512809829);
INSERT INTO `ns_member_account_records` VALUES (466, 80, 0, 2, 0, -97.00, 21, 114, '课程购买', 1512810195);
INSERT INTO `ns_member_account_records` VALUES (467, 80, 0, 2, 1, 10.80, 22, 113, '取消课程订单', 1512811901);
INSERT INTO `ns_member_account_records` VALUES (468, 80, 0, 2, 0, -12.00, 21, 115, '课程购买', 1512811901);
INSERT INTO `ns_member_account_records` VALUES (469, 80, 0, 2, 0, -160.00, 21, 116, '课程购买', 1512813068);
INSERT INTO `ns_member_account_records` VALUES (470, 80, 0, 2, 1, 160.00, 22, 116, '取消课程订单', 1512815021);
INSERT INTO `ns_member_account_records` VALUES (471, 80, 0, 2, 0, -12.00, 21, 119, '课程购买', 1512817754);
INSERT INTO `ns_member_account_records` VALUES (472, 80, 0, 2, 0, -10.80, 21, 120, '课程购买', 1512817976);
INSERT INTO `ns_member_account_records` VALUES (473, 80, 0, 2, 0, -10.80, 21, 121, '课程购买', 1512818684);
INSERT INTO `ns_member_account_records` VALUES (474, 80, 0, 2, 1, 10.80, 22, 121, '取消课程订单', 1512818850);
INSERT INTO `ns_member_account_records` VALUES (475, 80, 0, 2, 0, -10.00, 21, 122, '课程购买', 1512818850);
INSERT INTO `ns_member_account_records` VALUES (476, 80, 0, 2, 0, 0.00, 21, 123, '课程购买', 1512819270);
INSERT INTO `ns_member_account_records` VALUES (477, 80, 0, 2, 0, 0.00, 21, 124, '课程购买', 1512819850);
INSERT INTO `ns_member_account_records` VALUES (478, 80, 0, 2, 0, -12.00, 21, 125, '课程购买', 1512819960);
INSERT INTO `ns_member_account_records` VALUES (479, 80, 0, 2, 0, -10.80, 21, 126, '课程购买', 1512959321);
INSERT INTO `ns_member_account_records` VALUES (480, 80, 0, 2, 0, 0.00, 21, 127, '课程购买', 1512959634);
INSERT INTO `ns_member_account_records` VALUES (481, 80, 0, 2, 0, 0.00, 21, 128, '课程购买', 1512960384);
INSERT INTO `ns_member_account_records` VALUES (482, 80, 0, 2, 0, 0.00, 21, 129, '课程购买', 1512960698);
INSERT INTO `ns_member_account_records` VALUES (483, 80, 0, 2, 0, 0.00, 21, 130, '课程购买', 1512961450);
INSERT INTO `ns_member_account_records` VALUES (484, 80, 0, 2, 0, -10.80, 21, 131, '课程购买', 1512962202);
INSERT INTO `ns_member_account_records` VALUES (485, 80, 0, 2, 0, -0.01, 21, 132, '课程购买', 1513060399);
INSERT INTO `ns_member_account_records` VALUES (486, 80, 0, 2, 0, -12.00, 21, 133, '课程购买', 1513063723);
INSERT INTO `ns_member_account_records` VALUES (487, 80, 0, 2, 0, -12.00, 21, 134, '课程购买', 1513063773);
INSERT INTO `ns_member_account_records` VALUES (488, 80, 0, 2, 0, -0.01, 21, 135, '课程购买', 1513063992);
INSERT INTO `ns_member_account_records` VALUES (489, 80, 0, 2, 0, -12.00, 21, 136, '课程购买', 1513064368);
INSERT INTO `ns_member_account_records` VALUES (490, 80, 0, 2, 0, -0.01, 21, 137, '课程购买', 1513064546);
INSERT INTO `ns_member_account_records` VALUES (491, 80, 0, 2, 0, -0.01, 21, 138, '课程购买', 1513064620);
INSERT INTO `ns_member_account_records` VALUES (492, 80, 0, 2, 0, -12.00, 21, 139, '课程购买', 1513064844);
INSERT INTO `ns_member_account_records` VALUES (493, 80, 0, 2, 0, -0.01, 21, 140, '课程购买', 1513064870);
INSERT INTO `ns_member_account_records` VALUES (494, 80, 0, 2, 0, -0.01, 21, 141, '课程购买', 1513064901);
INSERT INTO `ns_member_account_records` VALUES (495, 80, 0, 2, 0, -0.01, 21, 142, '课程购买', 1513065511);
INSERT INTO `ns_member_account_records` VALUES (496, 80, 0, 2, 0, -0.01, 21, 143, '课程购买', 1513066143);
INSERT INTO `ns_member_account_records` VALUES (497, 80, 0, 2, 0, -12.00, 21, 144, '课程购买', 1513066281);
INSERT INTO `ns_member_account_records` VALUES (498, 80, 0, 2, 0, -12.00, 21, 145, '课程购买', 1513066873);
INSERT INTO `ns_member_account_records` VALUES (499, 80, 0, 2, 0, -0.01, 21, 146, '课程购买', 1513067675);
INSERT INTO `ns_member_account_records` VALUES (500, 80, 0, 2, 0, -0.01, 21, 147, '课程购买', 1513068049);
INSERT INTO `ns_member_account_records` VALUES (501, 80, 0, 2, 0, -0.01, 21, 148, '课程购买', 1513068390);
INSERT INTO `ns_member_account_records` VALUES (502, 80, 0, 2, 0, -0.01, 21, 149, '课程购买', 1513068807);
INSERT INTO `ns_member_account_records` VALUES (503, 80, 0, 2, 0, -0.01, 21, 150, '课程购买', 1513069075);
INSERT INTO `ns_member_account_records` VALUES (504, 80, 0, 2, 0, -0.01, 21, 151, '课程购买', 1513069320);
INSERT INTO `ns_member_account_records` VALUES (505, 80, 0, 2, 0, -0.01, 21, 152, '课程购买', 1513070963);
INSERT INTO `ns_member_account_records` VALUES (506, 80, 0, 2, 0, -0.01, 21, 153, '课程购买', 1513070999);
INSERT INTO `ns_member_account_records` VALUES (507, 80, 0, 2, 0, 0.00, 21, 154, '课程购买', 1513072291);
INSERT INTO `ns_member_account_records` VALUES (508, 80, 0, 2, 0, 0.00, 21, 155, '课程购买', 1513073143);
INSERT INTO `ns_member_account_records` VALUES (509, 80, 0, 2, 0, -12.00, 21, 156, '课程购买', 1513074382);
INSERT INTO `ns_member_account_records` VALUES (510, 80, 0, 2, 0, -12.00, 21, 157, '课程购买', 1513075579);
INSERT INTO `ns_member_account_records` VALUES (511, 80, 0, 2, 0, -12.00, 21, 158, '课程购买', 1513075760);
INSERT INTO `ns_member_account_records` VALUES (512, 80, 0, 2, 0, -12.00, 21, 159, '课程购买', 1513150250);
INSERT INTO `ns_member_account_records` VALUES (513, 80, 0, 2, 0, -0.01, 21, 160, '课程购买', 1513152271);
INSERT INTO `ns_member_account_records` VALUES (514, 80, 0, 2, 0, -10.00, 21, 161, '课程购买', 1513222708);
INSERT INTO `ns_member_account_records` VALUES (515, 80, 0, 2, 0, -12.00, 21, 162, '课程购买', 1513223050);
INSERT INTO `ns_member_account_records` VALUES (516, 80, 0, 2, 0, -12.00, 21, 163, '课程购买', 1513223875);
INSERT INTO `ns_member_account_records` VALUES (517, 80, 0, 2, 0, -0.01, 21, 164, '课程购买', 1513236343);
INSERT INTO `ns_member_account_records` VALUES (518, 80, 0, 2, 0, -8.80, 21, 165, '课程购买', 1513237712);
INSERT INTO `ns_member_account_records` VALUES (519, 80, 0, 2, 1, 97.00, 22, 114, '取消课程订单', 1513238668);
INSERT INTO `ns_member_account_records` VALUES (520, 80, 0, 2, 0, -12.00, 21, 166, '课程购买', 1513238668);
INSERT INTO `ns_member_account_records` VALUES (521, 80, 0, 2, 1, 12.00, 22, 166, '取消课程订单', 1513242516);
INSERT INTO `ns_member_account_records` VALUES (522, 80, 0, 2, 0, -12.00, 21, 167, '课程购买', 1513242516);
INSERT INTO `ns_member_account_records` VALUES (523, 80, 0, 2, 0, -0.01, 21, 168, '课程购买', 1513246288);
INSERT INTO `ns_member_account_records` VALUES (524, 6, 0, 2, 0, -10.00, 21, 169, '课程购买', 1513305682);
INSERT INTO `ns_member_account_records` VALUES (525, 6, 0, 2, 0, -12.00, 21, 170, '课程购买', 1513309612);
INSERT INTO `ns_member_account_records` VALUES (526, 6, 0, 2, 0, -10.00, 21, 171, '课程购买', 1513309700);
INSERT INTO `ns_member_account_records` VALUES (527, 6, 0, 2, 0, -10.00, 21, 172, '课程购买', 1513319056);
INSERT INTO `ns_member_account_records` VALUES (528, 6, 0, 2, 0, -4.00, 21, 173, '课程购买', 1513319321);
INSERT INTO `ns_member_account_records` VALUES (529, 6, 0, 2, 0, 0.00, 21, 174, '课程购买', 1513917692);
INSERT INTO `ns_member_account_records` VALUES (530, 6, 0, 2, 0, -188.00, 21, 175, '课程购买', 1513924738);
INSERT INTO `ns_member_account_records` VALUES (531, 6, 0, 2, 1, 0.01, 22, 99, '取消课程订单', 1513929106);
INSERT INTO `ns_member_account_records` VALUES (532, 82, 0, 1, 1, 0.00, 7, 0, '注册会员赠送积分', 1513934452);
INSERT INTO `ns_member_account_records` VALUES (533, 82, 0, 2, 1, 500.00, 10, 0, '冬至注册会员赠送余额', 1513937941);
INSERT INTO `ns_member_account_records` VALUES (534, 82, 0, 2, 0, -18.00, 21, 176, '课程购买', 1513937956);
INSERT INTO `ns_member_account_records` VALUES (535, 6, 0, 2, 0, -5.00, 21, 177, '课程购买', 1513998514);
INSERT INTO `ns_member_account_records` VALUES (536, 6, 0, 2, 0, -150.00, 21, 178, '课程购买', 1514013523);
INSERT INTO `ns_member_account_records` VALUES (537, 83, 0, 1, 1, 0.00, 7, 0, '注册会员赠送积分', 1514185435);
INSERT INTO `ns_member_account_records` VALUES (538, 80, 0, 2, 0, -99.00, 21, 179, '课程购买', 1514255148);
INSERT INTO `ns_member_account_records` VALUES (539, 83, 0, 2, 0, 0.00, 21, 180, '课程购买', 1514339448);
INSERT INTO `ns_member_account_records` VALUES (540, 83, 0, 2, 1, 5000.00, 10, 0, '', 1514339514);
INSERT INTO `ns_member_account_records` VALUES (541, 83, 0, 2, 0, -12.00, 21, 181, '课程购买', 1514339537);
INSERT INTO `ns_member_account_records` VALUES (542, 83, 0, 2, 0, -25.00, 21, 182, '课程购买', 1514339915);
INSERT INTO `ns_member_account_records` VALUES (543, 83, 0, 2, 0, -188.00, 21, 183, '课程购买', 1514445350);
INSERT INTO `ns_member_account_records` VALUES (544, 83, 0, 2, 0, -88.00, 21, 184, '课程购买', 1514446484);
INSERT INTO `ns_member_account_records` VALUES (545, 83, 0, 2, 1, -4600.00, 10, 0, '111', 1514448701);
INSERT INTO `ns_member_account_records` VALUES (546, 83, 0, 2, 0, -87.00, 21, 185, '课程购买', 1514448743);
INSERT INTO `ns_member_account_records` VALUES (547, 83, 0, 2, 1, 5000.00, 10, 0, '2222', 1514453474);
INSERT INTO `ns_member_account_records` VALUES (548, 83, 0, 2, 0, -29.00, 21, 186, '课程购买', 1514453496);
INSERT INTO `ns_member_account_records` VALUES (549, 84, 0, 1, 1, 0.00, 7, 0, '注册会员赠送积分', 1559733956);
INSERT INTO `ns_member_account_records` VALUES (550, 75, 0, 2, 1, 100.00, 10, 0, '', 1562564904);
INSERT INTO `ns_member_account_records` VALUES (551, 75, 0, 2, 0, -0.10, 21, 188, '课程购买', 1562564941);
INSERT INTO `ns_member_account_records` VALUES (552, 85, 0, 1, 1, 0.00, 7, 0, '注册会员赠送积分', 1563200690);
INSERT INTO `ns_member_account_records` VALUES (553, 86, 0, 1, 1, 0.00, 7, 0, '注册会员赠送积分', 1572851268);
INSERT INTO `ns_member_account_records` VALUES (554, 87, 0, 1, 1, 0.00, 7, 0, '注册会员赠送积分', 1573800467);
INSERT INTO `ns_member_account_records` VALUES (555, 88, 0, 1, 1, 0.00, 7, 0, '注册会员赠送积分', 1579548793);
INSERT INTO `ns_member_account_records` VALUES (556, 89, 0, 1, 1, 0.00, 7, 0, '注册会员赠送积分', 1579548795);
INSERT INTO `ns_member_account_records` VALUES (557, 90, 0, 1, 1, 0.00, 7, 0, '注册会员赠送积分', 1579548797);
INSERT INTO `ns_member_account_records` VALUES (558, 91, 0, 1, 1, 0.00, 7, 0, '注册会员赠送积分', 1579548798);
INSERT INTO `ns_member_account_records` VALUES (559, 92, 0, 1, 1, 0.00, 7, 0, '注册会员赠送积分', 1579548801);
INSERT INTO `ns_member_account_records` VALUES (560, 93, 0, 1, 1, 0.00, 7, 0, '注册会员赠送积分', 1579548803);
INSERT INTO `ns_member_account_records` VALUES (561, 94, 0, 1, 1, 0.00, 7, 0, '注册会员赠送积分', 1579548804);
INSERT INTO `ns_member_account_records` VALUES (562, 95, 0, 1, 1, 0.00, 7, 0, '注册会员赠送积分', 1579548806);
INSERT INTO `ns_member_account_records` VALUES (563, 96, 0, 1, 1, 0.00, 7, 0, '注册会员赠送积分', 1579548807);
INSERT INTO `ns_member_account_records` VALUES (564, 97, 0, 1, 1, 0.00, 7, 0, '注册会员赠送积分', 1579548808);
INSERT INTO `ns_member_account_records` VALUES (565, 98, 0, 1, 1, 0.00, 7, 0, '注册会员赠送积分', 1579548808);
INSERT INTO `ns_member_account_records` VALUES (566, 99, 0, 1, 1, 0.00, 7, 0, '注册会员赠送积分', 1579548809);
INSERT INTO `ns_member_account_records` VALUES (567, 100, 0, 1, 1, 0.00, 7, 0, '注册会员赠送积分', 1579548809);
INSERT INTO `ns_member_account_records` VALUES (568, 101, 0, 1, 1, 0.00, 7, 0, '注册会员赠送积分', 1579548810);
INSERT INTO `ns_member_account_records` VALUES (569, 102, 0, 1, 1, 0.00, 7, 0, '注册会员赠送积分', 1579548810);
INSERT INTO `ns_member_account_records` VALUES (570, 103, 0, 1, 1, 0.00, 7, 0, '注册会员赠送积分', 1579548811);
INSERT INTO `ns_member_account_records` VALUES (571, 104, 0, 1, 1, 0.00, 7, 0, '注册会员赠送积分', 1585192251);
INSERT INTO `ns_member_account_records` VALUES (572, 105, 0, 1, 1, 0.00, 7, 0, '注册会员赠送积分', 1596531447);
INSERT INTO `ns_member_account_records` VALUES (573, 106, 0, 1, 1, 0.00, 7, 0, '注册会员赠送积分', 1598411267);
INSERT INTO `ns_member_account_records` VALUES (574, 107, 0, 1, 1, 0.00, 7, 0, '注册会员赠送积分', 1602317963);
INSERT INTO `ns_member_account_records` VALUES (575, 108, 0, 1, 1, 0.00, 7, 0, '注册会员赠送积分', 1602660116);
INSERT INTO `ns_member_account_records` VALUES (576, 109, 0, 1, 1, 0.00, 7, 0, '注册会员赠送积分', 1603001028);
INSERT INTO `ns_member_account_records` VALUES (577, 110, 0, 1, 1, 0.00, 7, 0, '注册会员赠送积分', 1604916375);

-- ----------------------------
-- Table structure for ns_member_balance_withdraw
-- ----------------------------
DROP TABLE IF EXISTS `ns_member_balance_withdraw`;
CREATE TABLE `ns_member_balance_withdraw`  (
  `id` int(11) NOT NULL AUTO_INCREMENT,
  `shop_id` int(11) NOT NULL COMMENT '店铺编号',
  `withdraw_no` varchar(255) CHARACTER SET utf8 COLLATE utf8_general_ci NOT NULL DEFAULT '' COMMENT '提现流水号',
  `uid` int(11) NOT NULL COMMENT '会员id',
  `bank_name` varchar(50) CHARACTER SET utf8 COLLATE utf8_general_ci NOT NULL COMMENT '提现银行名称',
  `account_number` varchar(50) CHARACTER SET utf8 COLLATE utf8_general_ci NOT NULL COMMENT '提现银行账号',
  `realname` varchar(10) CHARACTER SET utf8 COLLATE utf8_general_ci NOT NULL COMMENT '提现账户姓名',
  `mobile` varchar(20) CHARACTER SET utf8 COLLATE utf8_general_ci NOT NULL COMMENT '手机',
  `cash` decimal(10, 2) NOT NULL COMMENT '提现金额',
  `status` smallint(6) NOT NULL DEFAULT 0 COMMENT '当前状态 0已申请(等待处理) 1已同意 -1 已拒绝',
  `memo` varchar(255) CHARACTER SET utf8 COLLATE utf8_general_ci NOT NULL DEFAULT '' COMMENT '备注',
  `ask_for_date` int(11) NULL DEFAULT 0 COMMENT '提现日期',
  `payment_date` int(11) NULL DEFAULT 0 COMMENT '到账日期',
  `modify_date` int(11) NULL DEFAULT 0 COMMENT '修改日期',
  PRIMARY KEY (`id`) USING BTREE
) ENGINE = InnoDB AUTO_INCREMENT = 30 AVG_ROW_LENGTH = 4096 CHARACTER SET = utf8 COLLATE = utf8_general_ci COMMENT = '会员余额提现记录表' ROW_FORMAT = Compact;

-- ----------------------------
-- Records of ns_member_balance_withdraw
-- ----------------------------
INSERT INTO `ns_member_balance_withdraw` VALUES (1, 0, '1511517932918', 6, '太原长风街支行', '6212260502018107529', '赵海雷', '15835408400', 11.00, 0, '', 1511517932, 0, 1511517932);
INSERT INTO `ns_member_balance_withdraw` VALUES (2, 0, '1511518327327', 6, '太原长风街支行', '6212260502018107529', '赵海雷', '15835408400', 11.00, 0, '', 1511518327, 0, 1511518327);
INSERT INTO `ns_member_balance_withdraw` VALUES (3, 0, '1511518388157', 6, '太原长风街支行', '6212260502018107529', '赵海雷', '15835408400', 11.00, 0, '', 1511518388, 0, 1511518388);
INSERT INTO `ns_member_balance_withdraw` VALUES (4, 0, '1511518524799', 6, '太原长风街支行', '6212260502018107529', '赵海雷', '15835408400', 11.00, 0, '', 1511518524, 0, 1511518524);
INSERT INTO `ns_member_balance_withdraw` VALUES (5, 0, '1511519338872', 6, '太原长风街支行', '6212260502018107529', '赵海雷', '15835408401', 22.00, 0, '', 1511519338, 0, 1511519338);
INSERT INTO `ns_member_balance_withdraw` VALUES (6, 0, '1511520990863', 6, '太原', '62122690502018107529', '赵海雷', '15835408400', 11.00, 0, '', 1511520990, 0, 1511520990);
INSERT INTO `ns_member_balance_withdraw` VALUES (7, 0, '1511520993545', 6, '太原', '62122690502018107529', '赵海雷', '15835408400', 11.00, 0, '', 1511520993, 0, 1511520993);
INSERT INTO `ns_member_balance_withdraw` VALUES (8, 0, '1511520997412', 6, '太原', '62122690502018107529', '赵海雷', '15835408400', 110.00, 0, '', 1511520997, 0, 1511520997);
INSERT INTO `ns_member_balance_withdraw` VALUES (9, 0, '1511521003821', 6, '太原', '62122690502018107529', '赵海雷', '15835408400', 110.00, 0, '', 1511521003, 0, 1511521003);
INSERT INTO `ns_member_balance_withdraw` VALUES (10, 0, '1511575170543', 6, '太原长风街支行', '6212260502018107529', '赵海雷', '15835408401', 11.00, 0, '', 1511575170, 0, 1511575170);
INSERT INTO `ns_member_balance_withdraw` VALUES (11, 0, '1511575173968', 6, '太原长风街支行', '6212260502018107529', '赵海雷', '15835408401', 11.00, 0, '', 1511575173, 0, 1511575173);
INSERT INTO `ns_member_balance_withdraw` VALUES (12, 0, '1511575174225', 6, '太原长风街支行', '6212260502018107529', '赵海雷', '15835408401', 11.00, 0, '', 1511575174, 0, 1511575174);
INSERT INTO `ns_member_balance_withdraw` VALUES (13, 0, '1511575174427', 6, '太原长风街支行', '6212260502018107529', '赵海雷', '15835408401', 11.00, 0, '', 1511575174, 0, 1511575174);
INSERT INTO `ns_member_balance_withdraw` VALUES (14, 0, '1511575174979', 6, '太原长风街支行', '6212260502018107529', '赵海雷', '15835408401', 11.00, 0, '', 1511575175, 0, 1511575175);
INSERT INTO `ns_member_balance_withdraw` VALUES (15, 0, '1511575175132', 6, '太原长风街支行', '6212260502018107529', '赵海雷', '15835408401', 11.00, 0, '', 1511575175, 0, 1511575175);
INSERT INTO `ns_member_balance_withdraw` VALUES (16, 0, '1511575175898', 6, '太原长风街支行', '6212260502018107529', '赵海雷', '15835408401', 11.00, 0, '', 1511575175, 0, 1511575175);
INSERT INTO `ns_member_balance_withdraw` VALUES (17, 0, '1511575176774', 6, '太原长风街支行', '6212260502018107529', '赵海雷', '15835408401', 11.00, 0, '', 1511575176, 0, 1511575176);
INSERT INTO `ns_member_balance_withdraw` VALUES (18, 0, '1511575176244', 6, '太原长风街支行', '6212260502018107529', '赵海雷', '15835408401', 11.00, 0, '', 1511575176, 0, 1511575176);
INSERT INTO `ns_member_balance_withdraw` VALUES (19, 0, '1511575179502', 6, '太原长风街支行', '6212260502018107529', '赵海雷', '15835408401', 11.00, 0, '', 1511575179, 0, 1511575179);
INSERT INTO `ns_member_balance_withdraw` VALUES (20, 0, '1511575182757', 6, '太原长风街支行', '6212260502018107529', '赵海雷', '15835408401', 110.00, 0, '', 1511575182, 0, 1511575182);
INSERT INTO `ns_member_balance_withdraw` VALUES (21, 0, '1511575184507', 6, '太原长风街支行', '6212260502018107529', '赵海雷', '15835408401', 110.00, 0, '', 1511575184, 0, 1511575184);
INSERT INTO `ns_member_balance_withdraw` VALUES (22, 0, '1511575185292', 6, '太原长风街支行', '6212260502018107529', '赵海雷', '15835408401', 110.00, 0, '', 1511575185, 0, 1511575185);
INSERT INTO `ns_member_balance_withdraw` VALUES (23, 0, '1511575185770', 6, '太原长风街支行', '6212260502018107529', '赵海雷', '15835408401', 110.00, 0, '', 1511575185, 0, 1511575185);
INSERT INTO `ns_member_balance_withdraw` VALUES (24, 0, '1511575186446', 6, '太原长风街支行', '6212260502018107529', '赵海雷', '15835408401', 110.00, 0, '', 1511575186, 0, 1511575186);
INSERT INTO `ns_member_balance_withdraw` VALUES (25, 0, '1511575186443', 6, '太原长风街支行', '6212260502018107529', '赵海雷', '15835408401', 110.00, 0, '', 1511575186, 0, 1511575186);
INSERT INTO `ns_member_balance_withdraw` VALUES (26, 0, '1511575186769', 6, '太原长风街支行', '6212260502018107529', '赵海雷', '15835408401', 110.00, 0, '', 1511575186, 0, 1511575186);
INSERT INTO `ns_member_balance_withdraw` VALUES (27, 0, '1511575186318', 6, '太原长风街支行', '6212260502018107529', '赵海雷', '15835408401', 110.00, 0, '', 1511575186, 0, 1511575186);
INSERT INTO `ns_member_balance_withdraw` VALUES (28, 0, '1511575187241', 6, '太原长风街支行', '6212260502018107529', '赵海雷', '15835408401', 110.00, 0, '', 1511575187, 0, 1511575187);
INSERT INTO `ns_member_balance_withdraw` VALUES (29, 0, '1511575416618', 6, '太原长风街支行', '6212260502018107529', '赵海雷', '15835408401', 11.00, 0, '', 1511575416, 0, 1511575416);

-- ----------------------------
-- Table structure for ns_member_bank_account
-- ----------------------------
DROP TABLE IF EXISTS `ns_member_bank_account`;
CREATE TABLE `ns_member_bank_account`  (
  `id` int(11) NOT NULL AUTO_INCREMENT,
  `uid` int(11) NOT NULL COMMENT '会员id',
  `bank_type` varchar(50) CHARACTER SET utf8 COLLATE utf8_general_ci NOT NULL DEFAULT '1' COMMENT '账号类型 1银行卡2支付宝',
  `branch_bank_name` varchar(50) CHARACTER SET utf8 COLLATE utf8_general_ci NULL DEFAULT NULL COMMENT '支行信息',
  `realname` varchar(50) CHARACTER SET utf8 COLLATE utf8_general_ci NOT NULL DEFAULT '' COMMENT '真实姓名',
  `account_number` varchar(50) CHARACTER SET utf8 COLLATE utf8_general_ci NOT NULL DEFAULT '' COMMENT '银行账号',
  `mobile` varchar(20) CHARACTER SET utf8 COLLATE utf8_general_ci NOT NULL DEFAULT '' COMMENT '手机号',
  `is_default` int(11) NOT NULL DEFAULT 0 COMMENT '是否默认账号',
  `create_date` int(11) NULL DEFAULT 0 COMMENT '创建日期',
  `modify_date` int(11) NULL DEFAULT 0 COMMENT '修改日期',
  PRIMARY KEY (`id`) USING BTREE,
  INDEX `IDX_member_bank_account_uid`(`uid`) USING BTREE
) ENGINE = InnoDB AUTO_INCREMENT = 12 AVG_ROW_LENGTH = 16384 CHARACTER SET = utf8 COLLATE = utf8_general_ci COMMENT = '会员提现账号' ROW_FORMAT = Compact;

-- ----------------------------
-- Records of ns_member_bank_account
-- ----------------------------
INSERT INTO `ns_member_bank_account` VALUES (1, 1, '银行卡', '建设银行', '王浩1', '621700025266485200', '18536985525', 1, 1503566071, 1508558259);
INSERT INTO `ns_member_bank_account` VALUES (2, 2, '银行卡', '建设银行', '李杰', '621700025266485200', '18536985525', 0, 1503566589, 1503566051);
INSERT INTO `ns_member_bank_account` VALUES (6, 6, '银行卡', '太原长风街支行', '赵海雷', '6212260502018107529', '15835408401', 1, 1511519312, 1511519323);
INSERT INTO `ns_member_bank_account` VALUES (7, 6, '银行卡', '太原', '赵海雷', '62122690502018107529', '15835408400', 0, 1511519743, 1511519743);
INSERT INTO `ns_member_bank_account` VALUES (10, 1, '银行卡', '222222222222', '1111', '222222222', '13333333333', 0, 1513856291, 1513856291);
INSERT INTO `ns_member_bank_account` VALUES (11, 1, '银行卡', '222222222222', '1111', '222222222', '13333333333', 0, 1513856291, 1513856291);

-- ----------------------------
-- Table structure for ns_member_express_address
-- ----------------------------
DROP TABLE IF EXISTS `ns_member_express_address`;
CREATE TABLE `ns_member_express_address`  (
  `id` int(11) NOT NULL AUTO_INCREMENT,
  `uid` int(11) NOT NULL COMMENT '会员基本资料表ID',
  `consigner` varchar(255) CHARACTER SET utf8 COLLATE utf8_general_ci NOT NULL DEFAULT '' COMMENT '收件人',
  `mobile` varchar(11) CHARACTER SET utf8 COLLATE utf8_general_ci NOT NULL DEFAULT '' COMMENT '手机',
  `phone` varchar(20) CHARACTER SET utf8 COLLATE utf8_general_ci NOT NULL DEFAULT '' COMMENT '固定电话',
  `province` int(11) NOT NULL DEFAULT 0 COMMENT '省',
  `city` int(11) NOT NULL DEFAULT 0 COMMENT '市',
  `district` int(11) NOT NULL DEFAULT 0 COMMENT '区县',
  `address` varchar(255) CHARACTER SET utf8 COLLATE utf8_general_ci NOT NULL DEFAULT '' COMMENT '详细地址',
  `zip_code` varchar(6) CHARACTER SET utf8 COLLATE utf8_general_ci NOT NULL DEFAULT '' COMMENT '邮编',
  `alias` varchar(50) CHARACTER SET utf8 COLLATE utf8_general_ci NOT NULL DEFAULT '' COMMENT '地址别名',
  `is_default` int(11) NOT NULL DEFAULT 0 COMMENT '默认收货地址',
  PRIMARY KEY (`id`) USING BTREE,
  INDEX `IDX_member_express_address_uid`(`uid`) USING BTREE
) ENGINE = InnoDB AUTO_INCREMENT = 52 AVG_ROW_LENGTH = 2340 CHARACTER SET = utf8 COLLATE = utf8_general_ci COMMENT = '会员收货地址管理' ROW_FORMAT = Compact;

-- ----------------------------
-- Records of ns_member_express_address
-- ----------------------------
INSERT INTO `ns_member_express_address` VALUES (2, 3, 'gaowei', '18735107960', '', 34, 345, 2869, '2222', '', '', 1);
INSERT INTO `ns_member_express_address` VALUES (3, 5, 'gw', '18735107969', '', 34, 345, 2869, '222', '', '', 1);
INSERT INTO `ns_member_express_address` VALUES (4, 87, 'fsad', '18335808475', '18335808475', 12, 111, 1019, '123412', '123', '', 1);
INSERT INTO `ns_member_express_address` VALUES (5, 6, '123', '18649313172', '', 20, 229, 1962, '145', '', '', 1);
INSERT INTO `ns_member_express_address` VALUES (6, 8, '11', '18735107960', '', 23, 235, 2040, '11', '', '', 1);
INSERT INTO `ns_member_express_address` VALUES (9, 63, '发达房', '13111111111', '', 19, 197, 1747, '载', '', '', 0);
INSERT INTO `ns_member_express_address` VALUES (11, 63, '额温枪耳温枪', '13333333333', '', 34, 345, 2869, '裁夺sd', '', '', 1);
INSERT INTO `ns_member_express_address` VALUES (13, 299, '1111', '13211111111', '', 34, 345, 2869, '111111', '', '', 1);
INSERT INTO `ns_member_express_address` VALUES (15, 2, '111111111', '18536985525', '', 1, 1, 1, 'ddddddddd', '', '', 1);
INSERT INTO `ns_member_express_address` VALUES (16, 22, 'wyc', '18536985525', '', 32, 343, -1, '广东省阳江市阳东县', '', '', 1);
INSERT INTO `ns_member_express_address` VALUES (17, 51, '李三多', '18335808475', '', 34, 345, 2869, '32', '3', '', 1);
INSERT INTO `ns_member_express_address` VALUES (18, 32, 'qq', '13333467090', '', 19, 208, 1825, 'qqqqqq', '', '', 1);
INSERT INTO `ns_member_express_address` VALUES (20, 58, 'sdfv ', '18563241558', '', 22, 234, 2027, 'sdfsdfsdf', '', '', 1);
INSERT INTO `ns_member_express_address` VALUES (21, 58, 'sdfv ', '18563241558', '', 22, 234, 2027, 'sdfsdfsdf', '', '', 0);
INSERT INTO `ns_member_express_address` VALUES (47, 1, 'aaa', '18536985525', '', 19, 213, -1, 'aaaaa', '', '', 0);
INSERT INTO `ns_member_express_address` VALUES (48, 59, 'h ', '18563214586', '', 19, 208, 1827, 'sdfsdf', '', '', 1);
INSERT INTO `ns_member_express_address` VALUES (49, 1, 'wyc', '18536985525', '', 32, 343, -1, 'wyc', '111', '', 0);
INSERT INTO `ns_member_express_address` VALUES (50, 46, 'wyc', '18536985525', '', 21, 233, 1997, 'wyc', '558851', '', 1);
INSERT INTO `ns_member_express_address` VALUES (51, 1, 'wyc', '18536985525', '', 1, 1, 1, 'cesio', '', '', 1);

-- ----------------------------
-- Table structure for ns_member_favorites
-- ----------------------------
DROP TABLE IF EXISTS `ns_member_favorites`;
CREATE TABLE `ns_member_favorites`  (
  `log_id` int(10) UNSIGNED NOT NULL AUTO_INCREMENT COMMENT '记录ID',
  `uid` int(10) UNSIGNED NOT NULL DEFAULT 0 COMMENT '会员ID',
  `fav_id` int(10) UNSIGNED NOT NULL DEFAULT 0 COMMENT '商品或店铺ID',
  `fav_type` varchar(20) CHARACTER SET utf8 COLLATE utf8_general_ci NOT NULL DEFAULT 'goods' COMMENT '类型:goods为商品,shop为店铺,默认为商品',
  `shop_id` int(10) UNSIGNED NOT NULL DEFAULT 0 COMMENT '店铺ID',
  `shop_name` varchar(20) CHARACTER SET utf8 COLLATE utf8_general_ci NOT NULL DEFAULT '' COMMENT '店铺名称',
  `shop_logo` varchar(255) CHARACTER SET utf8 COLLATE utf8_general_ci NOT NULL DEFAULT '' COMMENT '店铺logo',
  `goods_name` varchar(50) CHARACTER SET utf8 COLLATE utf8_general_ci NOT NULL DEFAULT '' COMMENT '商品名称',
  `goods_image` varchar(300) CHARACTER SET utf8 COLLATE utf8_general_ci NULL DEFAULT NULL,
  `log_price` decimal(10, 2) NOT NULL DEFAULT 0.00 COMMENT '商品收藏时价格',
  `log_msg` varchar(1000) CHARACTER SET utf8 COLLATE utf8_general_ci NOT NULL DEFAULT '' COMMENT '收藏备注',
  `fav_time` int(11) NULL DEFAULT 0 COMMENT '收藏时间',
  PRIMARY KEY (`log_id`) USING BTREE
) ENGINE = InnoDB AUTO_INCREMENT = 76 AVG_ROW_LENGTH = 8192 CHARACTER SET = utf8 COLLATE = utf8_general_ci COMMENT = '收藏表' ROW_FORMAT = Compact;

-- ----------------------------
-- Records of ns_member_favorites
-- ----------------------------
INSERT INTO `ns_member_favorites` VALUES (9, 1, 15, 'goods', 0, 'niushop开源商城', 'http://ouo5ro5lf.bkt.clouddn.com/upload/common/1504606519.png', '测试商品10', 'http://ouo5ro5lf.bkt.clouddn.com/upload/goods/20170829/51a97ad1b3af7c255dbb927269379c6b.jpg?imageView2/1/w/240/h/240/q/75|imageslim', 10.00, '测试商品10', 1504784029);
INSERT INTO `ns_member_favorites` VALUES (11, 1, 71, 'goods', 0, 'niushop开源商城', 'http://ouo5ro5lf.bkt.clouddn.com/upload/common/1504606519.png', '1', 'http://ouo5ro5lf.bkt.clouddn.com/upload/goods/20170905/72b96b8d3fbaff533ebb62ba3645f38f.png?imageView2/1/w/240/h/240/q/75|imageslim', 0.00, '1', 1504855143);
INSERT INTO `ns_member_favorites` VALUES (50, 1, 78, 'goods', 0, 'DOAEZ官方商城', 'public/static/images/adv_position/logo.png', '测试11-副本', 'http://ouo5ro5lf.bkt.clouddn.com/upload/goods/20170830/c16bdbf5fbd6acd071d35e9764cee9e0.jpg?imageView2/1/w/240/h/240/q/75|imageslim', 50.00, '测试11-副本', 1506654234);
INSERT INTO `ns_member_favorites` VALUES (51, 1, 68, 'goods', 0, 'DOAEZ官方商城', 'public/static/images/adv_position/logo.png', 'nubia/努比亚 Z17无边框骁龙835双摄旗舰新品-副本', 'http://ouo5ro5lf.bkt.clouddn.com/upload/goods/20170828/e6555ff056d6511e314dbac93d0b602a.jpg?imageView2/1/w/240/h/240/q/75|imageslim', 0.00, 'nubia/努比亚 Z17无边框骁龙835双摄旗舰新品-副本', 1506654253);
INSERT INTO `ns_member_favorites` VALUES (53, 1, 79, 'goods', 0, 'DOAEZ官方商城', 'public/static/images/adv_position/logo.png', '测试商品-副本-副本', 'http://ouo5ro5lf.bkt.clouddn.com/upload/goods/20170830/c16bdbf5fbd6acd071d35e9764cee9e0.jpg?imageView2/1/w/240/h/240/q/75|imageslim', 20.00, '测试商品-副本-副本', 1506654263);
INSERT INTO `ns_member_favorites` VALUES (54, 1, 80, 'goods', 0, 'DOAEZ官方商城', 'public/static/images/adv_position/logo.png', '测试商品-副本-副本', 'http://ouo5ro5lf.bkt.clouddn.com/upload/goods/20170830/c16bdbf5fbd6acd071d35e9764cee9e0.jpg?imageView2/1/w/240/h/240/q/75|imageslim', 20.00, '测试商品-副本-副本', 1506654263);
INSERT INTO `ns_member_favorites` VALUES (56, 1, 87, 'goods', 0, 'DOAEZ官方商城', 'public/static/images/adv_position/logo.png', '测试123-副本-副本-副本-副本-副本-副本', 'http://ouo5ro5lf.bkt.clouddn.com/upload/goods/20170830/70ebb51b6fa1f071afd3f3d1d9eb0539.jpg?imageView2/1/w/240/h/240/q/75|imageslim', 20.00, '测试123-副本-副本-副本-副本-副本-副本', 1506654273);
INSERT INTO `ns_member_favorites` VALUES (57, 1, 17, 'goods', 0, 'DOAEZ官方商城', 'public/static/images/adv_position/logo.png', '测试商品11', 'http://ouo5ro5lf.bkt.clouddn.com/upload/goods/20170829/fc0bc5193cee7566cd5c775781ee591e.jpg?imageView2/1/w/240/h/240/q/75|imageslim', 10.00, '测试商品11', 1506654279);
INSERT INTO `ns_member_favorites` VALUES (58, 1, 14, 'goods', 0, 'DOAEZ官方商城', 'public/static/images/adv_position/logo.png', '测试商品6', 'http://ouo5ro5lf.bkt.clouddn.com/upload/goods/20170829/dc201e822cbe7e22ac80736b534dcbfa.jpg?imageView2/1/w/240/h/240/q/75|imageslim', 10.00, '测试商品6', 1506654280);
INSERT INTO `ns_member_favorites` VALUES (59, 1, 3, 'goods', 0, 'DOAEZ官方商城', 'public/static/images/adv_position/logo.png', '东风日产 轩逸', 'http://ouo5ro5lf.bkt.clouddn.com/upload/goods/20170829/003b9f6257d0b1e2e494d1eff765419b.jpg?imageView2/1/w/240/h/240/q/75|imageslim', 0.00, '东风日产 轩逸', 1506654282);
INSERT INTO `ns_member_favorites` VALUES (60, 1, 49, 'goods', 0, 'DOAEZ官方商城', 'public/static/images/adv_position/logo.png', '七分裤', 'upload/goods/20170822/491635daeaba2a30d646adcb1f11a6513.jpg', 200.00, '七分裤', 1506654283);
INSERT INTO `ns_member_favorites` VALUES (61, 1, 65, 'goods', 0, 'DOAEZ官方商城', 'public/static/images/adv_position/logo.png', 'nubia/努比亚 Z17无边框骁龙835双摄旗舰新品', 'http://ouo5ro5lf.bkt.clouddn.com/upload/goods/20170828/e6555ff056d6511e314dbac93d0b602a.jpg?imageView2/1/w/240/h/240/q/75|imageslim', 2799.00, 'nubia/努比亚 Z17无边框骁龙835双摄旗舰新品', 1506654285);
INSERT INTO `ns_member_favorites` VALUES (62, 1, 52, 'goods', 0, 'DOAEZ官方商城', 'public/static/images/adv_position/logo.png', 'FANSILANEN喇叭袖V领条纹修身裙子夏连衣裙衬衫裙中长款高腰a字裙-副本', 'upload/goods/20170817/9e88c0c0617c170780d1177341758e3d3.jpg', 0.01, 'FANSILANEN喇叭袖V领条纹修身裙子夏连衣裙衬衫裙中长款高腰a字裙-副本', 1506654287);
INSERT INTO `ns_member_favorites` VALUES (63, 1, 51, 'goods', 0, 'DOAEZ官方商城', 'public/static/images/adv_position/logo.png', '七分裤-副本', 'upload/goods/6567a3cc1e0b8d4e18dd9697b15136cd3.jpg', 200.00, '七分裤-副本', 1506654289);
INSERT INTO `ns_member_favorites` VALUES (64, 1, 74, 'goods', 0, 'DOAEZ官方商城', 'public/static/images/adv_position/logo.png', 'request测试商品', 'http://ouo5ro5lf.bkt.clouddn.com/upload/goods/20170830/543082edcdc0d162e9b8d54c852b338f.jpg?imageView2/1/w/240/h/240/q/75|imageslim', 0.00, 'request测试商品', 1506654292);
INSERT INTO `ns_member_favorites` VALUES (65, 1, 75, 'goods', 0, 'DOAEZ官方商城', 'public/static/images/adv_position/logo.png', 'request测试商品-副本', 'http://ouo5ro5lf.bkt.clouddn.com/upload/goods/20170830/543082edcdc0d162e9b8d54c852b338f.jpg?imageView2/1/w/240/h/240/q/75|imageslim', 111.00, 'request测试商品-副本', 1506654294);
INSERT INTO `ns_member_favorites` VALUES (66, 1, 73, 'goods', 0, 'DOAEZ官方商城', 'public/static/images/adv_position/logo.png', '测试商品', 'http://ouo5ro5lf.bkt.clouddn.com/upload/goods/20170830/c16bdbf5fbd6acd071d35e9764cee9e0.jpg?imageView2/1/w/240/h/240/q/75|imageslim', 20.00, '测试商品', 1506654296);
INSERT INTO `ns_member_favorites` VALUES (71, 58, 96, 'goods', 0, 'DOAEZ官方商城', 'public/static/images/adv_position/logo.png', '撒旦', 'upload/goods/20170929/8b068219226a773e1a50333ee89bfc693.jpg', 100.00, '撒旦', 1506683554);
INSERT INTO `ns_member_favorites` VALUES (72, 58, 93, 'goods', 0, 'DOAEZ官方商城', 'public/static/images/adv_position/logo.png', 'aaa', 'upload/goods/20170928/6044db9095662bd753a2ed9334bde6103.png', 0.00, 'aaa', 1506683562);
INSERT INTO `ns_member_favorites` VALUES (73, 59, 96, 'goods', 0, 'DOAEZ官方商城', 'public/static/images/adv_position/logo.png', '撒旦', 'upload/goods/20170929/8b068219226a773e1a50333ee89bfc693.jpg', 100.00, '撒旦', 1507532050);
INSERT INTO `ns_member_favorites` VALUES (74, 59, 93, 'goods', 0, 'DOAEZ官方商城', 'public/static/images/adv_position/logo.png', 'aaa', 'upload/goods/20170928/6044db9095662bd753a2ed9334bde6103.png', 0.00, 'aaa', 1507532057);
INSERT INTO `ns_member_favorites` VALUES (75, 1, 92, 'goods', 0, 'DOAEZ官方商城', 'public/static/images/adv_position/logo.png', '测试123-副本-副本-副本-副本-副本-副本-副本-副本-副本-副本-副本', 'http://ouo5ro5lf.bkt.clouddn.com/upload/goods/20170830/70ebb51b6fa1f071afd3f3d1d9eb0539.jpg?imageView2/1/w/240/h/240/q/75|imageslim', 11.00, '测试123-副本-副本-副本-副本-副本-副本-副本-副本-副本-副本-副本', 1507537457);

-- ----------------------------
-- Table structure for ns_member_gift
-- ----------------------------
DROP TABLE IF EXISTS `ns_member_gift`;
CREATE TABLE `ns_member_gift`  (
  `gift_id` int(10) UNSIGNED NOT NULL AUTO_INCREMENT COMMENT '主键',
  `uid` int(11) NOT NULL COMMENT '会员ID',
  `promotion_gift_id` int(11) NOT NULL COMMENT '赠品活动ID',
  `goods_id` int(11) NOT NULL COMMENT '赠品ID',
  `goods_name` varchar(255) CHARACTER SET utf8 COLLATE utf8_general_ci NOT NULL DEFAULT '' COMMENT '赠品名称',
  `goods_picture` int(11) NOT NULL DEFAULT 0 COMMENT '赠品图片',
  `num` int(11) NOT NULL DEFAULT 1 COMMENT '赠品数量',
  `get_type` int(11) NOT NULL DEFAULT 1 COMMENT '获取方式',
  `get_type_id` int(11) NOT NULL COMMENT '获取方式对应ID',
  `desc` text CHARACTER SET utf8 COLLATE utf8_general_ci NOT NULL COMMENT '说明',
  `create_time` int(11) NOT NULL DEFAULT 0 COMMENT '创建时间',
  PRIMARY KEY (`gift_id`) USING BTREE
) ENGINE = InnoDB AUTO_INCREMENT = 1 CHARACTER SET = utf8 COLLATE = utf8_general_ci COMMENT = '会员赠品表' ROW_FORMAT = Compact;

-- ----------------------------
-- Table structure for ns_member_level
-- ----------------------------
DROP TABLE IF EXISTS `ns_member_level`;
CREATE TABLE `ns_member_level`  (
  `level_id` int(10) UNSIGNED NOT NULL AUTO_INCREMENT COMMENT '等级ID',
  `shop_id` int(11) NOT NULL DEFAULT 0 COMMENT '店铺ID',
  `level_name` varchar(50) CHARACTER SET utf8 COLLATE utf8_general_ci NOT NULL DEFAULT '' COMMENT '等级名称',
  `min_integral` int(11) NOT NULL DEFAULT 0 COMMENT '累计积分',
  `goods_discount` decimal(3, 2) NOT NULL DEFAULT 1.00 COMMENT '折扣率',
  `desc` varchar(1000) CHARACTER SET utf8 COLLATE utf8_general_ci NOT NULL DEFAULT '' COMMENT '等级描述',
  `is_default` int(11) NOT NULL DEFAULT 0 COMMENT '是否是默认',
  `quota` int(11) NOT NULL DEFAULT 0 COMMENT '消费额度',
  `upgrade` int(11) NOT NULL COMMENT '升级条件  1.累计积分 2.消费额度 3.同时满足',
  `relation` int(11) NOT NULL DEFAULT 1 COMMENT '1.或 2. 且',
  PRIMARY KEY (`level_id`) USING BTREE
) ENGINE = InnoDB AUTO_INCREMENT = 54 AVG_ROW_LENGTH = 16384 CHARACTER SET = utf8 COLLATE = utf8_general_ci COMMENT = '会员等级' ROW_FORMAT = Compact;

-- ----------------------------
-- Records of ns_member_level
-- ----------------------------
INSERT INTO `ns_member_level` VALUES (47, 0, '普通会员', 0, 1.00, '', 1, 0, 0, 2);
INSERT INTO `ns_member_level` VALUES (48, 0, '白银会员', 100, 0.90, '', 0, 0, 1, 1);
INSERT INTO `ns_member_level` VALUES (49, 0, '黄金会员', 500, 0.60, '', 0, 0, 1, 1);
INSERT INTO `ns_member_level` VALUES (51, 0, '超级会员', 1000, 0.50, '', 0, 10000, 3, 2);
INSERT INTO `ns_member_level` VALUES (52, 0, '测试', 10, 0.99, '', 0, 10, 1, 2);
INSERT INTO `ns_member_level` VALUES (53, 0, '222', 11, 1.00, '', 0, 0, 1, 1);

-- ----------------------------
-- Table structure for ns_member_recharge
-- ----------------------------
DROP TABLE IF EXISTS `ns_member_recharge`;
CREATE TABLE `ns_member_recharge`  (
  `id` int(10) UNSIGNED NOT NULL AUTO_INCREMENT,
  `recharge_money` decimal(10, 2) NOT NULL DEFAULT 0.00 COMMENT '支付金额',
  `uid` varchar(255) CHARACTER SET utf8 COLLATE utf8_general_ci NOT NULL COMMENT '用户uid',
  `out_trade_no` varchar(255) CHARACTER SET utf8 COLLATE utf8_general_ci NOT NULL DEFAULT '' COMMENT '支付流水号',
  `create_time` varchar(255) CHARACTER SET utf8 COLLATE utf8_general_ci NOT NULL DEFAULT '0' COMMENT '创建时间',
  `is_pay` varchar(255) CHARACTER SET utf8 COLLATE utf8_general_ci NOT NULL DEFAULT '0' COMMENT '是否支付',
  `status` varchar(255) CHARACTER SET utf8 COLLATE utf8_general_ci NOT NULL DEFAULT '0' COMMENT '状态',
  PRIMARY KEY (`id`) USING BTREE
) ENGINE = InnoDB AUTO_INCREMENT = 35 AVG_ROW_LENGTH = 16384 CHARACTER SET = utf8 COLLATE = utf8_general_ci COMMENT = '会员充值余额记录' ROW_FORMAT = Compact;

-- ----------------------------
-- Records of ns_member_recharge
-- ----------------------------
INSERT INTO `ns_member_recharge` VALUES (1, 0.01, '1', '1505900497', '0', '0', '0');
INSERT INTO `ns_member_recharge` VALUES (2, 11.00, '1', '1507631809', '0', '0', '0');
INSERT INTO `ns_member_recharge` VALUES (3, 100.00, '1', '1507782505', '0', '0', '0');
INSERT INTO `ns_member_recharge` VALUES (4, 100.00, '1', '1507790029', '0', '0', '0');
INSERT INTO `ns_member_recharge` VALUES (5, 0.10, '1', '1510569263', '0', '0', '0');
INSERT INTO `ns_member_recharge` VALUES (6, 0.10, '1', '1510569288', '0', '0', '0');
INSERT INTO `ns_member_recharge` VALUES (7, 0.10, '1', '1510569651', '0', '0', '0');
INSERT INTO `ns_member_recharge` VALUES (8, 0.10, '1', '1510569666', '0', '0', '0');
INSERT INTO `ns_member_recharge` VALUES (9, 0.10, '1', '1510569711', '0', '0', '0');
INSERT INTO `ns_member_recharge` VALUES (10, 0.10, '1', '1510570040', '0', '0', '0');
INSERT INTO `ns_member_recharge` VALUES (11, 0.10, '1', '1510570080', '0', '0', '0');
INSERT INTO `ns_member_recharge` VALUES (12, 0.10, '1', '1510571328', '0', '0', '0');
INSERT INTO `ns_member_recharge` VALUES (13, 0.20, '1', '1510571491', '0', '0', '0');
INSERT INTO `ns_member_recharge` VALUES (14, 0.10, '1', '1510709834', '0', '0', '0');
INSERT INTO `ns_member_recharge` VALUES (15, 0.10, '1', '1510709835', '0', '0', '0');
INSERT INTO `ns_member_recharge` VALUES (16, 10.00, '6', '1511508728', '0', '0', '0');
INSERT INTO `ns_member_recharge` VALUES (17, 0.10, '6', '1511510161', '0', '0', '0');
INSERT INTO `ns_member_recharge` VALUES (18, 0.10, '6', '1511510239', '0', '0', '0');
INSERT INTO `ns_member_recharge` VALUES (19, 0.10, '6', '1511510794', '0', '0', '0');
INSERT INTO `ns_member_recharge` VALUES (20, 0.10, '6', '1511510956', '0', '0', '0');
INSERT INTO `ns_member_recharge` VALUES (21, 0.10, '6', '1511511033', '0', '0', '0');
INSERT INTO `ns_member_recharge` VALUES (22, 111.00, '6', '1511518008', '0', '0', '0');
INSERT INTO `ns_member_recharge` VALUES (23, 0.10, '6', '1511519196', '0', '0', '0');
INSERT INTO `ns_member_recharge` VALUES (24, 100.00, '6', '1511520942', '0', '0', '0');
INSERT INTO `ns_member_recharge` VALUES (25, 0.10, '6', '1511521328', '0', '0', '0');
INSERT INTO `ns_member_recharge` VALUES (26, 0.10, '6', '1511521349', '0', '0', '0');
INSERT INTO `ns_member_recharge` VALUES (27, 0.10, '1', '1512035939', '0', '0', '0');
INSERT INTO `ns_member_recharge` VALUES (28, 0.10, '6', '1512037469', '0', '0', '0');
INSERT INTO `ns_member_recharge` VALUES (29, 0.01, '6', '1512037633', '0', '0', '0');
INSERT INTO `ns_member_recharge` VALUES (30, 0.10, '80', '1512460392', '0', '0', '0');
INSERT INTO `ns_member_recharge` VALUES (31, 0.10, '1', '1512701556', '0', '0', '0');
INSERT INTO `ns_member_recharge` VALUES (32, 1.00, '80', '1513132784', '0', '0', '0');
INSERT INTO `ns_member_recharge` VALUES (33, 0.01, '80', '1513132817', '0', '0', '0');
INSERT INTO `ns_member_recharge` VALUES (34, 10.00, '1', '1513857172', '0', '0', '0');

-- ----------------------------
-- Table structure for ns_notice
-- ----------------------------
DROP TABLE IF EXISTS `ns_notice`;
CREATE TABLE `ns_notice`  (
  `id` int(11) NOT NULL AUTO_INCREMENT COMMENT '公告id',
  `notice_title` varchar(255) CHARACTER SET utf8 COLLATE utf8_general_ci NOT NULL DEFAULT '' COMMENT '标题',
  `notice_content` text CHARACTER SET utf8 COLLATE utf8_general_ci NOT NULL COMMENT '公告内容',
  `shop_id` int(11) NOT NULL DEFAULT 0 COMMENT '店铺id',
  `sort` int(11) NOT NULL DEFAULT 0 COMMENT '排序',
  `create_time` int(11) NOT NULL DEFAULT 0 COMMENT '创建时间',
  `modify_time` int(11) NOT NULL DEFAULT 0 COMMENT '修改时间',
  PRIMARY KEY (`id`) USING BTREE
) ENGINE = InnoDB AUTO_INCREMENT = 1 CHARACTER SET = utf8 COLLATE = utf8_general_ci COMMENT = '店铺公告表' ROW_FORMAT = Compact;

-- ----------------------------
-- Table structure for ns_offpay_area
-- ----------------------------
DROP TABLE IF EXISTS `ns_offpay_area`;
CREATE TABLE `ns_offpay_area`  (
  `shop_id` int(11) NULL DEFAULT NULL COMMENT '店铺Id',
  `province_id` text CHARACTER SET utf8 COLLATE utf8_general_ci NULL COMMENT '省Id组合',
  `city_id` text CHARACTER SET utf8 COLLATE utf8_general_ci NULL COMMENT '市Id组合',
  `district_id` text CHARACTER SET utf8 COLLATE utf8_general_ci NULL COMMENT '县Id组合'
) ENGINE = InnoDB AVG_ROW_LENGTH = 16384 CHARACTER SET = utf8 COLLATE = utf8_general_ci COMMENT = '货到付款支持地区表' ROW_FORMAT = Compact;

-- ----------------------------
-- Records of ns_offpay_area
-- ----------------------------
INSERT INTO `ns_offpay_area` VALUES (0, '34,19,4', '345,197,198,199,200,201,202,203,204,205,206,207,208,210,211,212,213,214,215,216,217,209,14,15,16,17,18,19,20,21,22,23,24', '209,210,211,212,213,214,215,216,217,218,219,220,221,222,223,224,225,226,227,228,229,230,231,232,233,234,235,236,237,238,239,240,241,242,243,244,245,246,247,248,249,250,251,252,253,254,255,256,257,258,259,260,261,262,263,264,265,266,267,268,269,270,271,272,273,274,275,276,277,278,279,280,281,282,283,284,285,286,287,288,289,290,291,292,293,294,295,296,297,298,299,300,301,302,303,304,305,306,307,308,309,310,311,312,313,314,315,316,317,318,319,320,321,322,323,324,325,326,327,1747,1748,1749,1750,1751,1752,1753,1754,1755,1756,1757,1759,1760,1761,1762,1763,1764,1765,1766,1767,1768,1769,1770,1771,1772,1773,1774,1775,1776,1777,1778,1779,1780,1781,1782,1783,1784,1785,1786,1787,1788,1789,1790,1791,1792,1793,1794,1795,1796,1797,1798,1799,1800,1801,1802,1803,1804,1805,1806,1807,1808,1809,1810,1811,1812,1813,1814,1815,1816,1817,1818,1819,1820,1821,1822,1823,1824,1825,1826,1827,1828,1829,1830,1831,1832,1833,1834,1835,1836,1837,1838,1839,1840,1841,1842,1843,1844,1845,1846,1847,1848,1849,1850,1851,1852,1853,1854,1855,1856,1857,1858,1859,1860,1861,1862,1863,1864,1865,1866,1867,2869');

-- ----------------------------
-- Table structure for ns_order
-- ----------------------------
DROP TABLE IF EXISTS `ns_order`;
CREATE TABLE `ns_order`  (
  `order_id` int(11) NOT NULL AUTO_INCREMENT COMMENT '订单id',
  `order_no` varchar(255) CHARACTER SET utf8 COLLATE utf8_general_ci NULL DEFAULT '' COMMENT '订单编号',
  `out_trade_no` varchar(100) CHARACTER SET utf8 COLLATE utf8_general_ci NOT NULL DEFAULT '0' COMMENT '外部交易号',
  `order_type` tinyint(4) NOT NULL DEFAULT 1 COMMENT '订单类型',
  `payment_type` tinyint(4) NOT NULL DEFAULT 0 COMMENT '支付类型。取值范围：\n\n\n\n\n\n\n\n\n\n\n\n\n\n\n\nWEIXIN (微信自有支付)\n\n\n\n\n\n\n\n\n\n\n\n\n\n\n\nWEIXIN_DAIXIAO (微信代销支付)\n\n\n\n\n\n\n\n\n\n\n\n\n\n\n\nALIPAY (支付宝支付)',
  `shipping_type` tinyint(4) NOT NULL DEFAULT 1 COMMENT '订单配送方式',
  `order_from` varchar(255) CHARACTER SET utf8 COLLATE utf8_general_ci NOT NULL DEFAULT '' COMMENT '订单来源',
  `buyer_id` int(11) NOT NULL COMMENT '买家id',
  `user_name` varchar(50) CHARACTER SET utf8 COLLATE utf8_general_ci NOT NULL DEFAULT '' COMMENT '买家会员名称',
  `buyer_ip` varchar(20) CHARACTER SET utf8 COLLATE utf8_general_ci NOT NULL DEFAULT '' COMMENT '买家ip',
  `buyer_message` varchar(255) CHARACTER SET utf8 COLLATE utf8_general_ci NOT NULL DEFAULT '' COMMENT '买家附言',
  `buyer_invoice` varchar(255) CHARACTER SET utf8 COLLATE utf8_general_ci NOT NULL DEFAULT '' COMMENT '买家发票信息',
  `receiver_mobile` varchar(11) CHARACTER SET utf8 COLLATE utf8_general_ci NOT NULL DEFAULT '' COMMENT '收货人的手机号码',
  `receiver_province` int(11) NOT NULL COMMENT '收货人所在省',
  `receiver_city` int(11) NOT NULL COMMENT '收货人所在城市',
  `receiver_district` int(11) NOT NULL COMMENT '收货人所在街道',
  `receiver_address` varchar(255) CHARACTER SET utf8 COLLATE utf8_general_ci NOT NULL DEFAULT '' COMMENT '收货人详细地址',
  `receiver_zip` varchar(6) CHARACTER SET utf8 COLLATE utf8_general_ci NOT NULL DEFAULT '' COMMENT '收货人邮编',
  `receiver_name` varchar(50) CHARACTER SET utf8 COLLATE utf8_general_ci NOT NULL DEFAULT '' COMMENT '收货人姓名',
  `shop_id` int(11) NOT NULL COMMENT '卖家店铺id',
  `shop_name` varchar(100) CHARACTER SET utf8 COLLATE utf8_general_ci NOT NULL DEFAULT '' COMMENT '卖家店铺名称',
  `seller_star` tinyint(4) NOT NULL DEFAULT 0 COMMENT '卖家对订单的标注星标',
  `seller_memo` varchar(255) CHARACTER SET utf8 COLLATE utf8_general_ci NOT NULL DEFAULT '' COMMENT '卖家对订单的备注',
  `consign_time_adjust` int(11) NOT NULL DEFAULT 0 COMMENT '卖家延迟发货时间',
  `goods_money` decimal(19, 2) NOT NULL COMMENT '商品总价',
  `order_money` decimal(10, 2) NOT NULL COMMENT '订单总价',
  `point` int(11) NOT NULL COMMENT '订单消耗积分',
  `point_money` decimal(10, 2) NOT NULL COMMENT '订单消耗积分抵多少钱',
  `coupon_money` decimal(10, 2) NOT NULL COMMENT '订单代金券支付金额',
  `coupon_id` int(11) NOT NULL COMMENT '订单代金券id',
  `user_money` decimal(10, 2) NOT NULL DEFAULT 0.00 COMMENT '订单余额支付金额',
  `user_platform_money` decimal(10, 2) NOT NULL DEFAULT 0.00 COMMENT '用户平台余额支付',
  `promotion_money` decimal(10, 2) NOT NULL COMMENT '订单优惠活动金额',
  `shipping_money` decimal(10, 2) NOT NULL COMMENT '订单运费',
  `pay_money` decimal(10, 2) NOT NULL COMMENT '订单实付金额',
  `refund_money` decimal(10, 2) NOT NULL COMMENT '订单退款金额',
  `refund_balance_money` decimal(10, 2) NOT NULL DEFAULT 0.00 COMMENT '订单退款余额',
  `coin_money` decimal(10, 2) NOT NULL DEFAULT 0.00 COMMENT '购物币金额',
  `give_point` int(11) NOT NULL COMMENT '订单赠送积分',
  `give_coin` decimal(10, 2) NOT NULL DEFAULT 0.00 COMMENT '订单成功之后返购物币',
  `order_status` tinyint(4) NOT NULL COMMENT '订单状态',
  `pay_status` tinyint(4) NOT NULL COMMENT '订单付款状态',
  `shipping_status` tinyint(4) NOT NULL COMMENT '订单配送状态',
  `review_status` tinyint(4) NOT NULL COMMENT '订单评价状态',
  `feedback_status` tinyint(4) NOT NULL COMMENT '订单维权状态',
  `is_evaluate` smallint(6) NOT NULL DEFAULT 0 COMMENT '是否评价 0为未评价 1为已评价 2为已追评',
  `tax_money` decimal(10, 2) NOT NULL DEFAULT 0.00,
  `shipping_company_id` int(11) NOT NULL DEFAULT 0 COMMENT '配送物流公司ID',
  `give_point_type` int(11) NOT NULL DEFAULT 1 COMMENT '积分返还类型 1 订单完成  2 订单收货 3  支付订单',
  `pay_time` int(11) NULL DEFAULT 0 COMMENT '订单付款时间',
  `shipping_time` int(11) NULL DEFAULT 0 COMMENT '买家要求配送时间',
  `sign_time` int(11) NULL DEFAULT 0 COMMENT '买家签收时间',
  `consign_time` int(11) NULL DEFAULT 0 COMMENT '卖家发货时间',
  `create_time` int(11) NULL DEFAULT 0 COMMENT '订单创建时间',
  `finish_time` int(11) NULL DEFAULT 0 COMMENT '订单完成时间',
  `is_deleted` int(1) NOT NULL DEFAULT 0 COMMENT '订单是否已删除',
  `operator_type` int(1) NOT NULL DEFAULT 0 COMMENT '操作人类型  1店铺  2用户',
  `operator_id` int(11) NOT NULL DEFAULT 0 COMMENT '操作人id',
  PRIMARY KEY (`order_id`) USING BTREE
) ENGINE = InnoDB AUTO_INCREMENT = 270 AVG_ROW_LENGTH = 440 CHARACTER SET = utf8 COLLATE = utf8_general_ci COMMENT = '订单表' ROW_FORMAT = Compact;

-- ----------------------------
-- Records of ns_order
-- ----------------------------
INSERT INTO `ns_order` VALUES (1, '20170717143919000000001', '1500273558594', 1, 0, 1, '3', 1, 'admin', '1', '', '', '15234234567', 34, 345, 2869, '2121212', '', '111', 0, 'Niushop开源商城', 0, '', 0, 27.30, 27.30, 0, 0.00, 0.00, 0, 0.00, 0.00, 0.00, 0.00, 27.30, 0.00, 0.00, 0.00, 10, 0.00, 5, 0, 0, 0, 0, 0, 0.00, 1, 3, 0, 1500273558, 0, 0, 1500273559, 0, 0, 0, 0);
INSERT INTO `ns_order` VALUES (2, '20170717144851000000002', '1500274130331', 1, 0, 1, '3', 1, 'admin', '1', '', '', '15234234567', 34, 345, 2869, '2121212', '', '111', 0, 'Niushop开源商城', 0, '', 0, 27.30, 27.30, 0, 0.00, 0.00, 0, 0.00, 27.30, 0.00, 0.00, 0.00, 0.00, 0.00, 0.00, 10, 0.00, 5, 0, 0, 0, 0, 0, 0.00, 1, 3, 0, 1500274130, 0, 0, 1500274131, 0, 0, 0, 0);
INSERT INTO `ns_order` VALUES (3, '20170717145406000000003', '1500274445549', 1, 0, 1, '3', 1, 'admin', '1', '', '', '15234234567', 34, 345, 2869, '2121212', '', '111', 0, 'Niushop开源商城', 0, '', 0, 27.30, 27.30, 0, 0.00, 0.00, 0, 0.00, 27.30, 0.00, 0.00, 0.00, 0.00, 0.00, 0.00, 10, 0.00, 5, 0, 0, 0, 0, 0, 0.00, 1, 3, 0, 1500274445, 0, 0, 1500274446, 0, 0, 0, 0);
INSERT INTO `ns_order` VALUES (4, '20170717145827000000004', '1500274707528', 1, 4, 1, '3', 1, 'admin', '1', '', '', '15234234567', 34, 345, 2869, '2121212', '', '111', 0, 'Niushop开源商城', 0, '', 0, 27.30, 27.30, 0, 0.00, 0.00, 0, 0.00, 0.00, 0.00, 0.00, 27.30, 0.00, 0.00, 0.00, 10, 0.00, 5, 0, 0, 0, 0, 0, 0.00, 1, 3, 0, 1500274707, 0, 0, 1500274707, 0, 0, 0, 0);
INSERT INTO `ns_order` VALUES (5, '20170717150117000000005', '1500274876861', 1, 4, 1, '3', 1, 'admin', '1', '', '', '15234234567', 34, 345, 2869, '2121212', '', '111', 0, 'Niushop开源商城', 0, '', 0, 27.30, 27.30, 0, 0.00, 0.00, 0, 0.00, 0.00, 0.00, 0.00, 27.30, 0.00, 0.00, 0.00, 10, 0.00, 5, 0, 0, 0, 0, 0, 0.00, 1, 3, 0, 1500274876, 0, 0, 1500274877, 0, 0, 0, 0);
INSERT INTO `ns_order` VALUES (6, '20170717150254000000006', '1500274974202', 1, 4, 1, '3', 1, 'admin', '1', '', '', '15234234567', 34, 345, 2869, '2121212', '', '111', 0, 'Niushop开源商城', 0, '', 0, 27.30, 27.30, 0, 0.00, 0.00, 0, 0.00, 0.00, 0.00, 0.00, 27.30, 0.00, 0.00, 0.00, 10, 0.00, 5, 0, 0, 0, 0, 0, 0.00, 1, 3, 0, 1500274974, 0, 0, 1500274974, 0, 0, 0, 0);
INSERT INTO `ns_order` VALUES (7, '20170717150830000000007', '1500275310740', 1, 5, 1, '3', 1, 'admin', '1', '', '', '15234234567', 34, 345, 2869, '2121212', '', '111', 0, 'Niushop开源商城', 0, '', 0, 27.30, 27.30, 0, 0.00, 0.00, 0, 0.00, 27.30, 0.00, 0.00, 0.00, 0.00, 0.00, 0.00, 10, 0.00, 4, 2, 2, 0, 0, 0, 0.00, 1, 3, 1500275311, 1500275310, 1503650960, 1500341180, 1500275310, 1503650963, 0, 0, 0);
INSERT INTO `ns_order` VALUES (8, '20170717153643000000008', '1500277002385', 1, 0, 1, '3', 1, 'admin', '1', '', '', '15234234567', 34, 345, 2869, '2121212', '', '111', 0, 'Niushop开源商城', 0, '', 0, 27.30, 27.30, 0, 0.00, 0.00, 0, 0.00, 0.00, 0.00, 0.00, 27.30, 0.00, 0.00, 0.00, 10, 0.00, 5, 0, 0, 0, 0, 0, 0.00, 1, 3, 0, 1500277002, 0, 0, 1500277003, 0, 0, 0, 0);
INSERT INTO `ns_order` VALUES (9, '20170717170754000000009', '1500282491728', 1, 10, 1, '3', 1, 'admin', '1', '', '', '15234234567', 34, 345, 2869, '2121212', '', '111', 0, 'Niushop开源商城', 0, '', 0, 27.30, 27.30, 0, 0.00, 0.00, 0, 0.00, 0.00, 0.00, 0.00, 27.30, 0.00, 0.00, 0.00, 1000, 0.00, 4, 2, 2, 0, 0, 1, 0.00, 1, 3, 1500282491, 1500282474, 1500282517, 1500282500, 1500282474, 1500887360, 0, 0, 0);
INSERT INTO `ns_order` VALUES (10, '20170717171029000000010', '1500282659324', 1, 10, 1, '3', 3, 'gw', '1', '', '', '18735107960', 34, 345, 2869, '2222', '', 'gaowei', 0, 'Niushop开源商城', 0, '', 0, 27.30, 27.30, 0, 0.00, 0.00, 0, 0.00, 0.00, 0.00, 0.00, 27.30, 0.00, 0.00, 0.00, 1000, 0.00, 4, 2, 2, 0, 0, 0, 0.00, 1, 3, 1500282659, 1500282629, 1501493278, 1500282669, 1500282629, 1501571874, 0, 0, 0);
INSERT INTO `ns_order` VALUES (11, '20170717171503000000002', '1500282928345', 1, 10, 1, '3', 3, 'gw', '1', '', '', '18735107960', 34, 345, 2869, '2222', '', 'gaowei', 0, 'Niushop开源商城', 0, '', 0, 27.30, 27.30, 0, 0.00, 0.00, 0, 0.00, 0.00, 0.00, 0.00, 27.30, 0.00, 0.00, 0.00, 1000, 0.00, 4, 2, 2, 0, 0, 0, 0.00, 1, 3, 1500282928, 1500282902, 1501560128, 1500350498, 1500282903, 1501571874, 0, 0, 0);
INSERT INTO `ns_order` VALUES (12, '20170717171637000000003', '1500283009888', 1, 10, 1, '3', 1, 'admin', '1', '', '', '15234234567', 34, 345, 2869, '2121212', '', '111', 0, 'Niushop开源商城', 0, '', 0, 27.30, 27.30, 0, 0.00, 0.00, 0, 0.00, 0.00, 0.00, 0.00, 27.30, 0.00, 0.00, 0.00, 1000, 0.00, 1, 2, 0, 0, 0, 0, 0.00, 1, 3, 1500283009, 1500282997, 0, 0, 1500282997, 0, 0, 0, 0);
INSERT INTO `ns_order` VALUES (13, '20170717171727000000004', '1500283065340', 1, 10, 1, '3', 3, 'gw', '1', '', '', '18735107960', 34, 345, 2869, '2222', '', 'gaowei', 0, 'Niushop开源商城', 0, '', 0, 27.30, 27.30, 0, 0.00, 0.00, 0, 0.00, 0.00, 0.00, 0.00, 27.30, 0.00, 0.00, 0.00, 1000, 0.00, 4, 2, 2, 0, 0, 0, 0.00, 1, 3, 1500283065, 1500283046, 1501550708, 1500341096, 1500283047, 1501571874, 0, 0, 0);
INSERT INTO `ns_order` VALUES (14, '20170719114712000000001', '1500436032454', 1, 0, 1, '2', 1, 'admin', '1', '', '', '15234234567', 34, 345, 2869, '2121212', '', '111', 0, 'Niushop', 0, '', 0, 23.40, 22.40, 0, 0.00, 0.00, 0, 0.00, 0.00, 1.00, 0.00, 22.40, 0.00, 0.00, 0.00, 1000, 0.00, 5, 0, 0, 0, 0, 0, 0.00, 1, 3, 0, 1500436032, 0, 0, 1500436032, 0, 0, 0, 0);
INSERT INTO `ns_order` VALUES (15, '20170720152329000000001', '1500535421279', 1, 10, 1, '3', 1, 'admin', '1', '', '', '15234234567', 34, 345, 2869, '2121212', '', '111', 0, 'Niushop', 0, '', 0, 82.20, 81.20, 0, 0.00, 0.00, 0, 0.00, 0.00, 1.00, 0.00, 81.20, 2.00, 0.00, 0.00, 20, 0.00, 4, 2, 2, 0, 0, 1, 0.00, 1, 3, 1500535421, 1500535408, 1500543183, 1500542565, 1500535409, 1501148027, 0, 0, 0);
INSERT INTO `ns_order` VALUES (16, '20170720172153000000002', '1500542513343', 1, 0, 1, '2', 1, 'admin', '1', '', '', '15234234567', 34, 345, 2869, '2121212', '', '111', 0, 'Niushop', 0, '', 0, 23.40, 22.40, 0, 0.00, 0.00, 0, 0.00, 0.00, 1.00, 0.00, 22.40, 0.00, 0.00, 0.00, 1000, 0.00, 5, 0, 0, 0, 0, 0, 0.00, 1, 3, 0, 1500542513, 0, 0, 1500542513, 0, 0, 0, 0);
INSERT INTO `ns_order` VALUES (17, '20170722095441000000001', '1500688480652', 1, 0, 1, '3', 1, 'admin', '1', '', '', '15234234567', 34, 345, 2869, '2121212', '', '111', 0, 'Niushop开源商城', 0, '', 0, 23.40, 22.40, 0, 0.00, 0.00, 0, 0.00, 0.00, 1.00, 0.00, 22.40, 0.00, 0.00, 0.00, 1000, 0.00, 5, 0, 0, 0, 0, 0, 0.00, 1, 3, 0, 1500688480, 0, 0, 1500688481, 0, 0, 0, 0);
INSERT INTO `ns_order` VALUES (18, '20170722111349000000002', '1500693266806', 1, 10, 1, '3', 1, 'admin', '1', '', '', '15234234567', 34, 345, 2869, '2121212', '', '111', 0, 'Niushop开源商城', 0, '', 0, 6.00, 6.00, 0, 0.00, 0.00, 0, 0.00, 0.00, 0.00, 0.00, 6.00, 6.00, 0.00, 0.00, 0, 0.00, 5, 2, 0, 0, 0, 0, 0.00, 1, 3, 1500693266, 1500693229, 0, 0, 1500693229, 0, 0, 0, 0);
INSERT INTO `ns_order` VALUES (19, '20170725144649000000001', '1500965221948', 1, 10, 1, '3', 5, 'gaowei123', '1', '', '', '18735107969', 34, 345, 2869, '222', '', 'gw', 0, 'Niushop开源商城', 0, '', 0, 198000.00, 197999.00, 0, 0.00, 0.00, 0, 0.00, 0.00, 1.00, 0.00, 197999.00, 0.00, 0.00, 0.00, 0, 0.00, -1, 2, 0, 0, 0, 0, 0.00, 1, 3, 1500965222, 1500965209, 0, 0, 1500965209, 0, 0, 0, 0);
INSERT INTO `ns_order` VALUES (20, '20170725152541000000002', '1500967541938', 1, 0, 1, '3', 1, 'admin', '1', '', '', '15234234567', 34, 345, 2869, '2121212', '', '111', 0, 'Niushop开源商城', 0, '', 0, 6.00, 6.00, 0, 0.00, 0.00, 0, 0.00, 0.00, 0.00, 0.00, 6.00, 0.00, 0.00, 0.00, 0, 0.00, 5, 0, 0, 0, 0, 0, 0.00, 1, 3, 0, 1500967541, 0, 0, 1500967541, 0, 0, 0, 0);
INSERT INTO `ns_order` VALUES (21, '20170725152558000000003', '1500967675321', 1, 10, 1, '3', 1, 'admin', '1', '', '', '15234234567', 34, 345, 2869, '2121212', '', '111', 0, 'Niushop开源商城', 0, '', 0, 6.00, 6.00, 0, 0.00, 0.00, 0, 0.00, 0.00, 0.00, 0.00, 6.00, 1.00, 0.00, 0.00, 0, 0.00, 5, 2, 0, 0, 0, 0, 0.00, 1, 3, 1500967676, 1500967558, 0, 0, 1500967558, 0, 0, 0, 0);
INSERT INTO `ns_order` VALUES (22, '20170725151226000000004', '1500966745212', 1, 0, 1, '3', 5, 'gaowei123', '1', '', '', '18735107969', 34, 345, 2869, '222', '', 'gw', 0, 'Niushop开源商城', 0, '', 0, 27.30, 27.30, 0, 0.00, 0.00, 0, 0.00, 0.00, 1.00, 1.00, 27.30, 0.00, 0.00, 0.00, 1000, 0.00, 5, 0, 0, 0, 0, 0, 0.00, 1, 3, 0, 1500966745, 0, 0, 1500966746, 0, 0, 0, 0);
INSERT INTO `ns_order` VALUES (23, '20170725155011000000004', '1500969018125', 1, 10, 1, '3', 1, 'admin', '1', '', '', '15234234567', 34, 345, 2869, '2121212', '', '111', 0, 'Niushop开源商城', 0, '', 0, 6.00, 6.00, 0, 0.00, 0.00, 0, 0.00, 0.00, 0.00, 0.00, 6.00, 0.00, 0.00, 0.00, 0, 0.00, 4, 2, 2, 0, 0, 2, 0.00, 1, 3, 1500969018, 1500969011, 1502263503, 1502263464, 1500969011, 1502263505, 0, 0, 0);
INSERT INTO `ns_order` VALUES (24, '20170726111325000000001', '1501038841526', 1, 10, 1, '3', 87, '', '1', '', '', '18335808475', 12, 111, 1019, '123412', '123', 'fsad', 0, 'Niushop开源商城', 0, '', 0, 27.30, 27.30, 0, 0.00, 0.00, 0, 0.00, 0.00, 1.00, 1.00, 27.30, 0.00, 0.00, 0.00, 1000, 0.00, 1, 2, 0, 0, 0, 0, 0.00, 1, 3, 1501038841, 1501038805, 0, 0, 1501038805, 0, 0, 0, 0);
INSERT INTO `ns_order` VALUES (25, '20170726115309000000002', '1501041229125', 1, 10, 1, '3', 87, '', '1', '', '', '18335808475', 12, 111, 1019, '123412', '123', 'fsad', 0, 'Niushop开源商城', 0, '', 0, 27.30, 27.30, 0, 0.00, 0.00, 0, 0.00, 0.00, 1.00, 1.00, 27.30, 0.00, 0.00, 0.00, 1000, 0.00, 4, 2, 2, 0, 0, 0, 0.00, 1, 3, 1501041229, 1501041188, 1502247942, 1502247930, 1501041189, 1502247987, 0, 0, 0);
INSERT INTO `ns_order` VALUES (26, '20170727151916000000001', '1501139956933', 1, 5, 1, '2', 6, 'lzw', '1', '', '', '18649313172', 20, 229, 1962, '145', '', '123', 0, 'niushop开源商城', 0, '', 0, 100.00, 100.00, 0, 0.00, 0.00, 0, 0.00, 100.00, 0.00, 0.00, 0.00, 0.00, 0.00, 0.00, 0, 0.00, 1, 2, 0, 0, 0, 0, 0.00, 1, 3, 1501139957, 1501139956, 0, 0, 1501139956, 0, 0, 0, 0);
INSERT INTO `ns_order` VALUES (27, '20170727152004000000002', '1501140004659', 1, 5, 1, '2', 6, 'lzw', '1', '', '', '18649313172', 20, 229, 1962, '145', '', '123', 0, 'niushop开源商城', 0, '', 0, 100.00, 100.00, 0, 0.00, 0.00, 0, 0.00, 100.00, 0.00, 0.00, 0.00, 0.00, 0.00, 0.00, 0, 0.00, 4, 2, 2, 0, 0, 0, 0.00, 1, 3, 1501140004, 1501140004, 1502338241, 1501813580, 1501140004, 1502338242, 0, 0, 0);
INSERT INTO `ns_order` VALUES (28, '20170727152210000000003', '1501140129454', 1, 5, 1, '2', 6, 'lzw', '1', '', '', '18649313172', 20, 229, 1962, '145', '', '123', 0, 'niushop开源商城', 0, '', 0, 100.00, 100.00, 0, 0.00, 0.00, 0, 0.00, 100.00, 0.00, 0.00, 0.00, 0.00, 0.00, 0.00, 0, 0.00, 4, 2, 2, 0, 0, 0, 0.00, 1, 3, 1501140130, 1501140129, 1505786729, 1504576780, 1501140130, 1505787908, 0, 0, 0);
INSERT INTO `ns_order` VALUES (29, '20170727152500000000004', '1501140300215', 1, 5, 1, '2', 6, 'lzw', '1', '', '', '18649313172', 20, 229, 1962, '145', '', '123', 0, 'niushop开源商城', 0, '', 0, 100.00, 100.00, 0, 0.00, 0.00, 0, 0.00, 100.00, 0.00, 0.00, 0.00, 0.00, 0.00, 0.00, 0, 0.00, 4, 2, 2, 0, 0, 0, 0.00, 1, 3, 1501140300, 1501140300, 1502336178, 1502331438, 1501140300, 1502336187, 0, 0, 0);
INSERT INTO `ns_order` VALUES (30, '20170727152523000000005', '1501140323809', 1, 5, 1, '2', 6, 'lzw', '1', '', '', '18649313172', 20, 229, 1962, '145', '', '123', 0, 'niushop开源商城', 0, '', 0, 100.00, 100.00, 0, 0.00, 0.00, 0, 0.00, 100.00, 0.00, 0.00, 0.00, 0.00, 0.00, 0.00, 0, 0.00, 4, 2, 2, 0, 0, 0, 0.00, 1, 3, 1501140324, 1501140323, 1502336787, 1502331426, 1501140323, 1502336788, 0, 0, 0);
INSERT INTO `ns_order` VALUES (31, '20170727152544000000006', '1501140344619', 1, 5, 1, '2', 6, 'lzw', '1', '', '', '18649313172', 20, 229, 1962, '145', '', '123', 0, 'niushop开源商城', 0, '', 0, 100.00, 100.00, 0, 0.00, 0.00, 0, 0.00, 100.00, 0.00, 0.00, 0.00, 0.00, 0.00, 0.00, 0, 0.00, 4, 2, 2, 0, 0, 0, 0.00, 1, 3, 1501140344, 1501140344, 1502331482, 1501584390, 1501140344, 1502331529, 0, 0, 0);
INSERT INTO `ns_order` VALUES (32, '20170727184104000000007', '1501152063705', 1, 0, 1, '3', 1, 'admin', '1', '', '', '15234234567', 34, 345, 2869, '2121212', '', '111', 0, 'niushop开源商城', 0, '', 0, 23.40, 23.40, 0, 0.00, 0.00, 0, 0.00, 0.00, 1.00, 1.00, 23.40, 0.00, 0.00, 0.00, 1000, 0.00, 5, 0, 0, 0, 0, 0, 0.00, 1, 3, 0, 1501152063, 0, 0, 1501152064, 0, 0, 0, 0);
INSERT INTO `ns_order` VALUES (33, '20170801181834000000001', '1501582728612', 1, 10, 1, '3', 1, 'admin', '1', '', '', '15234234567', 34, 345, 2869, '2121212', '', '111', 0, 'niushop开源商城', 0, '', 0, 118800.00, 118790.00, 0, 0.00, 10.00, 48, 0.00, 0.00, 0.00, 0.00, 118790.00, 0.00, 0.00, 0.00, 0, 0.00, 4, 2, 2, 0, 0, 1, 0.00, 1, 3, 1501582728, 0, 1502263474, 1502263440, 1501582714, 1502263476, 0, 0, 0);
INSERT INTO `ns_order` VALUES (34, '20170801184232000000002', '1501584166298', 1, 10, 1, '3', 1, 'admin', '1', '', '', '15234234567', 34, 345, 2869, '2121212', '', '111', 0, 'niushop开源商城', 0, '', 0, 60.00, 60.00, 0, 0.00, 0.00, 0, 0.00, 0.00, 0.00, 0.00, 60.00, 0.00, 0.00, 0.00, 0, 0.00, 4, 2, 2, 0, 0, 0, 0.00, 1, 3, 1501584166, 0, 1503628895, 1501584181, 1501584152, 1503628897, 0, 0, 0);
INSERT INTO `ns_order` VALUES (35, '20170801205118000000003', '1501593878332', 1, 10, 1, '3', 1, 'admin', '1', '', '', '15234234567', 34, 345, 2869, '2121212', '', '111', 0, 'niushop开源商城', 0, '', 0, 118800.00, 118800.00, 0, 0.00, 0.00, 0, 0.00, 0.00, 0.00, 0.00, 118800.00, 118000.00, 0.00, 0.00, 0, 0.00, 5, 2, 1, 0, 0, 0, 0.00, 1, 3, 1501593878, 0, 0, 1501635330, 1501591878, 0, 0, 0, 0);
INSERT INTO `ns_order` VALUES (36, '20170802092559000000001', '1501637169359', 1, 10, 1, '3', 1, 'admin', '1', '', '', '15234234567', 34, 345, 2869, '2121212', '', '111', 0, 'niushop开源商城', 0, '', 0, 297600.00, 297595.00, 0, 0.00, 5.00, 53, 0.00, 0.00, 0.00, 0.00, 297595.00, 0.00, 0.00, 0.00, 0, 0.00, 4, 2, 2, 0, 0, 1, 0.00, 1, 3, 1501637169, 0, 1503650750, 1501637180, 1501637159, 1503650754, 0, 0, 0);
INSERT INTO `ns_order` VALUES (37, '20170802162559000000002', '1501662358691', 1, 0, 1, '3', 1, 'admin', '1', '', '', '15234234567', 34, 345, 2869, '2121212', '', '111', 0, 'niushop开源商城', 0, '', 0, 118800.00, 118795.00, 0, 0.00, 5.00, 57, 0.00, 0.00, 0.00, 0.00, 118795.00, 0.00, 0.00, 0.00, 0, 0.00, 5, 0, 0, 0, 0, 0, 0.00, 1, 3, 0, 0, 0, 0, 1501662359, 0, 0, 0, 0);
INSERT INTO `ns_order` VALUES (38, '20170802173813000000003', '1501666693734', 1, 0, 1, '3', 1, 'admin', '1', '', '', '15234234567', 34, 345, 2869, '2121212', '', '111', 0, 'niushop开源商城', 0, '', 0, 118800.00, 118800.00, 0, 0.00, 0.00, 0, 0.00, 0.00, 0.00, 0.00, 118800.00, 0.00, 0.00, 0.00, 0, 0.00, 5, 0, 0, 0, 0, 0, 0.00, 1, 3, 0, 0, 0, 0, 1501666693, 0, 0, 0, 0);
INSERT INTO `ns_order` VALUES (39, '20170802173945000000004', '1501666785839', 1, 0, 1, '2', 1, 'admin', '1', '', '', '15234234567', 34, 345, 2869, '2121212', '', '111', 0, 'niushop开源商城', 0, '', 0, 148800.00, 148800.00, 0, 0.00, 0.00, 0, 0.00, 0.00, 0.00, 0.00, 148800.00, 0.00, 0.00, 0.00, 0, 0.00, 5, 0, 0, 0, 0, 0, 0.00, 1, 3, 0, 0, 0, 0, 1501666785, 0, 0, 0, 0);
INSERT INTO `ns_order` VALUES (40, '20170802174008000000005', '1501666808706', 1, 0, 1, '2', 1, 'admin', '1', 'dsfdsfddddddddddddddddddddddddddd', '', '15234234567', 34, 345, 2869, '2121212', '', '111', 0, 'niushop开源商城', 0, '', 0, 148800.00, 148800.00, 0, 0.00, 0.00, 0, 0.00, 0.00, 0.00, 0.00, 148800.00, 0.00, 0.00, 0.00, 0, 0.00, 5, 0, 0, 0, 0, 0, 0.00, 1, 3, 0, 0, 0, 0, 1501666808, 0, 0, 0, 0);
INSERT INTO `ns_order` VALUES (41, '20170803111025000000001', '1501729824919', 1, 0, 1, '3', 1, 'admin', '1', '', '', '15234234567', 34, 345, 2869, '2121212', '', '111', 0, 'niushop开源商城', 0, '', 0, 118800.00, 118790.00, 0, 0.00, 10.00, 48, 0.00, 0.00, 0.00, 0.00, 118790.00, 0.00, 0.00, 0.00, 0, 0.00, 5, 0, 0, 0, 0, 0, 0.00, 1, 3, 0, 0, 0, 0, 1501729825, 0, 0, 0, 0);
INSERT INTO `ns_order` VALUES (42, '20170803111231000000002', '1501730028427', 1, 0, 1, '3', 1, 'admin', '1', '', '', '15234234567', 34, 345, 2869, '2121212', '', '111', 0, 'niushop开源商城', 0, '', 0, 23.40, 24.40, 0, 0.00, 0.00, 0, 0.00, 0.00, 0.00, 1.00, 24.40, 0.00, 0.00, 0.00, 1000, 0.00, 5, 0, 0, 0, 0, 0, 0.00, 1, 3, 0, 0, 0, 0, 1501729951, 0, 0, 0, 0);
INSERT INTO `ns_order` VALUES (43, '20170803111528000000003', '1501730152813', 1, 0, 1, '3', 1, 'admin', '1', '', '', '15234234567', 34, 345, 2869, '2121212', '', '111', 0, 'niushop开源商城', 0, '', 0, 118878.00, 118878.00, 0, 0.00, 0.00, 0, 0.00, 0.00, 0.00, 0.00, 118878.00, 0.00, 0.00, 0.00, 70, 0.00, 5, 0, 0, 0, 0, 0, 0.00, 1, 3, 0, 0, 0, 0, 1501730128, 0, 0, 0, 0);
INSERT INTO `ns_order` VALUES (44, '20170803195847000000004', '1501761527152', 1, 0, 1, '3', 63, '', '1', '', '', '13333333333', 34, 345, 2869, '裁夺sd', '', '额温枪耳温枪', 0, 'niushop开源商城', 0, '', 0, 699.00, 699.00, 0, 0.00, 0.00, 0, 0.00, 0.00, 0.00, 0.00, 699.00, 0.00, 0.00, 0.00, 0, 0.00, 5, 0, 0, 0, 0, 0, 0.00, 1, 3, 0, 0, 0, 0, 1501761527, 0, 0, 0, 0);
INSERT INTO `ns_order` VALUES (45, '20170803200900000000005', '1501762140687', 1, 0, 1, '2', 63, '', '1', '', '', '13333333333', 34, 345, 2869, '裁夺sd', '', '额温枪耳温枪', 0, 'niushop开源商城', 0, '', 0, 699.00, 699.00, 0, 0.00, 0.00, 0, 0.00, 0.00, 0.00, 0.00, 699.00, 0.00, 0.00, 0.00, 0, 0.00, 5, 0, 0, 0, 0, 0, 0.00, 1, 3, 0, 0, 0, 0, 1501762140, 0, 0, 0, 0);
INSERT INTO `ns_order` VALUES (46, '20170803201023000000006', '1501762223884', 1, 0, 1, '3', 63, '', '1', '', '', '13333333333', 34, 345, 2869, '裁夺sd', '', '额温枪耳温枪', 0, 'niushop开源商城', 0, '', 0, 2097.00, 2097.00, 0, 0.00, 0.00, 0, 0.00, 0.00, 0.00, 0.00, 2097.00, 0.00, 0.00, 0.00, 0, 0.00, 5, 0, 0, 0, 0, 0, 0.00, 1, 3, 0, 0, 0, 0, 1501762223, 0, 0, 0, 0);
INSERT INTO `ns_order` VALUES (47, '20170805104920000000001', '1501901359259', 1, 0, 1, '3', 1, 'admin', '1', '', '', '15234234567', 34, 345, 2869, '2121212', '', '111', 0, 'Niushop开源商城', 0, '', 0, 126000.00, 126100.00, 0, 0.00, 0.00, 0, 0.00, 0.00, 0.00, 100.00, 126100.00, 0.00, 0.00, 0.00, 0, 0.00, 5, 0, 0, 0, 0, 0, 0.00, 1, 3, 0, 0, 0, 0, 1501901360, 0, 0, 0, 0);
INSERT INTO `ns_order` VALUES (48, '20170805105742000000002', '1501901862225', 1, 0, 1, '3', 1, 'admin', '1', '', '', '15234234567', 34, 345, 2869, '2121212', '', '111', 0, 'Niushop开源商城', 0, '', 0, 23.40, 25.40, 0, 0.00, 0.00, 0, 0.00, 0.00, 0.00, 2.00, 25.40, 0.00, 0.00, 0.00, 1000, 0.00, 5, 0, 0, 0, 0, 0, 0.00, 8, 3, 0, 0, 0, 0, 1501901862, 0, 0, 0, 0);
INSERT INTO `ns_order` VALUES (49, '20170805153342000000003', '1501918422963', 1, 0, 1, '3', 1, 'admin', '1', '', '', '15234234566', 4, 14, 217, '121212', '', '123123', 0, 'niushop开源商城', 0, '', 0, 146.40, 148.40, 0, 0.00, 0.00, 0, 0.00, 0.00, 0.00, 2.00, 148.40, 0.00, 0.00, 0.00, 0, 0.00, 5, 0, 0, 0, 0, 0, 0.00, 8, 3, 0, 0, 0, 0, 1501918422, 0, 0, 0, 0);
INSERT INTO `ns_order` VALUES (50, '20170805153650000000004', '1501918610643', 1, 0, 1, '3', 1, 'admin', '1', '', '', '15234234567', 34, 345, 2869, '2121212', '', '111', 0, 'niushop开源商城', 0, '', 0, 117.00, 117.00, 0, 0.00, 0.00, 0, 0.00, 0.00, 0.00, 0.00, 117.00, 0.00, 0.00, 0.00, 5000, 0.00, 5, 0, 0, 0, 0, 0, 0.00, 8, 3, 0, 0, 0, 0, 1501918610, 0, 0, 0, 0);
INSERT INTO `ns_order` VALUES (51, '20170805171645000000005', '1501924605730', 1, 0, 2, '2', 1, 'admin', '1', '', '', '15234234567', 34, 345, 2869, '2121212', '', '111', 0, 'niushop开源商城', 0, '', 0, 23.40, 33.40, 0, 0.00, 0.00, 0, 0.00, 0.00, 0.00, 10.00, 33.40, 0.00, 0.00, 0.00, 1000, 0.00, 5, 0, 0, 0, 0, 0, 0.00, 8, 3, 0, 0, 0, 0, 1501924605, 0, 0, 0, 0);
INSERT INTO `ns_order` VALUES (52, '20170805172734000000006', '1501925254338', 1, 0, 2, '3', 1, 'admin', '1', '', '', '15234234567', 34, 345, 2869, '2121212', '', '111', 0, 'niushop开源商城', 0, '', 0, 6.00, 16.00, 0, 0.00, 0.00, 0, 0.00, 0.00, 0.00, 10.00, 16.00, 0.00, 0.00, 0.00, 0, 0.00, 5, 0, 0, 0, 0, 0, 0.00, 8, 3, 0, 0, 0, 0, 1501925254, 0, 0, 0, 0);
INSERT INTO `ns_order` VALUES (53, '20170807111225000000001', '1502075545956', 1, 0, 1, '2', 299, '', '1', '', '', '13211111111', 34, 345, 2869, '111111', '', '1111', 0, 'niushop开源商城', 0, '', 0, 1398.00, 1398.00, 0, 0.00, 0.00, 0, 0.00, 0.00, 0.00, 0.00, 1398.00, 0.00, 0.00, 0.00, 0, 0.00, 5, 0, 0, 0, 0, 0, 0.00, 8, 3, 0, 0, 0, 0, 1502075545, 0, 0, 0, 0);
INSERT INTO `ns_order` VALUES (54, '20170807143910000000002', '1502087950218', 1, 0, 1, '3', 87, '', '1', '', '', '18335808475', 12, 111, 1019, '123412', '123', 'fsad', 0, 'niushop开源商城', 0, '', 0, 105000.00, 105000.00, 0, 0.00, 0.00, 0, 0.00, 0.00, 0.00, 0.00, 105000.00, 0.00, 0.00, 0.00, 0, 0.00, 5, 0, 0, 0, 0, 0, 0.00, 8, 3, 0, 0, 0, 0, 1502087950, 0, 0, 0, 0);
INSERT INTO `ns_order` VALUES (55, '20170807200654000000003', '1502107614434', 1, 0, 1, '3', 1, 'admin', '1', '', '', '15234234567', 34, 345, 2869, '2121212', '', '111', 0, 'Niushop开源商城', 0, '', 0, 126000.00, 126000.00, 0, 0.00, 0.00, 0, 0.00, 0.00, 0.00, 0.00, 126000.00, 0.00, 0.00, 0.00, 0, 0.00, 5, 0, 0, 0, 0, 0, 0.00, 8, 3, 0, 0, 0, 0, 1502107614, 0, 0, 0, 0);
INSERT INTO `ns_order` VALUES (56, '20170810203114000000001', '1502368301124', 1, 10, 1, '2', 1, 'admin', '1', '', '', '15234234567', 34, 345, 2869, '2121212', '', '111', 0, 'niushop开源商城', 0, '', 0, 504000.00, 504000.00, 0, 0.00, 0.00, 0, 0.00, 0.00, 0.00, 0.00, 504000.00, 0.00, 0.00, 0.00, 0, 0.00, 4, 2, 2, 0, 0, 2, 0.00, 8, 3, 1502368302, 0, 1502368324, 1502368314, 1502368274, 1502368326, 0, 0, 0);
INSERT INTO `ns_order` VALUES (57, '20170811091635000000001', '1502414194868', 1, 0, 1, '2', 1, 'admin', '1', '', '', '15234234567', 34, 345, 2869, '2121212', '', '111', 0, 'niushop开源商城', 0, '', 0, 60.00, 60.00, 0, 0.00, 0.00, 0, 0.00, 0.00, 0.00, 0.00, 60.00, 0.00, 0.00, 0.00, 0, 0.00, 5, 0, 0, 0, 0, 0, 0.00, 8, 3, 0, 0, 0, 0, 1502414195, 0, 0, 0, 0);
INSERT INTO `ns_order` VALUES (58, '614279167194', '1502432575545', 1, 10, 1, '3', 1, 'admin', '1', '', '', '18526324154', 27, 293, 2574, 'vcvccc', '', 'SSA', 0, 'niushop开源商城', 0, '', 0, 23.40, 25.40, 0, 0.00, 0.00, 0, 0.00, 0.00, 0.00, 2.00, 25.40, 0.00, 0.00, 0.00, 1000, 0.00, 4, 2, 2, 0, 0, 2, 0.00, 8, 3, 1502432576, 0, 1502435727, 1502432590, 1502432450, 1502435909, 0, 0, 0);
INSERT INTO `ns_order` VALUES (59, '20170811143803000000003', '1502433494526', 1, 10, 1, '3', 1, 'admin', '1', '', '', '18526324154', 27, 293, 2574, 'vcvccc', '', 'SSA', 0, 'Niushop开源商城', 0, '', 0, 73.20, 75.20, 0, 0.00, 0.00, 0, 0.00, 0.00, 0.00, 2.00, 75.20, 0.00, 0.00, 0.00, 0, 0.00, 4, 2, 2, 0, 0, 2, 0.00, 8, 3, 1502433494, 0, 1502433556, 1502433536, 1502433483, 1502433558, 0, 0, 0);
INSERT INTO `ns_order` VALUES (60, '20170811202321000000004', '1502454201613', 1, 0, 1, '3', 1, 'admin', '1', '', '', '18526324154', 27, 293, 2574, 'vcvccc', '', 'SSA', 0, 'niushop开源商城', 0, '', 0, 60.00, 60.00, 0, 0.00, 0.00, 0, 0.00, 0.00, 0.00, 0.00, 60.00, 0.00, 0.00, 0.00, 0, 0.00, 5, 0, 0, 0, 0, 0, 0.00, 8, 3, 0, 0, 0, 0, 1502454201, 0, 0, 0, 0);
INSERT INTO `ns_order` VALUES (61, '20170812120207000000001', '1502510527240', 1, 0, 1, '3', 1, 'admin', '1', '', '', '18526324154', 27, 293, 2574, 'vcvccc', '', 'SSA', 0, 'Niushop开源商城', 0, '', 0, 504000.00, 504000.00, 0, 0.00, 0.00, 0, 0.00, 0.00, 0.00, 0.00, 504000.00, 0.00, 0.00, 0.00, 0, 0.00, 5, 0, 0, 0, 0, 0, 0.00, 8, 3, 0, 0, 0, 0, 1502510528, 0, 0, 0, 0);
INSERT INTO `ns_order` VALUES (62, '20170812174619000000002', '1502531179230', 1, 0, 1, '2', 1, 'admin', '1', '', '', '18526324154', 27, 293, 2574, 'vcvccc', '', 'SSA', 0, 'niushop开源商城', 0, '', 0, 117.00, 117.00, 0, 0.00, 0.00, 0, 0.00, 0.00, 0.00, 0.00, 117.00, 0.00, 0.00, 0.00, 5000, 0.00, 5, 0, 0, 0, 0, 0, 0.00, 8, 3, 0, 0, 0, 0, 1502531179, 0, 0, 0, 0);
INSERT INTO `ns_order` VALUES (63, '20170812174626000000003', '1502531345700', 1, 10, 1, '2', 1, 'admin', '1', '', '', '18526324154', 27, 293, 2574, 'vcvccc', '', 'SSA', 0, 'niushop开源商城', 0, '', 0, 117.00, 117.00, 0, 0.00, 0.00, 0, 0.00, 0.00, 0.00, 0.00, 117.00, 0.00, 0.00, 0.00, 5000, 0.00, 4, 2, 2, 0, 0, 2, 0.00, 8, 3, 1502531345, 0, 1502531397, 1502531372, 1502531186, 1502531399, 0, 0, 0);
INSERT INTO `ns_order` VALUES (64, '20170812175137000000004', '1502531496628', 1, 0, 1, '2', 1, 'admin', '1', '', '', '18526324154', 27, 293, 2574, 'vcvccc', '', 'SSA', 0, 'niushop开源商城', 0, '', 0, 117.00, 117.00, 0, 0.00, 0.00, 0, 0.00, 0.00, 0.00, 0.00, 117.00, 0.00, 0.00, 0.00, 5000, 0.00, 5, 0, 0, 0, 0, 0, 0.00, 8, 3, 0, 0, 0, 0, 1502531497, 0, 0, 0, 0);
INSERT INTO `ns_order` VALUES (65, '20170815105047000000001', '15027654460000', 1, 0, 1, '3', 1, 'admin', '1', '', '', '18526324154', 9, 73, 732, 'vcvccc', '', 'SSA', 0, 'Niushop开源商城', 0, '', 0, 7738.80, 7738.80, 0, 0.00, 0.00, 0, 0.00, 0.00, 0.00, 0.00, 7738.80, 0.00, 0.00, 0.00, 0, 0.00, 5, 0, 0, 0, 0, 0, 0.00, 8, 3, 0, 0, 0, 0, 1502765447, 0, 0, 0, 0);
INSERT INTO `ns_order` VALUES (66, '2028751042582548', '15027823000000', 1, 0, 1, '3', 1, 'admin', '1', '', '', '18526324154', 9, 73, 732, 'vcvccc', '', 'SSA', 0, 'niushop开源商城', 0, '', 0, 60.00, 60.00, 0, 0.00, 0.00, 0, 0.00, 0.00, 0.00, 0.00, 60.00, 0.00, 0.00, 0.00, 0, 0.00, 5, 0, 0, 0, 0, 0, 0.00, 8, 3, 0, 0, 0, 0, 1502782300, 0, 0, 0, 0);
INSERT INTO `ns_order` VALUES (67, '20170815165002000000003', '15027873860000', 1, 0, 1, '3', 1, 'admin', '1', '', '', '18526324154', 9, 73, 732, 'vcvccc', '', 'SSA', 0, 'niushop开源商城', 0, '', 0, 60.00, 60.00, 0, 0.00, 0.00, 0, 0.00, 0.00, 0.00, 0.00, 60.00, 0.00, 0.00, 0.00, 0, 0.00, 5, 0, 0, 0, 0, 0, 0.00, 8, 3, 0, 0, 0, 0, 1502787002, 0, 0, 0, 0);
INSERT INTO `ns_order` VALUES (68, '44799691348493450', '	379151160496', 1, 0, 1, '3', 1, 'admin', '1', '', '', '18526324154', 9, 73, 732, 'vcvccc', '', 'SSA', 0, 'niushop开源商城', 0, '', 0, 504000.00, 504000.00, 0, 0.00, 0.00, 0, 0.00, 0.00, 0.00, 0.00, 504000.00, 0.00, 0.00, 0.00, 0, 0.00, 5, 0, 0, 0, 0, 0, 0.00, 8, 3, 0, 0, 0, 0, 1502787447, 0, 0, 0, 0);
INSERT INTO `ns_order` VALUES (69, '20170815170447000000005', '15027878860000', 1, 0, 1, '3', 1, 'admin', '1', '', '', '18526324154', 9, 73, 732, 'vcvccc', '', 'SSA', 0, 'niushop开源商城', 0, '', 0, 60.00, 60.00, 0, 0.00, 0.00, 0, 0.00, 0.00, 0.00, 0.00, 60.00, 0.00, 0.00, 0.00, 0, 0.00, 5, 0, 0, 0, 0, 0, 0.00, 8, 3, 0, 0, 0, 0, 1502787887, 0, 0, 0, 0);
INSERT INTO `ns_order` VALUES (70, '20170816100117000000001', '1.502848877E+14', 1, 0, 1, '3', 1, 'admin', '1', '', '', '18526324154', 9, 73, 732, 'vcvccc', '', 'SSA', 0, 'niushop开源商城', 0, '', 0, 60.00, 60.00, 0, 0.00, 0.00, 0, 0.00, 0.00, 0.00, 0.00, 60.00, 0.00, 0.00, 0.00, 0, 0.00, 5, 0, 0, 0, 0, 0, 0.00, 8, 3, 0, 0, 0, 0, 1502848877, 0, 0, 0, 0);
INSERT INTO `ns_order` VALUES (71, '20170816100451000000002', '1.502849187E+15', 1, 0, 1, '3', 1, 'admin', '1', '', '', '18526324154', 9, 73, 732, 'vcvccc', '', 'SSA', 0, 'niushop开源商城', 0, '', 0, 60.00, 60.00, 0, 0.00, 0.00, 0, 0.00, 0.00, 0.00, 0.00, 60.00, 0.00, 0.00, 0.00, 0, 0.00, 5, 0, 0, 0, 0, 0, 0.00, 8, 3, 0, 0, 0, 0, 1502849091, 0, 0, 0, 0);
INSERT INTO `ns_order` VALUES (72, '20170816100915000000003', '1.502849355E+15', 1, 0, 1, '3', 1, 'admin', '1', '', '', '18526324154', 9, 73, 732, 'vcvccc', '', 'SSA', 0, 'niushop开源商城', 0, '', 0, 504000.00, 504000.00, 0, 0.00, 0.00, 0, 0.00, 0.00, 0.00, 0.00, 504000.00, 0.00, 0.00, 0.00, 0, 0.00, 5, 0, 0, 0, 0, 0, 0.00, 8, 3, 0, 0, 0, 0, 1502849355, 0, 0, 0, 0);
INSERT INTO `ns_order` VALUES (73, '20170816145755000000004', '15028666741371000', 1, 0, 1, '3', 1, 'admin', '1', '', '', '18526324154', 9, 73, 732, 'vcvccc', '', 'SSA', 0, 'niushop开源商城', 0, '', 0, 504000.00, 504000.00, 0, 0.00, 0.00, 0, 0.00, 0.00, 0.00, 0.00, 504000.00, 0.00, 0.00, 0.00, 0, 0.00, 5, 0, 0, 0, 0, 0, 0.00, 8, 3, 0, 0, 0, 0, 1502866675, 0, 0, 0, 0);
INSERT INTO `ns_order` VALUES (74, '9891072096054', '1502964976146', 1, 0, 2, '3', 1, 'admin', '1', '', '', '18526324154', 9, 73, 732, 'vcvccc', '', 'SSA', 0, 'niushop开源商城', 0, '', 0, 117.00, 117.00, 0, 0.00, 0.00, 0, 0.00, 0.00, 0.00, 0.00, 117.00, 0.00, 0.00, 0.00, 5000, 0.00, 5, 0, 0, 0, 0, 0, 0.00, -2, 3, 0, 0, 0, 0, 1502964977, 0, 0, 0, 0);
INSERT INTO `ns_order` VALUES (75, '20170819164941000000001', '150313258052171000', 1, 1, 1, '3', 1, 'admin', '1', '', '', '18526324154', 9, 73, 732, 'vcvccc', '', 'SSA', 0, 'niushop开源商城', 0, '', 0, 0.00, 0.00, 0, 0.00, 0.00, 0, 0.00, 0.00, 0.00, 0.00, 0.00, 0.00, 0.00, 0.00, 0, 0.00, 4, 2, 2, 0, 0, 1, 0.00, 8, 3, 1503132581, 0, 1505459738, 1504576695, 1503132581, 1505459743, 0, 0, 0);
INSERT INTO `ns_order` VALUES (76, '20170821160627000000001', '150330278653051000', 1, 0, 1, '2', 1, 'admin', '1', '', '', '18526324154', 9, 73, 732, 'vcvccc', '', 'SSA', 0, 'niushop开源商城', 0, '', 0, 419.40, 419.40, 0, 0.00, 0.00, 0, 0.00, 0.00, 0.00, 0.00, 419.40, 0.00, 0.00, 0.00, 0, 0.00, 5, 0, 0, 0, 0, 0, 0.00, 8, 3, 0, 0, 0, 0, 1503302787, 0, 0, 0, 0);
INSERT INTO `ns_order` VALUES (77, '20170824183251000000001', '150357077144241000', 1, 0, 1, '3', 1, 'admin', '1', '', '', '18526324154', 9, 73, 732, 'vcvccc', '', 'SSA', 0, 'niushop开源商城', 0, '', 0, 60.00, 60.00, 0, 0.00, 0.00, 0, 0.00, 0.00, 0.00, 0.00, 60.00, 0.00, 0.00, 0.00, 0, 0.00, 5, 0, 0, 0, 0, 0, 0.00, 9, 3, 0, 0, 0, 0, 1503570771, 0, 0, 0, 0);
INSERT INTO `ns_order` VALUES (78, '20170824183355000000002', '150357137794331000', 1, 10, 1, '3', 1, 'admin', '1', '', '', '18526324154', 9, 73, 732, 'vcvccc', '', 'SSA', 0, 'niushop开源商城', 0, '', 0, 1679.40, 1679.40, 0, 0.00, 0.00, 0, 0.00, 0.00, 0.00, 0.00, 1679.40, 0.00, 0.00, 0.00, 0, 0.00, 4, 2, 2, 0, 0, 2, 0.00, 9, 3, 1503571377, 0, 1503571405, 1503571395, 1503570836, 1503571407, 0, 0, 0);
INSERT INTO `ns_order` VALUES (79, '20170824191752000000003', '150357347293271000', 1, 0, 1, '3', 1, 'admin', '1', '', '', '18526324154', 9, 73, 732, 'vcvccc', '', 'SSA', 0, 'niushop开源商城', 0, '', 0, 1679.40, 1681.40, 0, 0.00, 0.00, 0, 0.00, 0.00, 0.00, 2.00, 1681.40, 0.00, 0.00, 0.00, 0, 0.00, 5, 0, 0, 0, 0, 0, 0.00, 8, 3, 0, 0, 0, 0, 1503573472, 0, 0, 0, 0);
INSERT INTO `ns_order` VALUES (80, '20170824192331000000004', '150357381070561000', 1, 0, 1, '3', 1, 'admin', '1', '', '', '18526324154', 9, 73, 732, 'vcvccc', '', 'SSA', 0, 'niushop开源商城', 0, '', 0, 60.00, 60.00, 0, 0.00, 0.00, 0, 0.00, 0.00, 0.00, 0.00, 60.00, 0.00, 0.00, 0.00, 0, 0.00, 5, 0, 0, 0, 0, 0, 0.00, 9, 3, 0, 0, 0, 0, 1503573811, 0, 0, 0, 0);
INSERT INTO `ns_order` VALUES (81, '20170824192751000000005', '150357407037361000', 1, 0, 1, '3', 1, 'admin', '1', '', '', '18526324154', 9, 73, 732, 'vcvccc', '', 'SSA', 0, 'niushop开源商城', 0, '', 0, 60.00, 64.00, 0, 0.00, 0.00, 0, 0.00, 0.00, 0.00, 4.00, 64.00, 0.00, 0.00, 0.00, 0, 0.00, 5, 0, 0, 0, 0, 0, 0.00, 8, 3, 0, 0, 0, 0, 1503574071, 0, 0, 0, 0);
INSERT INTO `ns_order` VALUES (82, '20170824193029000000006', '150357457058261000', 1, 10, 1, '3', 1, 'admin', '1', '', '', '18526324154', 9, 73, 732, 'vcvccc', '', 'SSA', 0, 'niushop开源商城', 0, '', 0, 60.00, 60.00, 0, 0.00, 0.00, 0, 0.00, 0.00, 0.00, 0.00, 60.00, 0.00, 0.00, 0.00, 0, 0.00, 4, 2, 2, 0, 0, 2, 0.00, 8, 3, 1503574571, 0, 1503574596, 1503574586, 1503574229, 1503574717, 0, 0, 0);
INSERT INTO `ns_order` VALUES (83, '20170824195502000000007', '150357571260291000', 1, 10, 1, '3', 1, 'admin', '1', '', '', '18526324154', 9, 73, 732, 'vcvccc', '', 'SSA', 0, 'niushop开源商城', 0, '', 0, 1679.40, 1681.40, 0, 0.00, 0.00, 0, 0.00, 0.00, 0.00, 2.00, 1681.40, 10.00, 0.00, 0.00, 0, 0.00, 5, 2, 1, 0, 0, 0, 0.00, 8, 3, 1503575712, 0, 0, 1503575723, 1503575702, 0, 0, 0, 0);
INSERT INTO `ns_order` VALUES (84, '20170825182945000000001', '150365698496721000', 1, 1, 1, '3', 1, 'admin', '1', '', '', '18526324154', 9, 73, 732, 'vcvccc', '', 'SSA', 0, 'niushop开源商城', 0, '', 0, 0.00, 0.00, 0, 0.00, 0.00, 0, 0.00, 0.00, 0.00, 0.00, 0.00, 0.00, 0.00, 0.00, 0, 0.00, 4, 2, 2, 0, 0, 0, 0.00, 8, 3, 1503656985, 0, 1504268479, 1504268470, 1503656985, 1504268481, 0, 0, 0);
INSERT INTO `ns_order` VALUES (85, '20170825183038000000002', '150365706412181000', 1, 0, 1, '3', 1, 'admin', '1', '', '', '18526324154', 9, 73, 732, 'vcvccc', '', 'SSA', 0, 'niushop开源商城', 0, '', 0, 1679.40, 1681.40, 0, 0.00, 0.00, 0, 0.00, 0.00, 0.00, 2.00, 1681.40, 0.00, 0.00, 0.00, 0, 0.00, 5, 0, 0, 0, 0, 0, 0.00, 8, 3, 0, 0, 0, 0, 1503657038, 0, 0, 0, 0);
INSERT INTO `ns_order` VALUES (86, '20170828145806000000001', '150390348548741000', 1, 0, 1, '3', 3, 'gw', '1', '', '', '18735107960', 34, 345, 2869, '2222', '', 'gaowei', 0, 'niushop开源商城', 0, '', 0, 1679.40, 1681.40, 0, 0.00, 0.00, 0, 0.00, 0.00, 0.00, 2.00, 1681.40, 0.00, 0.00, 0.00, 0, 0.00, 5, 0, 0, 0, 0, 0, 0.00, 8, 3, 0, 0, 0, 0, 1503903486, 0, 0, 0, 0);
INSERT INTO `ns_order` VALUES (87, '20170828182909000000002', '150391614938741000', 1, 0, 2, '3', 2, 'gwgw', '1', '', '', '18536985525', 34, 345, 2869, 'ddddddddd', '035556', '111111111', 0, 'niushop开源商城', 0, '', 0, 2.40, 12.40, 0, 0.00, 0.00, 0, 0.00, 0.00, 0.00, 10.00, 12.40, 0.00, 0.00, 0.00, 0, 0.00, 1, 1, 0, 0, 0, 0, 0.00, -2, 3, 0, 0, 0, 0, 1503916149, 0, 0, 0, 0);
INSERT INTO `ns_order` VALUES (88, '20170830104608000000001', '150406118081661000', 1, 10, 1, '2', 1, 'admin', '1', '', '', '18526324154', 9, 73, 732, 'vcvccc', '', 'SSA', 0, 'niushop开源商城', 0, '', 0, 6.00, 6.00, 0, 0.00, 0.00, 0, 0.00, 0.00, 0.00, 0.00, 6.00, 0.00, 0.00, 0.00, 70, 0.00, 4, 2, 2, 0, 0, 0, 0.00, 8, 3, 1504061180, 0, 1504267966, 1504061199, 1504061168, 1504267968, 0, 0, 0);
INSERT INTO `ns_order` VALUES (89, '20170830105056000000002', '150406146533961000', 1, 10, 1, '2', 1, 'admin', '1', '', '', '18526324154', 9, 73, 732, 'vcvccc', '', 'SSA', 0, 'niushop开源商城', 0, '', 0, 2.40, 4.40, 0, 0.00, 0.00, 0, 0.00, 0.00, 0.00, 2.00, 4.40, 0.00, 0.00, 0.00, 0, 0.00, 4, 2, 2, 0, 0, 0, 0.00, 8, 3, 1504061465, 0, 1504267931, 1504061553, 1504061456, 1504267933, 0, 0, 0);
INSERT INTO `ns_order` VALUES (90, '20170830110122000000003', '150406212944741000', 1, 10, 1, '2', 1, 'admin', '1', '', '', '18526324154', 9, 73, 732, 'vcvccc', '', 'SSA', 0, 'niushop开源商城', 0, '', 0, 6.00, 6.00, 0, 0.00, 0.00, 0, 0.00, 0.00, 0.00, 0.00, 6.00, 0.00, 0.00, 0.00, 0, 0.00, 4, 2, 2, 0, 0, 0, 0.00, 8, 3, 1504062129, 0, 1504265363, 1504062158, 1504062082, 1504265366, 0, 0, 0);
INSERT INTO `ns_order` VALUES (91, '20170830152211000000004', '150407773165021000', 1, 0, 2, '3', 1, 'admin', '1', '', '', '18526324154', 9, 73, 732, 'vcvccc', '', 'SSA', 0, 'niushop开源商城', 0, '', 0, 117.00, 127.00, 0, 0.00, 0.00, 0, 0.00, 0.00, 0.00, 10.00, 127.00, 0.00, 0.00, 0.00, 5000, 0.00, 5, 0, 0, 0, 0, 0, 0.00, -2, 3, 0, 0, 0, 0, 1504077731, 0, 0, 0, 0);
INSERT INTO `ns_order` VALUES (92, '20170830170539000000005', '150408468090301000', 1, 0, 1, '1', 1, 'admin', '1', '', '', '18526324154', 9, 73, 732, 'vcvccc', '', 'SSA', 0, 'niushop开源商城', 0, '', 0, 6.00, 6.00, 0, 0.00, 0.00, 0, 0.00, 0.00, 0.00, 0.00, 6.00, 0.00, 0.00, 0.00, 70, 0.00, 5, 0, 0, 0, 0, 0, 0.00, 8, 3, 0, 0, 0, 0, 1504083939, 0, 1, 1, 0);
INSERT INTO `ns_order` VALUES (93, '20170831105028000000001', '150414782845471000', 1, 0, 2, '1', 1, 'admin', '1', '', '', '18526324154', 9, 73, 732, 'vcvccc', '', 'SSA', 0, 'niushop开源商城', 0, '', 0, 0.00, 10.00, 0, 0.00, 0.00, 0, 0.00, 0.00, 0.00, 10.00, 10.00, 0.00, 0.00, 0.00, 0, 0.00, 5, 0, 0, 0, 0, 0, 0.00, -2, 3, 0, 0, 0, 0, 1504147828, 0, 0, 0, 0);
INSERT INTO `ns_order` VALUES (94, '20170901094236000000001', '150423015662131000', 1, 0, 1, '1', 1, 'admin', '1', '', '', '18526324154', 9, 73, 732, 'vcvccc', '', 'SSA', 0, 'niushop开源商城', 0, '', 0, 0.60, 2.60, 10, 0.00, 0.00, 0, 0.00, 0.00, 0.00, 2.00, 2.60, 0.00, 0.00, 0.00, 0, 0.00, 5, 0, 0, 0, 0, 0, 0.00, 8, 3, 0, 0, 0, 0, 1504230156, 0, 0, 0, 0);
INSERT INTO `ns_order` VALUES (95, '20170901094311000000002', '150423019150461000', 1, 0, 1, '1', 1, 'admin', '1', '111', '', '18526324154', 9, 73, 732, 'vcvccc', '', 'SSA', 0, 'niushop开源商城', 0, '', 0, 0.60, 2.60, 10, 0.00, 0.00, 0, 0.00, 0.00, 0.00, 2.00, 2.60, 0.00, 0.00, 0.00, 0, 0.00, 5, 0, 0, 0, 0, 0, 0.00, 8, 3, 0, 0, 0, 0, 1504230191, 0, 0, 0, 0);
INSERT INTO `ns_order` VALUES (96, '20170904145856000000001', '150450833569221000', 1, 0, 2, '3', 22, 'wyc', '1', '', '', '18536985525', 19, 211, 1845, '广东省阳江市阳东县', '', 'wyc', 0, 'niushop开源商城', 0, '', 0, 272.72, 282.72, 0, 0.00, 0.00, 0, 0.00, 0.00, 0.00, 10.00, 282.72, 0.00, 0.00, 0.00, 7000, 0.00, 5, 0, 0, 0, 0, 0, 0.00, -2, 3, 0, 0, 0, 0, 1504508336, 0, 0, 0, 0);
INSERT INTO `ns_order` VALUES (97, '20170904193355000000002', '150452484780221000', 1, 10, 2, '2', 1, 'admin', '1', '', '', '18526324154', 9, 73, 732, 'vcvccc', '', 'SSA', 0, 'niushop开源商城', 0, '', 0, 117.00, 127.00, 0, 0.00, 0.00, 0, 0.00, 0.00, 0.00, 10.00, 127.00, 0.00, 0.00, 0.00, 5000, 0.00, -1, 2, 0, 0, 0, 0, 0.00, -2, 3, 1504524847, 0, 0, 0, 1504524835, 0, 0, 0, 0);
INSERT INTO `ns_order` VALUES (98, '20170904193735000000003', '150452506534841000', 1, 10, 1, '3', 1, 'admin', '1', '', '', '18526324154', 9, 73, 732, 'vcvccc', '', 'SSA', 0, 'niushop开源商城', 0, '', 0, 117.00, 117.00, 0, 0.00, 0.00, 0, 0.00, 0.00, 0.00, 0.00, 117.00, 0.00, 0.00, 0.00, 5000, 0.00, 4, 2, 2, 0, 0, 0, 0.00, 8, 3, 1504525065, 0, 1504573920, 1504525430, 1504525055, 1504574034, 0, 0, 0);
INSERT INTO `ns_order` VALUES (99, '20170904194703000000004', '150452564320671000', 1, 10, 1, '2', 1, 'admin', '1', '', '', '18526324154', 9, 73, 732, 'vcvccc', '', 'SSA', 0, 'niushop开源商城', 0, '', 0, 117.00, 117.00, 0, 0.00, 0.00, 0, 0.00, 0.00, 0.00, 0.00, 117.00, 0.00, 0.00, 0.00, 5000, 0.00, 4, 2, 2, 0, 0, 1, 0.00, 8, 3, 1504525643, 0, 1505460031, 1504525662, 1504525623, 1505460033, 0, 0, 0);
INSERT INTO `ns_order` VALUES (100, '20170905115551000000001', '150458392940431000', 1, 10, 1, '3', 1, 'admin', '1', '', '', '18526324154', 9, 73, 732, 'vcvccc', '', 'SSA', 0, 'niushop开源商城', 0, '发顺丰快递\n', 0, 0.01, 0.01, 10, 0.00, 0.00, 0, 0.00, 0.00, 0.00, 0.00, 0.01, 0.01, 0.00, 0.00, 0, 0.00, 5, 2, 1, 0, 0, 0, 0.00, 8, 3, 1504583930, 0, 0, 1504584164, 1504583751, 0, 0, 0, 0);
INSERT INTO `ns_order` VALUES (101, '20170905145425000000002', '150459453694371000', 1, 10, 1, '3', 1, 'admin', '1', '', '', '18526324154', 9, 73, 732, 'vcvccc', '', 'SSA', 0, 'niushop开源商城', 0, '', 0, 0.01, 0.01, 0, 0.00, 0.00, 0, 0.00, 0.00, 0.00, 0.00, 0.01, 0.00, 0.00, 0.00, 0, 0.00, 4, 2, 2, 0, 0, 1, 0.00, 8, 3, 1504594536, 0, 1505460023, 1504594563, 1504594465, 1505460029, 0, 0, 0);
INSERT INTO `ns_order` VALUES (102, '20170905153707000000003', '150459704753911000', 1, 0, 1, '3', 1, 'admin', '1', '', '', '18526324154', 9, 73, 732, 'vcvccc', '', 'SSA', 0, 'niushop开源商城', 0, '', 0, 0.01, 0.01, 10, 0.00, 0.00, 0, 0.00, 0.00, 0.00, 0.00, 0.01, 0.00, 0.00, 0.00, 10, 0.00, 5, 0, 0, 0, 0, 0, 0.00, 8, 3, 0, 0, 0, 0, 1504597027, 0, 1, 2, 1);
INSERT INTO `ns_order` VALUES (103, '20170905160503000000004', '150459875249611000', 1, 0, 1, '3', 1, 'admin', '1', '', '', '18526324154', 9, 73, 732, 'vcvccc', '', 'SSA', 0, 'niushop开源商城', 0, '', 0, 0.01, 0.01, 10, 0.00, 0.00, 0, 0.00, 0.00, 0.00, 0.00, 0.01, 0.00, 0.00, 0.00, 10, 0.00, 5, 0, 0, 0, 0, 0, 0.00, 8, 3, 0, 0, 0, 0, 1504598703, 0, 1, 2, 1);
INSERT INTO `ns_order` VALUES (104, '20170906150950000000001', '150468180619671000', 1, 10, 1, '2', 1, 'admin', '1', '', '', '18526324154', 9, 73, 732, 'vcvccc', '', 'SSA', 0, 'niushop开源商城', 0, '', 0, 117.60, 117.60, 10, 0.00, 0.00, 0, 0.00, 0.00, 0.00, 0.00, 117.60, 0.60, 0.00, 0.00, 5000, 0.00, 1, 2, 0, 0, 0, 0, 0.00, 8, 3, 1504681806, 0, 0, 0, 1504681790, 0, 0, 0, 0);
INSERT INTO `ns_order` VALUES (106, '20170906174624000000002', '150469118418681000', 1, 0, 1, '3', 51, '', '1', '', '', '18335808475', 34, 345, 2869, '32', '3', '李三多', 0, 'niushop开源商城', 0, '', 0, 1.00, 11.00, 0, 0.00, 0.00, 0, 0.00, 0.00, 0.00, 10.00, 11.00, 0.00, 0.00, 0.00, 0, 0.00, 5, 0, 0, 0, 0, 0, 0.00, 8, 3, 0, 0, 0, 0, 1504691185, 0, 0, 0, 0);
INSERT INTO `ns_order` VALUES (107, '20170906180240000000003', '150469215970241000', 1, 0, 1, '3', 51, '', '1', '', '', '18335808475', 34, 345, 2869, '32', '3', '李三多', 0, 'niushop开源商城', 0, '', 0, 1.00, 11.00, 0, 0.00, 0.00, 0, 0.00, 0.00, 0.00, 10.00, 11.00, 0.00, 0.00, 0.00, 0, 0.00, 5, 0, 0, 0, 0, 0, 0.00, 8, 3, 0, 0, 0, 0, 1504692160, 0, 1, 1, 0);
INSERT INTO `ns_order` VALUES (108, '20170907143254000000001', '150476600594621000', 1, 0, 1, '2', 1, 'admin', '1', '', '', '18526324154', 9, 73, 732, 'vcvccc', '', 'SSA', 0, 'niushop开源商城', 0, '', 0, 120.00, 120.00, 0, 0.00, 0.00, 0, 0.00, 0.00, 0.00, 0.00, 120.00, 0.00, 0.00, 0.00, 0, 0.00, 5, 0, 0, 0, 0, 0, 0.00, 8, 3, 0, 0, 0, 0, 1504765974, 0, 1, 2, 1);
INSERT INTO `ns_order` VALUES (109, '20170907143939000000002', '150476637855901000', 1, 0, 1, '3', 1, 'admin', '1', '', '', '18526324154', 9, 73, 732, 'vcvccc', '', 'SSA', 0, 'niushop开源商城', 0, '', 0, 0.60, 10.60, 0, 0.00, 0.00, 0, 0.00, 0.00, 0.00, 10.00, 10.60, 0.00, 0.00, 0.00, 0, 0.00, 5, 0, 0, 0, 0, 0, 0.00, 8, 3, 0, 0, 0, 0, 1504766379, 0, 1, 2, 1);
INSERT INTO `ns_order` VALUES (110, '20170907145307000000003', '150476718732551000', 1, 5, 1, '2', 1, 'admin', '1', '', '', '18526324154', 9, 73, 732, 'vcvccc', '', 'SSA', 0, 'niushop开源商城', 0, '', 0, 120.00, 120.00, 0, 0.00, 0.00, 0, 0.00, 120.00, 0.00, 0.00, 0.00, 0.00, 0.00, 0.00, 0, 0.00, 1, 2, 0, 0, 0, 0, 0.00, 8, 3, 1504767188, 0, 0, 0, 1504767187, 0, 0, 0, 0);
INSERT INTO `ns_order` VALUES (111, '20170907150217000000004', '150476774895801000', 1, 10, 1, '3', 1, 'admin', '1', '', '', '18526324154', 9, 73, 732, 'vcvccc', '', 'SSA', 0, 'niushop开源商城', 0, '', 0, 0.60, 16.60, 0, 0.00, 0.00, 0, 0.00, 0.00, 0.00, 16.00, 16.60, 0.00, 0.00, 0.00, 0, 0.00, 1, 2, 0, 0, 0, 0, 0.00, 12, 3, 1504767748, 0, 0, 0, 1504767737, 0, 0, 0, 0);
INSERT INTO `ns_order` VALUES (112, '20170907150756000000005', '150476812274491000', 1, 10, 1, '3', 1, 'admin', '1', '', '', '18526324154', 9, 73, 732, 'vcvccc', '', 'SSA', 0, 'niushop开源商城', 0, '', 0, 0.60, 10.60, 0, 0.00, 0.00, 0, 0.00, 2.70, 0.00, 10.00, 7.90, 0.00, 0.00, 0.00, 0, 0.00, 5, 2, 0, 0, 0, 0, 0.00, 8, 3, 1504768122, 0, 0, 0, 1504768076, 0, 1, 2, 1);
INSERT INTO `ns_order` VALUES (113, '20170907151036000000006', '150476824248121000', 1, 10, 1, '3', 1, 'admin', '1', '', '', '18526324154', 9, 73, 732, 'vcvccc', '', 'SSA', 0, 'niushop开源商城', 0, '', 0, 0.60, 10.60, 0, 0.00, 0.00, 0, 0.00, 0.00, 0.00, 10.00, 10.60, 0.00, 0.00, 0.00, 0, 0.00, -1, 2, 0, 0, 0, 0, 0.00, 8, 3, 1504768243, 0, 0, 0, 1504768236, 0, 0, 0, 0);
INSERT INTO `ns_order` VALUES (114, '20170907151228000000007', '150476836535021000', 1, 10, 1, '3', 1, 'admin', '1', '', '', '18526324154', 9, 73, 732, 'vcvccc', '', 'SSA', 0, 'niushop开源商城', 0, '', 0, 0.60, 10.60, 0, 0.00, 0.00, 0, 0.00, 0.00, 0.00, 10.00, 10.60, 0.00, 0.00, 0.00, 0, 0.00, 1, 2, 0, 0, 0, 0, 0.00, 8, 3, 1504768365, 0, 0, 0, 1504768348, 0, 0, 0, 0);
INSERT INTO `ns_order` VALUES (115, '20170907155146000000008', '150477071759391000', 1, 10, 1, '3', 1, 'admin', '1', '', '', '18526324154', 9, 73, 732, 'vcvccc', '', 'SSA', 0, 'niushop开源商城', 0, '', 0, 420.00, 430.00, 0, 0.00, 0.00, 0, 0.00, 10.00, 0.00, 10.00, 420.00, 0.00, 0.00, 0.00, 0, 0.00, 1, 2, 0, 0, 0, 0, 0.00, 8, 3, 1504770718, 0, 0, 0, 1504770706, 0, 0, 0, 0);
INSERT INTO `ns_order` VALUES (116, '20170908115847000000001', '150484312790781000', 1, 0, 1, '3', 1, 'admin', '1', 'jktgkt', '', '18526324154', 9, 73, 732, 'vcvccc', '', 'SSA', 0, 'niushop开源商城', 0, '', 0, 0.60, 0.60, 0, 0.00, 0.00, 0, 0.00, 0.00, 0.00, 0.00, 0.60, 0.00, 0.00, 0.00, 0, 0.00, 5, 0, 0, 0, 0, 0, 0.00, 8, 3, 0, 0, 0, 0, 1504843127, 0, 1, 2, 1);
INSERT INTO `ns_order` VALUES (117, '20170908140957000000002', '150485099714441000', 1, 0, 1, '3', 1, 'admin', '1', '', '', '18526324154', 9, 73, 732, 'vcvccc', '', 'SSA', 0, 'niushop开源商城', 0, 'aaa', 0, 0.60, 0.60, 0, 0.00, 0.00, 0, 0.00, 0.00, 0.00, 0.00, 0.60, 0.00, 0.00, 0.00, 0, 0.00, 5, 0, 0, 0, 0, 0, 0.00, 8, 3, 0, 0, 0, 0, 1504850998, 0, 1, 1, 0);
INSERT INTO `ns_order` VALUES (118, '20170911163731000000001', '150511905042181000', 1, 0, 1, '3', 1, 'admin', '1', '', '', '18526324154', 9, 73, 732, 'vcvccc', '', 'SSA', 0, 'niushop开源商城', 0, '', 0, 1679.40, 1679.40, 0, 0.00, 0.00, 0, 0.00, 0.00, 0.00, 0.00, 1679.40, 0.00, 0.00, 0.00, 0, 0.00, 5, 0, 0, 0, 0, 0, 0.00, 8, 3, 0, 0, 0, 0, 1505119051, 0, 1, 1, 0);
INSERT INTO `ns_order` VALUES (119, '20170911182253000000002', '150512543827761000', 1, 10, 1, '3', 1, 'admin', '1', '', '', '18526324154', 9, 73, 732, 'vcvccc', '', 'SSA', 0, 'niushop开源商城', 0, '', 0, 0.60, 0.60, 0, 0.00, 0.00, 0, 0.00, 0.00, 0.00, 0.00, 0.60, 0.00, 0.00, 0.00, 0, 0.00, 1, 2, 0, 0, 0, 0, 0.00, 8, 3, 1505125438, 0, 0, 0, 1505125373, 0, 0, 0, 0);
INSERT INTO `ns_order` VALUES (120, '20170912105245000000001', '150518487822281000', 1, 0, 1, '3', 1, 'admin', '1', '', '', '18526324154', 9, 73, 732, 'vcvccc', '', 'SSA', 0, 'niushop开源商城', 0, '', 0, 1679.40, 1679.40, 0, 0.00, 0.00, 0, 0.00, 0.00, 0.00, 0.00, 1679.40, 0.00, 0.00, 0.00, 0, 0.00, 5, 0, 0, 0, 0, 0, 0.00, 8, 3, 0, 0, 0, 0, 1505184765, 0, 1, 1, 0);
INSERT INTO `ns_order` VALUES (121, '20170912142831000000002', '150519782341031000', 1, 0, 1, '3', 1, 'admin', '1', '', '', '18526324154', 9, 73, 732, 'vcvccc', '', 'SSA', 0, 'niushop开源商城', 0, '', 0, 30.00, 30.00, 10, 0.00, 0.00, 0, 0.00, 0.00, 0.00, 0.00, 30.00, 0.00, 0.00, 0.00, 10, 0.00, 5, 0, 0, 0, 0, 0, 0.00, 8, 3, 0, 0, 0, 0, 1505197711, 0, 1, 2, 1);
INSERT INTO `ns_order` VALUES (122, '20170913141339000000001', '150528323820861000', 1, 10, 1, '3', 1, 'admin', '1', '', '', '18526324154', 9, 73, 732, 'vcvccc', '', 'SSA', 0, 'niushop开源商城1', 0, '', 0, 1679.40, 1679.40, 0, 0.00, 0.00, 0, 0.00, 0.00, 0.00, 0.00, 1679.40, 0.00, 0.00, 0.00, 0, 0.00, 1, 2, 0, 0, 0, 0, 0.00, 8, 3, 1505283238, 0, 0, 0, 1505283220, 0, 0, 0, 0);
INSERT INTO `ns_order` VALUES (123, '20170913142337000000002', '150528382265291000', 1, 10, 1, '3', 1, 'admin', '1', '', '', '18526324154', 9, 73, 732, 'vcvccc', '', 'SSA', 0, 'niushop开源商城1', 0, '', 0, 1679.40, 1679.40, 0, 0.00, 0.00, 0, 0.00, 0.00, 0.00, 0.00, 1679.40, 0.00, 0.00, 0.00, 0, 0.00, 1, 2, 0, 0, 0, 0, 0.00, 8, 3, 1505283823, 0, 0, 0, 1505283817, 0, 0, 0, 0);
INSERT INTO `ns_order` VALUES (124, '20170913142503000000003', '150528390347941000', 1, 5, 1, '3', 1, 'admin', '1', '', '', '18526324154', 9, 73, 732, 'vcvccc', '', 'SSA', 0, 'niushop开源商城1', 0, '', 0, 6.00, 6.00, 0, 0.00, 0.00, 0, 0.00, 6.00, 0.00, 0.00, 0.00, 0.00, 0.00, 0.00, 0, 0.00, 1, 2, 0, 0, 0, 0, 0.00, 8, 3, 1505283903, 0, 0, 0, 1505283903, 0, 0, 0, 0);
INSERT INTO `ns_order` VALUES (125, '20170913143705000000004', '150528462555231000', 1, 5, 1, '3', 1, 'admin', '1', '', '', '18526324154', 9, 73, 732, 'vcvccc', '', 'SSA', 0, 'niushop开源商城1', 0, '', 0, 7.80, 7.80, 0, 0.00, 0.00, 0, 0.00, 7.80, 0.00, 0.00, 0.00, 0.00, 0.00, 0.00, 0, 0.00, 1, 2, 0, 0, 0, 0, 0.00, 8, 3, 1505284626, 0, 0, 0, 1505284625, 0, 0, 0, 0);
INSERT INTO `ns_order` VALUES (126, '20170913143749000000005', '150528466940921000', 1, 5, 1, '3', 1, 'admin', '1', '', '', '18526324154', 9, 73, 732, 'vcvccc', '', 'SSA', 0, 'niushop开源商城1', 0, '', 0, 36.00, 36.00, 10, 0.00, 0.00, 0, 0.00, 36.00, 0.00, 0.00, 0.00, 0.00, 0.00, 0.00, 10, 0.00, 1, 2, 0, 0, 0, 0, 0.00, 8, 3, 1505284669, 0, 0, 0, 1505284669, 0, 0, 0, 0);
INSERT INTO `ns_order` VALUES (127, '20170913155229000000001', '150528914818341000', 1, 0, 1, '3', 1, 'admin', '1', '', '', '18526324154', 9, 73, 732, 'vcvccc', '', 'SSA', 0, 'DOAEZ官方商城', 0, '', 0, 6.00, 6.00, 0, 0.00, 0.00, 0, 0.00, 0.00, 0.00, 0.00, 6.00, 0.00, 0.00, 0.00, 0, 0.00, 5, 0, 0, 0, 0, 0, 0.00, 8, 3, 0, 0, 0, 0, 1505289149, 0, 1, 1, 0);
INSERT INTO `ns_order` VALUES (128, '20170913155246000000001', '150528916565491000', 1, 0, 1, '3', 1, 'admin', '1', '', '', '18526324154', 9, 73, 732, 'vcvccc', '', 'SSA', 0, 'DOAEZ官方商城', 0, '', 0, 6.00, 6.00, 0, 0.00, 0.00, 0, 0.00, 0.00, 0.00, 0.00, 6.00, 0.00, 0.00, 0.00, 0, 0.00, 5, 0, 0, 0, 0, 0, 0.00, 8, 3, 0, 0, 0, 0, 1505289166, 0, 1, 1, 0);
INSERT INTO `ns_order` VALUES (129, '20170913155359000000002', '150528923914991000', 1, 0, 1, '3', 1, 'admin', '1', '', '', '18526324154', 9, 73, 732, 'vcvccc', '', 'SSA', 0, 'DOAEZ官方商城', 0, '', 0, 1679.40, 1679.40, 0, 0.00, 0.00, 0, 0.00, 0.00, 0.00, 0.00, 1679.40, 0.00, 0.00, 0.00, 0, 0.00, 5, 0, 0, 0, 0, 0, 0.00, 8, 3, 0, 0, 0, 0, 1505289239, 0, 1, 1, 0);
INSERT INTO `ns_order` VALUES (130, '20170913155417000000003', '150528925733241000', 1, 0, 1, '3', 1, 'admin', '1', '', '', '18526324154', 9, 73, 732, 'vcvccc', '', 'SSA', 0, 'DOAEZ官方商城', 0, '', 0, 1679.40, 1679.40, 0, 0.00, 0.00, 0, 0.00, 0.00, 0.00, 0.00, 1679.40, 0.00, 0.00, 0.00, 0, 0.00, 5, 0, 0, 0, 0, 0, 0.00, 8, 3, 0, 0, 0, 0, 1505289257, 0, 1, 1, 0);
INSERT INTO `ns_order` VALUES (131, '20170913164740000000004', '150529245918431000', 1, 0, 1, '3', 1, 'admin', '1', '', '', '18526324154', 9, 73, 732, 'vcvccc', '', 'SSA', 0, 'niushop开源商城', 0, '', 0, 0.60, 0.60, 0, 0.00, 0.00, 0, 0.00, 0.00, 0.00, 0.00, 0.60, 0.00, 0.00, 0.00, 0, 0.00, 5, 0, 0, 0, 0, 0, 0.00, 8, 3, 0, 0, 0, 0, 1505292460, 0, 1, 1, 0);
INSERT INTO `ns_order` VALUES (132, '20170913174859000000005', '150529646431211000', 1, 0, 1, '3', 1, 'admin', '1', '', '', '18526324154', 9, 73, 732, 'vcvccc', '', 'SSA', 0, 'niushop开源商城', 0, '', 0, 120.00, 120.00, 0, 0.00, 0.00, 0, 0.00, 0.00, 0.00, 0.00, 120.00, 0.00, 0.00, 0.00, 0, 0.00, 5, 0, 0, 0, 0, 0, 0.00, 8, 3, 0, 0, 0, 0, 1505296139, 0, 1, 1, 0);
INSERT INTO `ns_order` VALUES (133, '201709130000001', '150530051069001000', 1, 10, 1, '3', 1, 'admin', '1', '', '', '18526324154', 9, 73, 732, 'vcvccc', '', 'SSA', 0, 'niushop开源商城', 0, '', 0, 6.00, 6.00, 0, 0.00, 0.00, 0, 0.00, 0.00, 0.00, 0.00, 6.00, 0.00, 0.00, 0.00, 0, 0.00, -1, 2, 1, 0, 0, 0, 0.00, 8, 3, 1505300510, 0, 0, 1505544994, 1505300469, 0, 0, 0, 0);
INSERT INTO `ns_order` VALUES (134, '201709140000001', '150535998260241000', 1, 10, 1, '3', 1, 'admin', '1', '', '', '18526324154', 9, 73, 732, 'vcvccc', '', 'SSA', 0, 'niushop开源商城1', 0, '', 0, 6.00, 6.00, 0, 0.00, 0.00, 0, 0.00, 0.00, 0.00, 0.00, 6.00, 0.00, 0.00, 0.00, 0, 0.00, 4, 2, 2, 0, 0, 1, 0.00, 8, 3, 1505359983, 0, 1505360165, 1505360020, 1505359971, 1505360167, 0, 0, 0);
INSERT INTO `ns_order` VALUES (135, '201709140000002', '150536034455251000', 1, 10, 1, '3', 1, 'admin', '1', '', '', '18526324154', 9, 73, 732, 'vcvccc', '', 'SSA', 0, 'niushop开源商城1', 0, '', 0, 6.00, 6.00, 0, 0.00, 0.00, 0, 0.00, 0.00, 0.00, 0.00, 6.00, 0.00, 0.00, 0.00, 0, 0.00, 4, 2, 2, 0, 0, 1, 0.00, 8, 3, 1505360344, 0, 1505360430, 1505360367, 1505360333, 1505360432, 0, 0, 0);
INSERT INTO `ns_order` VALUES (136, '201709140000003', '150537725446671000', 1, 0, 1, '3', 1, 'admin', '1', '', '', '18526324154', 9, 73, 732, 'vcvccc', '', 'SSA', 0, 'DOAEZ官方商城', 0, '', 0, 6.00, 6.00, 0, 0.00, 0.00, 0, 0.00, 0.00, 0.00, 0.00, 6.00, 0.00, 0.00, 0.00, 0, 0.00, 5, 0, 0, 0, 0, 0, 0.00, 8, 3, 0, 0, 0, 0, 1505377254, 0, 0, 0, 0);
INSERT INTO `ns_order` VALUES (137, '201709140000004', '150538068219091000', 1, 0, 1, '3', 1, 'admin', '1', '', '', '18526324154', 9, 73, 732, 'vcvccc', '', 'SSA', 0, 'DOAEZ官方商城', 0, '', 0, 6.00, 6.00, 0, 0.00, 0.00, 0, 0.00, 0.00, 0.00, 0.00, 6.00, 0.00, 0.00, 0.00, 0, 0.00, 5, 0, 0, 0, 0, 0, 0.00, 8, 3, 0, 0, 0, 0, 1505380682, 0, 1, 1, 0);
INSERT INTO `ns_order` VALUES (138, '201709140000005', '150538071145701000', 1, 0, 1, '3', 1, 'admin', '1', '', '', '18526324154', 9, 73, 732, 'vcvccc', '', 'SSA', 0, 'DOAEZ官方商城', 0, '', 0, 6.00, 6.00, 0, 0.00, 0.00, 0, 0.00, 0.00, 0.00, 0.00, 6.00, 0.00, 0.00, 0.00, 0, 0.00, 5, 0, 0, 0, 0, 0, 0.00, 8, 3, 0, 0, 0, 0, 1505380712, 0, 1, 1, 0);
INSERT INTO `ns_order` VALUES (139, '201709140000006', '150538402464581000', 1, 0, 1, '3', 1, 'admin', '1', '', '', '18526324154', 9, 73, 732, 'vcvccc', '', 'SSA', 0, 'DOAEZ官方商城', 0, '', 0, 6.00, 6.00, 0, 0.00, 0.00, 0, 0.00, 0.00, 0.00, 0.00, 6.00, 0.00, 0.00, 0.00, 0, 0.00, 5, 0, 0, 0, 0, 0, 0.00, 8, 3, 0, 0, 0, 0, 1505384024, 0, 1, 1, 0);
INSERT INTO `ns_order` VALUES (140, '201709140000007', '150538435963271000', 1, 0, 1, '3', 1, 'admin', '1', '', '', '18526324154', 9, 73, 732, 'vcvccc', '', 'SSA', 0, 'DOAEZ官方商城', 0, '', 0, 6.00, 6.00, 0, 0.00, 0.00, 0, 0.00, 0.00, 0.00, 0.00, 6.00, 0.00, 0.00, 0.00, 0, 0.00, 5, 0, 0, 0, 0, 0, 0.00, 8, 3, 0, 0, 0, 0, 1505384359, 0, 1, 1, 0);
INSERT INTO `ns_order` VALUES (141, '201709150000001', '150546403176581000', 1, 5, 1, '2', 1, 'admin', '1', '', '', '18526324154', 9, 73, 732, 'vcvccc', '', 'SSA', 0, 'DOAEZ官方商城', 0, '', 0, 6.00, 6.00, 0, 0.00, 0.00, 0, 0.00, 6.00, 0.00, 0.00, 0.00, 0.00, 0.00, 0.00, 0, 0.00, -1, 2, 0, 0, 0, 0, 0.00, 8, 3, 1505464032, 0, 0, 0, 1505464031, 0, 0, 0, 0);
INSERT INTO `ns_order` VALUES (142, '201709150000002', '150546444173941000', 1, 5, 1, '2', 1, 'admin', '1', '', '', '18526324154', 9, 73, 732, 'vcvccc', '', 'SSA', 0, 'DOAEZ官方商城', 0, '', 0, 2.40, 2.40, 0, 0.00, 0.00, 0, 0.00, 2.40, 0.00, 0.00, 0.00, 0.00, 0.00, 0.00, 0, 0.00, -1, 2, 0, 0, 0, 0, 0.00, 8, 3, 1505464442, 0, 0, 0, 1505464441, 0, 0, 0, 0);
INSERT INTO `ns_order` VALUES (143, '201709180000001', '150571658375101000', 1, 10, 1, '2', 1, 'admin', '1', '', '', '15235165131', 20, 229, 1961, '1', '', 'test', 0, 'DOAEZ官方商城', 0, '', 0, 30.00, 30.00, 10, 0.00, 0.00, 0, 0.00, 0.00, 0.00, 0.00, 30.00, 0.00, 0.00, 0.00, 10, 0.00, -1, 2, 0, 0, 0, 0, 0.00, 8, 3, 1505716583, 0, 0, 0, 1505716536, 0, 0, 0, 0);
INSERT INTO `ns_order` VALUES (144, '201709180000002', '150573328541791000', 1, 0, 1, '3', 1, 'admin', '1', '', '', '15235165131', 20, 229, 1961, '1', '', 'test', 0, 'DOAEZ官方商城', 0, '', 0, 30.00, 30.00, 10, 0.00, 0.00, 0, 0.00, 0.00, 0.00, 0.00, 30.00, 0.00, 0.00, 0.00, 10, 0.00, 5, 0, 0, 0, 0, 0, 0.00, 8, 3, 0, 0, 0, 0, 1505733285, 0, 0, 0, 0);
INSERT INTO `ns_order` VALUES (145, '201709190000001', '150580559118771000', 1, 0, 1, '3', 1, 'admin', '1', '', '', '15235165131', 20, 229, 1961, '1', '', 'test', 0, 'DOAEZ官方商城', 0, '', 0, 199.80, 199.80, 0, 0.00, 0.00, 0, 0.00, 0.00, 0.00, 0.00, 199.80, 0.00, 0.00, 0.00, 0, 0.00, 5, 0, 0, 0, 0, 0, 0.00, 8, 3, 0, 0, 0, 0, 1505805591, 0, 0, 0, 0);
INSERT INTO `ns_order` VALUES (146, '201709190000002', '150580847910921000', 1, 0, 1, '3', 1, 'admin', '1', '', '', '15235165131', 20, 229, 1961, '1', '', 'test', 0, 'DOAEZ官方商城', 0, '', 0, 133.20, 133.20, 0, 0.00, 0.00, 0, 0.00, 0.00, 0.00, 0.00, 133.20, 0.00, 0.00, 0.00, 0, 0.00, 5, 0, 0, 0, 0, 0, 0.00, 8, 3, 0, 0, 0, 0, 1505808480, 0, 0, 0, 0);
INSERT INTO `ns_order` VALUES (147, '201709190000003', '150580980911671000', 1, 0, 1, '3', 1, 'admin', '1', '', '', '15235165131', 20, 229, 1961, '1', '', 'test', 0, 'DOAEZ官方商城', 0, '', 0, 133.20, 133.20, 0, 0.00, 0.00, 0, 0.00, 0.00, 0.00, 0.00, 133.20, 0.00, 0.00, 0.00, 0, 0.00, 5, 0, 0, 0, 0, 0, 0.00, 8, 3, 0, 0, 0, 0, 1505809810, 0, 0, 0, 0);
INSERT INTO `ns_order` VALUES (148, '201709190000004', '150581003518961000', 1, 0, 1, '3', 1, 'admin', '1', '', '', '15235165131', 20, 229, 1961, '1', '', 'test', 0, 'DOAEZ官方商城', 0, '', 0, 133.20, 133.20, 0, 0.00, 0.00, 0, 0.00, 0.00, 0.00, 0.00, 133.20, 0.00, 0.00, 0.00, 0, 0.00, 5, 0, 0, 0, 0, 0, 0.00, 8, 3, 0, 0, 0, 0, 1505810036, 0, 0, 0, 0);
INSERT INTO `ns_order` VALUES (149, '201709190000005', '150581027726441000', 1, 0, 1, '3', 1, 'admin', '1', '', '', '15235165131', 20, 229, 1961, '1', '', 'test', 0, 'DOAEZ官方商城', 0, '', 0, 193.20, 193.20, 20, 0.00, 0.00, 0, 0.00, 0.00, 0.00, 0.00, 193.20, 0.00, 0.00, 0.00, 20, 0.00, 5, 0, 0, 0, 0, 0, 0.00, 8, 3, 0, 0, 0, 0, 1505810278, 0, 0, 0, 0);
INSERT INTO `ns_order` VALUES (150, '201709190000006', '150581623772951000', 1, 0, 1, '3', 1, 'admin', '1', '', '', '15235165131', 20, 229, 1961, '1', '', 'test', 0, 'DOAEZ官方商城', 0, '', 0, 66.60, 66.60, 0, 0.00, 0.00, 0, 0.00, 0.00, 0.00, 0.00, 66.60, 0.00, 0.00, 0.00, 0, 0.00, 5, 0, 0, 0, 0, 0, 0.00, 8, 3, 0, 0, 0, 0, 1505816237, 0, 0, 0, 0);
INSERT INTO `ns_order` VALUES (151, '201709190000007', '150582105956561000', 1, 0, 1, '3', 1, 'admin', '1', '', '', '15235165131', 20, 229, 1961, '1', '', 'test', 0, 'DOAEZ官方商城', 0, '', 0, 66.60, 66.60, 0, 0.00, 0.00, 0, 0.00, 0.00, 0.00, 0.00, 66.60, 0.00, 0.00, 0.00, 0, 0.00, 5, 0, 0, 0, 0, 0, 0.00, 8, 3, 0, 0, 0, 0, 1505821060, 0, 0, 0, 0);
INSERT INTO `ns_order` VALUES (152, '201709190000008', '150582137676121000', 1, 0, 1, '3', 1, 'admin', '1', '', '', '15235165131', 20, 229, 1961, '1', '', 'test', 0, 'DOAEZ官方商城', 0, '', 0, 66.60, 66.60, 0, 0.00, 0.00, 0, 0.00, 0.00, 0.00, 0.00, 66.60, 0.00, 0.00, 0.00, 0, 0.00, 5, 0, 0, 0, 0, 0, 0.00, 8, 3, 0, 0, 0, 0, 1505821377, 0, 0, 0, 0);
INSERT INTO `ns_order` VALUES (153, '201709200000001', '150589588838601000', 1, 0, 1, '2', 1, 'admin', '1', '', '', '15235165131', 20, 229, 1961, '1', '', 'test', 0, 'DOAEZ官方商城', 0, '', 0, 66.60, 66.60, 0, 0.00, 0.00, 0, 0.00, 0.00, 0.00, 0.00, 66.60, 0.00, 0.00, 0.00, 0, 0.00, 5, 0, 0, 0, 0, 0, 0.00, 8, 3, 0, 0, 0, 0, 1505895888, 0, 0, 0, 0);
INSERT INTO `ns_order` VALUES (154, '201709200000002', '150589603363741000', 1, 10, 1, '3', 1, 'admin', '1', '', '', '15235165131', 20, 229, 1961, '1', '', 'test', 0, 'DOAEZ官方商城', 0, '', 0, 12.00, 12.00, 0, 0.00, 0.00, 0, 0.00, 0.00, 0.00, 0.00, 12.00, 0.00, 0.00, 0.00, 0, 0.00, 1, 2, 0, 0, 0, 0, 0.00, 8, 3, 1505896033, 0, 0, 0, 1505895931, 0, 0, 0, 0);
INSERT INTO `ns_order` VALUES (155, '201709200000003', '150589702869571000', 1, 0, 1, '2', 1, 'admin', '1', '', '', '15235165131', 20, 229, 1961, '1', '', 'test', 0, 'DOAEZ官方商城', 0, '', 0, 66.60, 66.60, 0, 0.00, 0.00, 0, 0.00, 0.00, 0.00, 0.00, 66.60, 0.00, 0.00, 0.00, 0, 0.00, 5, 0, 0, 0, 0, 0, 0.00, 8, 3, 0, 0, 0, 0, 1505897028, 0, 0, 0, 0);
INSERT INTO `ns_order` VALUES (156, '201709200000004', '150589915126521000', 1, 0, 1, '2', 1, 'admin', '1', '', '', '15235165131', 20, 229, 1961, '1', '', 'test', 0, 'DOAEZ官方商城', 0, '', 0, 66.60, 66.60, 0, 0.00, 0.00, 0, 0.00, 0.00, 0.00, 0.00, 66.60, 0.00, 0.00, 0.00, 0, 0.00, 5, 0, 0, 0, 0, 0, 0.00, 8, 3, 0, 0, 0, 0, 1505899151, 0, 0, 0, 0);
INSERT INTO `ns_order` VALUES (157, '201709200000005', '150589924548021000', 1, 0, 1, '2', 1, 'admin', '1', '', '', '15235165131', 20, 229, 1961, '1', '', 'test', 0, 'DOAEZ官方商城', 0, '', 0, 66.60, 66.60, 0, 0.00, 0.00, 0, 0.00, 0.00, 0.00, 0.00, 66.60, 0.00, 0.00, 0.00, 0, 0.00, 5, 0, 0, 0, 0, 0, 0.00, 8, 3, 0, 0, 0, 0, 1505899245, 0, 0, 0, 0);
INSERT INTO `ns_order` VALUES (158, '201709200000006', '150589928030501000', 1, 0, 1, '2', 1, 'admin', '1', '', '', '15235165131', 20, 229, 1961, '1', '', 'test', 0, 'DOAEZ官方商城', 0, '', 0, 66.60, 66.60, 0, 0.00, 0.00, 0, 0.00, 0.00, 0.00, 0.00, 66.60, 0.00, 0.00, 0.00, 0, 0.00, 5, 0, 0, 0, 0, 0, 0.00, 8, 3, 0, 0, 0, 0, 1505899281, 0, 0, 0, 0);
INSERT INTO `ns_order` VALUES (159, '201709200000007', '150589931235801000', 1, 0, 1, '2', 1, 'admin', '1', '', '', '15235165131', 20, 229, 1961, '1', '', 'test', 0, 'DOAEZ官方商城', 0, '', 0, 66.60, 66.60, 0, 0.00, 0.00, 0, 0.00, 0.00, 0.00, 0.00, 66.60, 0.00, 0.00, 0.00, 0, 0.00, 5, 0, 0, 0, 0, 0, 0.00, 8, 3, 0, 0, 0, 0, 1505899312, 0, 0, 0, 0);
INSERT INTO `ns_order` VALUES (160, '201709200000008', '150589935218441000', 1, 0, 1, '2', 1, 'admin', '1', '', '', '15235165131', 20, 229, 1961, '1', '', 'test', 0, 'DOAEZ官方商城', 0, '', 0, 66.60, 66.60, 0, 0.00, 0.00, 0, 0.00, 0.00, 0.00, 0.00, 66.60, 0.00, 0.00, 0.00, 0, 0.00, 5, 0, 0, 0, 0, 0, 0.00, 8, 3, 0, 0, 0, 0, 1505899352, 0, 0, 0, 0);
INSERT INTO `ns_order` VALUES (161, '201709200000009', '150589975139621000', 1, 0, 1, '2', 1, 'admin', '1', '', '', '15235165131', 20, 229, 1961, '1', '', 'test', 0, 'DOAEZ官方商城', 0, '', 0, 66.60, 66.60, 0, 0.00, 0.00, 0, 0.00, 0.00, 0.00, 0.00, 66.60, 0.00, 0.00, 0.00, 0, 0.00, 5, 0, 0, 0, 0, 0, 0.00, 8, 3, 0, 0, 0, 0, 1505899752, 0, 0, 0, 0);
INSERT INTO `ns_order` VALUES (162, '201709200000010', '150590237079011000', 1, 0, 1, '2', 1, 'admin', '1', '', '', '15235165131', 20, 229, 1961, '1', '', 'test', 0, 'DOAEZ官方商城', 0, '', 0, 66.60, 66.60, 0, 0.00, 0.00, 0, 0.00, 0.00, 0.00, 0.00, 66.60, 0.00, 0.00, 0.00, 0, 0.00, 5, 0, 0, 0, 0, 0, 0.00, 8, 3, 0, 0, 0, 0, 1505902371, 0, 0, 0, 0);
INSERT INTO `ns_order` VALUES (163, '201709200000001', '150590283349021000', 1, 0, 1, '2', 1, 'admin', '1', '', '', '15235165131', 20, 229, 1961, '1', '', 'test', 0, 'DOAEZ官方商城', 0, '', 0, 66.60, 66.60, 0, 0.00, 0.00, 0, 0.00, 0.00, 0.00, 0.00, 66.60, 0.00, 0.00, 0.00, 0, 0.00, 5, 0, 0, 0, 0, 0, 0.00, 8, 3, 0, 0, 0, 0, 1505902833, 0, 0, 0, 0);
INSERT INTO `ns_order` VALUES (164, '201709200000002', '150590365985151000', 1, 10, 1, '2', 1, 'admin', '1', '', '', '15235165131', 20, 229, 1961, '1', '', 'test', 0, 'DOAEZ官方商城', 0, '', 0, 66.60, 66.60, 0, 0.00, 0.00, 0, 0.00, 0.00, 0.00, 0.00, 66.60, 0.00, 0.00, 0.00, 0, 0.00, 1, 2, 0, 0, 0, 0, 0.00, 8, 3, 1505903659, 0, 0, 0, 1505903354, 0, 0, 0, 0);
INSERT INTO `ns_order` VALUES (165, '201709200000003', '150590422642731000', 1, 10, 1, '3', 1, 'admin', '1', '', '', '15235165131', 20, 229, 1961, '1', '', 'test', 0, 'DOAEZ官方商城', 0, '', 0, 30.00, 30.00, 10, 0.00, 0.00, 0, 0.00, 0.00, 0.00, 0.00, 30.00, 0.00, 0.00, 0.00, 10, 0.00, -1, 2, 0, 0, 0, 0, 0.00, 8, 3, 1505904227, 0, 0, 0, 1505904213, 0, 0, 0, 0);
INSERT INTO `ns_order` VALUES (166, '201709200000004', '150590435514421000', 1, 10, 1, '3', 1, 'admin', '1', '', '', '15235165131', 20, 229, 1961, '1', '', 'test', 0, 'DOAEZ官方商城', 0, '', 0, 12.00, 12.00, 0, 0.00, 0.00, 0, 0.00, 0.00, 0.00, 0.00, 12.00, 0.00, 0.00, 0.00, 0, 0.00, -1, 2, 0, 0, 0, 0, 0.00, 8, 3, 1505904355, 0, 0, 0, 1505904345, 0, 0, 0, 0);
INSERT INTO `ns_order` VALUES (167, '201709210000001', '150597447598071000', 1, 10, 1, '3', 1, 'admin', '1', '', '', '15235165131', 20, 229, 1961, '1', '', 'test', 0, 'DOAEZ官方商城', 0, '', 0, 12.00, 12.00, 0, 0.00, 0.00, 0, 0.00, 0.00, 0.00, 0.00, 12.00, 0.00, 0.00, 0.00, 0, 0.00, 4, 2, 2, 0, 0, 2, 0.00, 8, 3, 1505974476, 0, 1505985927, 1505974496, 1505974469, 1505985929, 0, 0, 0);
INSERT INTO `ns_order` VALUES (168, '201709210000002', '150598151693071000', 1, 0, 1, '3', 1, 'admin', '1', '', '', '15235165131', 20, 229, 1961, '1', '', 'test', 0, 'DOAEZ官方商城', 0, '', 0, 12.00, 12.00, 0, 0.00, 0.00, 0, 0.00, 0.00, 0.00, 0.00, 12.00, 0.00, 0.00, 0.00, 0, 0.00, 5, 0, 0, 0, 0, 0, 0.00, 8, 3, 0, 0, 0, 0, 1505981517, 0, 0, 0, 0);
INSERT INTO `ns_order` VALUES (169, '201709210000003', '150598155327871000', 1, 0, 1, '3', 1, 'admin', '1', '', '', '15235165131', 20, 229, 1961, '1', '', 'test', 0, 'DOAEZ官方商城', 0, '', 0, 12.00, 12.00, 0, 0.00, 0.00, 0, 0.00, 0.00, 0.00, 0.00, 12.00, 0.00, 0.00, 0.00, 0, 0.00, 5, 0, 0, 0, 0, 0, 0.00, 8, 3, 0, 0, 0, 0, 1505981553, 0, 0, 0, 0);
INSERT INTO `ns_order` VALUES (170, '201709210000004', '150598413773961000', 1, 0, 1, '3', 1, 'admin', '1', '', '', '15235165131', 20, 229, 1961, '1', '', 'test', 0, 'DOAEZ官方商城', 0, '', 0, 66.60, 66.60, 0, 0.00, 0.00, 0, 0.00, 0.00, 0.00, 0.00, 66.60, 0.00, 0.00, 0.00, 0, 0.00, 5, 0, 0, 0, 0, 0, 0.00, 8, 3, 0, 0, 0, 0, 1505984137, 0, 0, 0, 0);
INSERT INTO `ns_order` VALUES (171, '201709210000005', '150599113827021000', 1, 0, 1, '3', 1, 'admin', '1', '', '', '15235165131', 20, 229, 1961, '1', '', 'test', 0, 'niushop开源商城', 0, '', 0, 1.00, 1.00, 0, 0.00, 0.00, 0, 0.00, 0.00, 0.00, 0.00, 1.00, 0.00, 0.00, 0.00, 0, 0.00, 5, 0, 0, 0, 0, 0, 0.00, 8, 3, 0, 0, 0, 0, 1505991139, 0, 0, 0, 0);
INSERT INTO `ns_order` VALUES (172, '201709220000001', '150605201726601000', 1, 10, 2, '3', 1, 'admin', '1', '', '', '15235165131', 20, 229, 1961, '1', '', 'test', 0, 'DOAEZ官方商城', 0, '', 0, 279.90, 289.90, 0, 0.00, 0.00, 0, 0.00, 0.00, 0.00, 10.00, 289.90, 0.00, 0.00, 0.00, 0, 0.00, -1, 2, 0, 0, 0, 0, 0.00, -2, 3, 1506052017, 0, 0, 0, 1506051969, 0, 0, 0, 0);
INSERT INTO `ns_order` VALUES (173, '201709220000002', '150606044112621000', 1, 10, 2, '3', 1, 'admin', '1', '', '', '15235165131', 20, 229, 1961, '1', '', 'test', 0, 'DOAEZ官方商城', 0, '', 0, 279.90, 289.90, 0, 0.00, 0.00, 0, 0.00, 0.00, 0.00, 10.00, 289.90, 0.00, 0.00, 0.00, 0, 0.00, -1, 2, 0, 0, 0, 0, 0.00, -2, 3, 1506060441, 0, 0, 0, 1506060437, 0, 0, 0, 0);
INSERT INTO `ns_order` VALUES (174, '201709220000003', '150606055745231000', 1, 10, 2, '3', 1, 'admin', '1', '', '', '15235165131', 20, 229, 1961, '1', '', 'test', 0, 'DOAEZ官方商城', 0, '', 0, 279.90, 289.90, 0, 0.00, 0.00, 0, 0.00, 0.00, 0.00, 10.00, 289.90, 0.00, 0.00, 0.00, 0, 0.00, -1, 2, 0, 0, 0, 0, 0.00, -2, 3, 1506060557, 0, 0, 0, 1506060533, 0, 0, 0, 0);
INSERT INTO `ns_order` VALUES (175, '201709220000004', '150606087447671000', 1, 10, 2, '3', 1, 'admin', '1', '', '', '15235165131', 20, 229, 1961, '1', '', 'test', 0, 'DOAEZ官方商城', 0, '', 0, 279.90, 289.90, 0, 0.00, 0.00, 0, 0.00, 0.00, 0.00, 10.00, 289.90, 0.00, 0.00, 0.00, 0, 0.00, 1, 2, 0, 0, 0, 0, 0.00, -2, 3, 1506060874, 0, 0, 0, 1506060868, 0, 0, 0, 0);
INSERT INTO `ns_order` VALUES (176, '201709220000005', '150606105193391000', 1, 10, 2, '3', 1, 'admin', '1', '', '', '15235165131', 20, 229, 1961, '1', '', 'test', 0, 'DOAEZ官方商城', 0, '', 0, 279.90, 289.90, 0, 0.00, 0.00, 0, 0.00, 0.00, 0.00, 10.00, 289.90, 0.00, 0.00, 0.00, 0, 0.00, -1, 2, 0, 0, 0, 0, 0.00, -2, 3, 1506061051, 0, 0, 0, 1506061024, 0, 0, 0, 0);
INSERT INTO `ns_order` VALUES (177, '201709220000006', '150606114179251000', 1, 10, 2, '3', 1, 'admin', '1', '', '', '15235165131', 20, 229, 1961, '1', '', 'test', 0, 'DOAEZ官方商城', 0, '', 0, 279.90, 289.90, 0, 0.00, 0.00, 0, 0.00, 0.00, 0.00, 10.00, 289.90, 0.00, 0.00, 0.00, 0, 0.00, -1, 2, 0, 0, 0, 0, 0.00, -2, 3, 1506061141, 0, 0, 0, 1506061135, 0, 0, 0, 0);
INSERT INTO `ns_order` VALUES (178, '201709220000007', '150606340435741000', 1, 0, 1, '3', 1, 'admin', '1', '', '', '15235165131', 20, 229, 1961, '1', '', 'test', 0, 'DOAEZ官方商城', 0, '', 0, 1.10, 1.10, 0, 0.00, 0.00, 0, 0.00, 0.00, 0.00, 0.00, 1.10, 0.00, 0.00, 0.00, 0, 0.00, 5, 0, 0, 0, 0, 0, 0.00, 8, 3, 0, 0, 0, 0, 1506063404, 0, 0, 0, 0);
INSERT INTO `ns_order` VALUES (179, '201709220000008', '150606514964581000', 1, 0, 2, '3', 1, 'admin', '1', '', '', '15235165131', 20, 229, 1961, '1', '', 'test', 0, 'DOAEZ官方商城', 0, '', 0, 279.90, 289.90, 0, 0.00, 0.00, 0, 0.00, 0.00, 0.00, 10.00, 289.90, 0.00, 0.00, 0.00, 0, 0.00, 5, 0, 0, 0, 0, 0, 0.00, -2, 3, 0, 0, 0, 0, 1506065149, 0, 0, 0, 0);
INSERT INTO `ns_order` VALUES (180, '201709230000001', '150614663541821000', 1, 10, 1, '3', 1, 'admin', '1', '', '', '15235165131', 20, 229, 1961, '1', '', 'test', 0, 'DOAEZ官方商城', 0, '', 0, 2.00, 2.00, 0, 0.00, 0.00, 0, 0.00, 0.00, 0.00, 0.00, 2.00, 0.00, 0.00, 0.00, 0, 0.00, -1, 2, 0, 0, 0, 0, 0.00, 8, 3, 1506146635, 0, 0, 0, 1506146617, 0, 0, 0, 0);
INSERT INTO `ns_order` VALUES (181, '201709230000002', '150614686775481000', 1, 10, 1, '3', 1, 'admin', '1', '', '', '15235165131', 20, 229, 1961, '1', '', 'test', 0, 'DOAEZ官方商城', 0, '', 0, 5.00, 5.00, 10, 0.00, 0.00, 0, 0.00, 0.00, 0.00, 0.00, 5.00, 0.00, 0.00, 0.00, 10, 0.00, -1, 2, 0, 0, 0, 0, 0.00, 8, 3, 1506146867, 0, 0, 0, 1506146851, 0, 0, 0, 0);
INSERT INTO `ns_order` VALUES (182, '201709230000003', '150614772055391000', 1, 10, 1, '3', 1, 'admin', '1', '', '', '15235165131', 20, 229, 1961, '1', '', 'test', 0, 'DOAEZ官方商城', 0, '', 0, 1.00, 1.00, 10, 0.00, 0.00, 0, 0.00, 0.00, 0.00, 0.00, 1.00, 0.00, 0.00, 0.00, 1, 0.00, -1, 2, 0, 0, 0, 0, 0.00, 8, 3, 1506147720, 0, 0, 0, 1506147701, 0, 0, 0, 0);
INSERT INTO `ns_order` VALUES (183, '201709230000004', '150614872119601000', 1, 10, 1, '3', 1, 'admin', '1', '', '', '15235165131', 20, 229, 1961, '1', '', 'test', 0, 'DOAEZ官方商城', 0, '', 0, 5.00, 5.00, 10, 0.00, 0.00, 0, 0.00, 0.00, 0.00, 0.00, 5.00, 0.00, 0.00, 0.00, 10, 0.00, -1, 2, 0, 0, 0, 0, 0.00, 8, 3, 1506148721, 0, 0, 0, 1506148709, 0, 0, 0, 0);
INSERT INTO `ns_order` VALUES (184, '201709230000005', '150614894481441000', 1, 10, 1, '3', 1, 'admin', '1', '', '', '15235165131', 20, 229, 1961, '1', '', 'test', 0, 'DOAEZ官方商城', 0, '', 0, 5.00, 5.00, 10, 0.00, 0.00, 0, 0.00, 0.00, 0.00, 0.00, 5.00, 0.00, 0.00, 0.00, 10, 0.00, -1, 2, 0, 0, 0, 0, 0.00, 8, 3, 1506148945, 0, 0, 0, 1506148934, 0, 0, 0, 0);
INSERT INTO `ns_order` VALUES (185, '201709230000006', '150614929391771000', 1, 10, 1, '3', 1, 'admin', '1', '', '', '15235165131', 20, 229, 1961, '1', '', 'test', 0, 'DOAEZ官方商城', 0, '', 0, 5.00, 5.00, 10, 0.00, 0.00, 0, 0.00, 0.00, 0.00, 0.00, 5.00, 0.90, 0.00, 0.00, 0, 0.00, 5, 2, 0, 0, 0, 0, 0.00, 8, 3, 1506149293, 0, 0, 0, 1506149281, 0, 0, 0, 0);
INSERT INTO `ns_order` VALUES (186, '201709230000007', '150615180656191000', 1, 0, 1, '3', 1, 'admin', '1', '', '', '15235165131', 20, 229, 1961, '1', '', 'test', 0, 'DOAEZ官方商城', 0, '', 0, 200.00, 60.00, 0, 0.00, 0.00, 0, 0.00, 0.00, 140.00, 0.00, 60.00, 0.00, 0.00, 0.00, 0, 0.00, 5, 0, 0, 0, 0, 0, 0.00, 8, 3, 0, 0, 0, 0, 1506151806, 0, 0, 0, 0);
INSERT INTO `ns_order` VALUES (187, '201709230000008', '150615237181021000', 1, 0, 1, '3', 1, 'admin', '1', '', '', '15235165131', 20, 229, 1961, '1', '', 'test', 0, 'DOAEZ官方商城', 0, '', 0, 699.00, 579.00, 0, 0.00, 0.00, 0, 0.00, 0.00, 120.00, 0.00, 579.00, 0.00, 0.00, 0.00, 0, 0.00, 5, 0, 0, 0, 0, 0, 0.00, 8, 3, 0, 0, 0, 0, 1506152372, 0, 0, 0, 0);
INSERT INTO `ns_order` VALUES (188, '201709230000009', '150615246921621000', 1, 0, 1, '3', 1, 'admin', '1', '', '', '15235165131', 20, 229, 1961, '1', '', 'test', 0, 'DOAEZ官方商城', 0, '', 0, 699.00, 579.00, 0, 0.00, 0.00, 0, 0.00, 0.00, 120.00, 0.00, 579.00, 0.00, 0.00, 0.00, 0, 0.00, 5, 0, 0, 0, 0, 0, 0.00, 8, 3, 0, 0, 0, 0, 1506152469, 0, 0, 0, 0);
INSERT INTO `ns_order` VALUES (189, '201709230000010', '150615258016951000', 1, 0, 1, '3', 1, 'admin', '1', '', '', '15235165131', 20, 229, 1961, '1', '', 'test', 0, 'DOAEZ官方商城', 0, '', 0, 699.00, 579.00, 0, 0.00, 0.00, 0, 0.00, 0.00, 120.00, 0.00, 579.00, 0.00, 0.00, 0.00, 0, 0.00, 5, 0, 0, 0, 0, 0, 0.00, 8, 3, 0, 0, 0, 0, 1506152581, 0, 0, 0, 0);
INSERT INTO `ns_order` VALUES (190, '201709250000001', '150631234796191000', 1, 0, 1, '3', 1, 'admin', '1', '', '', '15235165131', 20, 229, 1961, '1', '', 'test', 0, 'DOAEZ官方商城', 0, '', 0, 100.00, 90.00, 20, 0.00, 0.00, 0, 0.00, 0.00, 10.00, 0.00, 90.00, 0.00, 0.00, 0.00, 20, 0.00, 5, 0, 0, 0, 0, 0, 0.00, 8, 3, 0, 0, 0, 0, 1506312347, 0, 1, 1, 0);
INSERT INTO `ns_order` VALUES (191, '201709270000001', '150648357397591000', 1, 5, 1, '3', 1, 'admin', '1', '', '', '15235165131', 20, 229, 1961, '1', '', 'test', 0, 'DOAEZ官方商城', 0, '', 0, 6.00, 6.00, 0, 0.00, 0.00, 0, 0.00, 6.00, 0.00, 0.00, 0.00, 0.00, 0.00, 0.00, 0, 0.00, 5, 2, 0, 0, 0, 0, 0.00, 8, 3, 1506483574, 0, 0, 0, 1506483573, 0, 0, 0, 0);
INSERT INTO `ns_order` VALUES (192, '201709280000001', '150658586493311000', 1, 0, 1, '3', 1, 'admin', '1', '', '', '15235165131', 20, 229, 1961, '1', '', 'test', 0, 'DOAEZ官方商城', 0, '', 0, 30.00, 30.00, 10, 0.00, 0.00, 0, 0.00, 0.00, 0.00, 0.00, 30.00, 0.00, 0.00, 0.00, 10, 0.00, 5, 0, 0, 0, 0, 0, 0.00, 8, 3, 0, 0, 0, 0, 1506585864, 0, 0, 0, 0);
INSERT INTO `ns_order` VALUES (193, '201709280000002', '150659042455491000', 1, 0, 1, '2', 1, 'admin', '1', '', '', '15235165131', 20, 229, 1961, '1', '', 'test', 0, 'DOAEZ官方商城', 0, '', 0, 30.00, 30.00, 10, 0.00, 0.00, 0, 0.00, 0.00, 0.00, 0.00, 30.00, 0.00, 0.00, 0.00, 10, 0.00, 5, 0, 0, 0, 0, 0, 0.00, 8, 3, 0, 0, 0, 0, 1506590424, 0, 0, 0, 0);
INSERT INTO `ns_order` VALUES (194, '201709290000001', '150665389473061000', 1, 0, 1, '3', 1, 'admin', '1', '', '', '15235165131', 20, 229, 1961, '1', '', 'test', 0, 'DOAEZ官方商城', 0, '', 0, 19.80, 19.80, 150, 0.00, 0.00, 0, 0.00, 0.00, 0.00, 0.00, 19.80, 0.00, 0.00, 0.00, 30, 0.00, 5, 0, 0, 0, 0, 0, 0.00, 8, 3, 0, 0, 0, 0, 1506653894, 0, 0, 0, 0);
INSERT INTO `ns_order` VALUES (195, '201709290000002', '150665754978171000', 1, 0, 1, '3', 1, 'admin', '1', '', '', '15235165131', 20, 229, 1961, '1', '', 'test', 0, 'DOAEZ官方商城', 0, '', 0, 30.00, 30.00, 10, 0.00, 0.00, 0, 0.00, 0.00, 0.00, 0.00, 30.00, 0.00, 0.00, 0.00, 10, 0.00, 5, 0, 0, 0, 0, 0, 0.00, 8, 3, 0, 0, 0, 0, 1506657549, 0, 0, 0, 0);
INSERT INTO `ns_order` VALUES (196, '201709290000003', '150665758268811000', 1, 0, 1, '3', 1, 'admin', '1', '', '', '15235165131', 20, 229, 1961, '1', '', 'test', 0, 'DOAEZ官方商城', 0, '', 0, 159.00, 109.00, 20, 0.00, 0.00, 0, 0.00, 0.00, 50.00, 0.00, 109.00, 0.00, 0.00, 0.00, 5011, 0.00, 5, 0, 0, 0, 0, 0, 0.00, 8, 3, 0, 0, 0, 0, 1506657582, 0, 0, 0, 0);
INSERT INTO `ns_order` VALUES (197, '201709290000004', '150666625761781000', 1, 10, 1, '3', 1, 'admin', '1', '', '', '15235165131', 20, 229, 1961, '1', '', 'test', 0, 'DOAEZ官方商城', 0, '', 0, 148.20, 138.20, 10, 0.00, 0.00, 0, 0.00, 0.00, 10.00, 0.00, 138.20, 0.00, 0.00, 0.00, 5010, 0.00, 1, 2, 0, 0, 0, 0, 0.00, 8, 3, 1506666257, 0, 0, 0, 1506666250, 0, 0, 0, 0);
INSERT INTO `ns_order` VALUES (198, '201709290000005', '150666948211271000', 1, 0, 1, '3', 1, 'admin', '1', 'xxxx', '', '15235165131', 20, 229, 1961, '1', '', 'test', 0, 'DOAEZ官方商城', 0, '', 0, 30.00, 30.00, 10, 0.00, 0.00, 0, 0.00, 0.00, 0.00, 0.00, 30.00, 0.00, 0.00, 0.00, 10, 0.00, 5, 0, 0, 0, 0, 0, 0.00, 8, 3, 0, 0, 0, 0, 1506669483, 0, 0, 0, 0);
INSERT INTO `ns_order` VALUES (199, '201709290000006', '150667749613421000', 1, 10, 1, '3', 1, 'admin', '1', '', '', '15235165131', 20, 229, 1961, '1', '', 'test', 0, '茂竹商城', 0, '', 0, 30.60, 30.60, 30, 0.00, 0.00, 0, 0.00, 0.00, 0.00, 0.00, 30.60, 18.00, 0.00, 0.00, 0, 0.00, 1, 2, 0, 0, 0, 0, 0.00, 8, 3, 1506677496, 0, 0, 0, 1506677486, 0, 0, 0, 0);
INSERT INTO `ns_order` VALUES (200, '201709290000007', '150667789082711000', 1, 0, 1, '2', 1, 'admin', '1', '', '', '15235165131', 20, 229, 1961, '1', '', 'test', 0, '茂竹商城', 0, '', 0, 24.00, 24.00, 0, 0.00, 0.00, 0, 0.00, 0.00, 0.00, 0.00, 24.00, 0.00, 0.00, 0.00, 0, 0.00, 5, 0, 0, 0, 0, 0, 0.00, 8, 3, 0, 0, 0, 0, 1506677891, 0, 0, 0, 0);
INSERT INTO `ns_order` VALUES (201, '201709290000008', '150667837991131000', 1, 0, 1, '3', 58, 'zkf123', '1', '', '', '18563241558', 22, 234, 2027, 'sdfsdfsdf', '', 'sdfv ', 0, 'DOAEZ官方商城', 0, '', 0, 100.00, 100.00, 0, 0.00, 0.00, 0, 0.00, 0.00, 0.00, 0.00, 100.00, 0.00, 0.00, 0.00, 0, 0.00, 5, 0, 0, 0, 0, 0, 0.00, 8, 3, 0, 0, 0, 0, 1506678380, 0, 0, 0, 0);
INSERT INTO `ns_order` VALUES (202, '201709290000009', '150667988350021000', 1, 10, 1, '3', 58, 'zkf123', '1', '', '', '18563241558', 22, 234, 2027, 'sdfsdfsdf', '', 'sdfv ', 0, 'DOAEZ官方商城', 0, '', 0, 100.00, 100.00, 0, 0.00, 0.00, 0, 0.00, 0.00, 0.00, 0.00, 100.00, 0.00, 0.00, 0.00, 0, 0.00, 4, 2, 2, 0, 0, 1, 0.00, 8, 3, 1506679883, 0, 1506679910, 1506679894, 1506679873, 1506680079, 0, 0, 0);
INSERT INTO `ns_order` VALUES (203, '201709300000001', '150676222612341000', 1, 10, 1, '3', 58, 'zkf123', '1', '', '', '18563241558', 22, 234, 2027, 'sdfsdfsdf', '', 'sdfv ', 0, 'DOAEZ官方商城', 0, '', 0, 23.00, 23.00, 0, 0.00, 0.00, 0, 0.00, 0.00, 0.00, 0.00, 23.00, 1.00, 0.00, 0.00, 0, 0.00, 5, 2, 0, 0, 0, 0, 0.00, 8, 3, 1506762227, 0, 0, 0, 1506762122, 0, 0, 0, 0);
INSERT INTO `ns_order` VALUES (204, '201709300000002', '150676423529071000', 1, 0, 1, '3', 1, 'admin', '1', '', '', '15235165131', 20, 229, 1961, '1', '', 'test', 0, 'DOAEZ官方商城', 0, '', 0, 23.00, 23.00, 10, 0.00, 0.00, 0, 0.00, 0.00, 0.00, 0.00, 23.00, 0.00, 0.00, 0.00, 2, 0.00, 5, 0, 0, 0, 0, 0, 0.00, 8, 3, 0, 0, 0, 0, 1506764235, 0, 0, 0, 0);
INSERT INTO `ns_order` VALUES (206, '201709300000003', '150676552737011000', 1, 10, 1, '3', 58, 'zkf123', '1', '', '', '18563241558', 22, 234, 2027, 'sdfsdfsdf', '', 'sdfv ', 0, 'DOAEZ官方商城', 0, '', 0, 460000.00, 460000.00, 0, 0.00, 0.00, 0, 0.00, 0.00, 0.00, 0.00, 460000.00, 0.00, 0.00, 0.00, 40000, 0.00, 1, 2, 0, 0, 0, 0, 0.00, 8, 3, 1506765527, 0, 0, 0, 1506765517, 0, 0, 0, 0);
INSERT INTO `ns_order` VALUES (207, '201709300000004', '150676557877001000', 1, 1, 1, '3', 58, 'zkf123', '1', '', '', '18563241558', 22, 234, 2027, 'sdfsdfsdf', '', 'sdfv ', 0, 'DOAEZ官方商城', 0, '', 0, 0.00, 0.00, 0, 0.00, 0.00, 0, 0.00, 0.00, 0.00, 0.00, 0.00, 0.00, 0.00, 0.00, 30000, 0.00, 1, 2, 0, 0, 0, 0, 0.00, 8, 3, 1506765578, 0, 0, 0, 1506765578, 0, 0, 0, 0);
INSERT INTO `ns_order` VALUES (209, '201710090000001', '150752132671211000', 1, 0, 1, '3', 59, 'zkf', '1', '', '', '18563214586', 19, 208, 1827, 'sdfsdf', '', 'h ', 0, 'DOAEZ官方商城', 0, '', 0, 99.90, 99.90, 0, 0.00, 0.00, 0, 0.00, 0.00, 0.00, 0.00, 99.90, 0.00, 0.00, 0.00, 2, 0.00, 5, 0, 0, 0, 0, 0, 0.00, 8, 3, 0, 0, 0, 0, 1507521326, 0, 0, 0, 0);
INSERT INTO `ns_order` VALUES (210, '201710090000002', '150752173092071000', 1, 10, 1, '3', 59, 'zkf', '1', '', '', '18563214586', 19, 208, 1827, 'sdfsdf', '', 'h ', 0, 'DOAEZ官方商城', 0, '', 0, 99.90, 99.90, 0, 0.00, 0.00, 0, 0.00, 0.00, 0.00, 0.00, 99.90, 0.00, 0.00, 0.00, 2, 0.00, 4, 2, 2, 0, 0, 1, 0.00, 8, 3, 1507521730, 0, 1507529258, 1507529253, 1507521720, 1507529312, 0, 0, 0);
INSERT INTO `ns_order` VALUES (212, '201710090000003', '150752937851481000', 1, 10, 1, '3', 22, 'wyc', '1', '', '', '18536985525', 19, 211, 1845, '广东省阳江市阳东县', '', 'wyc', 0, 'DOAEZ官方商城', 0, '', 0, 699.00, 699.00, 0, 0.00, 0.00, 0, 0.00, 0.00, 0.00, 0.00, 699.00, 0.00, 0.00, 0.00, 0, 0.00, 4, 2, 2, 0, 0, 0, 0.00, 8, 3, 1507529378, 0, 1508739047, 1507529418, 1507529340, 1508739112, 0, 0, 0);
INSERT INTO `ns_order` VALUES (213, '201710090000004', '150754393829451000', 1, 10, 1, '3', 59, 'zkf', '1', '', '', '18563214586', 19, 208, 1827, 'sdfsdf', '', 'h ', 0, 'DOAEZ官方商城', 0, '', 0, 99.90, 99.90, 0, 0.00, 0.00, 0, 0.00, 0.00, 0.00, 0.00, 99.90, 0.00, 0.00, 0.00, 2, 0.00, 4, 2, 2, 0, 0, 0, 0.00, 8, 3, 1507543939, 0, 1508810621, 1507600615, 1507543927, 1508810853, 0, 0, 0);
INSERT INTO `ns_order` VALUES (214, '201710090000005', '150754420948181000', 1, 0, 1, '3', 59, 'zkf', '1', '', '', '18563214586', 19, 208, 1827, 'sdfsdf', '', 'h ', 0, 'DOAEZ官方商城', 0, '', 0, 99.90, 99.90, 0, 0.00, 0.00, 0, 0.00, 0.00, 0.00, 0.00, 99.90, 0.00, 0.00, 0.00, 2, 0.00, 5, 0, 0, 0, 0, 0, 0.00, 8, 3, 0, 0, 0, 0, 1507544210, 0, 0, 0, 0);
INSERT INTO `ns_order` VALUES (215, '201710090000006', '150754519668181000', 1, 0, 1, '3', 59, 'zkf', '1', '', '', '18563214586', 19, 208, 1827, 'sdfsdf', '', 'h ', 0, 'DOAEZ官方商城', 0, '', 0, 99.90, 99.90, 0, 0.00, 0.00, 0, 0.00, 0.00, 0.00, 0.00, 99.90, 0.00, 0.00, 0.00, 2, 0.00, 5, 0, 0, 0, 0, 0, 0.00, 8, 3, 0, 0, 0, 0, 1507545196, 0, 0, 0, 0);
INSERT INTO `ns_order` VALUES (217, '201710090000007', '150754556643951000', 1, 0, 1, '3', 59, 'zkf', '1', '', '', '18563214586', 19, 208, 1827, 'sdfsdf', '', 'h ', 0, 'DOAEZ官方商城', 0, '', 0, 99.90, 99.90, 0, 0.00, 0.00, 0, 0.00, 0.00, 0.00, 0.00, 99.90, 0.00, 0.00, 0.00, 2, 0.00, 5, 0, 0, 0, 0, 0, 0.00, 8, 3, 0, 0, 0, 0, 1507545566, 0, 0, 0, 0);
INSERT INTO `ns_order` VALUES (218, '201710090000008', '150754687152981000', 1, 0, 1, '3', 1, 'admin', '1', '', '', '18536985525', 19, 213, -1, 'aaaaa', '', 'aaa', 0, 'DOAEZ官方商城', 0, '', 0, 60.00, 60.00, 0, 0.00, 0.00, 0, 0.00, 0.00, 0.00, 0.00, 60.00, 0.00, 0.00, 0.00, 2, 0.00, 5, 0, 0, 0, 0, 0, 0.00, 8, 3, 0, 0, 0, 0, 1507546872, 0, 0, 0, 0);
INSERT INTO `ns_order` VALUES (219, '201710100000001', '150760856530301000', 1, 10, 1, '3', 1, 'admin', '1', '', '', '18536985525', 19, 213, -1, 'aaaaa', '', 'aaa', 0, 'DOAEZ官方商城', 0, '', 0, 60.00, 60.00, 0, 0.00, 0.00, 0, 0.00, 0.00, 0.00, 0.00, 60.00, 0.00, 0.00, 0.00, 2, 0.00, 1, 2, 0, 0, 0, 0, 0.00, 8, 3, 1507608565, 0, 0, 0, 1507607502, 0, 0, 0, 0);
INSERT INTO `ns_order` VALUES (220, '201710100000002', '150760846321121000', 1, 1, 1, '3', 1, 'admin', '1', '', '', '18536985525', 19, 213, -1, 'aaaaa', '', 'aaa', 0, 'DOAEZ官方商城', 0, '', 0, 0.00, 0.00, 5, 0.00, 0.00, 0, 0.00, 0.00, 0.00, 0.00, 0.00, 0.00, 0.00, 0.00, 2, 0.00, 1, 2, 0, 0, 0, 0, 0.00, 8, 3, 1507608464, 0, 0, 0, 1507608463, 0, 0, 0, 0);
INSERT INTO `ns_order` VALUES (221, '201710100000003', '150760863924841000', 1, 0, 1, '3', 1, 'admin', '1', '', '', '18536985525', 19, 213, -1, 'aaaaa', '', 'aaa', 0, 'DOAEZ官方商城', 0, '', 0, 0.00, 51.00, 100, 0.00, 0.00, 0, 0.00, 0.00, 0.00, 51.00, 51.00, 0.00, 0.00, 0.00, 10, 0.00, 5, 0, 0, 0, 0, 0, 0.00, 8, 3, 0, 0, 0, 0, 1507608639, 0, 1, 2, 1);
INSERT INTO `ns_order` VALUES (222, '201710100000004', '150760865612511000', 1, 1, 1, '3', 1, 'admin', '1', '', '', '18536985525', 19, 213, -1, 'aaaaa', '', 'aaa', 0, 'DOAEZ官方商城', 0, '', 0, 0.00, 0.00, 5, 0.00, 0.00, 0, 0.00, 0.00, 0.00, 0.00, 0.00, 0.00, 0.00, 0.00, 2, 0.00, 1, 2, 0, 0, 0, 0, 0.00, 8, 3, 1507608657, 0, 0, 0, 1507608656, 0, 0, 0, 0);
INSERT INTO `ns_order` VALUES (223, '201710100000005', '150760887170481000', 1, 0, 1, '3', 1, 'admin', '1', '', '', '18536985525', 19, 213, -1, 'aaaaa', '', 'aaa', 0, 'DOAEZ官方商城', 0, '', 0, 60.00, 60.00, 0, 0.00, 0.00, 0, 0.00, 0.00, 0.00, 0.00, 60.00, 0.00, 0.00, 0.00, 2, 0.00, 5, 0, 0, 0, 0, 0, 0.00, 8, 3, 0, 0, 0, 0, 1507608871, 0, 1, 2, 1);
INSERT INTO `ns_order` VALUES (224, '201710100000006', '150761623913851000', 1, 0, 1, '3', 1, 'admin', '1', '', '', '18536985525', 19, 213, -1, 'aaaaa', '', 'aaa', 0, 'DOAEZ官方商城', 0, '', 0, 60.00, 60.00, 0, 0.00, 0.00, 0, 0.00, 0.00, 0.00, 0.00, 60.00, 0.00, 0.00, 0.00, 2, 0.00, 5, 0, 0, 0, 0, 0, 0.00, 8, 3, 0, 0, 0, 0, 1507616239, 0, 1, 2, 1);
INSERT INTO `ns_order` VALUES (225, '201710100000007', '150763331087561000', 1, 0, 1, '2', 1, 'admin', '1', '', '', '18536985525', 19, 213, -1, 'aaaaa', '', 'aaa', 0, 'DOAEZ官方商城', 0, '', 0, 6.60, 6.60, 50, 0.00, 0.00, 0, 0.00, 0.00, 0.00, 0.00, 6.60, 0.00, 0.00, 0.00, 10, 0.00, 5, 0, 0, 0, 0, 0, 0.00, 8, 3, 0, 0, 0, 0, 1507633310, 0, 0, 0, 0);
INSERT INTO `ns_order` VALUES (226, '201710130000001', '150787555530781000', 1, 10, 1, '3', 1, 'admin', '1', '', '', '18536985525', 19, 213, -1, 'aaaaa', '', 'aaa', 0, 'DOAEZ官方商城', 0, '', 0, 120.00, 120.00, 0, 0.00, 0.00, 0, 0.00, 0.00, 0.00, 0.00, 120.00, 0.00, 0.00, 0.00, 0, 0.00, 1, 2, 0, 0, 0, 0, 0.00, 8, 3, 1507875556, 0, 0, 0, 1507875485, 0, 0, 0, 0);
INSERT INTO `ns_order` VALUES (227, '201710130000002', '150787559492801000', 1, 5, 1, '3', 1, 'admin', '1', '', '', '18536985525', 19, 213, -1, 'aaaaa', '', 'aaa', 0, 'DOAEZ官方商城', 0, '', 0, 120.00, 120.00, 0, 0.00, 0.00, 0, 0.00, 120.00, 0.00, 0.00, 0.00, 0.00, 0.00, 0.00, 0, 0.00, 1, 2, 0, 0, 0, 0, 0.00, 8, 3, 1507875595, 0, 0, 0, 1507875594, 0, 0, 0, 0);
INSERT INTO `ns_order` VALUES (228, '201710130000003', '150787566937091000', 1, 0, 1, '3', 1, 'admin', '1', '', '', '18536985525', 19, 213, -1, 'aaaaa', '', 'aaa', 0, 'DOAEZ官方商城', 0, '', 0, 120.00, 120.00, 0, 0.00, 0.00, 0, 0.00, 100.00, 0.00, 0.00, 20.00, 0.00, 0.00, 0.00, 0, 0.00, 5, 0, 0, 0, 0, 0, 0.00, 8, 3, 0, 0, 0, 0, 1507875669, 0, 1, 1, 0);
INSERT INTO `ns_order` VALUES (229, '201710130000004', '150787570239191000', 1, 0, 1, '3', 1, 'admin', '1', '', '', '18536985525', 19, 213, -1, 'aaaaa', '', 'aaa', 0, 'DOAEZ官方商城', 0, '', 0, 120.00, 120.00, 0, 0.00, 0.00, 0, 0.00, 100.00, 0.00, 0.00, 20.00, 0.00, 0.00, 0.00, 0, 0.00, 5, 0, 0, 0, 0, 0, 0.00, 8, 3, 0, 0, 0, 0, 1507875702, 0, 1, 1, 0);
INSERT INTO `ns_order` VALUES (230, '201710130000005', '150787667949381000', 1, 10, 1, '3', 1, 'admin', '1', '', '', '18536985525', 19, 213, -1, 'aaaaa', '', 'aaa', 0, 'DOAEZ官方商城', 0, '', 0, 120.00, 120.00, 0, 0.00, 0.00, 0, 0.00, 100.00, 0.00, 0.00, 20.00, 0.00, 0.00, 0.00, 0, 0.00, 1, 2, 0, 0, 0, 0, 0.00, 8, 3, 1507876680, 0, 0, 0, 1507876663, 0, 0, 0, 0);
INSERT INTO `ns_order` VALUES (231, '201710130000006', '150787671591211000', 1, 0, 1, '3', 1, 'admin', '1', '', '', '18536985525', 19, 213, -1, 'aaaaa', '', 'aaa', 0, 'DOAEZ官方商城', 0, '', 0, 120.00, 120.00, 0, 0.00, 0.00, 0, 0.00, 0.00, 0.00, 0.00, 120.00, 0.00, 0.00, 0.00, 0, 0.00, 5, 0, 0, 0, 0, 0, 0.00, 8, 3, 0, 0, 0, 0, 1507876715, 0, 0, 0, 0);
INSERT INTO `ns_order` VALUES (232, '201710130000007', '150788565038341000', 1, 10, 1, '2', 1, 'admin', '1', '', '', '18536985525', 19, 213, -1, 'aaaaa', '', 'aaa', 0, 'DOAEZ官方商城', 0, '', 0, 243.00, 243.00, 0, 0.00, 0.00, 0, 0.00, 0.00, 0.00, 0.00, 243.00, 0.00, 0.00, 0.00, 5000, 0.00, 4, 2, 2, 0, 0, 0, 0.00, 8, 3, 1507885650, 0, 1509161586, 1507885659, 1507885626, 1509161673, 0, 0, 0);
INSERT INTO `ns_order` VALUES (233, '201710140000001', '150795075922991000', 1, 5, 1, '3', 1, 'admin', '1', '', '', '18536985525', 19, 213, -1, 'aaaaa', '', 'aaa', 0, 'DOAEZ官方商城', 0, '', 0, 0.60, 0.60, 0, 0.00, 0.00, 0, 0.00, 0.60, 0.00, 0.00, 0.00, 0.00, 0.00, 0.00, 0, 0.00, 5, 2, 0, 0, 0, 0, 0.00, 8, 3, 1507950760, 0, 0, 0, 1507950759, 0, 0, 0, 0);
INSERT INTO `ns_order` VALUES (234, '201710140000002', '150797151017781000', 1, 5, 1, '3', 1, 'admin', '1', '', '', '18536985525', 19, 213, -1, 'aaaaa', '', 'aaa', 0, 'DOAEZ官方商城', 0, '', 0, 562.80, 562.80, 0, 0.00, 0.00, 0, 0.00, 562.80, 0.00, 0.00, 0.00, 0.00, 0.00, 0.00, 0, 0.00, 4, 2, 2, 0, 0, 0, 0.00, 8, 3, 1507971512, 0, 1509352461, 1508142381, 1507971511, 1509352535, 0, 0, 0);
INSERT INTO `ns_order` VALUES (235, '201710160000001', '150814391160421000', 1, 1, 1, '3', 1, 'admin', '1', '', '', '18536985525', 19, 213, -1, 'aaaaa', '', 'aaa', 0, 'DOAEZ官方商城', 0, '', 0, 0.00, 0.00, 0, 0.00, 0.00, 0, 0.00, 0.00, 0.00, 0.00, 0.00, 0.00, 0.00, 0.00, 0, 0.00, 1, 2, 0, 0, 0, 0, 0.00, 8, 3, 1508143912, 0, 0, 0, 1508143911, 0, 0, 0, 0);
INSERT INTO `ns_order` VALUES (236, '201710160000002', '150814393461291000', 1, 1, 1, '3', 1, 'admin', '1', '', '', '18536985525', 19, 213, -1, 'aaaaa', '', 'aaa', 0, 'DOAEZ官方商城', 0, '', 0, 0.00, 0.00, 0, 0.00, 0.00, 0, 0.00, 0.00, 0.00, 0.00, 0.00, 0.00, 0.00, 0.00, 0, 0.00, 1, 2, 0, 0, 0, 0, 0.00, 8, 3, 1508143935, 0, 0, 0, 1508143935, 0, 0, 0, 0);
INSERT INTO `ns_order` VALUES (237, '201710160000003', '150814395526951000', 1, 1, 1, '3', 1, 'admin', '1', '', '', '18536985525', 19, 213, -1, 'aaaaa', '', 'aaa', 0, 'DOAEZ官方商城', 0, '', 0, 0.00, 0.00, 0, 0.00, 0.00, 0, 0.00, 0.00, 0.00, 0.00, 0.00, 0.00, 0.00, 0.00, 0, 0.00, 1, 2, 0, 0, 0, 0, 0.00, 8, 3, 1508143956, 0, 0, 0, 1508143956, 0, 0, 0, 0);
INSERT INTO `ns_order` VALUES (238, '201710160000004', '150814396655681000', 1, 1, 1, '3', 1, 'admin', '1', '', '', '18536985525', 19, 213, -1, 'aaaaa', '', 'aaa', 0, 'DOAEZ官方商城', 0, '', 0, 0.00, 0.00, 0, 0.00, 0.00, 0, 0.00, 0.00, 0.00, 0.00, 0.00, 0.00, 0.00, 0.00, 0, 0.00, 1, 2, 0, 0, 0, 0, 0.00, 8, 3, 1508143967, 0, 0, 0, 1508143966, 0, 0, 0, 0);
INSERT INTO `ns_order` VALUES (239, '201710160000005', '150814397684401000', 1, 1, 1, '3', 1, 'admin', '1', '', '', '18536985525', 19, 213, -1, 'aaaaa', '', 'aaa', 0, 'DOAEZ官方商城', 0, '', 0, 0.00, 0.00, 0, 0.00, 0.00, 0, 0.00, 0.00, 0.00, 0.00, 0.00, 0.00, 0.00, 0.00, 0, 0.00, 1, 2, 0, 0, 0, 0, 0.00, 8, 3, 1508143977, 0, 0, 0, 1508143976, 0, 0, 0, 0);
INSERT INTO `ns_order` VALUES (240, '201710160000006', '150814398786081000', 1, 1, 1, '3', 1, 'admin', '1', '', '', '18536985525', 19, 213, -1, 'aaaaa', '', 'aaa', 0, 'DOAEZ官方商城', 0, '', 0, 0.00, 0.00, 0, 0.00, 0.00, 0, 0.00, 0.00, 0.00, 0.00, 0.00, 0.00, 0.00, 0.00, 0, 0.00, 1, 2, 0, 0, 0, 0, 0.00, 8, 3, 1508143988, 0, 0, 0, 1508143988, 0, 0, 0, 0);
INSERT INTO `ns_order` VALUES (241, '201710160000007', '150814399561071000', 1, 1, 1, '3', 1, 'admin', '1', '', '', '18536985525', 19, 213, -1, 'aaaaa', '', 'aaa', 0, 'DOAEZ官方商城', 0, '', 0, 0.00, 0.00, 0, 0.00, 0.00, 0, 0.00, 0.00, 0.00, 0.00, 0.00, 0.00, 0.00, 0.00, 0, 0.00, 1, 2, 0, 0, 0, 0, 0.00, 8, 3, 1508143996, 0, 0, 0, 1508143995, 0, 0, 0, 0);
INSERT INTO `ns_order` VALUES (242, '201710160000008', '150814400641441000', 1, 1, 1, '3', 1, 'admin', '1', '', '', '18536985525', 19, 213, -1, 'aaaaa', '', 'aaa', 0, 'DOAEZ官方商城', 0, '', 0, 0.00, 0.00, 0, 0.00, 0.00, 0, 0.00, 0.00, 0.00, 0.00, 0.00, 0.00, 0.00, 0.00, 0, 0.00, 1, 2, 0, 0, 0, 0, 0.00, 8, 3, 1508144007, 0, 0, 0, 1508144006, 0, 0, 0, 0);
INSERT INTO `ns_order` VALUES (243, '201710160000009', '150814401348821000', 1, 1, 1, '3', 1, 'admin', '1', '', '', '18536985525', 19, 213, -1, 'aaaaa', '', 'aaa', 0, 'DOAEZ官方商城', 0, '', 0, 0.00, 0.00, 0, 0.00, 0.00, 0, 0.00, 0.00, 0.00, 0.00, 0.00, 0.00, 0.00, 0.00, 0, 0.00, -1, 2, 0, 0, 0, 0, 0.00, 8, 3, 1508144014, 0, 0, 0, 1508144014, 0, 0, 0, 0);
INSERT INTO `ns_order` VALUES (244, '201710160000010', '150814401792011000', 1, 1, 1, '3', 1, 'admin', '1', '', '', '18536985525', 19, 213, -1, 'aaaaa', '', 'aaa', 0, 'DOAEZ官方商城', 0, '', 0, 0.00, 0.00, 0, 0.00, 0.00, 0, 0.00, 0.00, 0.00, 0.00, 0.00, 0.00, 0.00, 0.00, 0, 0.00, 4, 2, 2, 0, 0, 0, 0.00, 8, 3, 1508144018, 0, 1509951596, 1508741897, 1508144017, 1509951647, 0, 0, 0);
INSERT INTO `ns_order` VALUES (245, '201710160000011', '150814403419001000', 1, 1, 1, '3', 1, 'admin', '1', '', '', '18536985525', 19, 213, -1, 'aaaaa', '', 'aaa', 0, 'DOAEZ官方商城', 0, '', 0, 0.00, 0.00, 0, 0.00, 0.00, 0, 0.00, 0.00, 0.00, 0.00, 0.00, 0.00, 0.00, 0.00, 0, 0.00, -1, 2, 0, 0, 0, 0, 0.00, 8, 3, 1508144035, 0, 0, 0, 1508144034, 0, 0, 0, 0);
INSERT INTO `ns_order` VALUES (246, '201710160000012', '150814404625501000', 1, 1, 1, '3', 1, 'admin', '1', '', '', '18536985525', 19, 213, -1, 'aaaaa', '', 'aaa', 0, 'DOAEZ官方商城', 0, '', 0, 0.00, 0.00, 0, 0.00, 0.00, 0, 0.00, 0.00, 0.00, 0.00, 0.00, 0.00, 0.00, 0.00, 0, 0.00, -1, 2, 0, 0, 0, 0, 0.00, 8, 3, 1508144047, 0, 0, 0, 1508144047, 0, 0, 0, 0);
INSERT INTO `ns_order` VALUES (247, '201710160000013', '150814495867691000', 1, 10, 1, '3', 1, 'admin', '1', '', '', '18536985525', 19, 213, -1, 'aaaaa', '', 'aaa', 0, 'DOAEZ官方商城', 0, '', 0, 0.01, 0.01, 0, 0.00, 0.00, 0, 0.00, 0.00, 0.00, 0.00, 0.01, 0.01, 0.00, 0.00, 0, 0.00, 5, 2, 0, 0, 0, 0, 0.00, 8, 3, 1508144958, 0, 0, 0, 1508144950, 0, 0, 0, 0);
INSERT INTO `ns_order` VALUES (248, '201710160000014', '150814618751101000', 1, 5, 1, '3', 1, 'admin', '1', '', '', '18536985525', 19, 213, -1, 'aaaaa', '', 'aaa', 0, 'DOAEZ官方商城', 0, '', 0, 0.01, 0.01, 0, 0.00, 0.00, 0, 0.00, 0.01, 0.00, 0.00, 0.00, 0.00, 0.01, 0.00, 0, 0.00, 5, 2, 0, 0, 0, 0, 0.00, 8, 3, 1508146188, 0, 0, 0, 1508146188, 0, 0, 0, 0);
INSERT INTO `ns_order` VALUES (249, '201710160000015', '150814626891481000', 1, 10, 1, '3', 1, 'admin', '1', '', '', '18536985525', 19, 213, -1, 'aaaaa', '', 'aaa', 0, 'DOAEZ官方商城', 0, '', 0, 163.80, 163.80, 0, 0.00, 0.00, 0, 0.00, 4.39, 0.00, 0.00, 159.41, 1.00, 4.39, 0.00, 0, 0.00, 5, 2, 0, 0, 0, 0, 0.00, 8, 3, 1508146268, 0, 0, 0, 1508146240, 0, 0, 0, 0);
INSERT INTO `ns_order` VALUES (250, '201710160000016', '150814921199491000', 1, 10, 1, '3', 1, 'admin', '1', '', '', '18536985525', 19, 213, -1, 'aaaaa', '', 'aaa', 0, 'DOAEZ官方商城', 0, '', 0, 117.01, 117.01, 0, 0.00, 0.00, 0, 0.00, 0.01, 0.00, 0.00, 117.00, 117.00, 0.01, 0.00, 0, 0.00, 5, 2, 0, 0, 0, 0, 0.00, 8, 3, 1508149211, 0, 0, 0, 1508149202, 0, 0, 0, 0);
INSERT INTO `ns_order` VALUES (251, '201710160000017', '150815373556791000', 1, 10, 1, '3', 1, 'admin', '1', '', '', '18536985525', 19, 213, -1, 'aaaaa', '', 'aaa', 0, 'DOAEZ官方商城', 0, '', 0, 117.00, 117.00, 0, 0.00, 0.00, 0, 0.00, 0.00, 0.00, 0.00, 117.00, 117.00, 0.00, 0.00, 0, 0.00, 5, 2, 0, 0, 0, 0, 0.00, 8, 3, 1508153735, 0, 0, 0, 1508153728, 0, 0, 0, 0);
INSERT INTO `ns_order` VALUES (252, '201710170000001', '150820330888471000', 1, 0, 1, '3', 3, 'gw', '1', '', '', '18735107960', 34, 345, 2869, '2222', '', 'gaowei', 0, 'DOAEZ官方商城', 0, '', 0, 0.01, 0.01, 0, 0.00, 0.00, 0, 0.00, 0.00, 0.00, 0.00, 0.01, 0.00, 0.00, 0.00, 0, 0.00, 5, 0, 0, 0, 0, 0, 0.00, 8, 3, 0, 0, 0, 0, 1508203308, 0, 0, 0, 0);
INSERT INTO `ns_order` VALUES (253, '201710170000002', '150823680573811000', 1, 10, 1, '3', 1, 'admin', '1', '', '', '18536985525', 19, 213, -1, 'aaaaa', '', 'aaa', 0, 'DOAEZ官方商城', 0, '', 0, 117.00, 117.00, 0, 0.00, 0.00, 0, 0.00, 0.00, 0.00, 0.00, 117.00, 117.00, 0.00, 0.00, 0, 0.00, 5, 2, 0, 0, 0, 0, 0.00, 8, 3, 1508236805, 0, 0, 0, 1508236800, 0, 0, 0, 0);
INSERT INTO `ns_order` VALUES (254, '201710180000001', '150830714352941000', 1, 10, 1, '2', 1, 'admin', '1', '', '', '18536985525', 19, 213, -1, 'aaaaa', '', 'aaa', 0, 'DOAEZ官方商城', 0, '', 0, 117.00, 117.00, 0, 0.00, 0.00, 0, 0.00, 0.00, 0.00, 0.00, 117.00, 117.00, 0.00, 0.00, 0, 0.00, 5, 2, 0, 0, 0, 0, 0.00, 8, 3, 1508307143, 0, 0, 0, 1508307138, 0, 0, 0, 0);
INSERT INTO `ns_order` VALUES (255, '201710190000001', '150837548963711000', 1, 10, 1, '3', 1, 'admin', '1', '', '', '18536985525', 19, 213, -1, 'aaaaa', '', 'aaa', 0, 'DOAEZ官方商城', 0, '', 0, 0.01, 0.01, 0, 0.00, 0.00, 0, 0.00, 0.00, 0.00, 0.00, 0.01, 0.01, 0.00, 0.00, 0, 0.00, 5, 2, 0, 0, 0, 0, 0.00, 8, 3, 1508375489, 0, 0, 0, 1508375485, 0, 0, 0, 0);
INSERT INTO `ns_order` VALUES (256, '201710190000002', '150841553249941000', 1, 10, 1, '3', 1, 'admin', '1', '', '', '18536985525', 19, 213, -1, 'aaaaa', '', 'aaa', 0, 'DOAEZ官方商城', 0, '', 0, 123.01, 123.01, 0, 0.00, 0.00, 0, 0.00, 0.00, 0.00, 0.00, 123.01, 0.00, 0.00, 0.00, 5000, 0.00, -1, 2, 0, 0, 0, 0, 0.00, 14, 3, 1508415532, 0, 0, 0, 1508415512, 0, 0, 0, 0);
INSERT INTO `ns_order` VALUES (257, '201710200000001', '150849354923361000', 1, 10, 1, '3', 1, 'admin', '1', '', '', '18536985525', 32, 343, -1, 'wyc', '111', 'wyc', 0, 'DOAEZ官方商城', 0, '', 0, 372.00, 372.00, 0, 0.00, 0.00, 0, 0.00, 0.00, 0.00, 0.00, 372.00, 0.00, 0.00, 0.00, 0, 0.00, -1, 2, 0, 0, 0, 0, 0.00, 14, 3, 1508493549, 0, 0, 0, 1508493529, 0, 0, 0, 0);
INSERT INTO `ns_order` VALUES (258, '201710200000002', '150849448263101000', 1, 0, 1, '3', 46, '18234064952', '1', '', '', '18536985525', 21, 233, 1997, 'wyc', '558851', 'wyc', 0, 'DOAEZ官方商城', 0, '', 0, 395.00, 425.00, 0, 0.00, 0.00, 0, 0.00, 0.00, 0.00, 30.00, 425.00, 0.00, 0.00, 0.00, 5000, 0.00, 5, 0, 0, 0, 0, 0, 0.00, 14, 3, 0, 0, 0, 0, 1508494483, 0, 0, 0, 0);
INSERT INTO `ns_order` VALUES (259, '201710200000003', '150849452796271000', 1, 5, 1, '3', 46, '18234064952', '1', '', '', '18536985525', 21, 233, 1997, 'wyc', '558851', 'wyc', 0, 'DOAEZ官方商城', 0, '', 0, 209.99, 209.99, 0, 0.00, 0.00, 0, 0.00, 209.99, 0.00, 0.00, 0.00, 0.00, 0.00, 0.00, 0, 0.00, -1, 2, 0, 0, 0, 0, 0.00, 14, 3, 1508494528, 0, 0, 0, 1508494527, 0, 0, 0, 0);
INSERT INTO `ns_order` VALUES (260, '201710210000001', '150857990450501000', 1, 10, 1, '2', 1, 'admin', '1', '', '', '18536985525', 32, 343, -1, 'wyc', '111', 'wyc', 0, 'DOAEZ官方商城', 0, '', 0, 0.01, 0.01, 0, 0.00, 0.00, 0, 0.00, 0.00, 0.00, 0.00, 0.01, 0.00, 0.00, 0.00, 0, 0.00, 4, 2, 2, 0, 0, 0, 0.00, 14, 3, 1508579904, 0, 1509950355, 1508740267, 1508579889, 1509950438, 0, 0, 0);
INSERT INTO `ns_order` VALUES (261, '201710230000001', '150872495056541000', 1, 10, 1, '2', 22, 'wyc', '1', '', '', '18536985525', 19, 211, 1845, '广东省阳江市阳东县', '', 'wyc', 0, 'DOAEZ官方商城', 0, '', 0, 9.99, 9.99, 0, 0.00, 0.00, 0, 0.00, 9.98, 0.00, 0.00, 0.01, 0.01, 9.98, 0.00, 0, 0.00, 5, 2, 0, 0, 0, 0, 0.00, 14, 3, 1508724950, 0, 0, 0, 1508724933, 0, 0, 0, 0);
INSERT INTO `ns_order` VALUES (262, '201710230000002', '150873152648381000', 1, 0, 1, '3', 1, 'admin', '1', '', '', '18536985525', 32, 343, -1, 'wyc', '111', 'wyc', 0, 'DOAEZ官方商城', 0, '', 0, 117.00, 147.00, 0, 0.00, 0.00, 0, 0.00, 0.00, 0.00, 30.00, 147.00, 0.00, 0.00, 0.00, 5000, 0.00, 5, 0, 0, 0, 0, 0, 0.00, 14, 3, 0, 0, 0, 0, 1508731527, 0, 0, 0, 0);
INSERT INTO `ns_order` VALUES (263, '201710230000003', '150874558612701000', 1, 0, 1, '3', 1, 'admin', '1', '', '', '18536985525', 32, 343, -1, 'wyc', '111', 'wyc', 0, 'DOAEZ官方商城', 0, '', 0, 6.00, 6.00, 0, 0.00, 0.00, 0, 0.00, 0.00, 0.00, 0.00, 6.00, 0.00, 0.00, 0.00, 0, 0.00, 5, 0, 0, 0, 0, 0, 0.00, 14, 3, 0, 0, 0, 0, 1508745586, 0, 0, 0, 0);
INSERT INTO `ns_order` VALUES (264, '201710240000001', '150882495375091000', 1, 0, 1, '3', 1, 'admin', '1', '', '', '18536985525', 32, 343, -1, 'wyc', '111', 'wyc', 0, 'DOAEZ官方商城', 0, '', 0, 120.00, 120.00, 5, 0.00, 0.00, 0, 0.00, 0.00, 0.00, 0.00, 120.00, 0.00, 0.00, 0.00, 2, 0.00, 5, 0, 0, 0, 0, 0, 0.00, 14, 3, 0, 0, 0, 0, 1508824954, 0, 0, 0, 0);
INSERT INTO `ns_order` VALUES (265, '201711170000001', '151088442162921000', 1, 0, 1, '3', 1, 'admin', '1', '', '', '18536985525', 1, 1, 1, 'cesio', '', 'wyc', 0, 'DOAEZ官方商城', 0, '', 0, 1769.40, 1769.40, 0, 0.00, 0.00, 0, 0.00, 0.00, 0.00, 0.00, 1769.40, 0.00, 0.00, 0.00, 0, 0.00, 5, 0, 0, 0, 0, 0, 0.00, 8, 3, 0, 0, 0, 0, 1510884421, 0, 0, 0, 0);
INSERT INTO `ns_order` VALUES (266, '201711170000002', '151088443477111000', 1, 0, 1, '3', 1, 'admin', '1', '', '', '18536985525', 1, 1, 1, 'cesio', '', 'wyc', 0, 'DOAEZ官方商城', 0, '', 0, 1769.40, 1769.40, 0, 0.00, 0.00, 0, 0.00, 0.00, 0.00, 0.00, 1769.40, 0.00, 0.00, 0.00, 0, 0.00, 5, 0, 0, 0, 0, 0, 0.00, 8, 3, 0, 0, 0, 0, 1510884435, 0, 0, 0, 0);
INSERT INTO `ns_order` VALUES (267, '201711170000003', '151088446541361000', 1, 0, 1, '3', 1, 'admin', '1', '', '', '18536985525', 1, 1, 1, 'cesio', '', 'wyc', 0, 'DOAEZ官方商城', 0, '', 0, 1769.40, 1769.40, 0, 0.00, 0.00, 0, 0.00, 0.00, 0.00, 0.00, 1769.40, 0.00, 0.00, 0.00, 0, 0.00, 5, 0, 0, 0, 0, 0, 0.00, 8, 3, 0, 0, 0, 0, 1510884465, 0, 0, 0, 0);
INSERT INTO `ns_order` VALUES (268, '201711170000004', '151088447451251000', 1, 0, 1, '3', 1, 'admin', '1', '', '', '18536985525', 1, 1, 1, 'cesio', '', 'wyc', 0, 'DOAEZ官方商城', 0, '', 0, 1769.40, 1769.40, 0, 0.00, 0.00, 0, 0.00, 0.00, 0.00, 0.00, 1769.40, 0.00, 0.00, 0.00, 0, 0.00, 5, 0, 0, 0, 0, 0, 0.00, 8, 3, 0, 0, 0, 0, 1510884474, 0, 0, 0, 0);
INSERT INTO `ns_order` VALUES (269, '201711170000005', '151088449785061000', 1, 0, 1, '3', 1, 'admin', '1', '', '', '18536985525', 1, 1, 1, 'cesio', '', 'wyc', 0, 'DOAEZ官方商城', 0, '', 0, 120.00, 120.00, 5, 0.00, 0.00, 0, 0.00, 0.00, 0.00, 0.00, 120.00, 0.00, 0.00, 0.00, 2, 0.00, 5, 0, 0, 0, 0, 0, 0.00, 8, 3, 0, 0, 0, 0, 1510884497, 0, 0, 0, 0);

-- ----------------------------
-- Table structure for ns_order_action
-- ----------------------------
DROP TABLE IF EXISTS `ns_order_action`;
CREATE TABLE `ns_order_action`  (
  `action_id` int(11) NOT NULL AUTO_INCREMENT COMMENT '动作id',
  `order_id` int(11) NOT NULL COMMENT '订单id',
  `action` varchar(255) CHARACTER SET utf8 COLLATE utf8_general_ci NOT NULL DEFAULT '' COMMENT '动作内容',
  `uid` int(11) NOT NULL DEFAULT 0 COMMENT '操作人id',
  `user_name` varchar(50) CHARACTER SET utf8 COLLATE utf8_general_ci NOT NULL DEFAULT '' COMMENT '操作人',
  `order_status` int(11) NOT NULL COMMENT '订单大状态',
  `order_status_text` varchar(255) CHARACTER SET utf8 COLLATE utf8_general_ci NOT NULL DEFAULT '' COMMENT '订单状态名称',
  `action_time` int(11) NULL DEFAULT 0 COMMENT '操作时间',
  PRIMARY KEY (`action_id`) USING HASH
) ENGINE = MEMORY AUTO_INCREMENT = 1 AVG_ROW_LENGTH = 1706 CHARACTER SET = utf8 COLLATE = utf8_general_ci COMMENT = '订单操作表' ROW_FORMAT = Fixed;

-- ----------------------------
-- Table structure for ns_order_goods
-- ----------------------------
DROP TABLE IF EXISTS `ns_order_goods`;
CREATE TABLE `ns_order_goods`  (
  `order_goods_id` int(11) UNSIGNED NOT NULL AUTO_INCREMENT COMMENT '订单项ID',
  `order_id` int(11) NOT NULL COMMENT '订单ID',
  `goods_id` int(11) NOT NULL COMMENT '商品ID',
  `goods_name` varchar(50) CHARACTER SET utf8 COLLATE utf8_general_ci NOT NULL COMMENT '商品名称',
  `sku_id` int(11) NOT NULL COMMENT 'skuID',
  `sku_name` varchar(50) CHARACTER SET utf8 COLLATE utf8_general_ci NOT NULL COMMENT 'sku名称',
  `price` decimal(19, 2) NOT NULL DEFAULT 0.00 COMMENT '商品价格',
  `cost_price` decimal(19, 2) NOT NULL DEFAULT 0.00 COMMENT '商品成本价',
  `num` varchar(255) CHARACTER SET utf8 COLLATE utf8_general_ci NOT NULL DEFAULT '0' COMMENT '购买数量',
  `adjust_money` decimal(10, 2) NOT NULL DEFAULT 0.00 COMMENT '调整金额',
  `goods_money` decimal(10, 2) NOT NULL DEFAULT 0.00 COMMENT '商品总价',
  `goods_picture` int(11) NOT NULL DEFAULT 0 COMMENT '商品图片',
  `shop_id` int(11) NOT NULL DEFAULT 1 COMMENT '店铺ID',
  `buyer_id` int(11) NOT NULL DEFAULT 0 COMMENT '购买人ID',
  `point_exchange_type` int(11) NOT NULL DEFAULT 0 COMMENT '积分兑换类型0.非积分兑换1.积分兑换',
  `goods_type` varchar(255) CHARACTER SET utf8 COLLATE utf8_general_ci NOT NULL DEFAULT '1' COMMENT '商品类型',
  `promotion_id` int(11) NOT NULL DEFAULT 0 COMMENT '促销ID',
  `promotion_type_id` int(11) NOT NULL DEFAULT 0 COMMENT '促销类型',
  `order_type` int(11) NOT NULL DEFAULT 1 COMMENT '订单类型',
  `order_status` int(11) NOT NULL DEFAULT 0 COMMENT '订单状态',
  `give_point` int(11) NOT NULL DEFAULT 0 COMMENT '积分数量',
  `shipping_status` int(11) NOT NULL DEFAULT 0 COMMENT '物流状态',
  `refund_type` int(11) NOT NULL DEFAULT 1 COMMENT '退款方式',
  `refund_require_money` decimal(10, 2) NOT NULL DEFAULT 0.00 COMMENT '退款金额',
  `refund_balance_money` decimal(10, 2) NOT NULL DEFAULT 0.00 COMMENT '退款余额',
  `refund_reason` varchar(255) CHARACTER SET utf8 COLLATE utf8_general_ci NOT NULL DEFAULT '' COMMENT '退款原因',
  `refund_shipping_code` varchar(255) CHARACTER SET utf8 COLLATE utf8_general_ci NOT NULL DEFAULT '' COMMENT '退款物流单号',
  `refund_shipping_company` varchar(255) CHARACTER SET utf8 COLLATE utf8_general_ci NOT NULL DEFAULT '0' COMMENT '退款物流公司名称',
  `refund_real_money` decimal(10, 2) NOT NULL DEFAULT 0.00 COMMENT '实际退款金额',
  `refund_status` int(1) NOT NULL DEFAULT 0 COMMENT '退款状态',
  `memo` varchar(255) CHARACTER SET utf8 COLLATE utf8_general_ci NOT NULL DEFAULT '' COMMENT '备注',
  `is_evaluate` smallint(6) NOT NULL DEFAULT 0 COMMENT '是否评价 0为未评价 1为已评价 2为已追评',
  `refund_time` int(11) NULL DEFAULT 0 COMMENT '退款时间',
  PRIMARY KEY (`order_goods_id`) USING BTREE
) ENGINE = InnoDB AUTO_INCREMENT = 303 AVG_ROW_LENGTH = 289 CHARACTER SET = utf8 COLLATE = utf8_general_ci COMMENT = '订单商品表' ROW_FORMAT = Compact;

-- ----------------------------
-- Records of ns_order_goods
-- ----------------------------
INSERT INTO `ns_order_goods` VALUES (1, 1, 1, '韩版牛仔短裤女夏前短后长高腰a字毛边大码宽松学生阔腿卷边热裤', 1, '', 27.30, 30.00, '1', 0.00, 27.30, 1, 0, 1, 0, '1', 1, 2, 1, 0, 10, 0, 1, 0.00, 0.00, '', '', '0', 0.00, 0, '', 0, 0);
INSERT INTO `ns_order_goods` VALUES (2, 2, 1, '韩版牛仔短裤女夏前短后长高腰a字毛边大码宽松学生阔腿卷边热裤', 1, '', 27.30, 30.00, '1', 0.00, 27.30, 1, 0, 1, 0, '1', 1, 2, 1, 4, 10, 0, 1, 0.00, 0.00, '', '', '0', 0.00, 0, '', 0, 0);
INSERT INTO `ns_order_goods` VALUES (3, 3, 1, '韩版牛仔短裤女夏前短后长高腰a字毛边大码宽松学生阔腿卷边热裤', 1, '', 27.30, 30.00, '1', 0.00, 27.30, 1, 0, 1, 0, '1', 1, 2, 1, 4, 10, 0, 1, 0.00, 0.00, '', '', '0', 0.00, 0, '', 0, 0);
INSERT INTO `ns_order_goods` VALUES (4, 4, 1, '韩版牛仔短裤女夏前短后长高腰a字毛边大码宽松学生阔腿卷边热裤', 1, '', 27.30, 30.00, '3', 0.00, 27.30, 1, 0, 1, 0, '1', 1, 2, 1, 4, 10, 0, 1, 0.00, 0.00, '', '', '0', 0.00, 0, '', 0, 0);
INSERT INTO `ns_order_goods` VALUES (5, 5, 1, '韩版牛仔短裤女夏前短后长高腰a字毛边大码宽松学生阔腿卷边热裤', 1, '', 27.30, 30.00, '1', 0.00, 27.30, 1, 0, 1, 0, '1', 1, 2, 1, 0, 10, 0, 1, 0.00, 0.00, '', '', '0', 0.00, 0, '', 0, 0);
INSERT INTO `ns_order_goods` VALUES (6, 6, 1, '韩版牛仔短裤女夏前短后长高腰a字毛边大码宽松学生阔腿卷边热裤', 1, '', 27.30, 30.00, '1', 0.00, 27.30, 1, 0, 1, 0, '1', 1, 2, 1, 0, 10, 0, 1, 0.00, 0.00, '', '', '0', 0.00, 0, '', 0, 0);
INSERT INTO `ns_order_goods` VALUES (7, 7, 1, '韩版牛仔短裤女夏前短后长高腰a字毛边大码宽松学生阔腿卷边热裤', 1, '', 27.30, 30.00, '1', 0.00, 27.30, 1, 0, 1, 0, '1', 1, 2, 1, 0, 10, 1, 2, 0.00, 0.00, '买/卖双方协商一致', '', '0', 0.00, -2, '', 0, 1500341222);
INSERT INTO `ns_order_goods` VALUES (8, 8, 1, '韩版牛仔短裤女夏前短后长高腰a字毛边大码宽松学生阔腿卷边热裤', 1, '', 27.30, 30.00, '1', 0.00, 27.30, 1, 0, 1, 0, '1', 1, 2, 1, 0, 10, 0, 1, 0.00, 0.00, '', '', '0', 0.00, 0, '', 0, 0);
INSERT INTO `ns_order_goods` VALUES (9, 9, 1, '韩版牛仔短裤女夏前短后长高腰a字毛边大码宽松学生阔腿卷边热裤', 1, '', 27.30, 30.00, '1', 0.00, 27.30, 1, 0, 1, 0, '1', 1, 2, 1, 0, 1000, 1, 1, 0.00, 0.00, '', '', '0', 0.00, 0, '', 0, 0);
INSERT INTO `ns_order_goods` VALUES (10, 10, 1, '韩版牛仔短裤女夏前短后长高腰a字毛边大码宽松学生阔腿卷边热裤', 1, '', 27.30, 30.00, '1', 0.00, 27.30, 1, 0, 3, 0, '1', 1, 2, 1, 0, 1000, 1, 1, 0.00, 0.00, '', '', '0', 0.00, 0, '', 0, 0);
INSERT INTO `ns_order_goods` VALUES (11, 11, 1, '韩版牛仔短裤女夏前短后长高腰a字毛边大码宽松学生阔腿卷边热裤', 1, '', 27.30, 30.00, '1', 0.00, 27.30, 1, 0, 3, 0, '1', 1, 2, 1, 0, 1000, 1, 1, 0.00, 0.00, '', '', '0', 0.00, 0, '', 0, 0);
INSERT INTO `ns_order_goods` VALUES (12, 12, 1, '韩版牛仔短裤女夏前短后长高腰a字毛边大码宽松学生阔腿卷边热裤', 1, '', 27.30, 30.00, '1', 0.00, 27.30, 1, 0, 1, 0, '1', 1, 2, 1, 0, 1000, 0, 1, 0.00, 0.00, '买/卖双方协商一致', '', '0', 0.00, -2, '', 0, 1500436060);
INSERT INTO `ns_order_goods` VALUES (13, 13, 1, '韩版牛仔短裤女夏前短后长高腰a字毛边大码宽松学生阔腿卷边热裤', 1, '', 27.30, 30.00, '1', 0.00, 27.30, 1, 0, 3, 0, '1', 1, 2, 1, 0, 1000, 1, 1, 0.00, 0.00, '', '', '0', 0.00, 0, '', 0, 0);
INSERT INTO `ns_order_goods` VALUES (14, 14, 1, '韩版牛仔短裤女夏前短后长高腰a字毛边大码宽松学生阔腿卷边热裤', 1, '', 23.40, 30.00, '1', 0.00, 23.40, 1, 0, 1, 0, '1', 1, 2, 1, 0, 1000, 0, 1, 0.00, 0.00, '', '', '0', 0.00, 0, '', 0, 0);
INSERT INTO `ns_order_goods` VALUES (15, 15, 1, '韩版牛仔短裤女夏前短后长高腰a字毛边大码宽松学生阔腿卷边热裤', 1, '', 23.40, 30.00, '3', 0.00, 70.20, 1, 0, 1, 0, '1', 1, 2, 1, 0, 3000, 1, 1, 1.00, 0.00, '买/卖双方协商一致', '', '0', 1.00, 5, '', 0, 1500535716);
INSERT INTO `ns_order_goods` VALUES (16, 15, 16, '测试商品11', 58, '红色 m ', 0.00, 0.00, '1', 0.00, 0.00, 117, 0, 1, 0, '1', 0, 0, 1, 0, 20, 1, 1, 0.00, 0.00, '', '', '0', 0.00, 0, '', 0, 0);
INSERT INTO `ns_order_goods` VALUES (17, 15, 15, '测试商品10', 51, '黑色 ', 6.00, 0.00, '2', 0.00, 12.00, 114, 0, 1, 0, '1', 0, 0, 1, 0, 140, 1, 1, 1.00, 0.00, '买/卖双方协商一致', '', '0', 1.00, 5, '', 0, 1500537199);
INSERT INTO `ns_order_goods` VALUES (18, 16, 1, '韩版牛仔短裤女夏前短后长高腰a字毛边大码宽松学生阔腿卷边热裤', 1, '', 23.40, 30.00, '1', 0.00, 23.40, 1, 0, 1, 0, '1', 1, 2, 1, 0, 1000, 0, 1, 0.00, 0.00, '', '', '0', 0.00, 0, '', 0, 0);
INSERT INTO `ns_order_goods` VALUES (19, 17, 1, '韩版牛仔短裤女夏前短后长高腰a字毛边大码宽松学生阔腿卷边热裤', 1, '', 23.40, 30.00, '1', 0.00, 23.40, 1, 0, 1, 0, '1', 1, 2, 1, 0, 1000, 0, 1, 0.00, 0.00, '', '', '0', 0.00, 0, '', 0, 0);
INSERT INTO `ns_order_goods` VALUES (20, 18, 41, '测试商品11积分', 110, '', 6.00, 0.00, '1', 0.00, 6.00, 122, 0, 1, 0, '1', 0, 0, 1, 0, 1000, 0, 1, 6.00, 0.00, '买/卖双方协商一致', '', '0', 6.00, 5, '', 0, 1500693287);
INSERT INTO `ns_order_goods` VALUES (21, 19, 3, '东风日产 轩逸', 61, '尊享版 ', 198000.00, 0.00, '1', 0.00, 198000.00, 9, 0, 5, 0, '1', 0, 0, 1, 0, 0, 0, 1, 1111.00, 0.00, '买/卖双方协商一致', '', '0', 0.00, 4, '', 0, 1500965243);
INSERT INTO `ns_order_goods` VALUES (22, 20, 17, '测试商品11', 65, '', 6.00, 0.00, '1', 0.00, 6.00, 134, 0, 1, 0, '1', 0, 0, 1, 0, 0, 0, 1, 0.00, 0.00, '', '', '0', 0.00, 0, '', 0, 0);
INSERT INTO `ns_order_goods` VALUES (23, 21, 17, '测试商品11', 65, '', 6.00, 0.00, '1', 0.00, 6.00, 134, 0, 1, 0, '1', 0, 0, 1, 0, 0, 0, 1, 1.00, 0.00, '买/卖双方协商一致', '', '0', 1.00, 5, '', 0, 1500967699);
INSERT INTO `ns_order_goods` VALUES (24, 22, 1, '韩版牛仔短裤女夏前短后长高腰a字毛边大码宽松学生阔腿卷边热裤', 1, '', 27.30, 30.00, '1', 0.00, 27.30, 139, 0, 5, 0, '1', 1, 2, 1, 0, 1000, 0, 1, 0.00, 0.00, '', '', '0', 0.00, 0, '', 0, 0);
INSERT INTO `ns_order_goods` VALUES (25, 23, 17, '测试商品11', 65, '', 6.00, 0.00, '1', 0.00, 6.00, 134, 0, 1, 0, '1', 0, 0, 1, 4, 0, 1, 1, 6.00, 0.00, '买/卖双方协商一致', '', '0', 0.00, -1, '', 0, 1501818730);
INSERT INTO `ns_order_goods` VALUES (26, 24, 1, '韩版牛仔短裤女夏前短后长高腰a字毛边大码宽松学生阔腿卷边热裤', 1, '', 27.30, 30.00, '1', 0.00, 27.30, 139, 0, 87, 0, '1', 1, 2, 1, 0, 1000, 0, 1, 0.00, 0.00, '', '', '0', 0.00, 0, '', 0, 0);
INSERT INTO `ns_order_goods` VALUES (27, 25, 1, '韩版牛仔短裤女夏前短后长高腰a字毛边大码宽松学生阔腿卷边热裤', 1, '', 27.30, 30.00, '1', 0.00, 27.30, 139, 0, 87, 0, '1', 1, 2, 1, 0, 1000, 1, 1, 0.00, 0.00, '', '', '0', 0.00, 0, '', 0, 0);
INSERT INTO `ns_order_goods` VALUES (28, 26, 7, '测试商品', 55, '10 s 黑色 ', 100.00, 100.00, '1', 0.00, 100.00, 119, 0, 6, 0, '1', 0, 0, 1, 0, 0, 0, 1, 0.00, 0.00, '', '', '0', 0.00, 0, '', 0, 0);
INSERT INTO `ns_order_goods` VALUES (29, 27, 7, '测试商品', 55, '10 s 黑色 ', 100.00, 100.00, '1', 0.00, 100.00, 119, 0, 6, 0, '1', 0, 0, 1, 0, 0, 1, 1, 0.00, 0.00, '', '', '0', 0.00, 0, '', 0, 0);
INSERT INTO `ns_order_goods` VALUES (30, 28, 7, '测试商品', 55, '10 s 黑色 ', 100.00, 100.00, '1', 0.00, 100.00, 119, 0, 6, 0, '1', 0, 0, 1, 0, 0, 1, 1, 0.00, 0.00, '', '', '0', 0.00, 0, '', 0, 0);
INSERT INTO `ns_order_goods` VALUES (31, 29, 7, '测试商品', 55, '10 s 黑色 ', 100.00, 100.00, '1', 0.00, 100.00, 119, 0, 6, 0, '1', 0, 0, 1, 0, 0, 1, 1, 0.00, 0.00, '', '', '0', 0.00, 0, '', 0, 0);
INSERT INTO `ns_order_goods` VALUES (32, 30, 7, '测试商品', 56, '11 s 黑色 ', 100.00, 100.00, '1', 0.00, 100.00, 119, 0, 6, 0, '1', 0, 0, 1, 0, 0, 1, 1, 0.00, 0.00, '', '', '0', 0.00, 0, '', 0, 0);
INSERT INTO `ns_order_goods` VALUES (33, 31, 7, '测试商品', 55, '10 s 黑色 ', 100.00, 100.00, '1', 0.00, 100.00, 119, 0, 6, 0, '1', 0, 0, 1, 0, 0, 1, 1, 0.00, 0.00, '', '', '0', 0.00, 0, '', 0, 0);
INSERT INTO `ns_order_goods` VALUES (34, 32, 1, '韩版牛仔短裤女夏前短后长高腰a字毛边大码宽松学生阔腿卷边热裤', 1, '', 23.40, 30.00, '1', 0.00, 23.40, 139, 0, 1, 0, '1', 1, 2, 1, 0, 1000, 0, 1, 0.00, 0.00, '', '', '0', 0.00, 0, '', 0, 0);
INSERT INTO `ns_order_goods` VALUES (35, 33, 3, '东风日产 轩逸', 61, '尊享版 ', 118800.00, 0.00, '1', 0.00, 118800.00, 9, 0, 1, 0, '1', 4, 2, 1, 3, 0, 1, 1, 118790.00, 0.00, '买/卖双方协商一致', '', '0', 0.00, -2, '', 0, 1501582784);
INSERT INTO `ns_order_goods` VALUES (36, 34, 7, '测试商品', 55, '10 s 黑色 ', 60.00, 100.00, '1', 0.00, 60.00, 119, 0, 1, 0, '1', 0, 0, 1, 0, 0, 1, 2, 60.00, 0.00, '买/卖双方协商一致', '03550215155455', '韵达快递', 0.00, -2, '', 0, 1501584216);
INSERT INTO `ns_order_goods` VALUES (37, 35, 3, '东风日产 轩逸', 61, '尊享版 ', 118800.00, 0.00, '1', 0.00, 118800.00, 9, 0, 1, 0, '1', 4, 2, 1, 0, 0, 1, 2, 118000.00, 0.00, '买/卖双方协商一致', '15621051645641654', '百世快递', 118000.00, 5, '', 0, 1501635358);
INSERT INTO `ns_order_goods` VALUES (38, 36, 3, '东风日产 轩逸', 62, '舒适版 ', 148800.00, 0.00, '2', 0.00, 297600.00, 9, 0, 1, 0, '1', 4, 2, 1, 0, 0, 1, 2, 297595.00, 0.00, '买/卖双方协商一致', '021546154894156', '安能快递', 0.00, -2, '', 0, 1501637232);
INSERT INTO `ns_order_goods` VALUES (39, 37, 3, '东风日产 轩逸', 61, '尊享版 ', 118800.00, 0.00, '1', 0.00, 118800.00, 9, 0, 1, 0, '1', 4, 2, 1, 0, 0, 0, 1, 0.00, 0.00, '', '', '0', 0.00, 0, '', 0, 0);
INSERT INTO `ns_order_goods` VALUES (40, 38, 3, '东风日产 轩逸', 61, '尊享版 ', 118800.00, 0.00, '1', 0.00, 118800.00, 9, 0, 1, 0, '1', 4, 2, 1, 0, 0, 0, 1, 0.00, 0.00, '', '', '0', 0.00, 0, '', 0, 0);
INSERT INTO `ns_order_goods` VALUES (41, 39, 3, '东风日产 轩逸', 62, '舒适版 ', 148800.00, 0.00, '1', 0.00, 148800.00, 9, 0, 1, 0, '1', 4, 2, 1, 0, 0, 0, 1, 0.00, 0.00, '', '', '0', 0.00, 0, '', 0, 0);
INSERT INTO `ns_order_goods` VALUES (42, 40, 3, '东风日产 轩逸', 62, '舒适版 ', 148800.00, 0.00, '1', 0.00, 148800.00, 9, 0, 1, 0, '1', 4, 2, 1, 0, 0, 0, 1, 0.00, 0.00, '', '', '0', 0.00, 0, '', 0, 0);
INSERT INTO `ns_order_goods` VALUES (43, 41, 3, '东风日产 轩逸', 61, '尊享版 ', 118800.00, 0.00, '1', 0.00, 118800.00, 9, 0, 1, 0, '1', 4, 2, 1, 0, 0, 0, 1, 0.00, 0.00, '', '', '0', 0.00, 0, '', 0, 0);
INSERT INTO `ns_order_goods` VALUES (44, 42, 1, '韩版牛仔短裤女夏前短后长高腰a字毛边大码宽松学生阔腿卷边热裤', 1, '', 23.40, 30.00, '1', 0.00, 23.40, 139, 0, 1, 0, '1', 4, 2, 1, 0, 1000, 0, 1, 0.00, 0.00, '', '', '0', 0.00, 0, '', 0, 0);
INSERT INTO `ns_order_goods` VALUES (45, 43, 3, '东风日产 轩逸', 61, '尊享版 ', 118800.00, 0.00, '1', 0.00, 118800.00, 9, 0, 1, 0, '1', 4, 2, 1, 0, 0, 0, 1, 0.00, 0.00, '', '', '0', 0.00, 0, '', 0, 0);
INSERT INTO `ns_order_goods` VALUES (46, 43, 7, '测试商品', 55, '10 s 黑色 ', 60.00, 100.00, '1', 0.00, 60.00, 119, 0, 1, 0, '1', 0, 0, 1, 0, 0, 0, 1, 0.00, 0.00, '', '', '0', 0.00, 0, '', 0, 0);
INSERT INTO `ns_order_goods` VALUES (47, 43, 15, '测试商品10', 51, '黑色 ', 6.00, 0.00, '1', 0.00, 6.00, 114, 0, 1, 0, '1', 0, 0, 1, 0, 70, 0, 1, 0.00, 0.00, '', '', '0', 0.00, 0, '', 0, 0);
INSERT INTO `ns_order_goods` VALUES (48, 43, 17, '测试商品11', 65, '', 6.00, 0.00, '2', 0.00, 12.00, 134, 0, 1, 0, '1', 0, 0, 1, 0, 0, 0, 1, 0.00, 0.00, '', '', '0', 0.00, 0, '', 0, 0);
INSERT INTO `ns_order_goods` VALUES (49, 44, 50, 'FANSILANEN喇叭袖V领条纹修身裙子夏连衣裙衬衫裙中长款高腰a字裙', 136, 'xxl ', 699.00, 699.00, '1', 0.00, 699.00, 155, 0, 63, 0, '1', 0, 0, 1, 0, 0, 0, 1, 0.00, 0.00, '', '', '0', 0.00, 0, '', 0, 0);
INSERT INTO `ns_order_goods` VALUES (50, 45, 50, 'FANSILANEN喇叭袖V领条纹修身裙子夏连衣裙衬衫裙中长款高腰a字裙', 136, 'xxl ', 699.00, 699.00, '1', 0.00, 699.00, 155, 0, 63, 0, '1', 0, 0, 1, 0, 0, 0, 1, 0.00, 0.00, '', '', '0', 0.00, 0, '', 0, 0);
INSERT INTO `ns_order_goods` VALUES (51, 46, 50, 'FANSILANEN喇叭袖V领条纹修身裙子夏连衣裙衬衫裙中长款高腰a字裙', 136, 'xxl ', 699.00, 699.00, '2', 0.00, 1398.00, 155, 0, 63, 0, '1', 0, 0, 1, 0, 0, 0, 1, 0.00, 0.00, '', '', '0', 0.00, 0, '', 0, 0);
INSERT INTO `ns_order_goods` VALUES (52, 46, 50, 'FANSILANEN喇叭袖V领条纹修身裙子夏连衣裙衬衫裙中长款高腰a字裙', 137, 'xxxl ', 699.00, 699.00, '1', 0.00, 699.00, 155, 0, 63, 0, '1', 0, 0, 1, 0, 0, 0, 1, 0.00, 0.00, '', '', '0', 0.00, 0, '', 0, 0);
INSERT INTO `ns_order_goods` VALUES (53, 47, 3, '东风日产 轩逸', 156, '舒适版 摩卡棕 ', 126000.00, 198000.00, '1', 0.00, 126000.00, 9, 0, 1, 0, '1', 4, 2, 1, 0, 0, 0, 1, 0.00, 0.00, '', '', '0', 0.00, 0, '', 0, 0);
INSERT INTO `ns_order_goods` VALUES (54, 48, 1, '韩版牛仔短裤女夏前短后长高腰a字毛边大码宽松学生阔腿卷边热裤', 1, '', 23.40, 30.00, '1', 0.00, 23.40, 139, 0, 1, 0, '1', 4, 2, 1, 0, 1000, 0, 1, 0.00, 0.00, '', '', '0', 0.00, 0, '', 0, 0);
INSERT INTO `ns_order_goods` VALUES (55, 49, 56, '2212', 162, '超大 ', 73.20, 33.00, '2', 0.00, 146.40, 172, 0, 1, 0, '1', 0, 0, 1, 0, 0, 0, 1, 0.00, 0.00, '', '', '0', 0.00, 0, '', 0, 0);
INSERT INTO `ns_order_goods` VALUES (56, 50, 1, '韩版牛仔短裤女夏前短后长高腰a字毛边大码宽松学生阔腿卷边热裤', 1, '', 23.40, 30.00, '5', 0.00, 117.00, 139, 0, 1, 0, '1', 4, 2, 1, 0, 5000, 0, 1, 0.00, 0.00, '', '', '0', 0.00, 0, '', 0, 0);
INSERT INTO `ns_order_goods` VALUES (57, 51, 1, '韩版牛仔短裤女夏前短后长高腰a字毛边大码宽松学生阔腿卷边热裤', 1, '', 23.40, 30.00, '1', 0.00, 23.40, 139, 0, 1, 0, '1', 4, 2, 1, 0, 1000, 0, 1, 0.00, 0.00, '', '', '0', 0.00, 0, '', 0, 0);
INSERT INTO `ns_order_goods` VALUES (58, 52, 17, '测试商品11', 65, '', 6.00, 0.00, '1', 0.00, 6.00, 134, 0, 1, 0, '1', 0, 0, 1, 0, 0, 0, 1, 0.00, 0.00, '', '', '0', 0.00, 0, '', 0, 0);
INSERT INTO `ns_order_goods` VALUES (59, 53, 50, 'FANSILANEN喇叭袖V领条纹修身裙子夏连衣裙衬衫裙中长款高腰a字裙', 137, 'xxxl ', 699.00, 699.00, '2', 0.00, 1398.00, 155, 0, 299, 0, '1', 0, 0, 1, 0, 0, 0, 1, 0.00, 0.00, '', '', '0', 0.00, 0, '', 0, 0);
INSERT INTO `ns_order_goods` VALUES (60, 54, 3, '东风日产 轩逸', 153, '尊享版 摩卡棕 ', 105000.00, 198000.00, '1', 0.00, 105000.00, 9, 0, 87, 0, '1', 5, 2, 1, 0, 0, 0, 1, 0.00, 0.00, '', '', '0', 0.00, 0, '', 0, 0);
INSERT INTO `ns_order_goods` VALUES (61, 55, 3, '东风日产 轩逸', 156, '舒适版 摩卡棕 ', 126000.00, 198000.00, '1', 0.00, 126000.00, 9, 0, 1, 0, '1', 0, 0, 1, 0, 0, 0, 1, 0.00, 0.00, '', '', '0', 0.00, 0, '', 0, 0);
INSERT INTO `ns_order_goods` VALUES (62, 56, 3, '东风日产 轩逸', 157, '舒适版 月光银 ', 126000.00, 198000.00, '4', 0.00, 504000.00, 9, 0, 1, 0, '1', 8, 2, 1, 0, 0, 1, 1, 0.00, 0.00, '', '', '0', 0.00, 0, '', 0, 0);
INSERT INTO `ns_order_goods` VALUES (63, 57, 7, '测试商品', 56, '11 s 黑色 ', 60.00, 100.00, '1', 0.00, 60.00, 119, 0, 1, 0, '1', 8, 2, 1, 0, 0, 0, 1, 0.00, 0.00, '', '', '0', 0.00, 0, '', 0, 0);
INSERT INTO `ns_order_goods` VALUES (64, 58, 1, '韩版牛仔短裤女夏前短后长高腰a字毛边大码宽松学生阔腿卷边热裤', 1, '', 23.40, 30.00, '1', 0.00, 23.40, 139, 0, 1, 0, '1', 8, 2, 1, 0, 1000, 1, 1, 0.00, 0.00, '', '', '0', 0.00, 0, '', 0, 0);
INSERT INTO `ns_order_goods` VALUES (65, 59, 56, '2212', 162, '超大 ', 73.20, 33.00, '1', 0.00, 73.20, 172, 0, 1, 0, '1', 0, 0, 1, 0, 0, 1, 1, 0.00, 0.00, '', '', '0', 0.00, 0, '', 0, 0);
INSERT INTO `ns_order_goods` VALUES (66, 60, 7, '测试商品', 56, '11 s 黑色 ', 60.00, 100.00, '1', 0.00, 60.00, 119, 0, 1, 0, '1', 8, 2, 1, 0, 0, 0, 1, 0.00, 0.00, '', '', '0', 0.00, 0, '', 0, 0);
INSERT INTO `ns_order_goods` VALUES (67, 61, 3, '东风日产 轩逸', 153, '尊享版 摩卡棕 ', 126000.00, 198000.00, '4', 0.00, 504000.00, 9, 0, 1, 0, '1', 8, 2, 1, 0, 0, 0, 1, 0.00, 0.00, '', '', '0', 0.00, 0, '', 0, 0);
INSERT INTO `ns_order_goods` VALUES (68, 62, 1, '韩版牛仔短裤女夏前短后长高腰a字毛边大码宽松学生阔腿卷边热裤', 1, '', 23.40, 30.00, '5', 0.00, 117.00, 139, 0, 1, 0, '1', 8, 2, 1, 0, 5000, 0, 1, 0.00, 0.00, '', '', '0', 0.00, 0, '', 0, 0);
INSERT INTO `ns_order_goods` VALUES (69, 63, 1, '韩版牛仔短裤女夏前短后长高腰a字毛边大码宽松学生阔腿卷边热裤', 1, '', 23.40, 30.00, '5', 0.00, 117.00, 139, 0, 1, 0, '1', 8, 2, 1, 0, 5000, 1, 1, 0.00, 0.00, '', '', '0', 0.00, 0, '', 0, 0);
INSERT INTO `ns_order_goods` VALUES (70, 64, 1, '韩版牛仔短裤女夏前短后长高腰a字毛边大码宽松学生阔腿卷边热裤', 1, '', 23.40, 30.00, '5', 0.00, 117.00, 139, 0, 1, 0, '1', 8, 2, 1, 0, 5000, 0, 1, 0.00, 0.00, '', '', '0', 0.00, 0, '', 0, 0);
INSERT INTO `ns_order_goods` VALUES (71, 65, 55, '111', 161, '32 ', 1933.20, 223.00, '4', 0.00, 7732.80, 168, 0, 1, 0, '1', 0, 0, 1, 0, 0, 0, 1, 0.00, 0.00, '', '', '0', 0.00, 0, '', 0, 0);
INSERT INTO `ns_order_goods` VALUES (72, 65, 17, '测试商品11', 65, '', 6.00, 0.00, '1', 0.00, 6.00, 134, 0, 1, 0, '1', 0, 0, 1, 0, 0, 0, 1, 0.00, 0.00, '', '', '0', 0.00, 0, '', 0, 0);
INSERT INTO `ns_order_goods` VALUES (73, 66, 7, '测试商品', 55, '10 s 黑色 ', 60.00, 100.00, '1', 0.00, 60.00, 119, 0, 1, 0, '1', 8, 2, 1, 0, 0, 0, 1, 0.00, 0.00, '', '', '0', 0.00, 0, '', 0, 0);
INSERT INTO `ns_order_goods` VALUES (74, 67, 7, '测试商品', 55, '10 s 黑色 ', 60.00, 100.00, '1', 0.00, 60.00, 119, 0, 1, 0, '1', 8, 2, 1, 0, 0, 0, 1, 0.00, 0.00, '', '', '0', 0.00, 0, '', 0, 0);
INSERT INTO `ns_order_goods` VALUES (75, 68, 3, '东风日产 轩逸', 153, '尊享版 摩卡棕 ', 126000.00, 198000.00, '4', 0.00, 504000.00, 9, 0, 1, 0, '1', 8, 2, 1, 0, 0, 0, 1, 0.00, 0.00, '', '', '0', 0.00, 0, '', 0, 0);
INSERT INTO `ns_order_goods` VALUES (76, 69, 7, '测试商品', 55, '10 s 黑色 ', 60.00, 100.00, '1', 0.00, 60.00, 119, 0, 1, 0, '1', 8, 2, 1, 0, 0, 0, 1, 0.00, 0.00, '', '', '0', 0.00, 0, '', 0, 0);
INSERT INTO `ns_order_goods` VALUES (77, 70, 7, '测试商品', 55, '10 s 黑色 ', 60.00, 100.00, '1', 0.00, 60.00, 119, 0, 1, 0, '1', 8, 2, 1, 0, 0, 0, 1, 0.00, 0.00, '', '', '0', 0.00, 0, '', 0, 0);
INSERT INTO `ns_order_goods` VALUES (78, 71, 7, '测试商品', 55, '10 s 黑色 ', 60.00, 100.00, '1', 0.00, 60.00, 119, 0, 1, 0, '1', 8, 2, 1, 0, 0, 0, 1, 0.00, 0.00, '', '', '0', 0.00, 0, '', 0, 0);
INSERT INTO `ns_order_goods` VALUES (79, 72, 3, '东风日产 轩逸', 153, '尊享版 摩卡棕 ', 126000.00, 198000.00, '4', 0.00, 504000.00, 198, 0, 1, 0, '1', 8, 2, 1, 0, 0, 0, 1, 0.00, 0.00, '', '', '0', 0.00, 0, '', 0, 0);
INSERT INTO `ns_order_goods` VALUES (80, 73, 3, '东风日产 轩逸', 153, '尊享版 摩卡棕 ', 126000.00, 198000.00, '4', 0.00, 504000.00, 198, 0, 1, 0, '1', 8, 2, 1, 0, 0, 0, 1, 0.00, 0.00, '', '', '0', 0.00, 0, '', 0, 0);
INSERT INTO `ns_order_goods` VALUES (81, 74, 1, '韩版牛仔短裤女夏前短后长高腰a字毛边大码宽松学生阔腿卷边热裤', 1, '', 23.40, 30.00, '5', 0.00, 117.00, 201, 0, 1, 0, '1', 8, 2, 1, 0, 5000, 0, 1, 0.00, 0.00, '', '', '0', 0.00, 0, '', 0, 0);
INSERT INTO `ns_order_goods` VALUES (82, 75, 64, '测试', 195, '超大 ', 0.00, 0.00, '1', 0.00, 0.00, 225, 0, 1, 0, '1', 0, 0, 1, 0, 0, 1, 1, 0.00, 0.00, '买/卖双方协商一致', '', '0', 0.00, -2, '', 0, 1503577251);
INSERT INTO `ns_order_goods` VALUES (83, 76, 50, 'FANSILANEN喇叭袖V领条纹修身裙子夏连衣裙衬衫裙中长款高腰a字裙', 136, 'xxl ', 419.40, 699.00, '1', 0.00, 419.40, 233, 0, 1, 0, '1', 0, 0, 1, 0, 0, 0, 1, 0.00, 0.00, '', '', '0', 0.00, 0, '', 0, 0);
INSERT INTO `ns_order_goods` VALUES (84, 77, 7, '测试商品', 55, '10 s 黑色 ', 60.00, 100.00, '1', 0.00, 60.00, 187, 0, 1, 0, '1', 11, 2, 1, 0, 0, 0, 1, 0.00, 0.00, '', '', '0', 0.00, 0, '', 0, 0);
INSERT INTO `ns_order_goods` VALUES (85, 78, 65, 'nubia/努比亚 Z17无边框骁龙835双摄旗舰新品', 201, '蓝色 ', 1679.40, 0.00, '1', 0.00, 1679.40, 231, 0, 1, 0, '1', 0, 0, 1, 0, 0, 1, 1, 0.00, 0.00, '', '', '0', 0.00, 0, '', 0, 0);
INSERT INTO `ns_order_goods` VALUES (86, 79, 65, 'nubia/努比亚 Z17无边框骁龙835双摄旗舰新品', 201, '蓝色 ', 1679.40, 0.00, '1', 0.00, 1679.40, 231, 0, 1, 0, '1', 0, 0, 1, 0, 0, 0, 1, 0.00, 0.00, '', '', '0', 0.00, 0, '', 0, 0);
INSERT INTO `ns_order_goods` VALUES (87, 80, 7, '测试商品', 55, '10 s 黑色 ', 60.00, 100.00, '1', 0.00, 60.00, 187, 0, 1, 0, '1', 11, 2, 1, 0, 0, 0, 1, 0.00, 0.00, '', '', '0', 0.00, 0, '', 0, 0);
INSERT INTO `ns_order_goods` VALUES (88, 81, 7, '测试商品', 55, '10 s 黑色 ', 60.00, 100.00, '1', 0.00, 60.00, 187, 0, 1, 0, '1', 11, 2, 1, 0, 0, 0, 1, 0.00, 0.00, '', '', '0', 0.00, 0, '', 0, 0);
INSERT INTO `ns_order_goods` VALUES (89, 82, 7, '测试商品', 55, '10 s 黑色 ', 60.00, 100.00, '1', 0.00, 60.00, 187, 0, 1, 0, '1', 11, 2, 1, 0, 0, 1, 1, 0.00, 0.00, '', '', '0', 0.00, 0, '', 0, 0);
INSERT INTO `ns_order_goods` VALUES (90, 83, 65, 'nubia/努比亚 Z17无边框骁龙835双摄旗舰新品', 201, '蓝色 ', 1679.40, 0.00, '1', 0.00, 1679.40, 231, 0, 1, 0, '1', 0, 0, 1, 0, 0, 1, 1, 10.00, 0.00, '买/卖双方协商一致', '', '0', 10.00, 5, '', 0, 1503652484);
INSERT INTO `ns_order_goods` VALUES (91, 84, 54, '地方', 151, '', 0.00, 0.00, '1', 0.00, 0.00, 220, 0, 1, 0, '1', 12, 2, 1, 0, 0, 1, 1, 0.00, 0.00, '', '', '0', 0.00, 0, '', 0, 0);
INSERT INTO `ns_order_goods` VALUES (92, 85, 65, 'nubia/努比亚 Z17无边框骁龙835双摄旗舰新品', 201, '蓝色 ', 1679.40, 0.00, '1', 0.00, 1679.40, 231, 0, 1, 0, '1', 12, 2, 1, 0, 0, 0, 1, 0.00, 0.00, '', '', '0', 0.00, 0, '', 0, 0);
INSERT INTO `ns_order_goods` VALUES (93, 86, 65, 'nubia/努比亚 Z17无边框骁龙835双摄旗舰新品', 201, '蓝色 ', 1679.40, 0.00, '1', 0.00, 1679.40, 252, 0, 3, 0, '1', 0, 0, 1, 0, 0, 0, 1, 0.00, 0.00, '', '', '0', 0.00, 0, '', 0, 0);
INSERT INTO `ns_order_goods` VALUES (94, 87, 3, '东风日产 轩逸', 153, '尊享版 摩卡棕 ', 0.60, 1.00, '4', 0.00, 2.40, 242, 0, 2, 0, '1', 13, 2, 1, 0, 0, 0, 1, 0.00, 0.00, '', '', '0', 0.00, 0, '', 0, 0);
INSERT INTO `ns_order_goods` VALUES (95, 88, 15, '测试商品10', 52, '红色 ', 6.00, 0.00, '1', 0.00, 6.00, 262, 0, 1, 0, '1', 14, 2, 1, 0, 70, 1, 1, 0.00, 0.00, '', '', '0', 0.00, 0, '', 0, 0);
INSERT INTO `ns_order_goods` VALUES (96, 89, 68, 'nubia/努比亚 Z17无边框骁龙835双摄旗舰新品-副本', 220, '红色 11 路飞 test ', 2.40, 4.00, '1', 0.00, 2.40, 256, 0, 1, 0, '1', 0, 0, 1, 0, 0, 1, 1, 0.00, 0.00, '', '', '0', 0.00, 0, '', 0, 0);
INSERT INTO `ns_order_goods` VALUES (97, 90, 17, '测试商品11', 65, '', 6.00, 0.00, '1', 0.00, 6.00, 259, 0, 1, 0, '1', 0, 0, 1, 0, 0, 1, 1, 0.00, 0.00, '', '', '0', 0.00, 0, '', 0, 0);
INSERT INTO `ns_order_goods` VALUES (98, 91, 1, '韩版牛仔短裤女夏前短后长高腰a字毛边大码宽松学生阔腿卷边热裤', 1, '', 23.40, 30.00, '5', 0.00, 117.00, 255, 0, 1, 0, '1', 14, 2, 1, 0, 5000, 0, 1, 0.00, 0.00, '', '', '0', 0.00, 0, '', 0, 0);
INSERT INTO `ns_order_goods` VALUES (99, 92, 15, '测试商品10', 51, '黑色 ', 6.00, 0.00, '1', 0.00, 6.00, 262, 0, 1, 0, '1', 0, 0, 1, 0, 70, 0, 1, 0.00, 0.00, '', '', '0', 0.00, 0, '', 0, 0);
INSERT INTO `ns_order_goods` VALUES (100, 93, 3, '东风日产 轩逸', 337, '', 0.00, 0.00, '4', 0.00, 0.00, 261, 0, 1, 0, '1', 0, 0, 1, 0, 0, 0, 1, 0.00, 0.00, '', '', '0', 0.00, 0, '', 0, 0);
INSERT INTO `ns_order_goods` VALUES (101, 94, 68, 'nubia/努比亚 Z17无边框骁龙835双摄旗舰新品-副本', 217, '蓝色 11 路飞 test ', 0.60, 11.00, '1', 0.00, 0.60, 256, 0, 1, 1, '1', 0, 0, 1, 0, 0, 0, 1, 0.00, 0.00, '', '', '0', 0.00, 0, '', 0, 0);
INSERT INTO `ns_order_goods` VALUES (102, 95, 68, 'nubia/努比亚 Z17无边框骁龙835双摄旗舰新品-副本', 217, '蓝色 11 路飞 test ', 0.60, 11.00, '1', 0.00, 0.60, 256, 0, 1, 1, '1', 0, 0, 1, 0, 0, 0, 1, 0.00, 0.00, '', '', '0', 0.00, 0, '', 0, 0);
INSERT INTO `ns_order_goods` VALUES (103, 96, 1, '韩版牛仔短裤女夏前短后长高腰a字毛边大码宽松学生阔腿卷边热裤', 1, '', 38.96, 30.00, '5', 0.00, 272.72, 255, 0, 22, 0, '1', 17, 2, 1, 0, 7000, 0, 1, 0.00, 0.00, '', '', '0', 0.00, 0, '', 0, 0);
INSERT INTO `ns_order_goods` VALUES (104, 97, 1, '韩版牛仔短裤女夏前短后长高腰a字毛边大码宽松学生阔腿卷边热裤', 1, '', 23.40, 30.00, '5', 0.00, 117.00, 255, 0, 1, 0, '1', 17, 2, 1, 0, 5000, 0, 1, 0.00, 0.00, '买/卖双方协商一致', '', '0', 0.00, 1, '', 0, 1504594655);
INSERT INTO `ns_order_goods` VALUES (105, 98, 1, '韩版牛仔短裤女夏前短后长高腰a字毛边大码宽松学生阔腿卷边热裤', 1, '', 23.40, 30.00, '5', 0.00, 117.00, 255, 0, 1, 0, '1', 17, 2, 1, 0, 5000, 1, 1, 0.00, 0.00, '', '', '0', 0.00, 0, '', 0, 0);
INSERT INTO `ns_order_goods` VALUES (106, 99, 1, '韩版牛仔短裤女夏前短后长高腰a字毛边大码宽松学生阔腿卷边热裤', 1, '', 23.40, 30.00, '5', 0.00, 117.00, 255, 0, 1, 0, '1', 17, 2, 1, 0, 5000, 1, 1, 0.00, 0.00, '', '', '0', 0.00, 0, '', 0, 0);
INSERT INTO `ns_order_goods` VALUES (107, 100, 69, '测试', 249, '44 1 88 ', 0.01, 0.00, '1', 0.00, 0.01, 277, 0, 1, 1, '1', 18, 2, 1, 0, 10, 1, 2, 0.01, 0.00, '买/卖双方协商一致', '20000031984918', '安能快递', 0.01, 5, '', 0, 1504584644);
INSERT INTO `ns_order_goods` VALUES (108, 101, 52, 'FANSILANEN喇叭袖V领条纹修身裙子夏连衣裙衬衫裙中长款高腰a字裙-副本', 362, '88 撒旦法 测试 ', 0.01, 0.00, '1', 0.00, 0.01, 222, 0, 1, 0, '1', 0, 0, 1, 0, 0, 1, 1, 0.00, 0.00, '', '', '0', 0.00, 0, '', 0, 0);
INSERT INTO `ns_order_goods` VALUES (109, 102, 69, '测试', 249, '44 1 88 ', 0.01, 0.00, '1', 0.00, 0.01, 277, 0, 1, 1, '1', 18, 2, 1, 0, 10, 0, 1, 0.00, 0.00, '', '', '0', 0.00, 0, '', 0, 0);
INSERT INTO `ns_order_goods` VALUES (110, 103, 69, '测试', 249, '44 1 88 ', 0.01, 0.00, '1', 0.00, 0.01, 277, 0, 1, 1, '1', 18, 2, 1, 0, 10, 0, 1, 0.00, 0.00, '', '', '0', 0.00, 0, '', 0, 0);
INSERT INTO `ns_order_goods` VALUES (111, 104, 68, 'nubia/努比亚 Z17无边框骁龙835双摄旗舰新品-副本', 217, '蓝色 11 路飞 test ', 0.60, 11.00, '1', 0.00, 0.60, 256, 0, 1, 1, '1', 0, 0, 1, 0, 0, 1, 1, 0.60, 0.00, '买/卖双方协商一致', '', '0', 0.60, 5, '', 0, 1504681847);
INSERT INTO `ns_order_goods` VALUES (112, 104, 1, '韩版牛仔短裤女夏前短后长高腰a字毛边大码宽松学生阔腿卷边热裤', 1, '', 23.40, 30.00, '5', 0.00, 117.00, 255, 0, 1, 0, '1', 17, 2, 1, 0, 5000, 0, 1, 0.00, 0.00, '', '', '0', 0.00, 0, '', 0, 0);
INSERT INTO `ns_order_goods` VALUES (113, 106, 68, 'nubia/努比亚 Z17无边框骁龙835双摄旗舰新品-副本', 217, '蓝色 11 路飞 test ', 1.00, 11.00, '1', 0.00, 1.00, 256, 0, 51, 0, '1', 0, 0, 1, 0, 0, 0, 1, 0.00, 0.00, '', '', '0', 0.00, 0, '', 0, 0);
INSERT INTO `ns_order_goods` VALUES (114, 107, 68, 'nubia/努比亚 Z17无边框骁龙835双摄旗舰新品-副本', 217, '蓝色 11 路飞 test ', 1.00, 11.00, '1', 0.00, 1.00, 256, 0, 51, 0, '1', 0, 0, 1, 0, 0, 0, 1, 0.00, 0.00, '', '', '0', 0.00, 0, '', 0, 0);
INSERT INTO `ns_order_goods` VALUES (115, 108, 49, '七分裤', 126, 's ', 120.00, 100.00, '1', 0.00, 120.00, 247, 0, 1, 0, '1', 0, 0, 1, 0, 0, 0, 1, 0.00, 0.00, '', '', '0', 0.00, 0, '', 0, 0);
INSERT INTO `ns_order_goods` VALUES (116, 109, 68, 'nubia/努比亚 Z17无边框骁龙835双摄旗舰新品-副本', 217, '蓝色 11 路飞 test ', 0.60, 11.00, '1', 0.00, 0.60, 256, 0, 1, 0, '1', 0, 0, 1, 0, 0, 0, 1, 0.00, 0.00, '', '', '0', 0.00, 0, '', 0, 0);
INSERT INTO `ns_order_goods` VALUES (117, 110, 49, '七分裤', 129, 'xl ', 120.00, 100.00, '1', 0.00, 120.00, 247, 0, 1, 0, '1', 0, 0, 1, 0, 0, 0, 1, 0.00, 0.00, '', '', '0', 0.00, 0, '', 0, 0);
INSERT INTO `ns_order_goods` VALUES (118, 111, 68, 'nubia/努比亚 Z17无边框骁龙835双摄旗舰新品-副本', 217, '蓝色 11 路飞 test ', 0.60, 11.00, '1', 0.00, 0.60, 256, 0, 1, 0, '1', 0, 0, 1, 0, 0, 0, 1, 0.00, 0.00, '', '', '0', 0.00, 0, '', 0, 0);
INSERT INTO `ns_order_goods` VALUES (119, 112, 68, 'nubia/努比亚 Z17无边框骁龙835双摄旗舰新品-副本', 217, '蓝色 11 路飞 test ', 0.60, 11.00, '1', 0.00, 0.60, 256, 0, 1, 0, '1', 0, 0, 1, 0, 0, 0, 1, 0.00, 0.00, '买/卖双方协商一致', '', '0', 0.00, 5, '', 0, 1504768173);
INSERT INTO `ns_order_goods` VALUES (120, 113, 68, 'nubia/努比亚 Z17无边框骁龙835双摄旗舰新品-副本', 217, '蓝色 11 路飞 test ', 0.60, 11.00, '1', 0.00, 0.60, 256, 0, 1, 0, '1', 0, 0, 1, 0, 0, 0, 1, 0.60, 0.00, '买/卖双方协商一致', '', '0', 0.00, 4, '', 0, 1504768274);
INSERT INTO `ns_order_goods` VALUES (121, 114, 68, 'nubia/努比亚 Z17无边框骁龙835双摄旗舰新品-副本', 217, '蓝色 11 路飞 test ', 0.60, 11.00, '1', 0.00, 0.60, 256, 0, 1, 0, '1', 0, 0, 1, 0, 0, 0, 1, 0.00, 0.00, '', '', '0', 0.00, 0, '', 0, 0);
INSERT INTO `ns_order_goods` VALUES (122, 115, 50, 'FANSILANEN喇叭袖V领条纹修身裙子夏连衣裙衬衫裙中长款高腰a字裙', 132, 's ', 419.40, 699.00, '1', 0.00, 419.40, 233, 0, 1, 0, '1', 0, 0, 1, 0, 0, 0, 1, 0.00, 0.00, '', '', '0', 0.00, 0, '', 0, 0);
INSERT INTO `ns_order_goods` VALUES (123, 115, 68, 'nubia/努比亚 Z17无边框骁龙835双摄旗舰新品-副本', 217, '蓝色 11 路飞 test ', 0.60, 11.00, '1', 0.00, 0.60, 256, 0, 1, 0, '1', 0, 0, 1, 0, 0, 0, 1, 0.00, 0.00, '', '', '0', 0.00, 0, '', 0, 0);
INSERT INTO `ns_order_goods` VALUES (124, 116, 68, 'nubia/努比亚 Z17无边框骁龙835双摄旗舰新品-副本', 217, '蓝色 11 路飞 test ', 0.60, 11.00, '1', 0.00, 0.60, 256, 0, 1, 0, '1', 0, 0, 1, 0, 0, 0, 1, 0.00, 0.00, '', '', '0', 0.00, 0, '', 0, 0);
INSERT INTO `ns_order_goods` VALUES (125, 117, 68, 'nubia/努比亚 Z17无边框骁龙835双摄旗舰新品-副本', 217, '蓝色 11 路飞 test ', 0.60, 11.00, '1', 0.00, 0.60, 256, 0, 1, 0, '1', 0, 0, 1, 0, 0, 0, 1, 0.00, 0.00, '', '', '0', 0.00, 0, '', 0, 0);
INSERT INTO `ns_order_goods` VALUES (126, 118, 65, 'nubia/努比亚 Z17无边框骁龙835双摄旗舰新品', 205, '蓝色 11 ', 1679.40, 0.00, '1', 0.00, 1679.40, 256, 0, 1, 0, '1', 17, 2, 1, 0, 0, 0, 1, 0.00, 0.00, '', '', '0', 0.00, 0, '', 0, 0);
INSERT INTO `ns_order_goods` VALUES (127, 119, 68, 'nubia/努比亚 Z17无边框骁龙835双摄旗舰新品-副本', 217, '蓝色 11 路飞 test ', 0.60, 11.00, '1', 0.00, 0.60, 256, 0, 1, 0, '1', 0, 0, 1, 0, 0, 0, 1, 0.00, 0.00, '', '', '0', 0.00, 0, '', 0, 0);
INSERT INTO `ns_order_goods` VALUES (128, 120, 65, 'nubia/努比亚 Z17无边框骁龙835双摄旗舰新品', 205, '蓝色 11 ', 1679.40, 0.00, '1', 0.00, 1679.40, 256, 0, 1, 0, '1', 17, 2, 1, 0, 0, 0, 1, 0.00, 0.00, '', '', '0', 0.00, 0, '', 0, 0);
INSERT INTO `ns_order_goods` VALUES (129, 121, 69, '测试', 375, '1 88 44 ', 30.00, 0.00, '1', 0.00, 30.00, 277, 0, 1, 1, '1', 0, 0, 1, 0, 10, 0, 1, 0.00, 0.00, '', '', '0', 0.00, 0, '', 0, 0);
INSERT INTO `ns_order_goods` VALUES (130, 122, 65, 'nubia/努比亚 Z17无边框骁龙835双摄旗舰新品', 207, '红色 11 ', 1679.40, 0.00, '1', 0.00, 1679.40, 256, 0, 1, 0, '1', 17, 2, 1, 0, 0, 0, 1, 0.00, 0.00, '', '', '0', 0.00, 0, '', 0, 0);
INSERT INTO `ns_order_goods` VALUES (131, 123, 65, 'nubia/努比亚 Z17无边框骁龙835双摄旗舰新品', 205, '蓝色 11 ', 1679.40, 0.00, '1', 0.00, 1679.40, 256, 0, 1, 0, '1', 17, 2, 1, 0, 0, 0, 1, 0.00, 0.00, '', '', '0', 0.00, 0, '', 0, 0);
INSERT INTO `ns_order_goods` VALUES (132, 124, 14, '测试商品6', 34, '红色 ', 6.00, 0.00, '1', 0.00, 6.00, 263, 0, 1, 0, '1', 17, 2, 1, 0, 0, 0, 1, 0.00, 0.00, '', '', '0', 0.00, 0, '', 0, 0);
INSERT INTO `ns_order_goods` VALUES (133, 125, 68, 'nubia/努比亚 Z17无边框骁龙835双摄旗舰新品-副本', 219, '红色 11 路飞 test ', 1.80, 11.00, '1', 0.00, 1.80, 256, 0, 1, 0, '1', 0, 0, 1, 0, 0, 0, 1, 0.00, 0.00, '', '', '0', 0.00, 0, '', 0, 0);
INSERT INTO `ns_order_goods` VALUES (134, 125, 14, '测试商品6', 34, '红色 ', 6.00, 0.00, '1', 0.00, 6.00, 263, 0, 1, 0, '1', 17, 2, 1, 0, 0, 0, 1, 0.00, 0.00, '', '', '0', 0.00, 0, '', 0, 0);
INSERT INTO `ns_order_goods` VALUES (135, 126, 69, '测试', 375, '1 88 44 ', 30.00, 0.00, '1', 0.00, 30.00, 277, 0, 1, 1, '1', 0, 0, 1, 0, 10, 0, 1, 0.00, 0.00, '', '', '0', 0.00, 0, '', 0, 0);
INSERT INTO `ns_order_goods` VALUES (136, 126, 14, '测试商品6', 34, '红色 ', 6.00, 0.00, '1', 0.00, 6.00, 263, 0, 1, 0, '1', 17, 2, 1, 0, 0, 0, 1, 0.00, 0.00, '', '', '0', 0.00, 0, '', 0, 0);
INSERT INTO `ns_order_goods` VALUES (137, 127, 14, '测试商品6', 34, '红色 ', 6.00, 0.00, '1', 0.00, 6.00, 263, 0, 1, 0, '1', 17, 2, 1, 0, 0, 0, 1, 0.00, 0.00, '', '', '0', 0.00, 0, '', 0, 0);
INSERT INTO `ns_order_goods` VALUES (138, 128, 14, '测试商品6', 34, '红色 ', 6.00, 0.00, '1', 0.00, 6.00, 263, 0, 1, 0, '1', 17, 2, 1, 0, 0, 0, 1, 0.00, 0.00, '', '', '0', 0.00, 0, '', 0, 0);
INSERT INTO `ns_order_goods` VALUES (139, 129, 65, 'nubia/努比亚 Z17无边框骁龙835双摄旗舰新品', 205, '蓝色 11 ', 1679.40, 0.00, '1', 0.00, 1679.40, 256, 0, 1, 0, '1', 17, 2, 1, 0, 0, 0, 1, 0.00, 0.00, '', '', '0', 0.00, 0, '', 0, 0);
INSERT INTO `ns_order_goods` VALUES (140, 130, 65, 'nubia/努比亚 Z17无边框骁龙835双摄旗舰新品', 205, '蓝色 11 ', 1679.40, 0.00, '1', 0.00, 1679.40, 256, 0, 1, 0, '1', 17, 2, 1, 0, 0, 0, 1, 0.00, 0.00, '', '', '0', 0.00, 0, '', 0, 0);
INSERT INTO `ns_order_goods` VALUES (141, 131, 68, 'nubia/努比亚 Z17无边框骁龙835双摄旗舰新品-副本', 217, '蓝色 11 路飞 test ', 0.60, 11.00, '1', 0.00, 0.60, 256, 0, 1, 0, '1', 0, 0, 1, 0, 0, 0, 1, 0.00, 0.00, '', '', '0', 0.00, 0, '', 0, 0);
INSERT INTO `ns_order_goods` VALUES (142, 132, 49, '七分裤', 126, 's ', 120.00, 100.00, '1', 0.00, 120.00, 247, 0, 1, 0, '1', 0, 0, 1, 0, 0, 0, 1, 0.00, 0.00, '', '', '0', 0.00, 0, '', 0, 0);
INSERT INTO `ns_order_goods` VALUES (143, 133, 14, '测试商品6', 34, '红色 ', 6.00, 0.00, '1', 0.00, 6.00, 263, 0, 1, 0, '1', 17, 2, 1, 0, 0, 1, 1, 0.00, 0.00, '买/卖双方协商一致', '', '0', 0.00, 1, '', 0, 1505716734);
INSERT INTO `ns_order_goods` VALUES (144, 134, 14, '测试商品6', 34, '红色 ', 6.00, 0.00, '1', 0.00, 6.00, 263, 0, 1, 0, '1', 17, 2, 1, 0, 0, 1, 1, 0.00, 0.00, '', '', '0', 0.00, 0, '', 0, 0);
INSERT INTO `ns_order_goods` VALUES (145, 135, 14, '测试商品6', 34, '红色 ', 6.00, 3.00, '1', 0.00, 6.00, 263, 0, 1, 0, '1', 17, 2, 1, 0, 0, 1, 1, 0.00, 0.00, '', '', '0', 0.00, 0, '', 0, 0);
INSERT INTO `ns_order_goods` VALUES (146, 136, 14, '测试商品6', 34, '红色 ', 6.00, 3.00, '1', 0.00, 6.00, 263, 0, 1, 0, '1', 17, 2, 1, 0, 0, 0, 1, 0.00, 0.00, '', '', '0', 0.00, 0, '', 0, 0);
INSERT INTO `ns_order_goods` VALUES (147, 137, 14, '测试商品6', 34, '红色 ', 6.00, 3.00, '1', 0.00, 6.00, 263, 0, 1, 0, '1', 17, 2, 1, 0, 0, 0, 1, 0.00, 0.00, '', '', '0', 0.00, 0, '', 0, 0);
INSERT INTO `ns_order_goods` VALUES (148, 138, 14, '测试商品6', 34, '红色 ', 6.00, 3.00, '1', 0.00, 6.00, 263, 0, 1, 0, '1', 17, 2, 1, 0, 0, 0, 1, 0.00, 0.00, '', '', '0', 0.00, 0, '', 0, 0);
INSERT INTO `ns_order_goods` VALUES (149, 139, 14, '测试商品6', 34, '红色 ', 6.00, 3.00, '1', 0.00, 6.00, 263, 0, 1, 0, '1', 17, 2, 1, 0, 0, 0, 1, 0.00, 0.00, '', '', '0', 0.00, 0, '', 0, 0);
INSERT INTO `ns_order_goods` VALUES (150, 140, 14, '测试商品6', 34, '红色 ', 6.00, 3.00, '1', 0.00, 6.00, 263, 0, 1, 0, '1', 17, 2, 1, 0, 0, 0, 1, 0.00, 0.00, '', '', '0', 0.00, 0, '', 0, 0);
INSERT INTO `ns_order_goods` VALUES (151, 141, 14, '测试商品6', 35, '蓝色 ', 6.00, 3.00, '1', 0.00, 6.00, 263, 0, 1, 0, '1', 17, 2, 1, 0, 0, 0, 1, 0.00, 0.00, '买/卖双方协商一致', '', '0', 0.00, 1, '', 0, 1505464301);
INSERT INTO `ns_order_goods` VALUES (152, 142, 68, 'nubia/努比亚 Z17无边框骁龙835双摄旗舰新品-副本', 220, '红色 11 路飞 test ', 2.40, 4.00, '1', 0.00, 2.40, 256, 0, 1, 0, '1', 0, 0, 1, 0, 0, 0, 1, 0.00, 0.00, '买/卖双方协商一致', '', '0', 0.00, 1, '', 0, 1505464460);
INSERT INTO `ns_order_goods` VALUES (153, 143, 69, '测试11', 377, '3 88 44 ', 30.00, 0.00, '1', 0.00, 30.00, 277, 0, 1, 1, '1', 0, 0, 1, 0, 10, 0, 1, 30.00, 0.00, '买/卖双方协商一致', '', '0', 0.00, 1, '', 0, 1505898911);
INSERT INTO `ns_order_goods` VALUES (154, 144, 69, '测试11', 375, '1 88 44 ', 30.00, 0.00, '1', 0.00, 30.00, 277, 0, 1, 1, '1', 0, 0, 1, 0, 10, 0, 1, 0.00, 0.00, '', '', '0', 0.00, 0, '', 0, 0);
INSERT INTO `ns_order_goods` VALUES (155, 145, 75, 'request测试商品-副本', 401, '22 88 ', 66.60, 32.00, '1', 0.00, 66.60, 276, 0, 1, 0, '1', 0, 0, 1, 0, 0, 0, 1, 0.00, 0.00, '', '', '0', 0.00, 0, '', 0, 0);
INSERT INTO `ns_order_goods` VALUES (156, 145, 75, 'request测试商品-副本', 402, '22 99 ', 66.60, 32.00, '1', 0.00, 66.60, 276, 0, 1, 0, '1', 0, 0, 1, 0, 0, 0, 1, 0.00, 0.00, '', '', '0', 0.00, 0, '', 0, 0);
INSERT INTO `ns_order_goods` VALUES (157, 145, 75, 'request测试商品-副本', 400, '44 99 ', 66.60, 32.00, '1', 0.00, 66.60, 276, 0, 1, 0, '1', 0, 0, 1, 0, 0, 0, 1, 0.00, 0.00, '', '', '0', 0.00, 0, '', 0, 0);
INSERT INTO `ns_order_goods` VALUES (158, 146, 75, 'request测试商品-副本', 399, '44 88 ', 66.60, 32.00, '1', 0.00, 66.60, 302, 0, 1, 0, '1', 0, 0, 1, 0, 0, 0, 1, 0.00, 0.00, '', '', '0', 0.00, 0, '', 0, 0);
INSERT INTO `ns_order_goods` VALUES (159, 146, 75, 'request测试商品-副本', 401, '22 88 ', 66.60, 32.00, '1', 0.00, 66.60, 303, 0, 1, 0, '1', 0, 0, 1, 0, 0, 0, 1, 0.00, 0.00, '', '', '0', 0.00, 0, '', 0, 0);
INSERT INTO `ns_order_goods` VALUES (160, 147, 75, 'request测试商品-副本', 399, '44 88 ', 66.60, 32.00, '1', 0.00, 66.60, 302, 0, 1, 0, '1', 0, 0, 1, 0, 0, 0, 1, 0.00, 0.00, '', '', '0', 0.00, 0, '', 0, 0);
INSERT INTO `ns_order_goods` VALUES (161, 147, 75, 'request测试商品-副本', 401, '22 88 ', 66.60, 32.00, '1', 0.00, 66.60, 303, 0, 1, 0, '1', 0, 0, 1, 0, 0, 0, 1, 0.00, 0.00, '', '', '0', 0.00, 0, '', 0, 0);
INSERT INTO `ns_order_goods` VALUES (162, 148, 75, 'request测试商品-副本', 399, '44 88 ', 66.60, 32.00, '1', 0.00, 66.60, 302, 0, 1, 0, '1', 0, 0, 1, 0, 0, 0, 1, 0.00, 0.00, '', '', '0', 0.00, 0, '', 0, 0);
INSERT INTO `ns_order_goods` VALUES (163, 148, 75, 'request测试商品-副本', 401, '22 88 ', 66.60, 32.00, '1', 0.00, 66.60, 303, 0, 1, 0, '1', 0, 0, 1, 0, 0, 0, 1, 0.00, 0.00, '', '', '0', 0.00, 0, '', 0, 0);
INSERT INTO `ns_order_goods` VALUES (164, 149, 69, '测试11', 377, '3 88 44 ', 30.00, 0.00, '1', 0.00, 30.00, 277, 0, 1, 1, '1', 0, 0, 1, 0, 10, 0, 1, 0.00, 0.00, '', '', '0', 0.00, 0, '', 0, 0);
INSERT INTO `ns_order_goods` VALUES (165, 149, 69, '测试11', 376, '2 88 44 ', 30.00, 0.00, '1', 0.00, 30.00, 277, 0, 1, 1, '1', 0, 0, 1, 0, 10, 0, 1, 0.00, 0.00, '', '', '0', 0.00, 0, '', 0, 0);
INSERT INTO `ns_order_goods` VALUES (166, 149, 75, 'request测试商品-副本', 399, '44 88 ', 66.60, 32.00, '1', 0.00, 66.60, 302, 0, 1, 0, '1', 0, 0, 1, 0, 0, 0, 1, 0.00, 0.00, '', '', '0', 0.00, 0, '', 0, 0);
INSERT INTO `ns_order_goods` VALUES (167, 149, 75, 'request测试商品-副本', 401, '22 88 ', 66.60, 32.00, '1', 0.00, 66.60, 303, 0, 1, 0, '1', 0, 0, 1, 0, 0, 0, 1, 0.00, 0.00, '', '', '0', 0.00, 0, '', 0, 0);
INSERT INTO `ns_order_goods` VALUES (168, 150, 75, 'request测试商品-副本', 399, '44 88 ', 66.60, 32.00, '1', 0.00, 66.60, 302, 0, 1, 0, '1', 20, 2, 1, 0, 0, 0, 1, 0.00, 0.00, '', '', '0', 0.00, 0, '', 0, 0);
INSERT INTO `ns_order_goods` VALUES (169, 151, 75, 'request测试商品-副本', 402, '22 99 ', 66.60, 32.00, '1', 0.00, 66.60, 303, 0, 1, 0, '1', 20, 2, 1, 0, 0, 0, 1, 0.00, 0.00, '', '', '0', 0.00, 0, '', 0, 0);
INSERT INTO `ns_order_goods` VALUES (170, 152, 75, 'request测试商品-副本', 399, '44 88 ', 66.60, 32.00, '1', 0.00, 66.60, 302, 0, 1, 0, '1', 20, 2, 1, 0, 0, 0, 1, 0.00, 0.00, '', '', '0', 0.00, 0, '', 0, 0);
INSERT INTO `ns_order_goods` VALUES (171, 153, 75, 'request测试商品-副本', 402, '22 99 ', 66.60, 32.00, '1', 0.00, 66.60, 303, 0, 1, 0, '1', 20, 2, 1, 0, 0, 0, 1, 0.00, 0.00, '', '', '0', 0.00, 0, '', 0, 0);
INSERT INTO `ns_order_goods` VALUES (172, 154, 76, '测试商品-副本', 386, '88 ', 12.00, 0.00, '1', 0.00, 12.00, 277, 0, 1, 0, '1', 20, 2, 1, 0, 0, 0, 1, 0.00, 0.00, '', '', '0', 0.00, 0, '', 0, 0);
INSERT INTO `ns_order_goods` VALUES (173, 155, 75, 'request测试商品-副本', 402, '22 99 ', 66.60, 32.00, '1', 0.00, 66.60, 303, 0, 1, 0, '1', 20, 2, 1, 0, 0, 0, 1, 0.00, 0.00, '', '', '0', 0.00, 0, '', 0, 0);
INSERT INTO `ns_order_goods` VALUES (174, 156, 75, 'request测试商品-副本', 402, '22 99 ', 66.60, 32.00, '1', 0.00, 66.60, 303, 0, 1, 0, '1', 0, 0, 1, 0, 0, 0, 1, 0.00, 0.00, '', '', '0', 0.00, 0, '', 0, 0);
INSERT INTO `ns_order_goods` VALUES (175, 157, 75, 'request测试商品-副本', 402, '22 99 ', 66.60, 32.00, '1', 0.00, 66.60, 303, 0, 1, 0, '1', 0, 0, 1, 0, 0, 0, 1, 0.00, 0.00, '', '', '0', 0.00, 0, '', 0, 0);
INSERT INTO `ns_order_goods` VALUES (176, 158, 75, 'request测试商品-副本', 402, '22 99 ', 66.60, 32.00, '1', 0.00, 66.60, 303, 0, 1, 0, '1', 0, 0, 1, 0, 0, 0, 1, 0.00, 0.00, '', '', '0', 0.00, 0, '', 0, 0);
INSERT INTO `ns_order_goods` VALUES (177, 159, 75, 'request测试商品-副本', 402, '22 99 ', 66.60, 32.00, '1', 0.00, 66.60, 303, 0, 1, 0, '1', 0, 0, 1, 0, 0, 0, 1, 0.00, 0.00, '', '', '0', 0.00, 0, '', 0, 0);
INSERT INTO `ns_order_goods` VALUES (178, 160, 75, 'request测试商品-副本', 402, '22 99 ', 66.60, 32.00, '1', 0.00, 66.60, 303, 0, 1, 0, '1', 0, 0, 1, 0, 0, 0, 1, 0.00, 0.00, '', '', '0', 0.00, 0, '', 0, 0);
INSERT INTO `ns_order_goods` VALUES (179, 161, 75, 'request测试商品-副本', 402, '22 99 ', 66.60, 32.00, '1', 0.00, 66.60, 303, 0, 1, 0, '1', 0, 0, 1, 0, 0, 0, 1, 0.00, 0.00, '', '', '0', 0.00, 0, '', 0, 0);
INSERT INTO `ns_order_goods` VALUES (180, 162, 75, 'request测试商品-副本', 402, '22 99 ', 66.60, 32.00, '1', 0.00, 66.60, 303, 0, 1, 0, '1', 0, 0, 1, 0, 0, 0, 1, 0.00, 0.00, '', '', '0', 0.00, 0, '', 0, 0);
INSERT INTO `ns_order_goods` VALUES (181, 163, 75, 'request测试商品-副本', 402, '22 99 ', 66.60, 32.00, '1', 0.00, 66.60, 303, 0, 1, 0, '1', 0, 0, 1, 0, 0, 0, 1, 0.00, 0.00, '', '', '0', 0.00, 0, '', 0, 0);
INSERT INTO `ns_order_goods` VALUES (182, 164, 75, 'request测试商品-副本', 402, '22 99 ', 66.60, 32.00, '1', 0.00, 66.60, 303, 0, 1, 0, '1', 0, 0, 1, 0, 0, 0, 1, 0.00, 0.00, '', '', '0', 0.00, 0, '', 0, 0);
INSERT INTO `ns_order_goods` VALUES (183, 165, 78, '测试11-副本', 389, '1 88 44 ', 30.00, 0.00, '1', 0.00, 30.00, 277, 0, 1, 1, '1', 0, 0, 1, 0, 10, 0, 1, 0.00, 0.00, '买/卖双方协商一致', '', '0', 0.00, 1, '', 0, 1506583953);
INSERT INTO `ns_order_goods` VALUES (184, 166, 73, '测试商品', 382, '88 ', 12.00, 0.00, '1', 0.00, 12.00, 277, 0, 1, 0, '1', 0, 0, 1, 0, 0, 0, 1, 12.00, 0.00, '买/卖双方协商一致', '', '0', 0.00, 1, '', 0, 1506145215);
INSERT INTO `ns_order_goods` VALUES (185, 167, 73, '测试商品', 382, '88 ', 12.00, 0.00, '1', 0.00, 12.00, 277, 0, 1, 0, '1', 0, 0, 1, 0, 0, 1, 1, 0.00, 0.00, '', '', '0', 0.00, 0, '', 0, 0);
INSERT INTO `ns_order_goods` VALUES (186, 168, 73, '测试商品', 382, '88 ', 12.00, 0.00, '1', 0.00, 12.00, 277, 0, 1, 0, '1', 0, 0, 1, 0, 0, 0, 1, 0.00, 0.00, '', '', '0', 0.00, 0, '', 0, 0);
INSERT INTO `ns_order_goods` VALUES (187, 169, 73, '测试商品', 382, '88 ', 12.00, 0.00, '1', 0.00, 12.00, 277, 0, 1, 0, '1', 0, 0, 1, 0, 0, 0, 1, 0.00, 0.00, '', '', '0', 0.00, 0, '', 0, 0);
INSERT INTO `ns_order_goods` VALUES (188, 170, 75, 'request测试商品-副本', 399, '44 88 ', 66.60, 32.00, '1', 0.00, 66.60, 302, 0, 1, 0, '1', 0, 0, 1, 0, 0, 0, 1, 0.00, 0.00, '', '', '0', 0.00, 0, '', 0, 0);
INSERT INTO `ns_order_goods` VALUES (189, 171, 14, '测试商品6', 34, '红色 ', 1.00, 3.00, '1', 0.00, 1.00, 263, 0, 1, 0, '1', 0, 0, 1, 0, 0, 0, 1, 0.00, 0.00, '', '', '0', 0.00, 0, '', 0, 0);
INSERT INTO `ns_order_goods` VALUES (190, 172, 65, 'nubia/努比亚 Z17无边框骁龙835双摄旗舰新品', 205, '蓝色 11 ', 279.90, 0.00, '1', 0.00, 279.90, 254, 0, 1, 0, '1', 0, 0, 1, 0, 0, 0, 1, 279.90, 0.00, '买/卖双方协商一致', '', '0', 0.00, 1, '', 0, 1506052215);
INSERT INTO `ns_order_goods` VALUES (191, 173, 65, 'nubia/努比亚 Z17无边框骁龙835双摄旗舰新品', 205, '蓝色 11 ', 279.90, 0.00, '1', 0.00, 279.90, 254, 0, 1, 0, '1', 0, 0, 1, 0, 0, 0, 1, 279.90, 0.00, '买/卖双方协商一致', '', '0', 0.00, 1, '', 0, 1506060465);
INSERT INTO `ns_order_goods` VALUES (192, 174, 65, 'nubia/努比亚 Z17无边框骁龙835双摄旗舰新品', 205, '蓝色 11 ', 279.90, 0.00, '1', 0.00, 279.90, 254, 0, 1, 0, '1', 0, 0, 1, 0, 0, 0, 1, 279.90, 0.00, '买/卖双方协商一致', '', '0', 0.00, 1, '', 0, 1506060570);
INSERT INTO `ns_order_goods` VALUES (193, 175, 65, 'nubia/努比亚 Z17无边框骁龙835双摄旗舰新品', 205, '蓝色 11 ', 279.90, 0.00, '1', 0.00, 279.90, 254, 0, 1, 0, '1', 0, 0, 1, 0, 0, 0, 1, 279.90, 0.00, '买/卖双方协商一致', '', '0', 0.00, -2, '', 0, 1506060913);
INSERT INTO `ns_order_goods` VALUES (194, 176, 65, 'nubia/努比亚 Z17无边框骁龙835双摄旗舰新品', 205, '蓝色 11 ', 279.90, 0.00, '1', 0.00, 279.90, 254, 0, 1, 0, '1', 0, 0, 1, 0, 0, 0, 1, 279.90, 0.00, '买/卖双方协商一致', '', '0', 0.00, 1, '', 0, 1506061086);
INSERT INTO `ns_order_goods` VALUES (195, 177, 65, 'nubia/努比亚 Z17无边框骁龙835双摄旗舰新品', 205, '蓝色 11 ', 279.90, 0.00, '1', 0.00, 279.90, 254, 0, 1, 0, '1', 0, 0, 1, 0, 0, 0, 1, 279.90, 0.00, '买/卖双方协商一致', '', '0', 0.00, 1, '', 0, 1506061162);
INSERT INTO `ns_order_goods` VALUES (196, 178, 92, '测试123-副本-副本-副本-副本-副本-副本-副本-副本-副本-副本-副本', 415, 'tt ', 1.10, 11.00, '1', 0.00, 1.10, 271, 0, 1, 0, '1', 0, 0, 1, 0, 0, 0, 1, 0.00, 0.00, '', '', '0', 0.00, 0, '', 0, 0);
INSERT INTO `ns_order_goods` VALUES (197, 179, 65, 'nubia/努比亚 Z17无边框骁龙835双摄旗舰新品', 205, '蓝色 11 ', 279.90, 0.00, '1', 0.00, 279.90, 254, 0, 1, 0, '1', 0, 0, 1, 0, 0, 0, 1, 0.00, 0.00, '', '', '0', 0.00, 0, '', 0, 0);
INSERT INTO `ns_order_goods` VALUES (198, 180, 77, '测试123-副本', 388, '', 2.00, 0.00, '1', 0.00, 2.00, 271, 0, 1, 0, '1', 0, 0, 1, 0, 0, 0, 1, 2.00, 0.00, '买/卖双方协商一致', '', '0', 0.00, 1, '', 0, 1506146694);
INSERT INTO `ns_order_goods` VALUES (199, 181, 69, '测试11', 375, '1 88 44 ', 5.00, 0.00, '1', 0.00, 5.00, 277, 0, 1, 1, '1', 0, 0, 1, 0, 10, 0, 1, 5.00, 0.00, '买/卖双方协商一致', '', '0', 0.00, 1, '', 0, 1506148425);
INSERT INTO `ns_order_goods` VALUES (200, 182, 17, '测试商品11', 65, '', 1.00, 0.00, '1', 0.00, 1.00, 259, 0, 1, 1, '1', 0, 0, 1, 0, 1, 0, 1, 1.00, 0.00, '买/卖双方协商一致', '', '0', 0.00, 1, '', 0, 1506148143);
INSERT INTO `ns_order_goods` VALUES (201, 183, 69, '测试11', 375, '1 88 44 ', 5.00, 0.00, '1', 0.00, 5.00, 277, 0, 1, 1, '1', 0, 0, 1, 0, 10, 0, 1, 5.00, 0.00, '买/卖双方协商一致', '', '0', 0.00, 1, '', 0, 1506148820);
INSERT INTO `ns_order_goods` VALUES (202, 184, 69, '测试11', 375, '1 88 44 ', 5.00, 0.00, '1', 0.00, 5.00, 277, 0, 1, 1, '1', 0, 0, 1, 0, 10, 0, 1, 5.00, 0.00, '买/卖双方协商一致', '', '0', 0.00, 4, '', 0, 1506148962);
INSERT INTO `ns_order_goods` VALUES (203, 185, 69, '测试11', 375, '1 88 44 ', 5.00, 0.00, '1', 0.00, 5.00, 277, 0, 1, 1, '1', 0, 0, 1, 0, 10, 0, 1, 5.00, 0.00, '买/卖双方协商一致', '', '0', 0.90, 5, '', 0, 1506149323);
INSERT INTO `ns_order_goods` VALUES (204, 186, 51, '七分裤-副本', 138, 's ', 200.00, 100.00, '1', 0.00, 200.00, 157, 0, 1, 0, '1', 0, 0, 1, 0, 0, 0, 1, 0.00, 0.00, '', '', '0', 0.00, 0, '', 0, 0);
INSERT INTO `ns_order_goods` VALUES (205, 187, 50, 'FANSILANEN喇叭袖V领条纹修身裙子夏连衣裙衬衫裙中长款高腰a字裙', 132, 's ', 699.00, 699.00, '1', 0.00, 699.00, 233, 0, 1, 0, '1', 0, 0, 1, 0, 0, 0, 1, 0.00, 0.00, '', '', '0', 0.00, 0, '', 0, 0);
INSERT INTO `ns_order_goods` VALUES (206, 188, 50, 'FANSILANEN喇叭袖V领条纹修身裙子夏连衣裙衬衫裙中长款高腰a字裙', 132, 's ', 699.00, 699.00, '1', 0.00, 699.00, 233, 0, 1, 0, '1', 0, 0, 1, 0, 0, 0, 1, 0.00, 0.00, '', '', '0', 0.00, 0, '', 0, 0);
INSERT INTO `ns_order_goods` VALUES (207, 189, 50, 'FANSILANEN喇叭袖V领条纹修身裙子夏连衣裙衬衫裙中长款高腰a字裙', 132, 's ', 699.00, 699.00, '1', 0.00, 699.00, 233, 0, 1, 0, '1', 0, 0, 1, 0, 0, 0, 1, 0.00, 0.00, '', '', '0', 0.00, 0, '', 0, 0);
INSERT INTO `ns_order_goods` VALUES (208, 190, 78, '测试11-副本', 389, '1 88 44 ', 30.00, 0.00, '2', 0.00, 60.00, 277, 0, 1, 1, '1', 0, 0, 1, 0, 20, 0, 1, 0.00, 0.00, '', '', '0', 0.00, 0, '', 0, 0);
INSERT INTO `ns_order_goods` VALUES (209, 191, 14, '测试商品6', 34, '红色 ', 6.00, 3.00, '1', 0.00, 6.00, 114, 0, 1, 0, '1', 23, 2, 1, 0, 0, 0, 1, 0.00, 0.00, '买/卖双方协商一致', '', '0', 0.00, 5, '', 0, 1506483806);
INSERT INTO `ns_order_goods` VALUES (210, 192, 78, '测试11-副本', 392, '4 88 44 ', 30.00, 0.00, '1', 0.00, 30.00, 277, 0, 1, 1, '1', 0, 0, 1, 0, 10, 0, 1, 0.00, 0.00, '', '', '0', 0.00, 0, '', 0, 0);
INSERT INTO `ns_order_goods` VALUES (211, 193, 69, '测试11', 379, '5 88 44 ', 30.00, 0.00, '1', 0.00, 30.00, 277, 0, 1, 1, '1', 25, 2, 1, 0, 10, 0, 1, 0.00, 0.00, '', '', '0', 0.00, 0, '', 0, 0);
INSERT INTO `ns_order_goods` VALUES (212, 194, 92, '测试123-副本-副本-副本-副本-副本-副本-副本-副本-副本-副本-副本', 416, '', 6.60, 11.00, '3', 0.00, 19.80, 271, 0, 1, 1, '1', 0, 0, 1, 0, 30, 0, 1, 0.00, 0.00, '', '', '0', 0.00, 0, '', 0, 0);
INSERT INTO `ns_order_goods` VALUES (213, 195, 78, '测试11-副本', 389, '1 88 44 ', 30.00, 0.00, '1', 0.00, 30.00, 277, 0, 1, 1, '1', 0, 0, 1, 0, 10, 0, 1, 0.00, 0.00, '', '', '0', 0.00, 0, '', 0, 0);
INSERT INTO `ns_order_goods` VALUES (214, 196, 69, '测试11', 375, '1 88 44 ', 30.00, 0.00, '1', 0.00, 30.00, 277, 0, 1, 1, '1', 25, 2, 1, 0, 10, 0, 1, 0.00, 0.00, '', '', '0', 0.00, 0, '', 0, 0);
INSERT INTO `ns_order_goods` VALUES (215, 196, 17, '测试商品11', 65, '', 6.00, 0.00, '1', 0.00, 6.00, 259, 0, 1, 1, '1', 0, 0, 1, 0, 1, 0, 1, 0.00, 0.00, '', '', '0', 0.00, 0, '', 0, 0);
INSERT INTO `ns_order_goods` VALUES (216, 196, 14, '测试商品6', 35, '蓝色 ', 6.00, 3.00, '1', 0.00, 6.00, 122, 0, 1, 0, '1', 25, 2, 1, 0, 0, 0, 1, 0.00, 0.00, '', '', '0', 0.00, 0, '', 0, 0);
INSERT INTO `ns_order_goods` VALUES (217, 196, 1, '韩版牛仔短裤女夏前短后长高腰a字毛边大码宽松学生阔腿卷边热裤', 1, '', 23.40, 30.00, '5', 0.00, 117.00, 255, 0, 1, 0, '1', 0, 0, 1, 0, 5000, 0, 1, 0.00, 0.00, '', '', '0', 0.00, 0, '', 0, 0);
INSERT INTO `ns_order_goods` VALUES (218, 197, 1, '韩版牛仔短裤女夏前短后长高腰a字毛边大码宽松学生阔腿卷边热裤', 1, '', 23.40, 30.00, '5', 0.00, 117.00, 255, 0, 1, 0, '1', 0, 0, 1, 0, 5000, 0, 1, 0.00, 0.00, '', '', '0', 0.00, 0, '', 0, 0);
INSERT INTO `ns_order_goods` VALUES (219, 197, 94, '啊啊', 419, '撒旦法 ', 0.60, 1.00, '1', 0.00, 0.60, 346, 0, 1, 0, '1', 0, 0, 1, 0, 0, 0, 1, 0.00, 0.00, '', '', '0', 0.00, 0, '', 0, 0);
INSERT INTO `ns_order_goods` VALUES (220, 197, 94, '啊啊', 420, '44 ', 0.60, 1.00, '1', 0.00, 0.60, 347, 0, 1, 0, '1', 0, 0, 1, 0, 0, 0, 1, 0.00, 0.00, '', '', '0', 0.00, 0, '', 0, 0);
INSERT INTO `ns_order_goods` VALUES (221, 197, 74, 'request测试商品', 384, '', 0.00, 0.00, '1', 0.00, 0.00, 276, 0, 1, 0, '1', 0, 0, 1, 0, 0, 0, 1, 0.00, 0.00, '', '', '0', 0.00, 0, '', 0, 0);
INSERT INTO `ns_order_goods` VALUES (222, 197, 69, '测试11', 375, '1 88 44 ', 30.00, 0.00, '1', 0.00, 30.00, 277, 0, 1, 1, '1', 25, 2, 1, 0, 10, 0, 1, 0.00, 0.00, '', '', '0', 0.00, 0, '', 0, 0);
INSERT INTO `ns_order_goods` VALUES (223, 198, 69, '测试11', 375, '1 88 44 ', 30.00, 0.00, '1', 0.00, 30.00, 277, 0, 1, 1, '1', 25, 2, 1, 0, 10, 0, 1, 0.00, 0.00, '', '', '0', 0.00, 0, '', 0, 0);
INSERT INTO `ns_order_goods` VALUES (224, 199, 17, '测试商品11', 65, '', 6.00, 0.00, '3', 0.00, 18.00, 259, 0, 1, 1, '1', 0, 0, 1, 0, 3, 0, 1, 18.00, 0.00, '买/卖双方协商一致', '', '0', 18.00, 5, '', 0, 1506677542);
INSERT INTO `ns_order_goods` VALUES (225, 199, 73, '测试商品', 382, '88 ', 12.00, 0.00, '1', 0.00, 12.00, 277, 0, 1, 0, '1', 29, 2, 1, 0, 0, 0, 1, 0.00, 0.00, '', '', '0', 0.00, 0, '', 0, 0);
INSERT INTO `ns_order_goods` VALUES (226, 199, 94, '啊啊', 419, '撒旦法 ', 0.60, 1.00, '1', 0.00, 0.60, 346, 0, 1, 0, '1', 0, 0, 1, 0, 0, 0, 1, 0.00, 0.00, '', '', '0', 0.00, 0, '', 0, 0);
INSERT INTO `ns_order_goods` VALUES (227, 200, 72, '测试123', 381, '', 12.00, 0.00, '2', 0.00, 24.00, 271, 0, 1, 0, '1', 29, 2, 1, 0, 0, 0, 1, 0.00, 0.00, '', '', '0', 0.00, 0, '', 0, 0);
INSERT INTO `ns_order_goods` VALUES (228, 201, 96, '撒旦', 422, '', 100.00, 0.00, '1', 0.00, 100.00, 357, 0, 58, 0, '1', 0, 0, 1, 0, 0, 0, 1, 0.00, 0.00, '', '', '0', 0.00, 0, '', 0, 0);
INSERT INTO `ns_order_goods` VALUES (229, 202, 96, '撒旦', 422, '', 100.00, 0.00, '1', 0.00, 100.00, 357, 0, 58, 0, '1', 0, 0, 1, 0, 0, 1, 1, 0.00, 0.00, '', '', '0', 0.00, 0, '', 0, 0);
INSERT INTO `ns_order_goods` VALUES (230, 203, 96, '撒旦', 422, '', 23.00, 0.00, '1', 0.00, 23.00, 357, 0, 58, 0, '1', 30, 2, 1, 0, 0, 0, 1, 1.00, 0.00, '买/卖双方协商一致', '', '0', 1.00, 5, '', 0, 1506762250);
INSERT INTO `ns_order_goods` VALUES (231, 204, 96, '撒旦', 422, '', 23.00, 0.00, '1', 0.00, 23.00, 357, 0, 1, 1, '1', 30, 2, 1, 0, 2, 0, 1, 0.00, 0.00, '', '', '0', 0.00, 0, '', 0, 0);
INSERT INTO `ns_order_goods` VALUES (232, 206, 96, '撒旦', 422, '', 23.00, 0.00, '20000', 0.00, 460000.00, 357, 0, 58, 0, '1', 30, 2, 1, 0, 40000, 0, 1, 0.00, 0.00, '', '', '0', 0.00, 0, '', 0, 0);
INSERT INTO `ns_order_goods` VALUES (233, 207, 93, 'aaa', 417, '', 0.00, 0.00, '15000', 0.00, 0.00, 326, 0, 58, 0, '1', 0, 0, 1, 0, 30000, 0, 1, 0.00, 0.00, '', '', '0', 0.00, 0, '', 0, 0);
INSERT INTO `ns_order_goods` VALUES (234, 209, 96, '撒旦', 422, '', 99.90, 0.00, '1', 0.00, 99.90, 357, 0, 59, 0, '1', 31, 2, 1, 0, 2, 0, 1, 0.00, 0.00, '', '', '0', 0.00, 0, '', 0, 0);
INSERT INTO `ns_order_goods` VALUES (235, 210, 96, '撒旦', 422, '', 99.90, 0.00, '1', 0.00, 99.90, 357, 0, 59, 0, '1', 31, 2, 1, 0, 2, 1, 1, 1.00, 0.00, '买/卖双方协商一致', '', '0', 0.00, -2, '', 0, 1507522341);
INSERT INTO `ns_order_goods` VALUES (236, 212, 50, 'FANSILANEN喇叭袖V领条纹修身裙子夏连衣裙衬衫裙中长款高腰a字裙', 132, 's ', 699.00, 699.00, '1', 0.00, 699.00, 233, 0, 22, 0, '1', 0, 0, 1, 0, 0, 1, 1, 0.00, 0.00, '', '', '0', 0.00, 0, '', 0, 0);
INSERT INTO `ns_order_goods` VALUES (237, 213, 96, '撒旦', 422, '', 99.90, 0.00, '1', 0.00, 99.90, 359, 0, 59, 0, '1', 31, 2, 1, 0, 2, 1, 1, 0.00, 0.00, '', '', '0', 0.00, 0, '', 0, 0);
INSERT INTO `ns_order_goods` VALUES (238, 214, 96, '撒旦', 422, '', 99.90, 0.00, '1', 0.00, 99.90, 359, 0, 59, 0, '1', 31, 2, 1, 0, 2, 0, 1, 0.00, 0.00, '', '', '0', 0.00, 0, '', 0, 0);
INSERT INTO `ns_order_goods` VALUES (239, 215, 96, '撒旦', 422, '', 99.90, 0.00, '1', 0.00, 99.90, 359, 0, 59, 0, '1', 31, 2, 1, 0, 2, 0, 1, 0.00, 0.00, '', '', '0', 0.00, 0, '', 0, 0);
INSERT INTO `ns_order_goods` VALUES (240, 217, 96, '撒旦', 422, '', 99.90, 0.00, '1', 0.00, 99.90, 359, 0, 59, 0, '1', 31, 2, 1, 0, 2, 0, 1, 0.00, 0.00, '', '', '0', 0.00, 0, '', 0, 0);
INSERT INTO `ns_order_goods` VALUES (241, 218, 96, '撒旦', 422, '', 60.00, 0.00, '1', 0.00, 60.00, 359, 0, 1, 0, '1', 31, 2, 1, 0, 2, 0, 1, 0.00, 0.00, '', '', '0', 0.00, 0, '', 0, 0);
INSERT INTO `ns_order_goods` VALUES (242, 219, 96, '撒旦', 422, '', 60.00, 0.00, '1', 0.00, 60.00, 359, 0, 1, 0, '1', 32, 2, 1, 0, 2, 0, 1, 0.00, 0.00, '', '', '0', 0.00, 0, '', 0, 0);
INSERT INTO `ns_order_goods` VALUES (243, 220, 93, 'aaa', 417, '', 0.00, 0.00, '1', 0.00, 0.00, 326, 0, 1, 1, '1', 31, 2, 1, 0, 2, 0, 1, 0.00, 0.00, '', '', '0', 0.00, 0, '', 0, 0);
INSERT INTO `ns_order_goods` VALUES (244, 221, 70, '积分商品', 246, '', 0.00, 0.00, '1', 0.00, 0.00, 278, 0, 1, 1, '1', 0, 0, 1, 0, 10, 0, 1, 0.00, 0.00, '', '', '0', 0.00, 0, '', 0, 0);
INSERT INTO `ns_order_goods` VALUES (245, 222, 93, 'aaa', 417, '', 0.00, 0.00, '1', 0.00, 0.00, 326, 0, 1, 1, '1', 31, 2, 1, 0, 2, 0, 1, 0.00, 0.00, '', '', '0', 0.00, 0, '', 0, 0);
INSERT INTO `ns_order_goods` VALUES (246, 223, 96, '撒旦', 422, '', 60.00, 0.00, '1', 0.00, 60.00, 359, 0, 1, 0, '1', 32, 2, 1, 0, 2, 0, 1, 0.00, 0.00, '', '', '0', 0.00, 0, '', 0, 0);
INSERT INTO `ns_order_goods` VALUES (247, 224, 96, '撒旦', 422, '', 60.00, 0.00, '1', 0.00, 60.00, 359, 0, 1, 0, '1', 32, 2, 1, 0, 2, 0, 1, 0.00, 0.00, '', '', '0', 0.00, 0, '', 0, 0);
INSERT INTO `ns_order_goods` VALUES (248, 225, 92, '测试123-副本-副本-副本-副本-副本-副本-副本-副本-副本-副本-副本', 416, '', 6.60, 11.00, '1', 0.00, 6.60, 271, 0, 1, 1, '1', 0, 0, 1, 0, 10, 0, 1, 0.00, 0.00, '', '', '0', 0.00, 0, '', 0, 0);
INSERT INTO `ns_order_goods` VALUES (249, 226, 49, '七分裤', 126, 's ', 120.00, 100.00, '1', 0.00, 120.00, 247, 0, 1, 0, '1', 0, 0, 1, 0, 0, 0, 1, 0.00, 0.00, '买/卖双方协商一致', '', '0', 0.00, -2, '', 0, 1507876906);
INSERT INTO `ns_order_goods` VALUES (250, 227, 49, '七分裤', 126, 's ', 120.00, 100.00, '1', 0.00, 120.00, 247, 0, 1, 0, '1', 0, 0, 1, 0, 0, 0, 1, 0.00, 0.00, '', '', '0', 0.00, 0, '', 0, 0);
INSERT INTO `ns_order_goods` VALUES (251, 228, 49, '七分裤', 126, 's ', 120.00, 100.00, '1', 0.00, 120.00, 247, 0, 1, 0, '1', 0, 0, 1, 0, 0, 0, 1, 0.00, 0.00, '', '', '0', 0.00, 0, '', 0, 0);
INSERT INTO `ns_order_goods` VALUES (252, 229, 49, '七分裤', 126, 's ', 120.00, 100.00, '1', 0.00, 120.00, 247, 0, 1, 0, '1', 0, 0, 1, 0, 0, 0, 1, 0.00, 0.00, '', '', '0', 0.00, 0, '', 0, 0);
INSERT INTO `ns_order_goods` VALUES (253, 230, 49, '七分裤', 126, 's ', 120.00, 100.00, '1', 0.00, 120.00, 247, 0, 1, 0, '1', 0, 0, 1, 0, 0, 0, 1, 0.00, 0.00, '', '', '0', 0.00, 0, '', 0, 0);
INSERT INTO `ns_order_goods` VALUES (254, 231, 49, '七分裤', 126, 's ', 120.00, 100.00, '1', 0.00, 120.00, 247, 0, 1, 0, '1', 0, 0, 1, 0, 0, 0, 1, 0.00, 0.00, '', '', '0', 0.00, 0, '', 0, 0);
INSERT INTO `ns_order_goods` VALUES (255, 232, 1, '韩版牛仔短裤女夏前短后长高腰a字毛边大码宽松学生阔腿卷边热裤', 1, '', 23.40, 30.00, '5', 0.00, 117.00, 355, 0, 1, 0, '1', 0, 0, 1, 0, 5000, 1, 1, 0.00, 0.00, '', '', '0', 0.00, 0, '', 0, 0);
INSERT INTO `ns_order_goods` VALUES (256, 232, 14, '测试商品6', 35, '蓝色 ', 6.00, 3.00, '1', 0.00, 6.00, 122, 0, 1, 0, '1', 28, 2, 1, 0, 0, 1, 1, 0.00, 0.00, '', '', '0', 0.00, 0, '', 0, 0);
INSERT INTO `ns_order_goods` VALUES (257, 232, 49, '七分裤', 127, 'm ', 120.00, 100.00, '1', 0.00, 120.00, 247, 0, 1, 0, '1', 0, 0, 1, 0, 0, 1, 1, 0.00, 0.00, '', '', '0', 0.00, 0, '', 0, 0);
INSERT INTO `ns_order_goods` VALUES (258, 233, 99, 'GEMRY/詹姆士 R12 美钻版小鳄鱼皮镶钻智能商务手机', 440, '砖石小鳄鱼皮 32GB 中国大陆 ', 0.60, 1.00, '1', 0.00, 0.60, 456, 0, 1, 0, '1', 0, 0, 1, 0, 0, 0, 1, 0.00, 0.00, '买/卖双方协商一致', '', '0', 0.00, 5, '', 0, 1507952981);
INSERT INTO `ns_order_goods` VALUES (259, 234, 102, 'GEMRY/詹姆士 R12 美钻版小鳄鱼皮镶钻智能商务手机-副本', 446, '砖石小鳄鱼皮 32GB 中国大陆 ', 532.80, 1.00, '1', 0.00, 532.80, 456, 0, 1, 0, '1', 0, 0, 1, 0, 0, 1, 1, 0.00, 0.00, '买/卖双方协商一致', '', '0', 0.00, 5, '', 0, 1507971561);
INSERT INTO `ns_order_goods` VALUES (260, 234, 101, 'GEMRY/詹姆士 R12 美钻版小鳄鱼皮镶钻智能商务手机-副本', 444, '砖石小鳄鱼皮 32GB 中国大陆 ', 30.00, 1.00, '1', 0.00, 30.00, 456, 0, 1, 0, '1', 0, 0, 1, 0, 0, 1, 1, 0.00, 0.00, '', '', '0', 0.00, 0, '', 0, 0);
INSERT INTO `ns_order_goods` VALUES (261, 235, 65, 'nubia/努比亚 Z17无边框骁龙835双摄旗舰新品', 430, '', 0.00, 0.00, '1', 0.00, 0.00, 256, 0, 1, 0, '1', 0, 0, 1, 0, 0, 0, 1, 0.00, 0.00, '', '', '0', 0.00, 0, '', 0, 0);
INSERT INTO `ns_order_goods` VALUES (262, 236, 65, 'nubia/努比亚 Z17无边框骁龙835双摄旗舰新品', 430, '', 0.00, 0.00, '1', 0.00, 0.00, 256, 0, 1, 0, '1', 0, 0, 1, 0, 0, 0, 1, 0.00, 0.00, '', '', '0', 0.00, 0, '', 0, 0);
INSERT INTO `ns_order_goods` VALUES (263, 237, 65, 'nubia/努比亚 Z17无边框骁龙835双摄旗舰新品', 430, '', 0.00, 0.00, '1', 0.00, 0.00, 256, 0, 1, 0, '1', 0, 0, 1, 0, 0, 0, 1, 0.00, 0.00, '', '', '0', 0.00, 0, '', 0, 0);
INSERT INTO `ns_order_goods` VALUES (264, 238, 65, 'nubia/努比亚 Z17无边框骁龙835双摄旗舰新品', 430, '', 0.00, 0.00, '1', 0.00, 0.00, 256, 0, 1, 0, '1', 0, 0, 1, 0, 0, 0, 1, 0.00, 0.00, '', '', '0', 0.00, 0, '', 0, 0);
INSERT INTO `ns_order_goods` VALUES (265, 239, 65, 'nubia/努比亚 Z17无边框骁龙835双摄旗舰新品', 430, '', 0.00, 0.00, '1', 0.00, 0.00, 256, 0, 1, 0, '1', 0, 0, 1, 0, 0, 0, 1, 0.00, 0.00, '', '', '0', 0.00, 0, '', 0, 0);
INSERT INTO `ns_order_goods` VALUES (266, 240, 65, 'nubia/努比亚 Z17无边框骁龙835双摄旗舰新品', 430, '', 0.00, 0.00, '1', 0.00, 0.00, 256, 0, 1, 0, '1', 0, 0, 1, 0, 0, 0, 1, 0.00, 0.00, '', '', '0', 0.00, 0, '', 0, 0);
INSERT INTO `ns_order_goods` VALUES (267, 241, 65, 'nubia/努比亚 Z17无边框骁龙835双摄旗舰新品', 430, '', 0.00, 0.00, '1', 0.00, 0.00, 256, 0, 1, 0, '1', 0, 0, 1, 0, 0, 0, 1, 0.00, 0.00, '', '', '0', 0.00, 0, '', 0, 0);
INSERT INTO `ns_order_goods` VALUES (268, 242, 65, 'nubia/努比亚 Z17无边框骁龙835双摄旗舰新品', 430, '', 0.00, 0.00, '1', 0.00, 0.00, 256, 0, 1, 0, '1', 0, 0, 1, 0, 0, 0, 1, 0.00, 0.00, '', '', '0', 0.00, 0, '', 0, 0);
INSERT INTO `ns_order_goods` VALUES (269, 243, 65, 'nubia/努比亚 Z17无边框骁龙835双摄旗舰新品', 430, '', 0.00, 0.00, '1', 0.00, 0.00, 256, 0, 1, 0, '1', 0, 0, 1, 0, 0, 0, 1, 0.00, 0.00, '买/卖双方协商一致', '', '0', 0.00, 1, '', 0, 1508579089);
INSERT INTO `ns_order_goods` VALUES (270, 244, 65, 'nubia/努比亚 Z17无边框骁龙835双摄旗舰新品', 430, '', 0.00, 0.00, '1', 0.00, 0.00, 256, 0, 1, 0, '1', 0, 0, 1, 0, 0, 1, 1, 0.00, 0.00, '', '', '0', 0.00, 0, '', 0, 0);
INSERT INTO `ns_order_goods` VALUES (271, 245, 65, 'nubia/努比亚 Z17无边框骁龙835双摄旗舰新品', 430, '', 0.00, 0.00, '1', 0.00, 0.00, 256, 0, 1, 0, '1', 0, 0, 1, 0, 0, 0, 1, 0.00, 0.00, '买/卖双方协商一致', '', '0', 0.00, 1, '', 0, 1508578522);
INSERT INTO `ns_order_goods` VALUES (272, 246, 65, 'nubia/努比亚 Z17无边框骁龙835双摄旗舰新品', 430, '', 0.00, 0.00, '1', 0.00, 0.00, 256, 0, 1, 0, '1', 0, 0, 1, 0, 0, 0, 1, 0.00, 0.00, '其他', '', '0', 0.00, 1, '', 0, 1508579064);
INSERT INTO `ns_order_goods` VALUES (273, 247, 52, 'FANSILANEN喇叭袖V领条纹修身裙子夏连衣裙衬衫裙中长款高腰a字裙-副本', 361, '88 44 测试 ', 0.01, 0.00, '1', 0.00, 0.01, 222, 0, 1, 0, '1', 0, 0, 1, 0, 0, 0, 1, 0.00, 0.00, '买/卖双方协商一致', '', '0', 0.01, 5, '', 0, 1508145061);
INSERT INTO `ns_order_goods` VALUES (274, 248, 52, 'FANSILANEN喇叭袖V领条纹修身裙子夏连衣裙衬衫裙中长款高腰a字裙-副本', 361, '88 44 测试 ', 0.01, 0.00, '1', 0.00, 0.01, 222, 0, 1, 0, '1', 0, 0, 1, 0, 0, 0, 1, 0.00, 0.01, '买/卖双方协商一致', '', '0', 0.00, 5, '', 0, 1508146248);
INSERT INTO `ns_order_goods` VALUES (275, 249, 1, '韩版牛仔短裤女夏前短后长高腰a字毛边大码宽松学生阔腿卷边热裤', 1, '', 23.40, 30.00, '7', 0.00, 163.80, 255, 0, 1, 0, '1', 0, 0, 1, 0, 7000, 0, 1, 159.41, 4.39, '买/卖双方协商一致', '', '0', 1.00, 5, '', 0, 1508148113);
INSERT INTO `ns_order_goods` VALUES (276, 250, 1, '韩版牛仔短裤女夏前短后长高腰a字毛边大码宽松学生阔腿卷边热裤', 1, '', 23.40, 30.00, '5', 0.00, 117.00, 255, 0, 1, 0, '1', 0, 0, 1, 0, 5000, 0, 1, 116.99, 0.01, '买/卖双方协商一致', '', '0', 116.99, 5, '', 0, 1508149368);
INSERT INTO `ns_order_goods` VALUES (277, 250, 52, 'FANSILANEN喇叭袖V领条纹修身裙子夏连衣裙衬衫裙中长款高腰a字裙-副本', 361, '88 44 测试 ', 0.01, 0.00, '1', 0.00, 0.01, 222, 0, 1, 0, '1', 0, 0, 1, 0, 0, 0, 1, 0.01, 0.00, '买/卖双方协商一致', '', '0', 0.01, 5, '', 0, 1508150634);
INSERT INTO `ns_order_goods` VALUES (278, 251, 1, '韩版牛仔短裤女夏前短后长高腰a字毛边大码宽松学生阔腿卷边热裤', 1, '', 23.40, 30.00, '5', 0.00, 117.00, 255, 0, 1, 0, '1', 0, 0, 1, 0, 5000, 0, 1, 117.00, 0.00, '买/卖双方协商一致', '', '0', 117.00, 5, '', 0, 1508153747);
INSERT INTO `ns_order_goods` VALUES (279, 252, 52, 'FANSILANEN喇叭袖V领条纹修身裙子夏连衣裙衬衫裙中长款高腰a字裙-副本', 361, '88 44 测试 ', 0.01, 0.00, '1', 0.00, 0.01, 222, 0, 3, 0, '1', 0, 0, 1, 0, 0, 0, 1, 0.00, 0.00, '', '', '0', 0.00, 0, '', 0, 0);
INSERT INTO `ns_order_goods` VALUES (280, 253, 1, '韩版牛仔短裤女夏前短后长高腰a字毛边大码宽松学生阔腿卷边热裤', 1, '', 23.40, 30.00, '5', 0.00, 117.00, 255, 0, 1, 0, '1', 0, 0, 1, 0, 5000, 0, 1, 117.00, 0.00, '买/卖双方协商一致', '', '0', 117.00, 5, '', 0, 1508236817);
INSERT INTO `ns_order_goods` VALUES (281, 254, 1, '韩版牛仔短裤女夏前短后长高腰a字毛边大码宽松学生阔腿卷边热裤', 1, '', 23.40, 30.00, '5', 0.00, 117.00, 255, 0, 1, 0, '1', 0, 0, 1, 0, 5000, 0, 1, 2.00, 0.00, '买/卖双方协商一致', '', '0', 117.00, 5, '', 0, 1508323466);
INSERT INTO `ns_order_goods` VALUES (282, 255, 52, 'FANSILANEN喇叭袖V领条纹修身裙子夏连衣裙衬衫裙中长款高腰a字裙-副本', 361, '88 44 测试 ', 0.01, 0.00, '1', 0.00, 0.01, 222, 0, 1, 0, '1', 0, 0, 1, 0, 0, 0, 1, 0.01, 0.00, '买/卖双方协商一致', '', '0', 0.01, 5, '', 0, 1508375518);
INSERT INTO `ns_order_goods` VALUES (283, 256, 52, 'FANSILANEN喇叭袖V领条纹修身裙子夏连衣裙衬衫裙中长款高腰a字裙-副本', 361, '88 44 测试 ', 0.01, 0.00, '1', 0.00, 0.01, 467, 0, 1, 0, '1', 0, 0, 1, 0, 0, 0, 1, 0.01, 0.00, '买/卖双方协商一致', '', '0', 0.00, -3, '', 0, 1508578364);
INSERT INTO `ns_order_goods` VALUES (284, 256, 14, '测试商品6', 34, '红色 ', 6.00, 3.00, '1', 0.00, 6.00, 114, 0, 1, 0, '1', 28, 2, 1, 0, 0, 0, 1, 0.00, 0.00, '', '', '0', 0.00, 0, '', 0, 0);
INSERT INTO `ns_order_goods` VALUES (285, 256, 1, '韩版牛仔短裤女夏前短后长高腰a字毛边大码宽松学生阔腿卷边热裤', 1, '', 23.40, 30.00, '5', 0.00, 117.00, 255, 0, 1, 0, '1', 0, 0, 1, 0, 5000, 1, 1, 0.01, 0.00, '买/卖双方协商一致', '', '0', 0.00, 4, '', 0, 1508579731);
INSERT INTO `ns_order_goods` VALUES (286, 257, 14, '测试商品6', 34, '红色 ', 6.00, 3.00, '2', 0.00, 12.00, 114, 0, 1, 0, '1', 28, 2, 1, 0, 0, 0, 1, 0.00, 0.00, '买/卖双方协商一致', '', '0', 0.00, -3, '', 0, 1508493593);
INSERT INTO `ns_order_goods` VALUES (287, 257, 51, '七分裤-副本', 138, 's ', 120.00, 100.00, '2', 0.00, 240.00, 157, 0, 1, 0, '1', 0, 0, 1, 0, 0, 0, 1, 240.00, 0.00, '买/卖双方协商一致', '', '0', 0.00, -1, '', 0, 1508493614);
INSERT INTO `ns_order_goods` VALUES (288, 257, 49, '七分裤', 126, 's ', 120.00, 100.00, '1', 0.00, 120.00, 247, 0, 1, 0, '1', 0, 0, 1, 0, 0, 0, 1, 0.00, 0.00, '买/卖双方协商一致', '', '0', 0.00, 4, '', 0, 1508493628);
INSERT INTO `ns_order_goods` VALUES (289, 258, 1, '韩版牛仔短裤女夏前短后长高腰a字毛边大码宽松学生阔腿卷边热裤', 1, '', 39.00, 30.00, '5', 0.00, 195.00, 255, 0, 46, 0, '1', 0, 0, 1, 0, 5000, 0, 1, 0.00, 0.00, '', '', '0', 0.00, 0, '', 0, 0);
INSERT INTO `ns_order_goods` VALUES (290, 258, 49, '七分裤', 126, 's ', 200.00, 100.00, '1', 0.00, 200.00, 247, 0, 46, 0, '1', 0, 0, 1, 0, 0, 0, 1, 0.00, 0.00, '', '', '0', 0.00, 0, '', 0, 0);
INSERT INTO `ns_order_goods` VALUES (291, 259, 49, '七分裤', 126, 's ', 200.00, 100.00, '1', 0.00, 200.00, 247, 0, 46, 0, '1', 0, 0, 1, 0, 0, 0, 1, 0.00, 0.00, '买/卖双方协商一致', '', '0', 0.00, 4, '', 0, 1508494574);
INSERT INTO `ns_order_goods` VALUES (292, 259, 14, '测试商品6', 34, '红色 ', 9.99, 3.00, '1', 0.00, 9.99, 114, 0, 46, 0, '1', 28, 2, 1, 0, 0, 0, 1, 0.00, 0.00, '', '', '0', 0.00, 0, '', 0, 0);
INSERT INTO `ns_order_goods` VALUES (293, 260, 52, 'FANSILANEN喇叭袖V领条纹修身裙子夏连衣裙衬衫裙中长款高腰a字裙-副本', 362, '88 撒旦法 测试 ', 0.01, 0.00, '1', 0.00, 0.01, 467, 0, 1, 0, '1', 0, 0, 1, 0, 0, 1, 1, 0.00, 0.00, '买/卖双方协商一致', '', '0', 0.00, -3, '', 0, 1508579929);
INSERT INTO `ns_order_goods` VALUES (294, 261, 14, '测试商品6', 35, '蓝色 ', 9.99, 3.00, '1', 0.00, 9.99, 122, 0, 22, 0, '1', 28, 2, 1, 0, 0, 0, 1, 0.01, 9.98, '买/卖双方协商一致', '', '0', 0.01, 5, '', 0, 1508726461);
INSERT INTO `ns_order_goods` VALUES (295, 262, 1, '韩版牛仔短裤女夏前短后长高腰a字毛边大码宽松学生阔腿卷边热裤', 1, '', 23.40, 30.00, '5', 0.00, 117.00, 255, 0, 1, 0, '1', 0, 0, 1, 0, 5000, 0, 1, 0.00, 0.00, '', '', '0', 0.00, 0, '', 0, 0);
INSERT INTO `ns_order_goods` VALUES (296, 263, 14, '测试商品6', 34, '红色 ', 6.00, 3.00, '1', 0.00, 6.00, 114, 0, 1, 0, '1', 28, 2, 1, 0, 0, 0, 1, 0.00, 0.00, '', '', '0', 0.00, 0, '', 0, 0);
INSERT INTO `ns_order_goods` VALUES (297, 264, 51, '七分裤-副本', 138, 's ', 120.00, 100.00, '1', 0.00, 120.00, 457, 0, 1, 1, '1', 0, 0, 1, 0, 2, 0, 1, 0.00, 0.00, '', '', '0', 0.00, 0, '', 0, 0);
INSERT INTO `ns_order_goods` VALUES (298, 265, 99, 'Midea/美的 MG90V150WD 9公斤智能变频滚筒洗衣机家用静音全自动', 450, '', 1769.40, 0.00, '1', 0.00, 1769.40, 480, 0, 1, 0, '1', 0, 0, 1, 0, 0, 0, 1, 0.00, 0.00, '', '', '0', 0.00, 0, '', 0, 0);
INSERT INTO `ns_order_goods` VALUES (299, 266, 99, 'Midea/美的 MG90V150WD 9公斤智能变频滚筒洗衣机家用静音全自动', 450, '', 1769.40, 0.00, '1', 0.00, 1769.40, 480, 0, 1, 0, '1', 0, 0, 1, 0, 0, 0, 1, 0.00, 0.00, '', '', '0', 0.00, 0, '', 0, 0);
INSERT INTO `ns_order_goods` VALUES (300, 267, 99, 'Midea/美的 MG90V150WD 9公斤智能变频滚筒洗衣机家用静音全自动', 450, '', 1769.40, 0.00, '1', 0.00, 1769.40, 480, 0, 1, 0, '1', 0, 0, 1, 0, 0, 0, 1, 0.00, 0.00, '', '', '0', 0.00, 0, '', 0, 0);
INSERT INTO `ns_order_goods` VALUES (301, 268, 99, 'Midea/美的 MG90V150WD 9公斤智能变频滚筒洗衣机家用静音全自动', 450, '', 1769.40, 0.00, '1', 0.00, 1769.40, 480, 0, 1, 0, '1', 0, 0, 1, 0, 0, 0, 1, 0.00, 0.00, '', '', '0', 0.00, 0, '', 0, 0);
INSERT INTO `ns_order_goods` VALUES (302, 269, 51, '七分裤-副本', 138, 's ', 120.00, 100.00, '1', 0.00, 120.00, 457, 0, 1, 1, '1', 0, 0, 1, 0, 2, 0, 1, 0.00, 0.00, '', '', '0', 0.00, 0, '', 0, 0);

-- ----------------------------
-- Table structure for ns_order_goods_express
-- ----------------------------
DROP TABLE IF EXISTS `ns_order_goods_express`;
CREATE TABLE `ns_order_goods_express`  (
  `id` int(11) NOT NULL AUTO_INCREMENT,
  `order_id` int(11) NOT NULL COMMENT '订单id',
  `order_goods_id_array` varchar(255) CHARACTER SET utf8 COLLATE utf8_general_ci NOT NULL COMMENT '订单项商品组合列表',
  `express_name` varchar(50) CHARACTER SET utf8 COLLATE utf8_general_ci NOT NULL DEFAULT '' COMMENT '包裹名称  （包裹- 1 包裹 - 2）',
  `shipping_type` tinyint(4) NOT NULL COMMENT '发货方式1 需要物流 0无需物流',
  `express_company_id` int(11) NOT NULL COMMENT '快递公司id',
  `express_company` varchar(255) CHARACTER SET utf8 COLLATE utf8_general_ci NOT NULL DEFAULT '' COMMENT '物流公司名称',
  `express_no` varchar(50) CHARACTER SET utf8 COLLATE utf8_general_ci NOT NULL COMMENT '运单编号',
  `uid` int(11) NOT NULL COMMENT '用户id',
  `user_name` varchar(50) CHARACTER SET utf8 COLLATE utf8_general_ci NOT NULL COMMENT '用户名',
  `memo` varchar(255) CHARACTER SET utf8 COLLATE utf8_general_ci NOT NULL DEFAULT '' COMMENT '备注',
  `shipping_time` int(11) NULL DEFAULT 0 COMMENT '发货时间',
  PRIMARY KEY (`id`) USING BTREE
) ENGINE = InnoDB AUTO_INCREMENT = 42 AVG_ROW_LENGTH = 606 CHARACTER SET = utf8 COLLATE = utf8_general_ci COMMENT = '商品订单物流信息表（多次发货）' ROW_FORMAT = Compact;

-- ----------------------------
-- Records of ns_order_goods_express
-- ----------------------------
INSERT INTO `ns_order_goods_express` VALUES (1, 9, '9', '申通', 1, 1, '申通', '66666', 1, 'admin', '', 1500282500);
INSERT INTO `ns_order_goods_express` VALUES (2, 10, '10', '申通', 1, 1, '申通', '8888888', 1, 'admin', '', 1500282669);
INSERT INTO `ns_order_goods_express` VALUES (3, 13, '13', '申通', 1, 1, '申通', '53453453', 1, 'admin', '', 1500341096);
INSERT INTO `ns_order_goods_express` VALUES (4, 7, '7', '申通', 1, 1, '申通', '45645645', 1, 'admin', '', 1500341180);
INSERT INTO `ns_order_goods_express` VALUES (5, 11, '11', '申通', 1, 1, '申通', '1', 1, 'admin', '', 1500350497);
INSERT INTO `ns_order_goods_express` VALUES (6, 15, '15,16,17', '申通', 1, 1, '申通', '1111111111', 1, 'admin', '', 1500542565);
INSERT INTO `ns_order_goods_express` VALUES (7, 34, '36', '申通', 1, 1, '申通', '1651351651456', 1, 'admin', '', 1501584181);
INSERT INTO `ns_order_goods_express` VALUES (8, 31, '33', '申通', 1, 1, '申通', '4165161', 1, 'admin', '', 1501584390);
INSERT INTO `ns_order_goods_express` VALUES (9, 35, '37', '申通', 1, 1, '申通', '021152165141', 1, 'admin', '', 1501635330);
INSERT INTO `ns_order_goods_express` VALUES (10, 36, '38', '申通', 1, 1, '申通', '1543143125341435', 1, 'admin', '', 1501637180);
INSERT INTO `ns_order_goods_express` VALUES (11, 27, '29', '韵达快递', 1, 5, '韵达快递', '1111111111100', 1, 'admin', '', 1501813580);
INSERT INTO `ns_order_goods_express` VALUES (12, 25, '27', '111', 1, 8, '111', '111111111111111111', 87, '', '', 1502247930);
INSERT INTO `ns_order_goods_express` VALUES (13, 33, '35', '111', 1, 8, '111', '111111111', 1, 'admin', '', 1502263440);
INSERT INTO `ns_order_goods_express` VALUES (14, 23, '25', '111', 1, 8, '111', '22222222222', 1, 'admin', '', 1502263464);
INSERT INTO `ns_order_goods_express` VALUES (15, 30, '32', '111', 1, 8, '111', '11111111111', 1, 'admin', '', 1502331426);
INSERT INTO `ns_order_goods_express` VALUES (16, 29, '31', '111', 1, 8, '111', '22222', 1, 'admin', '', 1502331438);
INSERT INTO `ns_order_goods_express` VALUES (17, 56, '62', '111', 1, 8, '111', '222', 1, 'admin', '', 1502368314);
INSERT INTO `ns_order_goods_express` VALUES (18, 58, '64', '百世快递', 1, 8, '百世快递', '50589718304323', 1, 'admin', '', 1502432590);
INSERT INTO `ns_order_goods_express` VALUES (19, 78, '85', '测试', 1, 9, '测试', 'sdf54sf15as3d1a4fsf', 1, 'admin', '', 1503571395);
INSERT INTO `ns_order_goods_express` VALUES (20, 82, '89', '百世快递', 1, 8, '百世快递', '13135444444444412', 1, 'admin', '', 1503574586);
INSERT INTO `ns_order_goods_express` VALUES (21, 83, '90', '百世快递', 1, 8, '百世快递', '14444444444445', 1, 'admin', '', 1503575723);
INSERT INTO `ns_order_goods_express` VALUES (22, 88, '95', '百世快递', 1, 8, '百世快递', '1451564188777847', 1, 'admin', '', 1504061199);
INSERT INTO `ns_order_goods_express` VALUES (23, 89, '96', '百世快递', 1, 8, '百世快递', ' 90000018666287', 1, 'admin', '', 1504061552);
INSERT INTO `ns_order_goods_express` VALUES (24, 90, '97', '百世快递', 1, 8, '百世快递', '71116092816604', 1, 'admin', '', 1504062158);
INSERT INTO `ns_order_goods_express` VALUES (25, 84, '91', '百世快递', 1, 8, '百世快递', '00001115566', 1, 'admin', '', 1504268470);
INSERT INTO `ns_order_goods_express` VALUES (26, 98, '105', '百世快递', 1, 8, '百世快递', '50601141002176', 1, 'admin', '', 1504525429);
INSERT INTO `ns_order_goods_express` VALUES (27, 99, '106', '百世快递', 1, 8, '百世快递', '71116092816604', 1, 'admin', '', 1504525662);
INSERT INTO `ns_order_goods_express` VALUES (28, 75, '82', '安能快递', 1, 13, '安能快递', '90000018666287', 1, 'admin', '', 1504576695);
INSERT INTO `ns_order_goods_express` VALUES (29, 28, '30', '百世快递', 1, 8, '百世快递', '123121451111515', 1, 'admin', '', 1504576780);
INSERT INTO `ns_order_goods_express` VALUES (30, 100, '107', '申通快递', 1, 12, '申通快递', '3333865947092', 1, 'admin', '', 1504584163);
INSERT INTO `ns_order_goods_express` VALUES (31, 101, '108', '百世快递', 1, 8, '百世快递', '1111111111111111', 1, 'admin', '', 1504594562);
INSERT INTO `ns_order_goods_express` VALUES (32, 104, '111', '百世快递', 1, 8, '百世快递', '123123132', 1, 'admin', '', 1504681881);
INSERT INTO `ns_order_goods_express` VALUES (33, 134, '144', '百世快递', 1, 8, '百世快递', '1212', 33, 'ls', '', 1505360020);
INSERT INTO `ns_order_goods_express` VALUES (34, 135, '145', '百世快递', 1, 8, '百世快递', '1212', 33, 'ls', '', 1505360367);
INSERT INTO `ns_order_goods_express` VALUES (35, 167, '185', '百世快递', 1, 8, '百世快递', '11111', 1, 'admin', '', 1505974496);
INSERT INTO `ns_order_goods_express` VALUES (36, 212, '236', '百世快递', 1, 8, '百世快递', '44561454154145', 1, 'admin', '', 1507529418);
INSERT INTO `ns_order_goods_express` VALUES (37, 232, '255,256,257', '百世快递', 1, 8, '百世快递', '333', 1, 'admin', '', 1507885659);
INSERT INTO `ns_order_goods_express` VALUES (38, 234, '259,260', '百世快递', 1, 8, '百世快递', 'gg', 1, 'admin', '', 1507971528);
INSERT INTO `ns_order_goods_express` VALUES (39, 256, '285', '百世快递', 1, 8, '百世快递', '5555555555555', 1, 'admin', '', 1508471926);
INSERT INTO `ns_order_goods_express` VALUES (40, 260, '293', '百世快递', 1, 8, '百世快递', '71047235247601', 1, 'admin', '', 1508740267);
INSERT INTO `ns_order_goods_express` VALUES (41, 244, '270', '申通快递', 1, 12, '申通快递', '3341684838149', 1, 'admin', '', 1508741896);

-- ----------------------------
-- Table structure for ns_order_goods_promotion_details
-- ----------------------------
DROP TABLE IF EXISTS `ns_order_goods_promotion_details`;
CREATE TABLE `ns_order_goods_promotion_details`  (
  `id` int(11) NOT NULL AUTO_INCREMENT,
  `order_id` int(11) NOT NULL COMMENT '订单ID',
  `sku_id` int(11) NOT NULL COMMENT '商品skuid',
  `promotion_type` varbinary(255) NOT NULL COMMENT '优惠类型规则ID（满减对应规则）',
  `promotion_id` int(11) NOT NULL COMMENT '优惠ID',
  `discount_money` decimal(10, 2) NOT NULL DEFAULT 0.00 COMMENT '优惠的金额，单位：元，精确到小数点后两位',
  `used_time` int(11) NULL DEFAULT 0 COMMENT '使用时间',
  PRIMARY KEY (`id`) USING BTREE
) ENGINE = InnoDB AUTO_INCREMENT = 38 AVG_ROW_LENGTH = 8192 CHARACTER SET = utf8 COLLATE = utf8_general_ci COMMENT = '订单商品优惠详情' ROW_FORMAT = Compact;

-- ----------------------------
-- Records of ns_order_goods_promotion_details
-- ----------------------------
INSERT INTO `ns_order_goods_promotion_details` VALUES (1, 14, 1, 0x4D414E4A49414E, 1, 1.00, 1500436032);
INSERT INTO `ns_order_goods_promotion_details` VALUES (2, 15, 1, 0x4D414E4A49414E, 1, 1.00, 1500535409);
INSERT INTO `ns_order_goods_promotion_details` VALUES (3, 16, 1, 0x4D414E4A49414E, 1, 1.00, 1500542513);
INSERT INTO `ns_order_goods_promotion_details` VALUES (4, 17, 1, 0x4D414E4A49414E, 1, 1.00, 1500688481);
INSERT INTO `ns_order_goods_promotion_details` VALUES (5, 19, 61, 0x4D414E4A49414E, 1, 1.00, 1500965210);
INSERT INTO `ns_order_goods_promotion_details` VALUES (6, 22, 1, 0x4D414E4A49414E, 1, 1.00, 1500966746);
INSERT INTO `ns_order_goods_promotion_details` VALUES (7, 24, 1, 0x4D414E4A49414E, 1, 1.00, 1501038805);
INSERT INTO `ns_order_goods_promotion_details` VALUES (8, 25, 1, 0x4D414E4A49414E, 1, 1.00, 1501041189);
INSERT INTO `ns_order_goods_promotion_details` VALUES (9, 32, 1, 0x4D414E4A49414E, 1, 1.00, 1501152064);
INSERT INTO `ns_order_goods_promotion_details` VALUES (10, 33, 61, 0x434F55504F4E, 48, 10.00, 1501582714);
INSERT INTO `ns_order_goods_promotion_details` VALUES (11, 36, 62, 0x434F55504F4E, 53, 5.00, 1501637159);
INSERT INTO `ns_order_goods_promotion_details` VALUES (12, 37, 61, 0x434F55504F4E, 57, 5.00, 1501662359);
INSERT INTO `ns_order_goods_promotion_details` VALUES (13, 41, 61, 0x434F55504F4E, 48, 10.00, 1501729825);
INSERT INTO `ns_order_goods_promotion_details` VALUES (14, 96, 1, 0x4D414E4A49414E, 18, 0.00, 1504508336);
INSERT INTO `ns_order_goods_promotion_details` VALUES (15, 97, 1, 0x4D414E4A49414E, 18, 0.00, 1504524835);
INSERT INTO `ns_order_goods_promotion_details` VALUES (16, 98, 1, 0x4D414E4A49414E, 18, 0.00, 1504525055);
INSERT INTO `ns_order_goods_promotion_details` VALUES (17, 99, 1, 0x4D414E4A49414E, 18, 0.00, 1504525623);
INSERT INTO `ns_order_goods_promotion_details` VALUES (18, 104, 217, 0x4D414E4A49414E, 18, 0.00, 1504681790);
INSERT INTO `ns_order_goods_promotion_details` VALUES (19, 104, 1, 0x4D414E4A49414E, 18, 0.00, 1504681791);
INSERT INTO `ns_order_goods_promotion_details` VALUES (20, 108, 126, 0x4D414E4A49414E, 18, 0.00, 1504765974);
INSERT INTO `ns_order_goods_promotion_details` VALUES (21, 110, 129, 0x4D414E4A49414E, 18, 0.00, 1504767187);
INSERT INTO `ns_order_goods_promotion_details` VALUES (22, 186, 138, 0x4D414E4A49414E, 21, 80.00, 1506151807);
INSERT INTO `ns_order_goods_promotion_details` VALUES (23, 186, 138, 0x4D414E4A49414E, 20, 50.00, 1506151807);
INSERT INTO `ns_order_goods_promotion_details` VALUES (24, 186, 138, 0x4D414E4A49414E, 19, 10.00, 1506151807);
INSERT INTO `ns_order_goods_promotion_details` VALUES (25, 187, 132, 0x4D414E4A49414E, 23, 120.00, 1506152372);
INSERT INTO `ns_order_goods_promotion_details` VALUES (26, 188, 132, 0x4D414E4A49414E, 23, 120.00, 1506152469);
INSERT INTO `ns_order_goods_promotion_details` VALUES (27, 189, 132, 0x4D414E4A49414E, 23, 120.00, 1506152581);
INSERT INTO `ns_order_goods_promotion_details` VALUES (28, 190, 389, 0x4D414E4A49414E, 19, 10.00, 1506312347);
INSERT INTO `ns_order_goods_promotion_details` VALUES (29, 196, 375, 0x4D414E4A49414E, 20, 9.43, 1506657582);
INSERT INTO `ns_order_goods_promotion_details` VALUES (30, 196, 65, 0x4D414E4A49414E, 20, 1.89, 1506657582);
INSERT INTO `ns_order_goods_promotion_details` VALUES (31, 196, 35, 0x4D414E4A49414E, 20, 1.89, 1506657582);
INSERT INTO `ns_order_goods_promotion_details` VALUES (32, 196, 1, 0x4D414E4A49414E, 20, 36.79, 1506657582);
INSERT INTO `ns_order_goods_promotion_details` VALUES (33, 197, 1, 0x4D414E4A49414E, 19, 7.89, 1506666251);
INSERT INTO `ns_order_goods_promotion_details` VALUES (34, 197, 419, 0x4D414E4A49414E, 19, 0.04, 1506666251);
INSERT INTO `ns_order_goods_promotion_details` VALUES (35, 197, 420, 0x4D414E4A49414E, 19, 0.04, 1506666251);
INSERT INTO `ns_order_goods_promotion_details` VALUES (36, 197, 384, 0x4D414E4A49414E, 19, 0.00, 1506666251);
INSERT INTO `ns_order_goods_promotion_details` VALUES (37, 197, 375, 0x4D414E4A49414E, 19, 2.02, 1506666251);

-- ----------------------------
-- Table structure for ns_order_payment
-- ----------------------------
DROP TABLE IF EXISTS `ns_order_payment`;
CREATE TABLE `ns_order_payment`  (
  `out_trade_no` varchar(30) CHARACTER SET utf8 COLLATE utf8_general_ci NOT NULL COMMENT '支付单编号',
  `shop_id` int(11) NOT NULL DEFAULT 0 COMMENT '执行支付的相关店铺ID（0平台）',
  `type` int(11) NOT NULL DEFAULT 1 COMMENT '订单类型1.商城订单2.交易商支付 3作品支付',
  `type_alis_id` int(11) NOT NULL DEFAULT 0 COMMENT '订单类型关联ID',
  `pay_body` varchar(255) CHARACTER SET utf8 COLLATE utf8_general_ci NOT NULL DEFAULT '' COMMENT '订单支付简介',
  `pay_detail` varchar(1000) CHARACTER SET utf8 COLLATE utf8_general_ci NOT NULL DEFAULT '' COMMENT '订单支付详情',
  `pay_money` decimal(10, 2) NOT NULL DEFAULT 0.00 COMMENT '支付金额',
  `pay_status` tinyint(4) NOT NULL DEFAULT 0 COMMENT '支付状态',
  `pay_type` int(11) NOT NULL DEFAULT 1 COMMENT '支付方式',
  `create_time` int(11) NULL DEFAULT 0 COMMENT '创建时间',
  `pay_time` int(11) NULL DEFAULT 0 COMMENT '支付时间',
  `trade_no` varchar(30) CHARACTER SET utf8 COLLATE utf8_general_ci NOT NULL DEFAULT '' COMMENT '交易号，支付宝退款用，微信传入空'
) ENGINE = InnoDB AVG_ROW_LENGTH = 963 CHARACTER SET = utf8 COLLATE = utf8_general_ci COMMENT = '订单支付表' ROW_FORMAT = Compact;

-- ----------------------------
-- Records of ns_order_payment
-- ----------------------------
INSERT INTO `ns_order_payment` VALUES ('1500273558594', 0, 1, 1, 'Niushop开源商城订单', 'Niushop开源商城订单', 27.30, 0, 1, 1500273559, 0, '');
INSERT INTO `ns_order_payment` VALUES ('1500274130331', 0, 1, 2, 'Niushop开源商城订单', 'Niushop开源商城订单', 0.00, 1, 1, 1500274131, 0, '');
INSERT INTO `ns_order_payment` VALUES ('1500274445549', 0, 1, 3, 'Niushop开源商城订单', 'Niushop开源商城订单', 0.00, 1, 1, 1500274446, 0, '');
INSERT INTO `ns_order_payment` VALUES ('1500274707528', 0, 1, 4, 'Niushop开源商城订单', 'Niushop开源商城订单', 27.30, 0, 1, 1500274708, 0, '');
INSERT INTO `ns_order_payment` VALUES ('1500274876861', 0, 1, 5, 'Niushop开源商城订单', 'Niushop开源商城订单', 27.30, 0, 1, 1500274877, 0, '');
INSERT INTO `ns_order_payment` VALUES ('1500274974202', 0, 1, 6, 'Niushop开源商城订单', 'Niushop开源商城订单', 27.30, 0, 1, 1500274975, 0, '');
INSERT INTO `ns_order_payment` VALUES ('1500275310740', 0, 1, 7, 'Niushop开源商城订单', 'Niushop开源商城订单', 0.00, 1, 1, 1500275311, 0, '');
INSERT INTO `ns_order_payment` VALUES ('1500277002385', 0, 1, 8, 'Niushop开源商城订单', 'Niushop开源商城订单', 27.30, 0, 1, 1500277003, 0, '');
INSERT INTO `ns_order_payment` VALUES ('1500282491728', 0, 1, 9, 'Niushop开源商城订单', 'Niushop开源商城订单', 27.30, 1, 10, 1500282474, 1500282492, '');
INSERT INTO `ns_order_payment` VALUES ('1500282659324', 0, 1, 10, 'Niushop开源商城订单', 'Niushop开源商城订单', 27.30, 1, 10, 1500282629, 1500282659, '');
INSERT INTO `ns_order_payment` VALUES ('1500282928345', 0, 1, 11, 'Niushop开源商城订单', 'Niushop开源商城订单', 27.30, 1, 10, 1500282903, 1500282928, '');
INSERT INTO `ns_order_payment` VALUES ('1500283009888', 0, 1, 12, 'Niushop开源商城订单', 'Niushop开源商城订单', 27.30, 1, 10, 1500282997, 1500283009, '');
INSERT INTO `ns_order_payment` VALUES ('1500283065340', 0, 1, 13, 'Niushop开源商城订单', 'Niushop开源商城订单', 27.30, 1, 10, 1500283047, 1500283065, '');
INSERT INTO `ns_order_payment` VALUES ('1500436032454', 0, 1, 14, 'Niushop订单', 'Niushop订单', 22.40, 0, 1, 1500436032, 0, '');
INSERT INTO `ns_order_payment` VALUES ('1500535421279', 0, 1, 15, 'Niushop订单', 'Niushop订单', 81.20, 1, 10, 1500535409, 1500535421, '');
INSERT INTO `ns_order_payment` VALUES ('1500542513343', 0, 1, 16, 'Niushop订单', 'Niushop订单', 22.40, 0, 1, 1500542513, 0, '');
INSERT INTO `ns_order_payment` VALUES ('1500688480652', 0, 1, 17, 'Niushop开源商城订单', 'Niushop开源商城订单', 22.40, 1, 1, 1500688481, 0, '');
INSERT INTO `ns_order_payment` VALUES ('1500693266806', 0, 1, 18, 'Niushop开源商城订单', 'Niushop开源商城订单', 6.00, 1, 10, 1500693229, 1500693266, '');
INSERT INTO `ns_order_payment` VALUES ('1500965221948', 0, 1, 19, 'Niushop开源商城订单', 'Niushop开源商城订单', 197999.00, 1, 10, 1500965209, 1500965222, '');
INSERT INTO `ns_order_payment` VALUES ('1500967541938', 0, 1, 20, 'Niushop开源商城订单', 'Niushop开源商城订单', 6.00, 0, 1, 1500967541, 0, '');
INSERT INTO `ns_order_payment` VALUES ('1500967675321', 0, 1, 21, 'Niushop开源商城订单', 'Niushop开源商城订单', 6.00, 0, 1, 1500967558, 0, '');
INSERT INTO `ns_order_payment` VALUES ('1500966745212', 0, 1, 22, 'Niushop开源商城订单', 'Niushop开源商城订单', 27.30, 0, 1, 1500966746, 0, '');
INSERT INTO `ns_order_payment` VALUES ('1500969018125', 0, 1, 23, 'Niushop开源商城订单', 'Niushop开源商城订单', 6.00, 0, 1, 1500969011, 0, '');
INSERT INTO `ns_order_payment` VALUES ('1501038841526', 0, 1, 24, 'Niushop开源商城订单', 'Niushop开源商城订单', 27.30, 1, 10, 1501038805, 1501038841, '');
INSERT INTO `ns_order_payment` VALUES ('1501041229125', 0, 1, 25, 'Niushop开源商城订单', 'Niushop开源商城订单', 27.30, 1, 10, 1501041189, 1501041229, '');
INSERT INTO `ns_order_payment` VALUES ('1501139956933', 0, 1, 26, 'niushop开源商城订单', 'niushop开源商城订单', 0.00, 1, 1, 1501139956, 0, '');
INSERT INTO `ns_order_payment` VALUES ('1501140004659', 0, 1, 27, 'niushop开源商城订单', 'niushop开源商城订单', 0.00, 1, 1, 1501140004, 0, '');
INSERT INTO `ns_order_payment` VALUES ('1501140129454', 0, 1, 28, 'niushop开源商城订单', 'niushop开源商城订单', 0.00, 1, 1, 1501140130, 0, '');
INSERT INTO `ns_order_payment` VALUES ('1501140300215', 0, 1, 29, 'niushop开源商城订单', 'niushop开源商城订单', 0.00, 1, 1, 1501140300, 0, '');
INSERT INTO `ns_order_payment` VALUES ('1501140323809', 0, 1, 30, 'niushop开源商城订单', 'niushop开源商城订单', 0.00, 1, 1, 1501140323, 0, '');
INSERT INTO `ns_order_payment` VALUES ('1501140344619', 0, 1, 31, 'niushop开源商城订单', 'niushop开源商城订单', 0.00, 1, 1, 1501140344, 0, '');
INSERT INTO `ns_order_payment` VALUES ('1501152063705', 0, 1, 32, 'niushop开源商城订单', 'niushop开源商城订单', 23.40, 0, 1, 1501152064, 0, '');
INSERT INTO `ns_order_payment` VALUES ('1501582728612', 0, 1, 33, 'niushop开源商城订单', 'niushop开源商城订单', 118790.00, 1, 10, 1501582714, 1501582728, '');
INSERT INTO `ns_order_payment` VALUES ('1501584166298', 0, 1, 34, 'niushop开源商城订单', 'niushop开源商城订单', 60.00, 1, 10, 1501584152, 1501584166, '');
INSERT INTO `ns_order_payment` VALUES ('1501593878332', 0, 1, 35, 'niushop开源商城订单', 'niushop开源商城订单', 118800.00, 1, 10, 1501591878, 1501593878, '');
INSERT INTO `ns_order_payment` VALUES ('1501637169359', 0, 1, 36, 'niushop开源商城订单', 'niushop开源商城订单', 297595.00, 1, 10, 1501637159, 1501637169, '');
INSERT INTO `ns_order_payment` VALUES ('1501662358691', 0, 1, 37, 'niushop开源商城订单', 'niushop开源商城订单', 118795.00, 0, 1, 1501662359, 0, '');
INSERT INTO `ns_order_payment` VALUES ('1501666693734', 0, 1, 38, 'niushop开源商城订单', 'niushop开源商城订单', 118800.00, 0, 1, 1501666693, 0, '');
INSERT INTO `ns_order_payment` VALUES ('1501666785839', 0, 1, 39, 'niushop开源商城订单', 'niushop开源商城订单', 148800.00, 0, 1, 1501666785, 0, '');
INSERT INTO `ns_order_payment` VALUES ('1501666808706', 0, 1, 40, 'niushop开源商城订单', 'niushop开源商城订单', 148800.00, 0, 1, 1501666808, 0, '');
INSERT INTO `ns_order_payment` VALUES ('1501729824919', 0, 1, 41, 'niushop开源商城订单', 'niushop开源商城订单', 118790.00, 0, 1, 1501729825, 0, '');
INSERT INTO `ns_order_payment` VALUES ('1501730028427', 0, 1, 42, 'niushop开源商城订单', 'niushop开源商城订单', 24.40, 0, 1, 1501729951, 0, '');
INSERT INTO `ns_order_payment` VALUES ('1501730152813', 0, 1, 43, 'niushop开源商城订单', 'niushop开源商城订单', 118878.00, 0, 1, 1501730128, 0, '');
INSERT INTO `ns_order_payment` VALUES ('1501761527152', 0, 1, 44, 'niushop开源商城订单', 'niushop开源商城订单', 699.00, 0, 1, 1501761527, 0, '');
INSERT INTO `ns_order_payment` VALUES ('1501762140687', 0, 1, 45, 'niushop开源商城订单', 'niushop开源商城订单', 699.00, 0, 1, 1501762140, 0, '');
INSERT INTO `ns_order_payment` VALUES ('1501762223884', 0, 1, 46, 'niushop开源商城订单', 'niushop开源商城订单', 2097.00, 0, 1, 1501762223, 0, '');
INSERT INTO `ns_order_payment` VALUES ('1501901359259', 0, 1, 47, 'Niushop开源商城订单', 'Niushop开源商城订单', 126100.00, 0, 1, 1501901360, 0, '');
INSERT INTO `ns_order_payment` VALUES ('1501901862225', 0, 1, 48, 'Niushop开源商城订单', 'Niushop开源商城订单', 25.40, 0, 1, 1501901862, 0, '');
INSERT INTO `ns_order_payment` VALUES ('1501918422963', 0, 1, 49, 'niushop开源商城订单', 'niushop开源商城订单', 148.40, 0, 1, 1501918422, 0, '');
INSERT INTO `ns_order_payment` VALUES ('1501918610643', 0, 1, 50, 'niushop开源商城订单', 'niushop开源商城订单', 117.00, 0, 1, 1501918610, 0, '');
INSERT INTO `ns_order_payment` VALUES ('1501924605730', 0, 1, 51, 'niushop开源商城订单', 'niushop开源商城订单', 33.40, 0, 1, 1501924605, 0, '');
INSERT INTO `ns_order_payment` VALUES ('1501925254338', 0, 1, 52, 'niushop开源商城订单', 'niushop开源商城订单', 16.00, 0, 1, 1501925254, 0, '');
INSERT INTO `ns_order_payment` VALUES ('1502075545956', 0, 1, 53, 'niushop开源商城订单', 'niushop开源商城订单', 1398.00, 0, 1, 1502075545, 0, '');
INSERT INTO `ns_order_payment` VALUES ('1502087950218', 0, 1, 54, 'niushop开源商城订单', 'niushop开源商城订单', 105000.00, 0, 1, 1502087950, 0, '');
INSERT INTO `ns_order_payment` VALUES ('1502107614434', 0, 1, 55, 'Niushop开源商城订单', 'Niushop开源商城订单', 126000.00, 0, 1, 1502107614, 0, '');
INSERT INTO `ns_order_payment` VALUES ('1502368301124', 0, 1, 56, 'niushop开源商城订单', 'niushop开源商城订单', 504000.00, 1, 10, 1502368274, 1502368302, '');
INSERT INTO `ns_order_payment` VALUES ('1502414194868', 0, 1, 57, 'niushop开源商城订单', 'niushop开源商城订单', 60.00, 0, 1, 1502414195, 0, '');
INSERT INTO `ns_order_payment` VALUES ('1502432575545', 0, 1, 58, 'niushop开源商城订单', 'niushop开源商城订单', 25.40, 1, 10, 1502432450, 1502432576, '');
INSERT INTO `ns_order_payment` VALUES ('1502433494526', 0, 1, 59, 'Niushop开源商城订单', 'Niushop开源商城订单', 75.20, 1, 10, 1502433483, 1502433494, '');
INSERT INTO `ns_order_payment` VALUES ('1502454201613', 0, 1, 60, 'niushop开源商城订单', 'niushop开源商城订单', 60.00, 0, 1, 1502454202, 0, '');
INSERT INTO `ns_order_payment` VALUES ('1502510527240', 0, 1, 61, 'Niushop开源商城订单', 'Niushop开源商城订单', 504000.00, 0, 1, 1502510528, 0, '');
INSERT INTO `ns_order_payment` VALUES ('1502531179230', 0, 1, 62, 'niushop开源商城订单', 'niushop开源商城订单', 117.00, 0, 1, 1502531179, 0, '');
INSERT INTO `ns_order_payment` VALUES ('1502531345700', 0, 1, 63, 'niushop开源商城订单', 'niushop开源商城订单', 117.00, 1, 10, 1502531186, 1502531345, '');
INSERT INTO `ns_order_payment` VALUES ('1502531496628', 0, 1, 64, 'niushop开源商城订单', 'niushop开源商城订单', 117.00, 0, 1, 1502531497, 0, '');
INSERT INTO `ns_order_payment` VALUES ('15027654460000', 0, 1, 65, 'Niushop开源商城订单', 'Niushop开源商城订单', 7738.80, 0, 1, 1502765447, 0, '');
INSERT INTO `ns_order_payment` VALUES ('15027823000000', 0, 1, 66, 'niushop开源商城订单', 'niushop开源商城订单', 60.00, 0, 1, 1502782300, 0, '');
INSERT INTO `ns_order_payment` VALUES ('15027873860000', 0, 1, 67, 'niushop开源商城订单', 'niushop开源商城订单', 60.00, 0, 1, 1502787002, 0, '');
INSERT INTO `ns_order_payment` VALUES ('15027874470000', 0, 1, 68, 'niushop开源商城订单', 'niushop开源商城订单', 504000.00, 0, 1, 1502787447, 0, '');
INSERT INTO `ns_order_payment` VALUES ('15027878860000', 0, 1, 69, 'niushop开源商城订单', 'niushop开源商城订单', 60.00, 0, 1, 1502787887, 0, '');
INSERT INTO `ns_order_payment` VALUES ('1.502848877E+14', 0, 1, 70, 'niushop开源商城订单', 'niushop开源商城订单', 60.00, 0, 1, 1502848877, 0, '');
INSERT INTO `ns_order_payment` VALUES ('1.502849187E+15', 0, 1, 71, 'niushop开源商城订单', 'niushop开源商城订单', 60.00, 0, 1, 1502849091, 0, '');
INSERT INTO `ns_order_payment` VALUES ('1.502849355E+15', 0, 1, 72, 'niushop开源商城订单', 'niushop开源商城订单', 504000.00, 0, 1, 1502849355, 0, '');
INSERT INTO `ns_order_payment` VALUES ('15028666741371000', 0, 1, 73, 'niushop开源商城订单', 'niushop开源商城订单', 504000.00, 0, 1, 1502866675, 0, '');
INSERT INTO `ns_order_payment` VALUES ('1502964976146', 0, 1, 74, 'niushop开源商城订单', 'niushop开源商城订单', 117.00, 0, 1, 1502964977, 0, '');
INSERT INTO `ns_order_payment` VALUES ('150313258052171000', 0, 1, 75, 'niushop开源商城订单', 'niushop开源商城订单', 0.00, 1, 1, 1503132581, 0, '');
INSERT INTO `ns_order_payment` VALUES ('150330278653051000', 0, 1, 76, 'niushop开源商城订单', 'niushop开源商城订单', 419.40, 0, 1, 1503302787, 0, '');
INSERT INTO `ns_order_payment` VALUES ('150357077144241000', 0, 1, 77, 'niushop开源商城订单', 'niushop开源商城订单', 60.00, 0, 1, 1503570772, 0, '');
INSERT INTO `ns_order_payment` VALUES ('150357137794331000', 0, 1, 78, 'niushop开源商城订单', 'niushop开源商城订单', 1679.40, 1, 10, 1503570836, 1503571377, '');
INSERT INTO `ns_order_payment` VALUES ('150357347293271000', 0, 1, 79, 'niushop开源商城订单', 'niushop开源商城订单', 1681.40, 0, 1, 1503573472, 0, '');
INSERT INTO `ns_order_payment` VALUES ('150357381070561000', 0, 1, 80, 'niushop开源商城订单', 'niushop开源商城订单', 60.00, 0, 1, 1503573811, 0, '');
INSERT INTO `ns_order_payment` VALUES ('150357407037361000', 0, 1, 81, 'niushop开源商城订单', 'niushop开源商城订单', 64.00, 0, 1, 1503574071, 0, '');
INSERT INTO `ns_order_payment` VALUES ('150357457058261000', 0, 1, 82, 'niushop开源商城订单', 'niushop开源商城订单', 60.00, 1, 10, 1503574229, 1503574571, '');
INSERT INTO `ns_order_payment` VALUES ('150357571260291000', 0, 1, 83, 'niushop开源商城订单', 'niushop开源商城订单', 1681.40, 1, 10, 1503575702, 1503575712, '');
INSERT INTO `ns_order_payment` VALUES ('150365698496721000', 0, 1, 84, 'niushop开源商城订单', 'niushop开源商城订单', 0.00, 1, 1, 1503656985, 0, '');
INSERT INTO `ns_order_payment` VALUES ('150365706412181000', 0, 1, 85, 'niushop开源商城订单', 'niushop开源商城订单', 1681.40, 0, 1, 1503657039, 0, '');
INSERT INTO `ns_order_payment` VALUES ('150390348548741000', 0, 1, 86, 'niushop开源商城订单', 'niushop开源商城订单', 1681.40, 0, 1, 1503903486, 0, '');
INSERT INTO `ns_order_payment` VALUES ('150391614938741000', 0, 1, 87, 'niushop开源商城订单', 'niushop开源商城订单', 12.40, 1, 1, 1503916150, 0, '');
INSERT INTO `ns_order_payment` VALUES ('150406118081661000', 0, 1, 88, 'niushop开源商城订单', 'niushop开源商城订单', 6.00, 1, 10, 1504061168, 1504061180, '');
INSERT INTO `ns_order_payment` VALUES ('150406146533961000', 0, 1, 89, 'niushop开源商城订单', 'niushop开源商城订单', 4.40, 1, 10, 1504061456, 1504061465, '');
INSERT INTO `ns_order_payment` VALUES ('150406212944741000', 0, 1, 90, 'niushop开源商城订单', 'niushop开源商城订单', 6.00, 1, 10, 1504062082, 1504062129, '');
INSERT INTO `ns_order_payment` VALUES ('150407773165021000', 0, 1, 91, 'niushop开源商城订单', 'niushop开源商城订单', 127.00, 0, 1, 1504077731, 0, '');
INSERT INTO `ns_order_payment` VALUES ('150408468090301000', 0, 1, 92, 'niushop开源商城订单', 'niushop开源商城订单', 6.00, 0, 1, 1504083939, 0, '');
INSERT INTO `ns_order_payment` VALUES ('150414782845471000', 0, 1, 93, 'niushop开源商城订单', 'niushop开源商城订单', 10.00, 0, 1, 1504147828, 0, '');
INSERT INTO `ns_order_payment` VALUES ('150423015662131000', 0, 1, 94, 'niushop开源商城订单', 'niushop开源商城订单', 2.60, 0, 1, 1504230156, 0, '');
INSERT INTO `ns_order_payment` VALUES ('150423019150461000', 0, 1, 95, 'niushop开源商城订单', 'niushop开源商城订单', 2.60, 0, 1, 1504230191, 0, '');
INSERT INTO `ns_order_payment` VALUES ('150450833569221000', 0, 1, 96, 'niushop开源商城订单', 'niushop开源商城订单', 282.72, 0, 1, 1504508336, 0, '');
INSERT INTO `ns_order_payment` VALUES ('150452484780221000', 0, 1, 97, 'niushop开源商城订单', 'niushop开源商城订单', 127.00, 1, 10, 1504524835, 1504524847, '');
INSERT INTO `ns_order_payment` VALUES ('150452506534841000', 0, 1, 98, 'niushop开源商城订单', 'niushop开源商城订单', 117.00, 1, 10, 1504525055, 1504525065, '');
INSERT INTO `ns_order_payment` VALUES ('150452564320671000', 0, 1, 99, 'niushop开源商城订单', 'niushop开源商城订单', 117.00, 1, 10, 1504525623, 1504525643, '');
INSERT INTO `ns_order_payment` VALUES ('150458392940431000', 0, 1, 100, 'niushop开源商城订单', 'niushop开源商城订单', 0.01, 1, 10, 1504583751, 1504583930, '');
INSERT INTO `ns_order_payment` VALUES ('150459453694371000', 0, 1, 101, 'niushop开源商城订单', 'niushop开源商城订单', 0.01, 1, 10, 1504594465, 1504594537, '');
INSERT INTO `ns_order_payment` VALUES ('150459704753911000', 0, 1, 102, 'niushop开源商城订单', 'niushop开源商城订单', 0.01, 0, 1, 1504597027, 0, '');
INSERT INTO `ns_order_payment` VALUES ('150459875249611000', 0, 1, 103, 'niushop开源商城订单', 'niushop开源商城订单', 0.01, 0, 1, 1504598703, 0, '');
INSERT INTO `ns_order_payment` VALUES ('150468180619671000', 0, 1, 104, 'niushop开源商城订单', 'niushop开源商城订单', 117.60, 1, 10, 1504681790, 1504681806, '');
INSERT INTO `ns_order_payment` VALUES ('150469118418681000', 0, 1, 106, 'niushop开源商城订单', 'niushop开源商城订单', 11.00, 0, 1, 1504691185, 0, '');
INSERT INTO `ns_order_payment` VALUES ('150469215970241000', 0, 1, 107, 'niushop开源商城订单', 'niushop开源商城订单', 11.00, 0, 1, 1504692160, 0, '');
INSERT INTO `ns_order_payment` VALUES ('150476600594621000', 0, 1, 108, 'niushop开源商城订单', 'niushop开源商城订单', 120.00, 0, 1, 1504765974, 0, '');
INSERT INTO `ns_order_payment` VALUES ('150476637855901000', 0, 1, 109, 'niushop开源商城订单', 'niushop开源商城订单', 10.60, 0, 1, 1504766379, 0, '');
INSERT INTO `ns_order_payment` VALUES ('150476718732551000', 0, 1, 110, 'niushop开源商城订单', 'niushop开源商城订单', 0.00, 1, 1, 1504767187, 0, '');
INSERT INTO `ns_order_payment` VALUES ('150476774895801000', 0, 1, 111, 'niushop开源商城订单', 'niushop开源商城订单', 16.60, 1, 10, 1504767737, 1504767748, '');
INSERT INTO `ns_order_payment` VALUES ('150476812274491000', 0, 1, 112, 'niushop开源商城订单', 'niushop开源商城订单', 7.90, 1, 10, 1504768076, 1504768122, '');
INSERT INTO `ns_order_payment` VALUES ('150476824248121000', 0, 1, 113, 'niushop开源商城订单', 'niushop开源商城订单', 10.60, 1, 10, 1504768236, 1504768243, '');
INSERT INTO `ns_order_payment` VALUES ('150476836535021000', 0, 1, 114, 'niushop开源商城订单', 'niushop开源商城订单', 10.60, 1, 10, 1504768348, 1504768365, '');
INSERT INTO `ns_order_payment` VALUES ('150477071759391000', 0, 1, 115, 'niushop开源商城订单', 'niushop开源商城订单', 420.00, 1, 10, 1504770706, 1504770718, '');
INSERT INTO `ns_order_payment` VALUES ('150484312790781000', 0, 1, 116, 'niushop开源商城订单', 'niushop开源商城订单', 0.60, 0, 1, 1504843127, 0, '');
INSERT INTO `ns_order_payment` VALUES ('150485099714441000', 0, 1, 117, 'niushop开源商城订单', 'niushop开源商城订单', 0.60, 0, 1, 1504850998, 0, '');
INSERT INTO `ns_order_payment` VALUES ('150511905042181000', 0, 1, 118, 'niushop开源商城订单', 'niushop开源商城订单', 1679.40, 0, 1, 1505119051, 0, '');
INSERT INTO `ns_order_payment` VALUES ('150512543827761000', 0, 1, 119, 'niushop开源商城订单', 'niushop开源商城订单', 0.60, 1, 10, 1505125373, 1505125438, '');
INSERT INTO `ns_order_payment` VALUES ('150518487822281000', 0, 1, 120, 'niushop开源商城订单', 'niushop开源商城订单', 1679.40, 0, 1, 1505184765, 0, '');
INSERT INTO `ns_order_payment` VALUES ('150519782341031000', 0, 1, 121, 'niushop开源商城订单', 'niushop开源商城订单', 30.00, 0, 1, 1505197711, 0, '');
INSERT INTO `ns_order_payment` VALUES ('150528323820861000', 0, 1, 122, 'niushop开源商城1订单', 'niushop开源商城1订单', 1679.40, 1, 10, 1505283220, 1505283238, '');
INSERT INTO `ns_order_payment` VALUES ('150528382265291000', 0, 1, 123, 'niushop开源商城1订单', 'niushop开源商城1订单', 1679.40, 1, 10, 1505283817, 1505283823, '');
INSERT INTO `ns_order_payment` VALUES ('150528390347941000', 0, 1, 124, 'niushop开源商城1订单', 'niushop开源商城1订单', 0.00, 1, 1, 1505283903, 0, '');
INSERT INTO `ns_order_payment` VALUES ('150528462555231000', 0, 1, 125, 'niushop开源商城1订单', 'niushop开源商城1订单', 0.00, 1, 1, 1505284625, 0, '');
INSERT INTO `ns_order_payment` VALUES ('150528466940921000', 0, 1, 126, 'niushop开源商城1订单', 'niushop开源商城1订单', 0.00, 1, 1, 1505284669, 0, '');
INSERT INTO `ns_order_payment` VALUES ('150528914818341000', 0, 1, 127, 'DOAEZ官方商城订单', 'DOAEZ官方商城订单', 6.00, 0, 1, 1505289149, 0, '');
INSERT INTO `ns_order_payment` VALUES ('150528916565491000', 0, 1, 128, 'DOAEZ官方商城订单', 'DOAEZ官方商城订单', 6.00, 0, 1, 1505289166, 0, '');
INSERT INTO `ns_order_payment` VALUES ('150528923914991000', 0, 1, 129, 'DOAEZ官方商城订单', 'DOAEZ官方商城订单', 1679.40, 0, 1, 1505289239, 0, '');
INSERT INTO `ns_order_payment` VALUES ('150528925733241000', 0, 1, 130, 'DOAEZ官方商城订单', 'DOAEZ官方商城订单', 1679.40, 0, 1, 1505289257, 0, '');
INSERT INTO `ns_order_payment` VALUES ('150529245918431000', 0, 1, 131, 'niushop开源商城订单', 'niushop开源商城订单', 0.60, 0, 1, 1505292460, 0, '');
INSERT INTO `ns_order_payment` VALUES ('150529646431211000', 0, 1, 132, 'niushop开源商城订单', 'niushop开源商城订单', 120.00, 0, 1, 1505296139, 0, '');
INSERT INTO `ns_order_payment` VALUES ('150530051069001000', 0, 1, 133, 'niushop开源商城订单', 'niushop开源商城订单', 6.00, 1, 10, 1505300469, 1505300510, '');
INSERT INTO `ns_order_payment` VALUES ('150535998260241000', 0, 1, 134, 'niushop开源商城1订单', 'niushop开源商城1订单', 6.00, 1, 10, 1505359971, 1505359983, '');
INSERT INTO `ns_order_payment` VALUES ('150536034455251000', 0, 1, 135, 'niushop开源商城1订单', 'niushop开源商城1订单', 6.00, 1, 10, 1505360333, 1505360344, '');
INSERT INTO `ns_order_payment` VALUES ('150537725446671000', 0, 1, 136, 'DOAEZ官方商城订单', 'DOAEZ官方商城订单', 6.00, 0, 1, 1505377254, 0, '');
INSERT INTO `ns_order_payment` VALUES ('150538068219091000', 0, 1, 137, 'DOAEZ官方商城订单', 'DOAEZ官方商城订单', 6.00, 0, 1, 1505380682, 0, '');
INSERT INTO `ns_order_payment` VALUES ('150538071145701000', 0, 1, 138, 'DOAEZ官方商城订单', 'DOAEZ官方商城订单', 6.00, 0, 1, 1505380712, 0, '');
INSERT INTO `ns_order_payment` VALUES ('150538402464581000', 0, 1, 139, 'DOAEZ官方商城订单', 'DOAEZ官方商城订单', 6.00, 0, 1, 1505384024, 0, '');
INSERT INTO `ns_order_payment` VALUES ('150538435963271000', 0, 1, 140, 'DOAEZ官方商城订单', 'DOAEZ官方商城订单', 6.00, 0, 1, 1505384359, 0, '');
INSERT INTO `ns_order_payment` VALUES ('150546403176581000', 0, 1, 141, 'DOAEZ官方商城订单', 'DOAEZ官方商城订单', 0.00, 1, 1, 1505464031, 0, '');
INSERT INTO `ns_order_payment` VALUES ('150546444173941000', 0, 1, 142, 'DOAEZ官方商城订单', 'DOAEZ官方商城订单', 0.00, 1, 1, 1505464441, 0, '');
INSERT INTO `ns_order_payment` VALUES ('150571658375101000', 0, 1, 143, 'DOAEZ官方商城订单', 'DOAEZ官方商城订单', 30.00, 1, 10, 1505716536, 1505716583, '');
INSERT INTO `ns_order_payment` VALUES ('150573328541791000', 0, 1, 144, 'DOAEZ官方商城订单', 'DOAEZ官方商城订单', 30.00, 0, 1, 1505733285, 0, '');
INSERT INTO `ns_order_payment` VALUES ('150580559118771000', 0, 1, 145, 'DOAEZ官方商城订单', 'DOAEZ官方商城订单', 199.80, 0, 1, 1505805592, 0, '');
INSERT INTO `ns_order_payment` VALUES ('150580847910921000', 0, 1, 146, 'DOAEZ官方商城订单', 'DOAEZ官方商城订单', 133.20, 0, 1, 1505808480, 0, '');
INSERT INTO `ns_order_payment` VALUES ('150580980911671000', 0, 1, 147, 'DOAEZ官方商城订单', 'DOAEZ官方商城订单', 133.20, 0, 1, 1505809810, 0, '');
INSERT INTO `ns_order_payment` VALUES ('150581003518961000', 0, 1, 148, 'DOAEZ官方商城订单', 'DOAEZ官方商城订单', 133.20, 0, 1, 1505810036, 0, '');
INSERT INTO `ns_order_payment` VALUES ('150581027726441000', 0, 1, 149, 'DOAEZ官方商城订单', 'DOAEZ官方商城订单', 193.20, 0, 1, 1505810278, 0, '');
INSERT INTO `ns_order_payment` VALUES ('150581623772951000', 0, 1, 150, 'DOAEZ官方商城订单', 'DOAEZ官方商城订单', 66.60, 0, 1, 1505816237, 0, '');
INSERT INTO `ns_order_payment` VALUES ('150582105956561000', 0, 1, 151, 'DOAEZ官方商城订单', 'DOAEZ官方商城订单', 66.60, 0, 1, 1505821060, 0, '');
INSERT INTO `ns_order_payment` VALUES ('150582137676121000', 0, 1, 152, 'DOAEZ官方商城订单', 'DOAEZ官方商城订单', 66.60, 0, 1, 1505821377, 0, '');
INSERT INTO `ns_order_payment` VALUES ('150589588838601000', 0, 1, 153, 'DOAEZ官方商城订单', 'DOAEZ官方商城订单', 66.60, 0, 1, 1505895888, 0, '');
INSERT INTO `ns_order_payment` VALUES ('150589603363741000', 0, 1, 154, 'DOAEZ官方商城订单', 'DOAEZ官方商城订单', 12.00, 1, 10, 1505895931, 1505896033, '');
INSERT INTO `ns_order_payment` VALUES ('150589702869571000', 0, 1, 155, 'DOAEZ官方商城订单', 'DOAEZ官方商城订单', 66.60, 0, 1, 1505897028, 0, '');
INSERT INTO `ns_order_payment` VALUES ('150589915126521000', 0, 1, 156, 'DOAEZ官方商城订单', 'DOAEZ官方商城订单', 66.60, 0, 1, 1505899151, 0, '');
INSERT INTO `ns_order_payment` VALUES ('150589924548021000', 0, 1, 157, 'DOAEZ官方商城订单', 'DOAEZ官方商城订单', 66.60, 0, 1, 1505899245, 0, '');
INSERT INTO `ns_order_payment` VALUES ('150589928030501000', 0, 1, 158, 'DOAEZ官方商城订单', 'DOAEZ官方商城订单', 66.60, 0, 1, 1505899281, 0, '');
INSERT INTO `ns_order_payment` VALUES ('150589931235801000', 0, 1, 159, 'DOAEZ官方商城订单', 'DOAEZ官方商城订单', 66.60, 0, 1, 1505899312, 0, '');
INSERT INTO `ns_order_payment` VALUES ('150589935218441000', 0, 1, 160, 'DOAEZ官方商城订单', 'DOAEZ官方商城订单', 66.60, 0, 1, 1505899352, 0, '');
INSERT INTO `ns_order_payment` VALUES ('150589975139621000', 0, 1, 161, 'DOAEZ官方商城订单', 'DOAEZ官方商城订单', 66.60, 0, 1, 1505899752, 0, '');
INSERT INTO `ns_order_payment` VALUES ('150590048931321000', 0, 4, 1, '余额充值', '用户通知余额', 0.01, 0, 1, 1505900497, 0, '');
INSERT INTO `ns_order_payment` VALUES ('150590237079011000', 0, 1, 162, 'DOAEZ官方商城订单', 'DOAEZ官方商城订单', 66.60, 0, 1, 1505902371, 0, '');
INSERT INTO `ns_order_payment` VALUES ('150590283349021000', 0, 1, 163, 'DOAEZ官方商城订单', 'DOAEZ官方商城订单', 66.60, 0, 1, 1505902833, 0, '');
INSERT INTO `ns_order_payment` VALUES ('150590365985151000', 0, 1, 164, 'DOAEZ官方商城订单', 'DOAEZ官方商城订单', 66.60, 1, 10, 1505903354, 1505903660, '');
INSERT INTO `ns_order_payment` VALUES ('150590422642731000', 0, 1, 165, 'DOAEZ官方商城订单', 'DOAEZ官方商城订单', 30.00, 1, 10, 1505904213, 1505904227, '');
INSERT INTO `ns_order_payment` VALUES ('150590435514421000', 0, 1, 166, 'DOAEZ官方商城订单', 'DOAEZ官方商城订单', 12.00, 1, 10, 1505904345, 1505904355, '');
INSERT INTO `ns_order_payment` VALUES ('150597447598071000', 0, 1, 167, 'DOAEZ官方商城订单', 'DOAEZ官方商城订单', 12.00, 1, 10, 1505974469, 1505974476, '');
INSERT INTO `ns_order_payment` VALUES ('150598151693071000', 0, 1, 168, 'DOAEZ官方商城订单', 'DOAEZ官方商城订单', 12.00, 0, 1, 1505981517, 0, '');
INSERT INTO `ns_order_payment` VALUES ('150598155327871000', 0, 1, 169, 'DOAEZ官方商城订单', 'DOAEZ官方商城订单', 12.00, 0, 1, 1505981553, 0, '');
INSERT INTO `ns_order_payment` VALUES ('150598413773961000', 0, 1, 170, 'DOAEZ官方商城订单', 'DOAEZ官方商城订单', 66.60, 0, 1, 1505984137, 0, '');
INSERT INTO `ns_order_payment` VALUES ('150599113827021000', 0, 1, 171, 'niushop开源商城订单', 'niushop开源商城订单', 1.00, 0, 1, 1505991139, 0, '');
INSERT INTO `ns_order_payment` VALUES ('150605201726601000', 0, 1, 172, 'DOAEZ官方商城订单', 'DOAEZ官方商城订单', 289.90, 1, 10, 1506051970, 1506052017, '');
INSERT INTO `ns_order_payment` VALUES ('150606044112621000', 0, 1, 173, 'DOAEZ官方商城订单', 'DOAEZ官方商城订单', 289.90, 1, 10, 1506060437, 1506060441, '');
INSERT INTO `ns_order_payment` VALUES ('150606055745231000', 0, 1, 174, 'DOAEZ官方商城订单', 'DOAEZ官方商城订单', 289.90, 1, 10, 1506060533, 1506060557, '');
INSERT INTO `ns_order_payment` VALUES ('150606087447671000', 0, 1, 175, 'DOAEZ官方商城订单', 'DOAEZ官方商城订单', 289.90, 1, 10, 1506060868, 1506060874, '');
INSERT INTO `ns_order_payment` VALUES ('150606105193391000', 0, 1, 176, 'DOAEZ官方商城订单', 'DOAEZ官方商城订单', 289.90, 1, 10, 1506061024, 1506061051, '');
INSERT INTO `ns_order_payment` VALUES ('150606114179251000', 0, 1, 177, 'DOAEZ官方商城订单', 'DOAEZ官方商城订单', 289.90, 1, 10, 1506061135, 1506061142, '');
INSERT INTO `ns_order_payment` VALUES ('150606340435741000', 0, 1, 178, 'DOAEZ官方商城订单', 'DOAEZ官方商城订单', 1.10, 0, 1, 1506063404, 0, '');
INSERT INTO `ns_order_payment` VALUES ('150606514964581000', 0, 1, 179, 'DOAEZ官方商城订单', 'DOAEZ官方商城订单', 289.90, 0, 1, 1506065149, 0, '');
INSERT INTO `ns_order_payment` VALUES ('150614663541821000', 0, 1, 180, 'DOAEZ官方商城订单', 'DOAEZ官方商城订单', 2.00, 1, 10, 1506146617, 1506146635, '');
INSERT INTO `ns_order_payment` VALUES ('150614686775481000', 0, 1, 181, 'DOAEZ官方商城订单', 'DOAEZ官方商城订单', 5.00, 1, 10, 1506146851, 1506146867, '');
INSERT INTO `ns_order_payment` VALUES ('150614772055391000', 0, 1, 182, 'DOAEZ官方商城订单', 'DOAEZ官方商城订单', 1.00, 1, 10, 1506147701, 1506147720, '');
INSERT INTO `ns_order_payment` VALUES ('150614872119601000', 0, 1, 183, 'DOAEZ官方商城订单', 'DOAEZ官方商城订单', 5.00, 1, 10, 1506148709, 1506148721, '');
INSERT INTO `ns_order_payment` VALUES ('150614894481441000', 0, 1, 184, 'DOAEZ官方商城订单', 'DOAEZ官方商城订单', 5.00, 1, 10, 1506148934, 1506148945, '');
INSERT INTO `ns_order_payment` VALUES ('150614929391771000', 0, 1, 185, 'DOAEZ官方商城订单', 'DOAEZ官方商城订单', 5.00, 1, 10, 1506149281, 1506149293, '');
INSERT INTO `ns_order_payment` VALUES ('150615180656191000', 0, 1, 186, 'DOAEZ官方商城订单', 'DOAEZ官方商城订单', 60.00, 0, 1, 1506151807, 0, '');
INSERT INTO `ns_order_payment` VALUES ('150615237181021000', 0, 1, 187, 'DOAEZ官方商城订单', 'DOAEZ官方商城订单', 579.00, 0, 1, 1506152372, 0, '');
INSERT INTO `ns_order_payment` VALUES ('150615246921621000', 0, 1, 188, 'DOAEZ官方商城订单', 'DOAEZ官方商城订单', 579.00, 0, 1, 1506152469, 0, '');
INSERT INTO `ns_order_payment` VALUES ('150615258016951000', 0, 1, 189, 'DOAEZ官方商城订单', 'DOAEZ官方商城订单', 579.00, 0, 1, 1506152581, 0, '');
INSERT INTO `ns_order_payment` VALUES ('150631234796191000', 0, 1, 190, 'DOAEZ官方商城订单', 'DOAEZ官方商城订单', 90.00, 0, 1, 1506312347, 0, '');
INSERT INTO `ns_order_payment` VALUES ('150648357397591000', 0, 1, 191, 'DOAEZ官方商城订单', 'DOAEZ官方商城订单', 0.00, 1, 1, 1506483573, 0, '');
INSERT INTO `ns_order_payment` VALUES ('150658586493311000', 0, 1, 192, 'DOAEZ官方商城订单', 'DOAEZ官方商城订单', 30.00, 0, 1, 1506585864, 0, '');
INSERT INTO `ns_order_payment` VALUES ('150659042455491000', 0, 1, 193, 'DOAEZ官方商城订单', 'DOAEZ官方商城订单', 30.00, 0, 1, 1506590424, 0, '');
INSERT INTO `ns_order_payment` VALUES ('150665389473061000', 0, 1, 194, 'DOAEZ官方商城订单', 'DOAEZ官方商城订单', 19.80, 0, 1, 1506653894, 0, '');
INSERT INTO `ns_order_payment` VALUES ('150665754978171000', 0, 1, 195, 'DOAEZ官方商城订单', 'DOAEZ官方商城订单', 30.00, 0, 1, 1506657549, 0, '');
INSERT INTO `ns_order_payment` VALUES ('150665758268811000', 0, 1, 196, 'DOAEZ官方商城订单', 'DOAEZ官方商城订单', 109.00, 0, 1, 1506657582, 0, '');
INSERT INTO `ns_order_payment` VALUES ('150666625761781000', 0, 1, 197, 'DOAEZ官方商城订单', 'DOAEZ官方商城订单', 138.20, 1, 10, 1506666250, 1506666257, '');
INSERT INTO `ns_order_payment` VALUES ('150666948211271000', 0, 1, 198, 'DOAEZ官方商城订单', 'DOAEZ官方商城订单', 30.00, 0, 1, 1506669483, 0, '');
INSERT INTO `ns_order_payment` VALUES ('150667749613421000', 0, 1, 199, '茂竹商城订单', '茂竹商城订单', 30.60, 1, 10, 1506677486, 1506677496, '');
INSERT INTO `ns_order_payment` VALUES ('150667789082711000', 0, 1, 200, '茂竹商城订单', '茂竹商城订单', 24.00, 0, 1, 1506677891, 0, '');
INSERT INTO `ns_order_payment` VALUES ('150667837991131000', 0, 1, 201, 'DOAEZ官方商城订单', 'DOAEZ官方商城订单', 100.00, 0, 1, 1506678380, 0, '');
INSERT INTO `ns_order_payment` VALUES ('150667988350021000', 0, 1, 202, 'DOAEZ官方商城订单', 'DOAEZ官方商城订单', 100.00, 1, 10, 1506679873, 1506679883, '');
INSERT INTO `ns_order_payment` VALUES ('150676222612341000', 0, 1, 203, 'DOAEZ官方商城订单', 'DOAEZ官方商城订单', 23.00, 1, 10, 1506762122, 1506762227, '');
INSERT INTO `ns_order_payment` VALUES ('150676423529071000', 0, 1, 204, 'DOAEZ官方商城订单', 'DOAEZ官方商城订单', 23.00, 0, 1, 1506764235, 0, '');
INSERT INTO `ns_order_payment` VALUES ('150676552737011000', 0, 1, 206, 'DOAEZ官方商城订单', 'DOAEZ官方商城订单', 460000.00, 1, 10, 1506765517, 1506765527, '');
INSERT INTO `ns_order_payment` VALUES ('150676557877001000', 0, 1, 207, 'DOAEZ官方商城订单', 'DOAEZ官方商城订单', 0.00, 1, 1, 1506765578, 0, '');
INSERT INTO `ns_order_payment` VALUES ('150752132671211000', 0, 1, 209, 'DOAEZ官方商城订单', 'DOAEZ官方商城订单', 99.90, 0, 1, 1507521326, 0, '');
INSERT INTO `ns_order_payment` VALUES ('150752173092071000', 0, 1, 210, 'DOAEZ官方商城订单', 'DOAEZ官方商城订单', 99.90, 1, 10, 1507521720, 1507521730, '');
INSERT INTO `ns_order_payment` VALUES ('150752937851481000', 0, 1, 212, 'DOAEZ官方商城订单', 'DOAEZ官方商城订单', 699.00, 1, 10, 1507529340, 1507529378, '');
INSERT INTO `ns_order_payment` VALUES ('150754393829451000', 0, 1, 213, 'DOAEZ官方商城订单', 'DOAEZ官方商城订单', 99.90, 1, 10, 1507543927, 1507543939, '');
INSERT INTO `ns_order_payment` VALUES ('150754420948181000', 0, 1, 214, 'DOAEZ官方商城订单', 'DOAEZ官方商城订单', 99.90, 0, 1, 1507544210, 0, '');
INSERT INTO `ns_order_payment` VALUES ('150754519668181000', 0, 1, 215, 'DOAEZ官方商城订单', 'DOAEZ官方商城订单', 99.90, 0, 1, 1507545196, 0, '');
INSERT INTO `ns_order_payment` VALUES ('150754556643951000', 0, 1, 217, 'DOAEZ官方商城订单', 'DOAEZ官方商城订单', 99.90, 0, 1, 1507545566, 0, '');
INSERT INTO `ns_order_payment` VALUES ('150754687152981000', 0, 1, 218, 'DOAEZ官方商城订单', 'DOAEZ官方商城订单', 60.00, 0, 1, 1507546872, 0, '');
INSERT INTO `ns_order_payment` VALUES ('150760856530301000', 0, 1, 219, 'DOAEZ官方商城订单', 'DOAEZ官方商城订单', 60.00, 1, 10, 1507607502, 1507608565, '');
INSERT INTO `ns_order_payment` VALUES ('150760846321121000', 0, 1, 220, 'DOAEZ官方商城订单', 'DOAEZ官方商城订单', 0.00, 1, 1, 1507608463, 0, '');
INSERT INTO `ns_order_payment` VALUES ('150760863924841000', 0, 1, 221, 'DOAEZ官方商城订单', 'DOAEZ官方商城订单', 51.00, 0, 1, 1507608639, 0, '');
INSERT INTO `ns_order_payment` VALUES ('150760865612511000', 0, 1, 222, 'DOAEZ官方商城订单', 'DOAEZ官方商城订单', 0.00, 1, 1, 1507608656, 0, '');
INSERT INTO `ns_order_payment` VALUES ('150760887170481000', 0, 1, 223, 'DOAEZ官方商城订单', 'DOAEZ官方商城订单', 60.00, 0, 1, 1507608871, 0, '');
INSERT INTO `ns_order_payment` VALUES ('150761623913851000', 0, 1, 224, 'DOAEZ官方商城订单', 'DOAEZ官方商城订单', 60.00, 0, 1, 1507616239, 0, '');
INSERT INTO `ns_order_payment` VALUES ('150763180042401000', 0, 4, 2, '余额充值', '用户通知余额', 11.00, 0, 1, 1507631809, 0, '');
INSERT INTO `ns_order_payment` VALUES ('150763331087561000', 0, 1, 225, 'DOAEZ官方商城订单', 'DOAEZ官方商城订单', 6.60, 0, 1, 1507633310, 0, '');
INSERT INTO `ns_order_payment` VALUES ('150778249847051000', 0, 4, 3, '余额充值', '用户通知余额', 100.00, 0, 1, 1507782506, 0, '');
INSERT INTO `ns_order_payment` VALUES ('150778251110861000', 0, 4, 4, '余额充值', '用户通知余额', 100.00, 0, 1, 1507790029, 0, '');
INSERT INTO `ns_order_payment` VALUES ('150787555530781000', 0, 1, 226, 'DOAEZ官方商城订单', 'DOAEZ官方商城订单', 120.00, 1, 10, 1507875485, 1507875556, '');
INSERT INTO `ns_order_payment` VALUES ('150787559492801000', 0, 1, 227, 'DOAEZ官方商城订单', 'DOAEZ官方商城订单', 0.00, 1, 1, 1507875594, 0, '');
INSERT INTO `ns_order_payment` VALUES ('150787566937091000', 0, 1, 228, 'DOAEZ官方商城订单', 'DOAEZ官方商城订单', 20.00, 0, 1, 1507875669, 0, '');
INSERT INTO `ns_order_payment` VALUES ('150787570239191000', 0, 1, 229, 'DOAEZ官方商城订单', 'DOAEZ官方商城订单', 20.00, 0, 1, 1507875702, 0, '');
INSERT INTO `ns_order_payment` VALUES ('150787667949381000', 0, 1, 230, 'DOAEZ官方商城订单', 'DOAEZ官方商城订单', 20.00, 1, 10, 1507876663, 1507876680, '');
INSERT INTO `ns_order_payment` VALUES ('150787671591211000', 0, 1, 231, 'DOAEZ官方商城订单', 'DOAEZ官方商城订单', 120.00, 0, 1, 1507876715, 0, '');
INSERT INTO `ns_order_payment` VALUES ('150788565038341000', 0, 1, 232, 'DOAEZ官方商城订单', 'DOAEZ官方商城订单', 243.00, 1, 10, 1507885626, 1507885650, '');
INSERT INTO `ns_order_payment` VALUES ('150795075922991000', 0, 1, 233, 'DOAEZ官方商城订单', 'DOAEZ官方商城订单', 0.00, 1, 1, 1507950759, 0, '');
INSERT INTO `ns_order_payment` VALUES ('150797151017781000', 0, 1, 234, 'DOAEZ官方商城订单', 'DOAEZ官方商城订单', 0.00, 1, 1, 1507971511, 0, '');
INSERT INTO `ns_order_payment` VALUES ('150814391160421000', 0, 1, 235, 'DOAEZ官方商城订单', 'DOAEZ官方商城订单', 0.00, 1, 1, 1508143911, 0, '');
INSERT INTO `ns_order_payment` VALUES ('150814393461291000', 0, 1, 236, 'DOAEZ官方商城订单', 'DOAEZ官方商城订单', 0.00, 1, 1, 1508143935, 0, '');
INSERT INTO `ns_order_payment` VALUES ('150814395526951000', 0, 1, 237, 'DOAEZ官方商城订单', 'DOAEZ官方商城订单', 0.00, 1, 1, 1508143956, 0, '');
INSERT INTO `ns_order_payment` VALUES ('150814396655681000', 0, 1, 238, 'DOAEZ官方商城订单', 'DOAEZ官方商城订单', 0.00, 1, 1, 1508143966, 0, '');
INSERT INTO `ns_order_payment` VALUES ('150814397684401000', 0, 1, 239, 'DOAEZ官方商城订单', 'DOAEZ官方商城订单', 0.00, 1, 1, 1508143976, 0, '');
INSERT INTO `ns_order_payment` VALUES ('150814398786081000', 0, 1, 240, 'DOAEZ官方商城订单', 'DOAEZ官方商城订单', 0.00, 1, 1, 1508143988, 0, '');
INSERT INTO `ns_order_payment` VALUES ('150814399561071000', 0, 1, 241, 'DOAEZ官方商城订单', 'DOAEZ官方商城订单', 0.00, 1, 1, 1508143996, 0, '');
INSERT INTO `ns_order_payment` VALUES ('150814400641441000', 0, 1, 242, 'DOAEZ官方商城订单', 'DOAEZ官方商城订单', 0.00, 1, 1, 1508144006, 0, '');
INSERT INTO `ns_order_payment` VALUES ('150814401348821000', 0, 1, 243, 'DOAEZ官方商城订单', 'DOAEZ官方商城订单', 0.00, 1, 1, 1508144014, 0, '');
INSERT INTO `ns_order_payment` VALUES ('150814401792011000', 0, 1, 244, 'DOAEZ官方商城订单', 'DOAEZ官方商城订单', 0.00, 1, 1, 1508144017, 0, '');
INSERT INTO `ns_order_payment` VALUES ('150814403419001000', 0, 1, 245, 'DOAEZ官方商城订单', 'DOAEZ官方商城订单', 0.00, 1, 1, 1508144034, 0, '');
INSERT INTO `ns_order_payment` VALUES ('150814404625501000', 0, 1, 246, 'DOAEZ官方商城订单', 'DOAEZ官方商城订单', 0.00, 1, 1, 1508144047, 0, '');
INSERT INTO `ns_order_payment` VALUES ('150814495867691000', 0, 1, 247, 'DOAEZ官方商城订单', 'DOAEZ官方商城订单', 0.01, 1, 10, 1508144950, 1508144958, '');
INSERT INTO `ns_order_payment` VALUES ('150814618751101000', 0, 1, 248, 'DOAEZ官方商城订单', 'DOAEZ官方商城订单', 0.00, 1, 1, 1508146188, 0, '');
INSERT INTO `ns_order_payment` VALUES ('150814626891481000', 0, 1, 249, 'DOAEZ官方商城订单', 'DOAEZ官方商城订单', 159.41, 1, 10, 1508146240, 1508146268, '');
INSERT INTO `ns_order_payment` VALUES ('150814921199491000', 0, 1, 250, 'DOAEZ官方商城订单', 'DOAEZ官方商城订单', 117.00, 1, 10, 1508149202, 1508149211, '');
INSERT INTO `ns_order_payment` VALUES ('150815373556791000', 0, 1, 251, 'DOAEZ官方商城订单', 'DOAEZ官方商城订单', 117.00, 1, 10, 1508153728, 1508153735, '');
INSERT INTO `ns_order_payment` VALUES ('150820330888471000', 0, 1, 252, 'DOAEZ官方商城订单', 'DOAEZ官方商城订单', 0.01, 0, 1, 1508203308, 0, '');
INSERT INTO `ns_order_payment` VALUES ('150823680573811000', 0, 1, 253, 'DOAEZ官方商城订单', 'DOAEZ官方商城订单', 117.00, 1, 10, 1508236800, 1508236805, '');
INSERT INTO `ns_order_payment` VALUES ('150830714352941000', 0, 1, 254, 'DOAEZ官方商城订单', 'DOAEZ官方商城订单', 117.00, 1, 10, 1508307138, 1508307143, '');
INSERT INTO `ns_order_payment` VALUES ('150837548963711000', 0, 1, 255, 'DOAEZ官方商城订单', 'DOAEZ官方商城订单', 0.01, 1, 10, 1508375485, 1508375489, '');
INSERT INTO `ns_order_payment` VALUES ('150841553249941000', 0, 1, 256, 'DOAEZ官方商城订单', 'DOAEZ官方商城订单', 123.01, 1, 10, 1508415512, 1508415532, '');
INSERT INTO `ns_order_payment` VALUES ('150849354923361000', 0, 1, 257, 'DOAEZ官方商城订单', 'DOAEZ官方商城订单', 372.00, 1, 10, 1508493530, 1508493549, '');
INSERT INTO `ns_order_payment` VALUES ('150849448263101000', 0, 1, 258, 'DOAEZ官方商城订单', 'DOAEZ官方商城订单', 425.00, 0, 1, 1508494483, 0, '');
INSERT INTO `ns_order_payment` VALUES ('150849452796271000', 0, 1, 259, 'DOAEZ官方商城订单', 'DOAEZ官方商城订单', 0.00, 1, 1, 1508494527, 0, '');
INSERT INTO `ns_order_payment` VALUES ('150857990450501000', 0, 1, 260, 'DOAEZ官方商城订单', 'DOAEZ官方商城订单', 0.01, 1, 10, 1508579889, 1508579904, '');
INSERT INTO `ns_order_payment` VALUES ('150872495056541000', 0, 1, 261, 'DOAEZ官方商城订单', 'DOAEZ官方商城订单', 0.01, 1, 10, 1508724933, 1508724950, '');
INSERT INTO `ns_order_payment` VALUES ('150873152648381000', 0, 1, 262, 'DOAEZ官方商城订单', 'DOAEZ官方商城订单', 147.00, 0, 1, 1508731527, 0, '');
INSERT INTO `ns_order_payment` VALUES ('150874558612701000', 0, 1, 263, 'DOAEZ官方商城订单', 'DOAEZ官方商城订单', 6.00, 0, 1, 1508745587, 0, '');
INSERT INTO `ns_order_payment` VALUES ('150882495375091000', 0, 1, 264, 'DOAEZ官方商城订单', 'DOAEZ官方商城订单', 120.00, 0, 1, 1508824954, 0, '');
INSERT INTO `ns_order_payment` VALUES ('151056925826641000', 0, 4, 5, '余额充值', '用户通知余额', 0.10, 0, 1, 1510569263, 0, '');
INSERT INTO `ns_order_payment` VALUES ('151056928480471000', 0, 4, 6, '余额充值', '用户通知余额', 0.10, 0, 1, 1510569289, 0, '');
INSERT INTO `ns_order_payment` VALUES ('151056964359551000', 0, 4, 7, '余额充值', '用户通知余额', 0.10, 0, 1, 1510569651, 0, '');
INSERT INTO `ns_order_payment` VALUES ('151056965485251000', 0, 4, 8, '余额充值', '用户通知余额', 0.10, 0, 1, 1510569666, 0, '');
INSERT INTO `ns_order_payment` VALUES ('151056970124151000', 0, 4, 9, '余额充值', '用户通知余额', 0.10, 0, 1, 1510569711, 0, '');
INSERT INTO `ns_order_payment` VALUES ('151057003536961000', 0, 4, 10, '余额充值', '用户通知余额', 0.10, 0, 1, 1510570040, 0, '');
INSERT INTO `ns_order_payment` VALUES ('151057007564321000', 0, 4, 11, '余额充值', '用户通知余额', 0.10, 0, 1, 1510570080, 0, '');
INSERT INTO `ns_order_payment` VALUES ('151057132446631000', 0, 4, 12, '余额充值', '用户通知余额', 0.10, 0, 1, 1510571328, 0, '');
INSERT INTO `ns_order_payment` VALUES ('151057142763291000', 0, 4, 13, '余额充值', '用户通知余额', 0.20, 0, 1, 1510571491, 0, '');
INSERT INTO `ns_order_payment` VALUES ('151070981249121000', 0, 4, 14, '余额充值', '用户通知余额', 0.10, 0, 1, 1510709834, 0, '');
INSERT INTO `ns_order_payment` VALUES ('151070981249121000', 0, 4, 15, '余额充值', '用户通知余额', 0.10, 0, 1, 1510709835, 0, '');
INSERT INTO `ns_order_payment` VALUES ('151088442162921000', 0, 1, 265, 'DOAEZ官方商城订单', 'DOAEZ官方商城订单', 1769.40, 0, 1, 1510884421, 0, '');
INSERT INTO `ns_order_payment` VALUES ('151088443477111000', 0, 1, 266, 'DOAEZ官方商城订单', 'DOAEZ官方商城订单', 1769.40, 0, 1, 1510884435, 0, '');
INSERT INTO `ns_order_payment` VALUES ('151088446541361000', 0, 1, 267, 'DOAEZ官方商城订单', 'DOAEZ官方商城订单', 1769.40, 0, 1, 1510884465, 0, '');
INSERT INTO `ns_order_payment` VALUES ('151088447451251000', 0, 1, 268, 'DOAEZ官方商城订单', 'DOAEZ官方商城订单', 1769.40, 0, 1, 1510884474, 0, '');
INSERT INTO `ns_order_payment` VALUES ('151088449785061000', 0, 1, 269, 'DOAEZ官方商城订单', 'DOAEZ官方商城订单', 120.00, 0, 1, 1510884497, 0, '');
INSERT INTO `ns_order_payment` VALUES ('151090340677061000', 0, 3, 7, '课程购买', '课程购买', 44.60, 0, 1, 1510903406, 0, '');
INSERT INTO `ns_order_payment` VALUES ('151090346638791000', 0, 3, 8, '课程购买', '课程购买', 44.60, 0, 1, 1510903466, 0, '');
INSERT INTO `ns_order_payment` VALUES ('151090350996701000', 0, 3, 9, '课程购买', '课程购买', 44.60, 0, 1, 1510903509, 0, '');
INSERT INTO `ns_order_payment` VALUES ('151090420467211000', 0, 3, 10, '课程购买', '课程购买', 44.60, 0, 1, 1510904204, 0, '');
INSERT INTO `ns_order_payment` VALUES ('151090429151281000', 0, 3, 11, '课程购买', '课程购买', 44.60, 0, 1, 1510904291, 0, '');
INSERT INTO `ns_order_payment` VALUES ('151090457062361000', 0, 3, 12, '课程购买', '课程购买', 44.60, 0, 1, 1510904570, 0, '');
INSERT INTO `ns_order_payment` VALUES ('151090464822771000', 0, 3, 13, '课程购买', '课程购买', 44.60, 0, 1, 1510904648, 0, '');
INSERT INTO `ns_order_payment` VALUES ('151090464811451001', 0, 3, 14, '课程购买', '课程购买', 44.60, 0, 1, 1510904648, 0, '');
INSERT INTO `ns_order_payment` VALUES ('151090491748901000', 0, 3, 15, '课程购买', '课程购买', 44.60, 0, 1, 1510904918, 0, '');
INSERT INTO `ns_order_payment` VALUES ('151090498883211000', 0, 3, 16, '课程购买', '课程购买', 44.60, 0, 1, 1510904988, 0, '');
INSERT INTO `ns_order_payment` VALUES ('151090721924251000', 0, 3, 17, '课程购买', '课程购买', 44.60, 0, 1, 1510907219, 0, '');
INSERT INTO `ns_order_payment` VALUES ('151090772578421000', 0, 3, 18, '课程购买', '课程购买', 44.60, 0, 1, 1510907725, 0, '');
INSERT INTO `ns_order_payment` VALUES ('151090777536731000', 0, 3, 19, '课程购买', '课程购买', 0.01, 0, 1, 1510907775, 0, '');
INSERT INTO `ns_order_payment` VALUES ('151090800282081000', 0, 3, 20, '课程购买', '课程购买', 0.01, 0, 1, 1510908002, 0, '');
INSERT INTO `ns_order_payment` VALUES ('151090819831531000', 0, 3, 21, '课程购买', '课程购买', 0.01, 0, 1, 1510908198, 0, '');
INSERT INTO `ns_order_payment` VALUES ('151090856058231000', 0, 3, 22, '课程购买', '课程购买', 0.01, 0, 1, 1510908560, 0, '');
INSERT INTO `ns_order_payment` VALUES ('151090882742721000', 0, 3, 23, '课程购买', '课程购买', 0.01, 1, 2, 1510908827, 1510908845, '2017111721001104710558091684');
INSERT INTO `ns_order_payment` VALUES ('151090918716361000', 0, 3, 24, '课程购买', '课程购买', 0.01, 1, 2, 1510909187, 1510909214, '2017111721001104710558236011');
INSERT INTO `ns_order_payment` VALUES ('15109165461485', 0, 3, 25, '课程购买', '课程购买', 0.01, 1, 2, 1510916546, 1510916581, '2017111721001104590505348745');
INSERT INTO `ns_order_payment` VALUES ('151097529617741000', 0, 3, 26, '课程购买', '课程购买', 0.01, 1, 2, 1510975296, 1510975365, '2017111821001104710559791427');
INSERT INTO `ns_order_payment` VALUES ('151099636277531000', 0, 3, 27, '课程购买', '课程购买', 0.01, 1, 2, 1510996362, 1510996413, '2017111821001104590508022904');
INSERT INTO `ns_order_payment` VALUES ('151099964926271000', 0, 3, 28, '课程购买', '课程购买', 0.00, 1, 1, 1510999649, 0, '');
INSERT INTO `ns_order_payment` VALUES ('151099966023451000', 0, 3, 29, '课程购买', '课程购买', 0.00, 1, 1, 1510999660, 0, '');
INSERT INTO `ns_order_payment` VALUES ('151099967938531000', 0, 3, 30, '课程购买', '课程购买', 0.00, 1, 1, 1510999680, 0, '');
INSERT INTO `ns_order_payment` VALUES ('151099968087221000', 0, 3, 31, '课程购买', '课程购买', 0.00, 1, 1, 1510999681, 0, '');
INSERT INTO `ns_order_payment` VALUES ('151099971717901000', 0, 3, 32, '课程购买', '课程购买', 0.00, 1, 1, 1510999717, 0, '');
INSERT INTO `ns_order_payment` VALUES ('151099975147401000', 0, 3, 33, '课程购买', '课程购买', 0.00, 1, 1, 1510999751, 0, '');
INSERT INTO `ns_order_payment` VALUES ('151099979695291000', 0, 3, 34, '课程购买', '课程购买', 0.00, 1, 1, 1510999796, 0, '');
INSERT INTO `ns_order_payment` VALUES ('151099981757871000', 0, 3, 35, '课程购买', '课程购买', 0.00, 1, 1, 1510999817, 0, '');
INSERT INTO `ns_order_payment` VALUES ('151122867744881000', 0, 3, 37, '课程购买', '课程购买', 59.00, 0, 1, 1511228677, 0, '');
INSERT INTO `ns_order_payment` VALUES ('151123406915401000', 0, 3, 38, '课程购买', '课程购买', 59.00, 0, 1, 1511234069, 0, '');
INSERT INTO `ns_order_payment` VALUES ('151123576477771000', 0, 3, 49, '课程购买', '课程购买', 0.00, 1, 1, 1511235765, 0, '');
INSERT INTO `ns_order_payment` VALUES ('151123576710861000', 0, 3, 50, '课程购买', '课程购买', 0.00, 1, 1, 1511235767, 0, '');
INSERT INTO `ns_order_payment` VALUES ('151123577856601000', 0, 3, 51, '课程购买', '课程购买', 0.00, 1, 1, 1511235778, 0, '');
INSERT INTO `ns_order_payment` VALUES ('151123580060251000', 0, 3, 52, '课程购买', '课程购买', 0.00, 1, 1, 1511235800, 0, '');
INSERT INTO `ns_order_payment` VALUES ('151123581892771000', 0, 3, 53, '课程购买', '课程购买', 0.00, 1, 1, 1511235818, 0, '');
INSERT INTO `ns_order_payment` VALUES ('151123584678841000', 0, 3, 54, '课程购买', '课程购买', 0.00, 1, 1, 1511235846, 0, '');
INSERT INTO `ns_order_payment` VALUES ('151123630556761000', 0, 3, 55, '课程购买', '课程购买', 0.00, 1, 1, 1511236305, 0, '');
INSERT INTO `ns_order_payment` VALUES ('151123668265651000', 0, 3, 56, '课程购买', '课程购买', 0.00, 1, 1, 1511236682, 0, '');
INSERT INTO `ns_order_payment` VALUES ('151123816793951000', 0, 3, 60, '课程购买', '课程购买', 0.00, 1, 1, 1511238167, 0, '');
INSERT INTO `ns_order_payment` VALUES ('151124453062851000', 0, 3, 61, '课程购买', '课程购买', 59.00, 1, 3, 1511244531, 1511244537, '');
INSERT INTO `ns_order_payment` VALUES ('151124457231001000', 0, 3, 62, '课程购买', '课程购买', 59.00, 1, 3, 1511244572, 1511244599, '');
INSERT INTO `ns_order_payment` VALUES ('151124465562621000', 0, 3, 63, '课程购买', '课程购买', 59.00, 0, 1, 1511244655, 0, '');
INSERT INTO `ns_order_payment` VALUES ('151124483771381000', 0, 3, 64, '课程购买', '课程购买', 59.00, 0, 1, 1511244837, 0, '');
INSERT INTO `ns_order_payment` VALUES ('151124508170721000', 0, 3, 65, '课程购买', '课程购买', 0.01, 1, 2, 1511245081, 1511245156, '2017112121001104710564186903');
INSERT INTO `ns_order_payment` VALUES ('151126284187941000', 0, 3, 66, '课程购买', '课程购买', 0.01, 0, 1, 1511262841, 0, '');
INSERT INTO `ns_order_payment` VALUES ('151126310983881000', 0, 3, 67, '课程购买', '课程购买', 0.01, 0, 1, 1511263109, 0, '');
INSERT INTO `ns_order_payment` VALUES ('151126312214031000', 0, 3, 68, '课程购买', '课程购买', 0.01, 0, 1, 1511263122, 0, '');
INSERT INTO `ns_order_payment` VALUES ('151126358376221000', 0, 3, 69, '课程购买', '课程购买', 0.01, 1, 3, 1511263583, 1511263587, '');
INSERT INTO `ns_order_payment` VALUES ('151131658330661000', 0, 3, 70, '课程购买', '课程购买', 0.01, 1, 3, 1511316583, 1511316587, '');
INSERT INTO `ns_order_payment` VALUES ('151134670217681000', 0, 3, 71, '课程购买', '课程购买', 0.01, 0, 1, 1511346702, 0, '');
INSERT INTO `ns_order_payment` VALUES ('151134671694671000', 0, 3, 72, '课程购买', '课程购买', 0.01, 1, 3, 1511346716, 1511346725, '');
INSERT INTO `ns_order_payment` VALUES ('151134793246491000', 0, 3, 73, '课程购买', '课程购买', 0.01, 0, 1, 1511347933, 0, '');
INSERT INTO `ns_order_payment` VALUES ('151140325112871000', 0, 3, 74, '课程购买', '课程购买', 0.01, 0, 1, 1511403251, 0, '');
INSERT INTO `ns_order_payment` VALUES ('151140676542091000', 0, 3, 75, '课程购买', '课程购买', 0.01, 0, 1, 1511406765, 0, '');
INSERT INTO `ns_order_payment` VALUES ('151141881710021000', 0, 3, 76, '课程购买', '课程购买', 0.00, 1, 1, 1511418817, 0, '');
INSERT INTO `ns_order_payment` VALUES ('151141886368471000', 0, 3, 77, '课程购买', '课程购买', 0.00, 1, 1, 1511418863, 0, '');
INSERT INTO `ns_order_payment` VALUES ('151141931247931000', 0, 3, 78, '课程购买', '课程购买', 0.00, 1, 1, 1511419312, 0, '');
INSERT INTO `ns_order_payment` VALUES ('151141941983401000', 0, 3, 79, '课程购买', '课程购买', 0.00, 1, 1, 1511419419, 0, '');
INSERT INTO `ns_order_payment` VALUES ('151141943245631000', 0, 3, 80, '课程购买', '课程购买', 0.00, 1, 1, 1511419433, 0, '');
INSERT INTO `ns_order_payment` VALUES ('151141994681121000', 0, 3, 82, '课程购买', '课程购买', 0.00, 1, 1, 1511419946, 0, '');
INSERT INTO `ns_order_payment` VALUES ('151142107646491000', 0, 3, 83, '课程购买', '课程购买', 0.00, 1, 1, 1511421076, 0, '');
INSERT INTO `ns_order_payment` VALUES ('151143797897191000', 0, 3, 84, '课程购买', '课程购买', 0.01, 0, 1, 1511437978, 0, '');
INSERT INTO `ns_order_payment` VALUES ('151143801162481000', 0, 3, 85, '课程购买', '课程购买', 89.00, 0, 1, 1511438011, 0, '');
INSERT INTO `ns_order_payment` VALUES ('151149371384831000', 0, 3, 86, '课程购买', '课程购买', 0.00, 1, 1, 1511493713, 0, '');
INSERT INTO `ns_order_payment` VALUES ('151149695827851000', 0, 3, 87, '课程购买', '课程购买', 0.00, 1, 1, 1511496958, 0, '');
INSERT INTO `ns_order_payment` VALUES ('151149759465601000', 0, 3, 88, '课程购买', '课程购买', 0.00, 1, 1, 1511497594, 0, '');
INSERT INTO `ns_order_payment` VALUES ('151149765939091000', 0, 3, 89, '课程购买', '课程购买', 0.00, 1, 1, 1511497659, 0, '');
INSERT INTO `ns_order_payment` VALUES ('151150871710581000', 0, 4, 16, '余额充值', '用户通知余额', 10.00, 0, 1, 1511508728, 0, '');
INSERT INTO `ns_order_payment` VALUES ('151151013611581000', 0, 4, 17, '余额充值', '用户通知余额', 0.10, 0, 1, 1511510161, 0, '');
INSERT INTO `ns_order_payment` VALUES ('151151022332781000', 0, 4, 18, '余额充值', '用户通知余额', 0.10, 0, 1, 1511510239, 0, '');
INSERT INTO `ns_order_payment` VALUES ('151151078821001000', 0, 4, 19, '余额充值', '用户通知余额', 0.10, 0, 1, 1511510794, 0, '');
INSERT INTO `ns_order_payment` VALUES ('151151095134711000', 0, 4, 20, '余额充值', '用户通知余额', 0.10, 0, 1, 1511510956, 0, '');
INSERT INTO `ns_order_payment` VALUES ('151151102572051000', 0, 4, 21, '余额充值', '用户通知余额', 0.10, 0, 1, 1511511033, 0, '');
INSERT INTO `ns_order_payment` VALUES ('151151414521531000', 0, 3, 90, '课程购买', '课程购买', 0.00, 1, 1, 1511514145, 0, '');
INSERT INTO `ns_order_payment` VALUES ('151151800640181000', 0, 4, 22, '余额充值', '用户通知余额', 111.00, 0, 1, 1511518008, 0, '');
INSERT INTO `ns_order_payment` VALUES ('151151916864761000', 0, 4, 23, '余额充值', '用户通知余额', 0.10, 0, 1, 1511519196, 0, '');
INSERT INTO `ns_order_payment` VALUES ('151152093868691000', 0, 4, 24, '余额充值', '用户通知余额', 100.00, 0, 1, 1511520942, 0, '');
INSERT INTO `ns_order_payment` VALUES ('151152132312921000', 0, 4, 25, '余额充值', '用户通知余额', 0.10, 0, 1, 1511521328, 0, '');
INSERT INTO `ns_order_payment` VALUES ('151152134682651000', 0, 4, 26, '余额充值', '用户通知余额', 0.10, 0, 1, 1511521349, 0, '');
INSERT INTO `ns_order_payment` VALUES ('151152196274331000', 0, 3, 91, '课程购买', '课程购买', 0.00, 1, 1, 1511521963, 0, '');
INSERT INTO `ns_order_payment` VALUES ('151152211423841000', 0, 3, 92, '课程购买', '课程购买', 0.00, 1, 1, 1511522114, 0, '');
INSERT INTO `ns_order_payment` VALUES ('151194438835231000', 0, 3, 93, '课程购买', '课程购买', 0.00, 1, 1, 1511944389, 0, '');
INSERT INTO `ns_order_payment` VALUES ('151194465315651000', 0, 3, 94, '课程购买', '课程购买', 0.00, 1, 1, 1511944653, 0, '');
INSERT INTO `ns_order_payment` VALUES ('151194466688191000', 0, 3, 95, '课程购买', '课程购买', 0.00, 1, 1, 1511944666, 0, '');
INSERT INTO `ns_order_payment` VALUES ('151194660478671000', 0, 3, 96, '课程购买', '课程购买', 0.00, 1, 1, 1511946604, 0, '');
INSERT INTO `ns_order_payment` VALUES ('151194672720581000', 0, 3, 97, '课程购买', '课程购买', 0.00, 1, 1, 1511946727, 0, '');
INSERT INTO `ns_order_payment` VALUES ('151194712620371000', 0, 3, 98, '课程购买', '课程购买', 0.00, 1, 1, 1511947127, 0, '');
INSERT INTO `ns_order_payment` VALUES ('151194798287541000', 0, 3, 99, '课程购买', '课程购买', 0.00, 1, 1, 1511947983, 0, '');
INSERT INTO `ns_order_payment` VALUES ('151203591724991000', 0, 4, 27, '余额充值', '用户通知余额', 0.10, 0, 1, 1512035939, 0, '');
INSERT INTO `ns_order_payment` VALUES ('151203746016341000', 0, 4, 28, '余额充值', '用户通知余额', 0.10, 0, 1, 1512037469, 0, '');
INSERT INTO `ns_order_payment` VALUES ('151203762854921000', 0, 4, 29, '余额充值', '用户通知余额', 0.01, 0, 1, 1512037633, 0, '');
INSERT INTO `ns_order_payment` VALUES ('151237901834771000', 0, 3, 100, '课程购买', '课程购买', 0.00, 1, 1, 1512379018, 0, '');
INSERT INTO `ns_order_payment` VALUES ('151246038688801000', 0, 4, 30, '余额充值', '用户通知余额', 0.10, 0, 1, 1512460392, 0, '');
INSERT INTO `ns_order_payment` VALUES ('151264045827571000', 0, 3, 101, '课程购买', '课程购买', 0.00, 1, 1, 1512640458, 0, '');
INSERT INTO `ns_order_payment` VALUES ('151269713477701000', 0, 3, 102, '课程购买', '课程购买', 0.01, 1, 2, 1512697134, 1512697209, '2017120821001004590547785744');
INSERT INTO `ns_order_payment` VALUES ('151270154645081000', 0, 4, 31, '余额充值', '用户通知余额', 0.10, 0, 1, 1512701556, 0, '');
INSERT INTO `ns_order_payment` VALUES ('151279984172701000', 0, 3, 103, '课程购买', '课程购买', 0.01, 0, 1, 1512799841, 0, '');
INSERT INTO `ns_order_payment` VALUES ('151280023035461000', 0, 3, 104, '课程购买', '课程购买', 0.01, 0, 1, 1512800230, 0, '');
INSERT INTO `ns_order_payment` VALUES ('151280026653831000', 0, 3, 105, '课程购买', '课程购买', 0.01, 0, 1, 1512800266, 0, '');
INSERT INTO `ns_order_payment` VALUES ('151280106386381000', 0, 3, 106, '课程购买', '课程购买', 0.01, 1, 2, 1512801063, 1512801102, '2017120921001004590549281886');
INSERT INTO `ns_order_payment` VALUES ('151280289599931000', 0, 3, 107, '课程购买', '课程购买', 0.01, 0, 1, 1512802895, 0, '');
INSERT INTO `ns_order_payment` VALUES ('151280308947331000', 0, 3, 108, '课程购买', '课程购买', 0.01, 1, 2, 1512803090, 1512803134, '2017120921001004590549282369');
INSERT INTO `ns_order_payment` VALUES ('151280444526501000', 0, 3, 109, '课程购买', '课程购买', 0.00, 1, 1, 1512804445, 0, '');
INSERT INTO `ns_order_payment` VALUES ('151280642024901000', 0, 3, 110, '课程购买', '课程购买', 0.00, 1, 1, 1512806420, 0, '');
INSERT INTO `ns_order_payment` VALUES ('151280720335371000', 0, 3, 111, '课程购买', '课程购买', 0.00, 1, 1, 1512807203, 0, '');
INSERT INTO `ns_order_payment` VALUES ('151280729311401000', 0, 3, 112, '课程购买', '课程购买', 0.01, 1, 2, 1512807293, 1512807322, '2017120921001004590549247761');
INSERT INTO `ns_order_payment` VALUES ('151280982927961000', 0, 3, 113, '课程购买', '课程购买', 0.00, 1, 1, 1512809829, 0, '');
INSERT INTO `ns_order_payment` VALUES ('151281019552671000', 0, 3, 114, '课程购买', '课程购买', 0.00, 1, 1, 1512810195, 0, '');
INSERT INTO `ns_order_payment` VALUES ('151281190159931000', 0, 3, 115, '课程购买', '课程购买', 0.00, 1, 1, 1512811901, 0, '');
INSERT INTO `ns_order_payment` VALUES ('151281306799701000', 0, 3, 116, '课程购买', '课程购买', 0.00, 1, 1, 1512813068, 0, '');
INSERT INTO `ns_order_payment` VALUES ('151281502154051000', 0, 3, 117, '课程购买', '课程购买', 160.00, 0, 1, 1512815021, 0, '');
INSERT INTO `ns_order_payment` VALUES ('151281502184471001', 0, 3, 118, '课程购买', '课程购买', 160.00, 0, 1, 1512815021, 0, '');
INSERT INTO `ns_order_payment` VALUES ('151281775467261000', 0, 3, 119, '课程购买', '课程购买', 0.00, 1, 1, 1512817754, 0, '');
INSERT INTO `ns_order_payment` VALUES ('151281797674941000', 0, 3, 120, '课程购买', '课程购买', 0.00, 1, 1, 1512817976, 0, '');
INSERT INTO `ns_order_payment` VALUES ('151281868441911000', 0, 3, 121, '课程购买', '课程购买', 0.00, 1, 1, 1512818684, 0, '');
INSERT INTO `ns_order_payment` VALUES ('151281884931841000', 0, 3, 122, '课程购买', '课程购买', 0.00, 1, 1, 1512818850, 0, '');
INSERT INTO `ns_order_payment` VALUES ('151281927026691000', 0, 3, 123, '课程购买', '课程购买', 0.01, 1, 2, 1512819270, 1512819665, '2017120921001004590550708182');
INSERT INTO `ns_order_payment` VALUES ('151281985031991000', 0, 3, 124, '课程购买', '课程购买', 10.80, 0, 1, 1512819850, 0, '');
INSERT INTO `ns_order_payment` VALUES ('151281996092251000', 0, 3, 125, '课程购买', '课程购买', 0.00, 1, 1, 1512819960, 0, '');
INSERT INTO `ns_order_payment` VALUES ('151295932096431000', 0, 3, 126, '套餐购买', '套餐购买', 0.00, 1, 1, 1512959321, 0, '');
INSERT INTO `ns_order_payment` VALUES ('151295963472021000', 0, 3, 127, '套餐购买', '套餐购买', 0.01, 1, 2, 1512959634, 1512959741, '2017121121001004590553727939');
INSERT INTO `ns_order_payment` VALUES ('151296038449241000', 0, 3, 128, '套餐购买', '套餐购买', 0.01, 1, 2, 1512960384, 1512960432, '2017121121001004590553204907');
INSERT INTO `ns_order_payment` VALUES ('151296069810031000', 0, 3, 129, '套餐购买', '套餐购买', 0.01, 1, 2, 1512960698, 1512960734, '2017121121001004590553970128');
INSERT INTO `ns_order_payment` VALUES ('151296144988281000', 0, 3, 130, '套餐购买', '套餐购买', 0.01, 1, 2, 1512961449, 1512961488, '2017121121001004590552507236');
INSERT INTO `ns_order_payment` VALUES ('151296220199361000', 0, 3, 131, '套餐购买', '套餐购买', 0.00, 1, 1, 1512962202, 0, '');
INSERT INTO `ns_order_payment` VALUES ('151306039853491000', 0, 3, 132, '套餐购买', '套餐购买', 0.00, 1, 1, 1513060398, 0, '');
INSERT INTO `ns_order_payment` VALUES ('151306372312661000', 0, 3, 133, '套餐购买', '套餐购买', 0.00, 1, 1, 1513063723, 0, '');
INSERT INTO `ns_order_payment` VALUES ('151306377388141000', 0, 3, 134, '套餐购买', '套餐购买', 0.00, 1, 1, 1513063773, 0, '');
INSERT INTO `ns_order_payment` VALUES ('151306399168211000', 0, 3, 135, '套餐购买', '套餐购买', 0.00, 1, 1, 1513063991, 0, '');
INSERT INTO `ns_order_payment` VALUES ('151306436867611000', 0, 3, 136, '套餐购买', '套餐购买', 0.00, 1, 1, 1513064368, 0, '');
INSERT INTO `ns_order_payment` VALUES ('151306454534771000', 0, 3, 137, '套餐购买', '套餐购买', 0.00, 1, 1, 1513064546, 0, '');
INSERT INTO `ns_order_payment` VALUES ('151306462031001000', 0, 3, 138, '套餐购买', '套餐购买', 0.00, 1, 1, 1513064620, 0, '');
INSERT INTO `ns_order_payment` VALUES ('151306484490961000', 0, 3, 139, '套餐购买', '套餐购买', 0.00, 1, 1, 1513064844, 0, '');
INSERT INTO `ns_order_payment` VALUES ('151306487043761000', 0, 3, 140, '套餐购买', '套餐购买', 0.00, 1, 1, 1513064870, 0, '');
INSERT INTO `ns_order_payment` VALUES ('151306490154181000', 0, 3, 141, '套餐购买', '套餐购买', 0.00, 1, 1, 1513064901, 0, '');
INSERT INTO `ns_order_payment` VALUES ('151306551137111000', 0, 3, 142, '套餐购买', '套餐购买', 0.00, 1, 1, 1513065511, 0, '');
INSERT INTO `ns_order_payment` VALUES ('151306614330561000', 0, 3, 143, '套餐购买', '套餐购买', 0.00, 1, 1, 1513066143, 0, '');
INSERT INTO `ns_order_payment` VALUES ('151306628140711000', 0, 3, 144, '套餐购买', '套餐购买', 0.00, 1, 1, 1513066281, 0, '');
INSERT INTO `ns_order_payment` VALUES ('151306687380361000', 0, 3, 145, '套餐购买', '套餐购买', 0.00, 1, 1, 1513066873, 0, '');
INSERT INTO `ns_order_payment` VALUES ('151306767556781000', 0, 3, 146, '套餐购买', '套餐购买', 0.00, 1, 1, 1513067675, 0, '');
INSERT INTO `ns_order_payment` VALUES ('151306804955481000', 0, 3, 147, '套餐购买', '套餐购买', 0.00, 1, 1, 1513068049, 0, '');
INSERT INTO `ns_order_payment` VALUES ('151306839061271000', 0, 3, 148, '套餐购买', '套餐购买', 0.00, 1, 1, 1513068390, 0, '');
INSERT INTO `ns_order_payment` VALUES ('151306880739621000', 0, 3, 149, '课程购买', '课程购买', 0.00, 1, 1, 1513068807, 0, '');
INSERT INTO `ns_order_payment` VALUES ('151306907546461000', 0, 3, 150, '课程购买', '课程购买', 0.00, 1, 1, 1513069075, 0, '');
INSERT INTO `ns_order_payment` VALUES ('151306932030361000', 0, 3, 151, '套餐购买', '套餐购买', 0.00, 1, 1, 1513069320, 0, '');
INSERT INTO `ns_order_payment` VALUES ('151307096383231000', 0, 3, 152, '课程购买', '课程购买', 0.00, 1, 1, 1513070963, 0, '');
INSERT INTO `ns_order_payment` VALUES ('151307099996331000', 0, 3, 153, '套餐购买', '套餐购买', 0.00, 1, 1, 1513070999, 0, '');
INSERT INTO `ns_order_payment` VALUES ('151307229171131000', 0, 3, 154, '课程购买', '课程购买', 0.01, 1, 2, 1513072291, 1513072340, '2017121221001004590559675385');
INSERT INTO `ns_order_payment` VALUES ('151307314399931000', 0, 3, 155, '课程购买', '课程购买', 0.01, 1, 2, 1513073143, 1513073621, '2017121221001004590559614207');
INSERT INTO `ns_order_payment` VALUES ('151307438191591000', 0, 3, 156, '套餐购买', '套餐购买', 0.00, 1, 1, 1513074382, 0, '');
INSERT INTO `ns_order_payment` VALUES ('151307557969991000', 0, 3, 157, '套餐购买', '套餐购买', 0.00, 1, 1, 1513075579, 0, '');
INSERT INTO `ns_order_payment` VALUES ('151307576052651000', 0, 3, 158, '套餐购买', '套餐购买', 0.00, 1, 1, 1513075760, 0, '');
INSERT INTO `ns_order_payment` VALUES ('151313277061241000', 0, 4, 32, '余额充值', '用户通知余额', 1.00, 0, 1, 1513132785, 0, '');
INSERT INTO `ns_order_payment` VALUES ('151313280718811000', 0, 4, 33, '余额充值', '用户通知余额', 0.01, 0, 1, 1513132817, 0, '');
INSERT INTO `ns_order_payment` VALUES ('151315025042741000', 0, 3, 159, '套餐购买', '套餐购买', 0.00, 1, 1, 1513150250, 0, '');
INSERT INTO `ns_order_payment` VALUES ('151315227164201000', 0, 3, 160, '套餐购买', '套餐购买', 0.00, 1, 1, 1513152271, 0, '');
INSERT INTO `ns_order_payment` VALUES ('151322270881581000', 0, 3, 161, '课程购买', '课程购买', 0.00, 1, 1, 1513222708, 0, '');
INSERT INTO `ns_order_payment` VALUES ('151322305051741000', 0, 3, 162, '课程购买', '课程购买', 0.00, 1, 1, 1513223050, 0, '');
INSERT INTO `ns_order_payment` VALUES ('151322387592991000', 0, 3, 163, '课程购买', '课程购买', 0.00, 1, 1, 1513223875, 0, '');
INSERT INTO `ns_order_payment` VALUES ('151323634397851000', 0, 3, 164, '课程购买', '课程购买', 0.00, 1, 1, 1513236343, 0, '');
INSERT INTO `ns_order_payment` VALUES ('151323771118561000', 0, 3, 165, '课程购买', '课程购买', 0.00, 1, 1, 1513237712, 0, '');
INSERT INTO `ns_order_payment` VALUES ('151323866872971000', 0, 3, 166, '课程购买', '课程购买', 0.00, 1, 1, 1513238668, 0, '');
INSERT INTO `ns_order_payment` VALUES ('151324251634991000', 0, 3, 167, '课程购买', '课程购买', 0.00, 1, 1, 1513242516, 0, '');
INSERT INTO `ns_order_payment` VALUES ('151324628722641000', 0, 3, 168, '套餐购买', '套餐购买', 0.00, 1, 1, 1513246287, 0, '');
INSERT INTO `ns_order_payment` VALUES ('151330568223341000', 0, 3, 169, '课程购买', '课程购买', 0.00, 1, 1, 1513305682, 0, '');
INSERT INTO `ns_order_payment` VALUES ('151330961160591000', 0, 3, 170, '课程购买', '课程购买', 0.00, 1, 1, 1513309612, 0, '');
INSERT INTO `ns_order_payment` VALUES ('151330969911181000', 0, 3, 171, '课程购买', '课程购买', 0.00, 1, 1, 1513309700, 0, '');
INSERT INTO `ns_order_payment` VALUES ('151331905667241000', 0, 3, 172, '课程购买', '课程购买', 0.00, 1, 1, 1513319056, 0, '');
INSERT INTO `ns_order_payment` VALUES ('151331932142941000', 0, 3, 173, '课程购买', '课程购买', 0.00, 1, 1, 1513319321, 0, '');
INSERT INTO `ns_order_payment` VALUES ('151385716266121000', 0, 4, 34, '余额充值', '用户通知余额', 10.00, 0, 1, 1513857172, 0, '');
INSERT INTO `ns_order_payment` VALUES ('151391769214371000', 0, 3, 174, '课程购买', '课程购买', 0.00, 1, 1, 1513917692, 0, '');
INSERT INTO `ns_order_payment` VALUES ('151392473781761000', 0, 3, 175, '课程购买', '课程购买', 0.00, 1, 1, 1513924738, 0, '');
INSERT INTO `ns_order_payment` VALUES ('151393795668681000', 0, 3, 176, '课程购买', '课程购买', 0.00, 1, 1, 1513937956, 0, '');
INSERT INTO `ns_order_payment` VALUES ('151399851499791000', 0, 3, 177, '课程购买', '课程购买', 0.00, 1, 1, 1513998514, 0, '');
INSERT INTO `ns_order_payment` VALUES ('151401352221371000', 0, 3, 178, '套餐购买', '套餐购买', 0.00, 1, 1, 1514013522, 0, '');
INSERT INTO `ns_order_payment` VALUES ('151425514855531000', 0, 3, 179, '课程购买', '课程购买', 0.00, 1, 1, 1514255148, 0, '');
INSERT INTO `ns_order_payment` VALUES ('151433944873981000', 0, 3, 180, '课程购买', '课程购买', 12.00, 0, 1, 1514339448, 0, '');
INSERT INTO `ns_order_payment` VALUES ('151433953610931000', 0, 3, 181, '课程购买', '课程购买', 0.00, 1, 1, 1514339536, 0, '');
INSERT INTO `ns_order_payment` VALUES ('151433991518481000', 0, 3, 182, '课程购买', '课程购买', 0.00, 1, 1, 1514339915, 0, '');
INSERT INTO `ns_order_payment` VALUES ('151444535088351000', 0, 3, 183, '课程购买', '课程购买', 0.00, 1, 1, 1514445350, 0, '');
INSERT INTO `ns_order_payment` VALUES ('151444648454991000', 0, 3, 184, '课程购买', '课程购买', 0.00, 1, 1, 1514446484, 0, '');
INSERT INTO `ns_order_payment` VALUES ('151444874387251000', 0, 3, 185, '课程购买', '课程购买', 12.00, 0, 1, 1514448743, 0, '');
INSERT INTO `ns_order_payment` VALUES ('151445349597771000', 0, 3, 186, '课程购买', '课程购买', 0.00, 1, 1, 1514453495, 0, '');
INSERT INTO `ns_order_payment` VALUES ('156119594213161000', 0, 3, 187, '课程购买', '课程购买', 0.01, 0, 1, 1561195942, 0, '');
INSERT INTO `ns_order_payment` VALUES ('156256494165931000', 0, 3, 188, '课程购买', '课程购买', 0.00, 1, 1, 1562564941, 0, '');
INSERT INTO `ns_order_payment` VALUES ('157380048099521000', 0, 3, 189, '课程购买', '课程购买', 0.10, 0, 1, 1573800480, 0, '');
INSERT INTO `ns_order_payment` VALUES ('160758794532971000', 0, 3, 190, '课程购买', '课程购买', 10.00, 0, 1, 1607587945, 0, '');
INSERT INTO `ns_order_payment` VALUES ('160791788230691000', 0, 3, 191, '课程购买', '课程购买', 9.90, 0, 1, 1607917882, 0, '');

-- ----------------------------
-- Table structure for ns_order_pickup
-- ----------------------------
DROP TABLE IF EXISTS `ns_order_pickup`;
CREATE TABLE `ns_order_pickup`  (
  `id` int(10) UNSIGNED NOT NULL AUTO_INCREMENT,
  `order_id` int(10) NOT NULL DEFAULT 0 COMMENT '订单ID',
  `name` varchar(255) CHARACTER SET utf8 COLLATE utf8_general_ci NOT NULL COMMENT '自提点名称',
  `address` varchar(255) CHARACTER SET utf8 COLLATE utf8_general_ci NOT NULL DEFAULT '' COMMENT '自提点地址',
  `contact` varchar(255) CHARACTER SET utf8 COLLATE utf8_general_ci NOT NULL DEFAULT '' COMMENT '联系人',
  `phone` varchar(255) CHARACTER SET utf8 COLLATE utf8_general_ci NOT NULL DEFAULT '' COMMENT '联系电话',
  `city_id` int(11) NOT NULL COMMENT '市ID',
  `province_id` int(11) NOT NULL COMMENT '省ID',
  `district_id` int(11) NOT NULL COMMENT '区县ID',
  `supplier_id` int(11) NOT NULL DEFAULT 0 COMMENT '供应门店ID',
  `longitude` varchar(255) CHARACTER SET utf8 COLLATE utf8_general_ci NOT NULL DEFAULT '' COMMENT '经度',
  `latitude` varchar(255) CHARACTER SET utf8 COLLATE utf8_general_ci NOT NULL DEFAULT '' COMMENT '维度',
  `buyer_name` varchar(50) CHARACTER SET utf8 COLLATE utf8_general_ci NOT NULL DEFAULT '' COMMENT '提货人姓名',
  `buyer_mobile` varchar(255) CHARACTER SET utf8 COLLATE utf8_general_ci NOT NULL DEFAULT '' COMMENT '提货人电话',
  `remark` varchar(255) CHARACTER SET utf8 COLLATE utf8_general_ci NOT NULL DEFAULT '' COMMENT '提货备注信息',
  `create_time` int(11) NULL DEFAULT 0 COMMENT '创建时间',
  PRIMARY KEY (`id`) USING BTREE
) ENGINE = InnoDB AUTO_INCREMENT = 16 AVG_ROW_LENGTH = 16384 CHARACTER SET = utf8 COLLATE = utf8_general_ci COMMENT = '订单自提点管理' ROW_FORMAT = Compact;

-- ----------------------------
-- Records of ns_order_pickup
-- ----------------------------
INSERT INTO `ns_order_pickup` VALUES (1, 51, '默认', '1111', '1111', '213123123', 256, 24, 2221, 0, '', '', '', '', '', 1501924605);
INSERT INTO `ns_order_pickup` VALUES (2, 52, '默认', '1111', '1111', '213123123', 256, 24, 2221, 0, '', '', '', '', '', 1501925254);
INSERT INTO `ns_order_pickup` VALUES (3, 74, '默认', '1111', '1111', '213123123', 256, 24, 2221, 0, '', '', '', '', '', 1502964977);
INSERT INTO `ns_order_pickup` VALUES (4, 87, '默认', '1111', '1111', '213123123', 256, 24, 2221, 0, '', '', '', '', '', 1503916150);
INSERT INTO `ns_order_pickup` VALUES (5, 91, '默认', '1111', '1111', '213123123', 256, 24, 2221, 0, '', '', '', '', '', 1504077731);
INSERT INTO `ns_order_pickup` VALUES (6, 93, '默认', '1111', '1111', '213123123', 256, 24, 2221, 0, '', '', '', '', '', 1504147828);
INSERT INTO `ns_order_pickup` VALUES (7, 96, '默认', '1111', '1111', '213123123', 256, 24, 2221, 0, '', '', '', '', '', 1504508336);
INSERT INTO `ns_order_pickup` VALUES (8, 97, '默认', '1111', '1111', '213123123', 256, 24, 2221, 0, '', '', '', '', '', 1504524835);
INSERT INTO `ns_order_pickup` VALUES (9, 172, '默认', '1111', '1111', '213123123', 256, 24, 2221, 0, '', '', '', '', '', 1506051970);
INSERT INTO `ns_order_pickup` VALUES (10, 173, '默认', '1111', '1111', '213123123', 256, 24, 2221, 0, '', '', '', '', '', 1506060437);
INSERT INTO `ns_order_pickup` VALUES (11, 174, '默认', '1111', '1111', '213123123', 256, 24, 2221, 0, '', '', '', '', '', 1506060533);
INSERT INTO `ns_order_pickup` VALUES (12, 175, '默认', '1111', '1111', '213123123', 256, 24, 2221, 0, '', '', '', '', '', 1506060868);
INSERT INTO `ns_order_pickup` VALUES (13, 176, '默认', '1111', '1111', '213123123', 256, 24, 2221, 0, '', '', '', '', '', 1506061024);
INSERT INTO `ns_order_pickup` VALUES (14, 177, '默认', '1111', '1111', '213123123', 256, 24, 2221, 0, '', '', '', '', '', 1506061135);
INSERT INTO `ns_order_pickup` VALUES (15, 179, '默认', '1111', '1111', '213123123', 256, 24, 2221, 0, '', '', '', '', '', 1506065149);

-- ----------------------------
-- Table structure for ns_order_promotion_details
-- ----------------------------
DROP TABLE IF EXISTS `ns_order_promotion_details`;
CREATE TABLE `ns_order_promotion_details`  (
  `id` int(11) NOT NULL AUTO_INCREMENT,
  `order_id` int(11) NOT NULL COMMENT '订单ID',
  `promotion_type_id` int(11) NOT NULL COMMENT '优惠类型规则ID（满减对应规则）',
  `promotion_id` int(11) NOT NULL COMMENT '优惠ID',
  `promotion_type` varchar(255) CHARACTER SET utf8 COLLATE utf8_general_ci NOT NULL COMMENT '优惠类型',
  `promotion_name` varchar(50) CHARACTER SET utf8 COLLATE utf8_general_ci NOT NULL COMMENT '该优惠活动的名称',
  `promotion_condition` varchar(255) CHARACTER SET utf8 COLLATE utf8_general_ci NOT NULL DEFAULT '' COMMENT '优惠使用条件说明',
  `discount_money` decimal(10, 2) NOT NULL DEFAULT 0.00 COMMENT '优惠的金额，单位：元，精确到小数点后两位',
  `used_time` int(11) NULL DEFAULT 0 COMMENT '使用时间',
  PRIMARY KEY (`id`) USING BTREE
) ENGINE = InnoDB AUTO_INCREMENT = 35 AVG_ROW_LENGTH = 364 CHARACTER SET = utf8 COLLATE = utf8_general_ci COMMENT = '订单优惠详情' ROW_FORMAT = Compact;

-- ----------------------------
-- Records of ns_order_promotion_details
-- ----------------------------
INSERT INTO `ns_order_promotion_details` VALUES (1, 14, 1, 1, 'MANJIAN', '满减送活动', '满10.00元，减1.00', 1.00, 1500436032);
INSERT INTO `ns_order_promotion_details` VALUES (2, 15, 1, 1, 'MANJIAN', '满减送活动', '满10.00元，减1.00', 1.00, 1500535409);
INSERT INTO `ns_order_promotion_details` VALUES (3, 16, 1, 1, 'MANJIAN', '满减送活动', '满10.00元，减1.00', 1.00, 1500542513);
INSERT INTO `ns_order_promotion_details` VALUES (4, 17, 1, 1, 'MANJIAN', '满减送活动', '满10.00元，减1.00', 1.00, 1500688481);
INSERT INTO `ns_order_promotion_details` VALUES (5, 19, 1, 1, 'MANJIAN', '满减送活动', '满10.00元，减1.00', 1.00, 1500965209);
INSERT INTO `ns_order_promotion_details` VALUES (6, 22, 1, 1, 'MANJIAN', '满减送活动', '满10.00元，减1.00', 1.00, 1500966746);
INSERT INTO `ns_order_promotion_details` VALUES (7, 24, 1, 1, 'MANJIAN', '满减送活动', '满10.00元，减1.00', 1.00, 1501038805);
INSERT INTO `ns_order_promotion_details` VALUES (8, 25, 1, 1, 'MANJIAN', '满减送活动', '满10.00元，减1.00', 1.00, 1501041189);
INSERT INTO `ns_order_promotion_details` VALUES (9, 32, 1, 1, 'MANJIAN', '满减送活动', '满10.00元，减1.00', 1.00, 1501152064);
INSERT INTO `ns_order_promotion_details` VALUES (10, 41, 2, 1, 'MANEBAOYOU', '满额包邮', '满100.00元,包邮!', 100.00, 1501729825);
INSERT INTO `ns_order_promotion_details` VALUES (11, 43, 2, 1, 'MANEBAOYOU', '满额包邮', '满100.00元,包邮!', 100.00, 1501730128);
INSERT INTO `ns_order_promotion_details` VALUES (12, 50, 2, 1, 'MANEBAOYOU', '满额包邮', '满100.00元,包邮!', 6.00, 1501918610);
INSERT INTO `ns_order_promotion_details` VALUES (13, 54, 2, 1, 'MANEBAOYOU', '满额包邮', '满100.00元,包邮!', 100.00, 1502087950);
INSERT INTO `ns_order_promotion_details` VALUES (14, 55, 2, 1, 'MANEBAOYOU', '满额包邮', '满100.00元,包邮!', 100.00, 1502107614);
INSERT INTO `ns_order_promotion_details` VALUES (15, 56, 2, 1, 'MANEBAOYOU', '满额包邮', '满100.00元,包邮!', 400.00, 1502368274);
INSERT INTO `ns_order_promotion_details` VALUES (16, 61, 2, 1, 'MANEBAOYOU', '满额包邮', '满100.00元,包邮!', 400.00, 1502510528);
INSERT INTO `ns_order_promotion_details` VALUES (17, 74, 2, 1, 'MANEBAOYOU', '满额包邮', '满100.00元,包邮!', 10.00, 1502964977);
INSERT INTO `ns_order_promotion_details` VALUES (18, 78, 2, 1, 'MANEBAOYOU', '满额包邮', '满100.00元,包邮!', 2.00, 1503570836);
INSERT INTO `ns_order_promotion_details` VALUES (19, 96, 1, 18, 'MANJIAN', '满减送活动', '满100.00元，减0.00', 0.00, 1504508336);
INSERT INTO `ns_order_promotion_details` VALUES (20, 97, 1, 18, 'MANJIAN', '满减送活动', '满100.00元，减0.00', 0.00, 1504524835);
INSERT INTO `ns_order_promotion_details` VALUES (21, 98, 1, 18, 'MANJIAN', '满减送活动', '满100.00元，减0.00', 0.00, 1504525055);
INSERT INTO `ns_order_promotion_details` VALUES (22, 99, 1, 18, 'MANJIAN', '满减送活动', '满100.00元，减0.00', 0.00, 1504525623);
INSERT INTO `ns_order_promotion_details` VALUES (23, 104, 1, 18, 'MANJIAN', '满减送活动', '满100.00元，减0.00', 0.00, 1504681790);
INSERT INTO `ns_order_promotion_details` VALUES (24, 108, 1, 18, 'MANJIAN', '满减送活动', '满100.00元，减0.00', 0.00, 1504765974);
INSERT INTO `ns_order_promotion_details` VALUES (25, 110, 1, 18, 'MANJIAN', '满减送活动', '满100.00元，减0.00', 0.00, 1504767187);
INSERT INTO `ns_order_promotion_details` VALUES (26, 186, 1, 21, 'MANJIAN', '满减送活动', '满200.00元，减80.00', 80.00, 1506151807);
INSERT INTO `ns_order_promotion_details` VALUES (27, 186, 1, 20, 'MANJIAN', '满减送活动', '满150.00元，减50.00', 50.00, 1506151807);
INSERT INTO `ns_order_promotion_details` VALUES (28, 186, 1, 19, 'MANJIAN', '满减送活动', '满100.00元，减10.00', 10.00, 1506151807);
INSERT INTO `ns_order_promotion_details` VALUES (29, 187, 1, 23, 'MANJIAN', '满减送活动', '满400.00元，减120.00', 120.00, 1506152372);
INSERT INTO `ns_order_promotion_details` VALUES (30, 188, 1, 23, 'MANJIAN', '满减送活动', '满400.00元，减120.00', 120.00, 1506152469);
INSERT INTO `ns_order_promotion_details` VALUES (31, 189, 1, 23, 'MANJIAN', '满减送活动', '满400.00元，减120.00', 120.00, 1506152581);
INSERT INTO `ns_order_promotion_details` VALUES (32, 190, 1, 19, 'MANJIAN', '满减送活动', '满100.00元，减10.00', 10.00, 1506312347);
INSERT INTO `ns_order_promotion_details` VALUES (33, 196, 1, 20, 'MANJIAN', '满减送活动', '满150.00元，减50.00', 50.00, 1506657582);
INSERT INTO `ns_order_promotion_details` VALUES (34, 197, 1, 19, 'MANJIAN', '满减送活动', '满100.00元，减10.00', 10.00, 1506666251);

-- ----------------------------
-- Table structure for ns_order_refund
-- ----------------------------
DROP TABLE IF EXISTS `ns_order_refund`;
CREATE TABLE `ns_order_refund`  (
  `id` int(11) UNSIGNED NOT NULL AUTO_INCREMENT COMMENT 'id',
  `order_goods_id` int(11) NOT NULL COMMENT '订单商品表id',
  `refund_status` varchar(255) CHARACTER SET utf8 COLLATE utf8_general_ci NOT NULL COMMENT '操作状态\n\n\n\n\n\n\n\n\n\n\n\n\n\n\n\n\n\n\n\n\n\n\n\n\n\n\n\n\n\n\n\n流程状态(refund_status)	状态名称(refund_status_name)	操作时间\n\n\n\n\n\n\n\n\n\n\n\n\n\n\n\n1	买家申请	发起了退款申请,等待卖家处理\n\n\n\n\n\n\n\n\n\n\n\n\n\n\n\n2	等待买家退货	卖家已同意退款申请,等待买家退货\n\n\n\n\n\n\n\n\n\n\n\n\n\n\n\n3	等待卖家确认收货	买家已退货,等待卖家确认收货\n\n\n\n\n\n\n\n\n\n\n\n\n\n\n\n4	等待卖家确认退款	卖家同意退款\n\n\n\n\n\n\n\n\n\n\n\n\n\n\n\n0	退款已成功	卖家退款给买家，本次维权结束\n\n\n\n\n\n\n\n\n\n\n\n\n\n\n\n-1	退款已拒绝	卖家拒绝本次退款，本次维权结束\n\n\n\n\n\n\n\n\n\n\n\n\n\n\n\n-2	退款已关闭	主动撤销退款，退款关闭\n\n\n\n\n\n\n\n\n\n\n\n\n\n\n\n-3	退款申请不通过	拒绝了本次退款申请,等待买家修改\n\n\n\n\n\n\n\n\n\n\n\n\n\n\n\n',
  `action` varchar(255) CHARACTER SET utf8 COLLATE utf8_general_ci NOT NULL COMMENT '退款操作内容描述',
  `action_way` tinyint(4) NOT NULL DEFAULT 0 COMMENT '操作方 1 买家 2 卖家',
  `action_userid` varchar(255) CHARACTER SET utf8 COLLATE utf8_general_ci NOT NULL DEFAULT '0' COMMENT '操作人id',
  `action_username` varchar(255) CHARACTER SET utf8 COLLATE utf8_general_ci NOT NULL DEFAULT '' COMMENT '操作人姓名',
  `action_time` int(11) NULL DEFAULT 0 COMMENT '操作时间',
  PRIMARY KEY (`id`) USING BTREE
) ENGINE = InnoDB AUTO_INCREMENT = 173 AVG_ROW_LENGTH = 108 CHARACTER SET = utf8 COLLATE = utf8_general_ci COMMENT = '订单商品退货退款操作表' ROW_FORMAT = Compact;

-- ----------------------------
-- Records of ns_order_refund
-- ----------------------------
INSERT INTO `ns_order_refund` VALUES (1, 7, '1', '买家申请退款', 1, '1', 'admin', 1500341223);
INSERT INTO `ns_order_refund` VALUES (2, 7, '2', '等待买家退货', 2, '1', 'admin', 1500341238);
INSERT INTO `ns_order_refund` VALUES (3, 12, '1', '买家申请退款', 1, '1', 'admin', 1500436060);
INSERT INTO `ns_order_refund` VALUES (4, 15, '1', '买家申请退款', 1, '1', 'admin', 1500492516);
INSERT INTO `ns_order_refund` VALUES (5, 15, '4', '等待卖家确认退款', 2, '1', 'admin', 1500492650);
INSERT INTO `ns_order_refund` VALUES (6, 15, '5', '退款已成功', 2, '1', 'admin', 1500492667);
INSERT INTO `ns_order_refund` VALUES (7, 17, '1', '买家申请退款', 1, '1', 'admin', 1500493999);
INSERT INTO `ns_order_refund` VALUES (8, 17, '4', '等待卖家确认退款', 2, '1', 'admin', 1500494253);
INSERT INTO `ns_order_refund` VALUES (9, 17, '5', '退款已成功', 2, '1', 'admin', 1500494268);
INSERT INTO `ns_order_refund` VALUES (10, 20, '1', '买家申请退款', 1, '1', 'admin', 1500693287);
INSERT INTO `ns_order_refund` VALUES (11, 20, '4', '等待卖家确认退款', 2, '1', 'admin', 1500693295);
INSERT INTO `ns_order_refund` VALUES (12, 20, '5', '退款已成功', 2, '1', 'admin', 1500693302);
INSERT INTO `ns_order_refund` VALUES (13, 21, '1', '买家申请退款', 1, '5', 'gaowei123', 1500922043);
INSERT INTO `ns_order_refund` VALUES (14, 21, '4', '等待卖家确认退款', 2, '1', 'admin', 1500922307);
INSERT INTO `ns_order_refund` VALUES (15, 12, '4', '等待卖家确认退款', 2, '1', 'admin', 1500923948);
INSERT INTO `ns_order_refund` VALUES (16, 23, '1', '买家申请退款', 1, '1', 'admin', 1500924499);
INSERT INTO `ns_order_refund` VALUES (25, 23, '4', '等待卖家确认退款', 2, '1', 'admin', 1500925676);
INSERT INTO `ns_order_refund` VALUES (26, 25, '1', '买家申请退款', 1, '1', 'admin', 1500925826);
INSERT INTO `ns_order_refund` VALUES (27, 35, '1', '买家申请退款', 1, '1', 'admin', 1501582784);
INSERT INTO `ns_order_refund` VALUES (28, 35, '4', '等待卖家确认退款', 2, '1', 'admin', 1501584062);
INSERT INTO `ns_order_refund` VALUES (29, 35, '-2', '退款已关闭', 1, '1', 'admin', 1501584097);
INSERT INTO `ns_order_refund` VALUES (30, 36, '1', '买家申请退款', 1, '1', 'admin', 1501584216);
INSERT INTO `ns_order_refund` VALUES (31, 36, '2', '等待买家退货', 2, '1', 'admin', 1501584235);
INSERT INTO `ns_order_refund` VALUES (32, 36, '3', '等待卖家确认收货', 1, '1', 'admin', 1501584425);
INSERT INTO `ns_order_refund` VALUES (33, 36, '4', '等待卖家确认退款', 2, '1', 'admin', 1501591754);
INSERT INTO `ns_order_refund` VALUES (34, 37, '1', '买家申请退款', 1, '1', 'admin', 1501635358);
INSERT INTO `ns_order_refund` VALUES (35, 37, '2', '等待买家退货', 2, '1', 'admin', 1501635376);
INSERT INTO `ns_order_refund` VALUES (36, 37, '3', '等待卖家确认收货', 1, '1', 'admin', 1501635407);
INSERT INTO `ns_order_refund` VALUES (37, 37, '4', '等待卖家确认退款', 2, '1', 'admin', 1501636423);
INSERT INTO `ns_order_refund` VALUES (38, 37, '5', '退款已成功', 2, '1', 'admin', 1501637116);
INSERT INTO `ns_order_refund` VALUES (39, 38, '1', '买家申请退款', 1, '1', 'admin', 1501637232);
INSERT INTO `ns_order_refund` VALUES (40, 38, '2', '等待买家退货', 2, '1', 'admin', 1501637244);
INSERT INTO `ns_order_refund` VALUES (41, 38, '3', '等待卖家确认收货', 1, '1', 'admin', 1501637273);
INSERT INTO `ns_order_refund` VALUES (42, 38, '4', '等待卖家确认退款', 2, '1', 'admin', 1501637286);
INSERT INTO `ns_order_refund` VALUES (43, 25, '-3', '退款申请不通过', 2, '1', 'admin', 1501813844);
INSERT INTO `ns_order_refund` VALUES (44, 23, '5', '退款已成功', 2, '1', 'admin', 1501813980);
INSERT INTO `ns_order_refund` VALUES (45, 25, '1', '买家申请退款', 1, '1', 'admin', 1501818730);
INSERT INTO `ns_order_refund` VALUES (46, 25, '-1', '退款已拒绝', 2, '1', 'admin', 1501818746);
INSERT INTO `ns_order_refund` VALUES (47, 82, '1', '买家申请退款', 1, '1', 'admin', 1503577251);
INSERT INTO `ns_order_refund` VALUES (48, 36, '-2', '退款已关闭', 1, '1', 'admin', 1503628579);
INSERT INTO `ns_order_refund` VALUES (49, 82, '-2', '退款已关闭', 1, '1', 'admin', 1503650733);
INSERT INTO `ns_order_refund` VALUES (50, 38, '-2', '退款已关闭', 1, '1', 'admin', 1503650745);
INSERT INTO `ns_order_refund` VALUES (51, 12, '-2', '退款已关闭', 1, '1', 'admin', 1503650949);
INSERT INTO `ns_order_refund` VALUES (52, 7, '-2', '退款已关闭', 1, '1', 'admin', 1503650958);
INSERT INTO `ns_order_refund` VALUES (53, 90, '1', '买家申请退款', 1, '1', 'admin', 1503652484);
INSERT INTO `ns_order_refund` VALUES (54, 90, '4', '等待卖家确认退款', 2, '1', 'admin', 1503654337);
INSERT INTO `ns_order_refund` VALUES (55, 90, '5', '退款已成功', 2, '1', 'admin', 1503654345);
INSERT INTO `ns_order_refund` VALUES (56, 107, '1', '买家申请退款', 1, '1', 'admin', 1504584644);
INSERT INTO `ns_order_refund` VALUES (57, 107, '2', '等待买家退货', 2, '1', 'admin', 1504584664);
INSERT INTO `ns_order_refund` VALUES (58, 107, '3', '等待卖家确认收货', 1, '1', 'admin', 1504584739);
INSERT INTO `ns_order_refund` VALUES (59, 107, '4', '等待卖家确认退款', 2, '1', 'admin', 1504584782);
INSERT INTO `ns_order_refund` VALUES (60, 107, '5', '退款已成功', 2, '1', 'admin', 1504584795);
INSERT INTO `ns_order_refund` VALUES (61, 104, '1', '买家申请退款', 1, '1', 'admin', 1504594655);
INSERT INTO `ns_order_refund` VALUES (62, 111, '1', '买家申请退款', 1, '1', 'admin', 1504681847);
INSERT INTO `ns_order_refund` VALUES (63, 111, '4', '等待卖家确认退款', 2, '1', 'admin', 1504681857);
INSERT INTO `ns_order_refund` VALUES (64, 111, '5', '退款已成功', 2, '1', 'admin', 1504681870);
INSERT INTO `ns_order_refund` VALUES (65, 119, '1', '买家申请退款', 1, '1', 'admin', 1504768173);
INSERT INTO `ns_order_refund` VALUES (66, 119, '4', '等待卖家确认退款', 2, '1', 'admin', 1504768181);
INSERT INTO `ns_order_refund` VALUES (67, 119, '5', '退款已成功', 2, '1', 'admin', 1504768197);
INSERT INTO `ns_order_refund` VALUES (68, 120, '1', '买家申请退款', 1, '1', 'admin', 1504768273);
INSERT INTO `ns_order_refund` VALUES (69, 120, '1', '买家申请退款', 1, '1', 'admin', 1504768274);
INSERT INTO `ns_order_refund` VALUES (70, 120, '4', '等待卖家确认退款', 2, '1', 'admin', 1504768281);
INSERT INTO `ns_order_refund` VALUES (71, 151, '1', '买家申请退款', 1, '1', 'admin', 1505464299);
INSERT INTO `ns_order_refund` VALUES (72, 151, '1', '买家申请退款', 1, '1', 'admin', 1505464301);
INSERT INTO `ns_order_refund` VALUES (73, 152, '1', '买家申请退款', 1, '1', 'admin', 1505464460);
INSERT INTO `ns_order_refund` VALUES (74, 143, '1', '买家申请退款', 1, '1', 'admin', 1505716732);
INSERT INTO `ns_order_refund` VALUES (75, 143, '1', '买家申请退款', 1, '1', 'admin', 1505716733);
INSERT INTO `ns_order_refund` VALUES (76, 143, '1', '买家申请退款', 1, '1', 'admin', 1505716734);
INSERT INTO `ns_order_refund` VALUES (77, 143, '1', '买家申请退款', 1, '1', 'admin', 1505716734);
INSERT INTO `ns_order_refund` VALUES (78, 153, '1', '买家申请退款', 1, '1', 'admin', 1505898911);
INSERT INTO `ns_order_refund` VALUES (79, 190, '1', '买家申请退款', 1, '1', 'admin', 1506052213);
INSERT INTO `ns_order_refund` VALUES (80, 190, '1', '买家申请退款', 1, '1', 'admin', 1506052215);
INSERT INTO `ns_order_refund` VALUES (81, 191, '1', '买家申请退款', 1, '1', 'admin', 1506060465);
INSERT INTO `ns_order_refund` VALUES (82, 192, '1', '买家申请退款', 1, '1', 'admin', 1506060570);
INSERT INTO `ns_order_refund` VALUES (83, 193, '1', '买家申请退款', 1, '1', 'admin', 1506060913);
INSERT INTO `ns_order_refund` VALUES (84, 193, '-2', '退款已关闭', 1, '1', 'admin', 1506061012);
INSERT INTO `ns_order_refund` VALUES (85, 194, '1', '买家申请退款', 1, '1', 'admin', 1506061086);
INSERT INTO `ns_order_refund` VALUES (86, 195, '1', '买家申请退款', 1, '1', 'admin', 1506061162);
INSERT INTO `ns_order_refund` VALUES (87, 184, '1', '买家申请退款', 1, '1', 'admin', 1506145215);
INSERT INTO `ns_order_refund` VALUES (88, 198, '1', '买家申请退款', 1, '1', 'admin', 1506146694);
INSERT INTO `ns_order_refund` VALUES (89, 200, '1', '买家申请退款', 1, '1', 'admin', 1506148143);
INSERT INTO `ns_order_refund` VALUES (90, 199, '1', '买家申请退款', 1, '1', 'admin', 1506148425);
INSERT INTO `ns_order_refund` VALUES (91, 201, '1', '买家申请退款', 1, '1', 'admin', 1506148820);
INSERT INTO `ns_order_refund` VALUES (92, 202, '1', '买家申请退款', 1, '1', 'admin', 1506148962);
INSERT INTO `ns_order_refund` VALUES (93, 203, '1', '买家申请退款', 1, '1', 'admin', 1506149323);
INSERT INTO `ns_order_refund` VALUES (94, 209, '1', '买家申请退款', 1, '1', 'admin', 1506483803);
INSERT INTO `ns_order_refund` VALUES (95, 209, '1', '买家申请退款', 1, '1', 'admin', 1506483806);
INSERT INTO `ns_order_refund` VALUES (96, 209, '4', '等待卖家确认退款', 2, '1', 'admin', 1506483936);
INSERT INTO `ns_order_refund` VALUES (97, 209, '5', '退款已成功', 2, '1', 'admin', 1506484342);
INSERT INTO `ns_order_refund` VALUES (98, 183, '1', '买家申请退款', 1, '1', 'admin', 1506583953);
INSERT INTO `ns_order_refund` VALUES (99, 224, '1', '买家申请退款', 1, '1', 'admin', 1506677542);
INSERT INTO `ns_order_refund` VALUES (100, 224, '4', '等待卖家确认退款', 2, '1', 'admin', 1506677585);
INSERT INTO `ns_order_refund` VALUES (101, 224, '5', '退款已成功', 2, '1', 'admin', 1506677596);
INSERT INTO `ns_order_refund` VALUES (102, 230, '1', '买家申请退款', 1, '58', 'zkf123', 1506762251);
INSERT INTO `ns_order_refund` VALUES (103, 235, '1', '买家申请退款', 1, '59', 'zkf', 1507522342);
INSERT INTO `ns_order_refund` VALUES (104, 235, '-2', '退款已关闭', 1, '59', 'zkf', 1507529239);
INSERT INTO `ns_order_refund` VALUES (105, 249, '1', '买家申请退款', 1, '1', 'admin', 1507876899);
INSERT INTO `ns_order_refund` VALUES (106, 249, '1', '买家申请退款', 1, '1', 'admin', 1507876902);
INSERT INTO `ns_order_refund` VALUES (107, 249, '1', '买家申请退款', 1, '1', 'admin', 1507876904);
INSERT INTO `ns_order_refund` VALUES (108, 249, '1', '买家申请退款', 1, '1', 'admin', 1507876906);
INSERT INTO `ns_order_refund` VALUES (109, 249, '-2', '退款已关闭', 1, '1', 'admin', 1507876922);
INSERT INTO `ns_order_refund` VALUES (110, 258, '1', '买家申请退款', 1, '1', 'admin', 1507952981);
INSERT INTO `ns_order_refund` VALUES (111, 258, '4', '等待卖家确认退款', 2, '1', 'admin', 1507962957);
INSERT INTO `ns_order_refund` VALUES (112, 259, '1', '买家申请退款', 1, '1', 'admin', 1507971561);
INSERT INTO `ns_order_refund` VALUES (113, 259, '4', '等待卖家确认退款', 2, '1', 'admin', 1507971569);
INSERT INTO `ns_order_refund` VALUES (114, 258, '5', '退款已成功', 2, '1', 'admin', 1508140328);
INSERT INTO `ns_order_refund` VALUES (115, 259, '5', '退款已成功', 2, '1', 'admin', 1508142381);
INSERT INTO `ns_order_refund` VALUES (116, 273, '1', '买家申请退款', 1, '1', 'admin', 1508145061);
INSERT INTO `ns_order_refund` VALUES (117, 273, '4', '等待卖家确认退款', 2, '1', 'admin', 1508145080);
INSERT INTO `ns_order_refund` VALUES (118, 273, '5', '退款已成功', 2, '1', 'admin', 1508145131);
INSERT INTO `ns_order_refund` VALUES (119, 274, '1', '买家申请退款', 1, '1', 'admin', 1508146248);
INSERT INTO `ns_order_refund` VALUES (120, 274, '4', '等待卖家确认退款', 2, '1', 'admin', 1508146264);
INSERT INTO `ns_order_refund` VALUES (121, 274, '5', '退款已成功', 2, '1', 'admin', 1508147128);
INSERT INTO `ns_order_refund` VALUES (122, 275, '1', '买家申请退款', 1, '1', 'admin', 1508148113);
INSERT INTO `ns_order_refund` VALUES (123, 275, '4', '等待卖家确认退款', 2, '1', 'admin', 1508148511);
INSERT INTO `ns_order_refund` VALUES (124, 276, '1', '买家申请退款', 1, '1', 'admin', 1508149368);
INSERT INTO `ns_order_refund` VALUES (125, 276, '4', '等待卖家确认退款', 2, '1', 'admin', 1508149388);
INSERT INTO `ns_order_refund` VALUES (126, 276, '5', '退款已成功', 2, '1', 'admin', 1508150536);
INSERT INTO `ns_order_refund` VALUES (127, 277, '1', '买家申请退款', 1, '1', 'admin', 1508150634);
INSERT INTO `ns_order_refund` VALUES (128, 277, '4', '等待卖家确认退款', 2, '1', 'admin', 1508150648);
INSERT INTO `ns_order_refund` VALUES (129, 277, '5', '退款已成功', 2, '1', 'admin', 1508150685);
INSERT INTO `ns_order_refund` VALUES (130, 278, '1', '买家申请退款', 1, '1', 'admin', 1508153747);
INSERT INTO `ns_order_refund` VALUES (131, 278, '4', '等待卖家确认退款', 2, '1', 'admin', 1508153753);
INSERT INTO `ns_order_refund` VALUES (132, 278, '5', '退款已成功', 2, '1', 'admin', 1508229614);
INSERT INTO `ns_order_refund` VALUES (133, 280, '1', '买家申请退款', 1, '1', 'admin', 1508236817);
INSERT INTO `ns_order_refund` VALUES (134, 280, '4', '等待卖家确认退款', 2, '1', 'admin', 1508237081);
INSERT INTO `ns_order_refund` VALUES (135, 280, '5', '退款已成功', 2, '1', 'admin', 1508238521);
INSERT INTO `ns_order_refund` VALUES (137, 275, '5', '退款已成功', 2, '1', 'admin', 1508294984);
INSERT INTO `ns_order_refund` VALUES (138, 281, '1', '买家申请退款', 1, '1', 'admin', 1508323466);
INSERT INTO `ns_order_refund` VALUES (139, 281, '4', '等待卖家确认退款', 2, '1', 'admin', 1508323473);
INSERT INTO `ns_order_refund` VALUES (140, 281, '5', '退款已成功', 2, '1', 'admin', 1508323489);
INSERT INTO `ns_order_refund` VALUES (141, 282, '1', '买家申请退款', 1, '1', 'admin', 1508375518);
INSERT INTO `ns_order_refund` VALUES (142, 282, '4', '等待卖家确认退款', 2, '1', 'admin', 1508375524);
INSERT INTO `ns_order_refund` VALUES (143, 282, '5', '退款已成功', 2, '1', 'admin', 1508471466);
INSERT INTO `ns_order_refund` VALUES (144, 230, '4', '等待卖家确认退款', 2, '1', 'admin', 1508483678);
INSERT INTO `ns_order_refund` VALUES (145, 203, '4', '等待卖家确认退款', 2, '1', 'admin', 1508483863);
INSERT INTO `ns_order_refund` VALUES (146, 202, '4', '等待卖家确认退款', 2, '1', 'admin', 1508484222);
INSERT INTO `ns_order_refund` VALUES (147, 230, '5', '退款已成功', 2, '1', 'admin', 1508491567);
INSERT INTO `ns_order_refund` VALUES (148, 203, '5', '退款已成功', 2, '1', 'admin', 1508491613);
INSERT INTO `ns_order_refund` VALUES (149, 286, '1', '买家申请退款', 1, '1', 'admin', 1508493589);
INSERT INTO `ns_order_refund` VALUES (150, 286, '1', '买家申请退款', 1, '1', 'admin', 1508493594);
INSERT INTO `ns_order_refund` VALUES (151, 287, '1', '买家申请退款', 1, '1', 'admin', 1508493614);
INSERT INTO `ns_order_refund` VALUES (152, 288, '1', '买家申请退款', 1, '1', 'admin', 1508493628);
INSERT INTO `ns_order_refund` VALUES (153, 288, '4', '等待卖家确认退款', 2, '1', 'admin', 1508494067);
INSERT INTO `ns_order_refund` VALUES (154, 291, '1', '买家申请退款', 1, '46', '18234064950', 1508494575);
INSERT INTO `ns_order_refund` VALUES (155, 291, '4', '等待卖家确认退款', 2, '1', 'admin', 1508494605);
INSERT INTO `ns_order_refund` VALUES (156, 283, '1', '买家申请退款', 1, '1', 'admin', 1508578364);
INSERT INTO `ns_order_refund` VALUES (157, 272, '1', '买家申请退款', 1, '1', 'admin', 1508578493);
INSERT INTO `ns_order_refund` VALUES (158, 272, '1', '买家申请退款', 1, '1', 'admin', 1508578495);
INSERT INTO `ns_order_refund` VALUES (159, 271, '1', '买家申请退款', 1, '1', 'admin', 1508578522);
INSERT INTO `ns_order_refund` VALUES (160, 272, '-3', '退款申请不通过', 2, '1', 'admin', 1508578584);
INSERT INTO `ns_order_refund` VALUES (161, 272, '1', '买家申请退款', 1, '1', 'admin', 1508579064);
INSERT INTO `ns_order_refund` VALUES (162, 269, '1', '买家申请退款', 1, '1', 'admin', 1508579089);
INSERT INTO `ns_order_refund` VALUES (163, 286, '-3', '退款申请不通过', 2, '1', 'admin', 1508579097);
INSERT INTO `ns_order_refund` VALUES (164, 287, '-1', '退款已拒绝', 2, '1', 'admin', 1508579137);
INSERT INTO `ns_order_refund` VALUES (165, 283, '-3', '退款申请不通过', 2, '1', 'admin', 1508579145);
INSERT INTO `ns_order_refund` VALUES (166, 285, '1', '买家申请退款', 1, '1', 'admin', 1508579731);
INSERT INTO `ns_order_refund` VALUES (167, 285, '4', '等待卖家确认退款', 2, '1', 'admin', 1508579830);
INSERT INTO `ns_order_refund` VALUES (168, 293, '1', '买家申请退款', 1, '1', 'admin', 1508579929);
INSERT INTO `ns_order_refund` VALUES (169, 293, '-3', '退款申请不通过', 2, '1', 'admin', 1508579945);
INSERT INTO `ns_order_refund` VALUES (170, 294, '1', '买家申请退款', 1, '22', 'wyc', 1508726461);
INSERT INTO `ns_order_refund` VALUES (171, 294, '4', '等待卖家确认退款', 2, '1', 'admin', 1508726491);
INSERT INTO `ns_order_refund` VALUES (172, 294, '5', '退款已成功', 2, '1', 'admin', 1508726522);

-- ----------------------------
-- Table structure for ns_order_refund_account_records
-- ----------------------------
DROP TABLE IF EXISTS `ns_order_refund_account_records`;
CREATE TABLE `ns_order_refund_account_records`  (
  `id` int(10) UNSIGNED NOT NULL AUTO_INCREMENT COMMENT '主键id',
  `order_goods_id` int(11) NOT NULL COMMENT '订单项id',
  `refund_trade_no` varchar(55) CHARACTER SET utf8 COLLATE utf8_general_ci NOT NULL COMMENT '退款交易号',
  `refund_money` decimal(10, 2) NOT NULL COMMENT '退款金额',
  `refund_way` int(11) NOT NULL COMMENT '退款方式（1：微信，2：支付宝，10：线下）',
  `buyer_id` int(11) NOT NULL COMMENT '买家id',
  `refund_time` int(11) NOT NULL COMMENT '退款时间',
  `remark` varchar(255) CHARACTER SET utf8 COLLATE utf8_general_ci NULL DEFAULT '' COMMENT '备注',
  PRIMARY KEY (`id`) USING BTREE
) ENGINE = InnoDB AUTO_INCREMENT = 6 AVG_ROW_LENGTH = 3276 CHARACTER SET = utf8 COLLATE = utf8_general_ci COMMENT = '订单退款账户记录' ROW_FORMAT = Compact;

-- ----------------------------
-- Records of ns_order_refund_account_records
-- ----------------------------
INSERT INTO `ns_order_refund_account_records` VALUES (1, 281, '20171018184449974429', 117.00, 10, 1, 1508323489, '订单编号:201710180000001，退款方式为:[线下支付]，退款金额:117元，退款余额：0元');
INSERT INTO `ns_order_refund_account_records` VALUES (2, 282, '20171020115106579553', 0.01, 10, 1, 1508471466, '订单编号:201710190000001，退款方式为:[线下支付]，退款金额:0.01元，退款余额：0元');
INSERT INTO `ns_order_refund_account_records` VALUES (3, 230, '20171020172607773406', 1.00, 10, 58, 1508491567, '订单编号:201709300000001，退款方式为:[线下支付]，退款金额:0.99999元，退款余额：0元');
INSERT INTO `ns_order_refund_account_records` VALUES (4, 203, '20171020172653309454', 0.90, 10, 1, 1508491613, '订单编号:201709230000006，退款方式为:[线下支付]，退款金额:0.8999999元，退款余额：0元');
INSERT INTO `ns_order_refund_account_records` VALUES (5, 294, '20171023104202642010', 0.01, 10, 22, 1508726522, '订单编号:201710230000001，退款方式为:[线下支付]，退款金额:0.01元，退款余额：9.98元');

-- ----------------------------
-- Table structure for ns_order_shipping_fee
-- ----------------------------
DROP TABLE IF EXISTS `ns_order_shipping_fee`;
CREATE TABLE `ns_order_shipping_fee`  (
  `shipping_fee_id` int(11) NOT NULL AUTO_INCREMENT COMMENT '运费模板ID',
  `shipping_fee_name` varchar(30) CHARACTER SET utf8 COLLATE utf8_general_ci NOT NULL DEFAULT '' COMMENT '运费模板名称',
  `is_default` int(11) NOT NULL DEFAULT 0 COMMENT '是否是默认模板',
  `co_id` int(11) NOT NULL DEFAULT 0 COMMENT '物流公司ID',
  `shop_id` int(11) NOT NULL COMMENT '店铺ID',
  `province_id_array` text CHARACTER SET utf8 COLLATE utf8_general_ci NOT NULL COMMENT '省ID组',
  `city_id_array` text CHARACTER SET utf8 COLLATE utf8_general_ci NOT NULL COMMENT '市ID组',
  `district_id_array` text CHARACTER SET utf8 COLLATE utf8_general_ci NULL COMMENT '区县ID组',
  `weight_is_use` int(11) NOT NULL DEFAULT 1 COMMENT '是否启用重量运费',
  `weight_snum` decimal(8, 2) NOT NULL DEFAULT 1.00 COMMENT '首重',
  `weight_sprice` decimal(8, 2) NOT NULL DEFAULT 0.00 COMMENT '首重运费',
  `weight_xnum` decimal(8, 2) NOT NULL DEFAULT 1.00 COMMENT '续重',
  `weight_xprice` decimal(8, 2) NOT NULL DEFAULT 0.00 COMMENT '续重运费',
  `volume_is_use` int(11) NOT NULL DEFAULT 1 COMMENT '是否启用体积计算运费',
  `volume_snum` decimal(8, 2) NOT NULL DEFAULT 1.00 COMMENT '首体积量',
  `volume_sprice` decimal(8, 2) NOT NULL DEFAULT 0.00 COMMENT '首体积运费',
  `volume_xnum` decimal(8, 2) NOT NULL DEFAULT 0.00 COMMENT '续体积量',
  `volume_xprice` decimal(8, 2) NOT NULL DEFAULT 0.00 COMMENT '续体积运费',
  `bynum_is_use` int(11) NOT NULL DEFAULT 1 COMMENT '是否启用计件方式运费',
  `bynum_snum` int(11) NOT NULL DEFAULT 0 COMMENT '首件',
  `bynum_sprice` decimal(8, 2) NOT NULL DEFAULT 0.00 COMMENT '首件运费',
  `bynum_xnum` int(11) NOT NULL DEFAULT 1 COMMENT '续件',
  `bynum_xprice` decimal(8, 2) NOT NULL DEFAULT 0.00 COMMENT '续件运费',
  `create_time` int(11) NULL DEFAULT 0 COMMENT '创建日期',
  `update_time` int(11) NULL DEFAULT 0 COMMENT '最后更新时间',
  PRIMARY KEY (`shipping_fee_id`) USING BTREE
) ENGINE = InnoDB AUTO_INCREMENT = 39 AVG_ROW_LENGTH = 16384 CHARACTER SET = utf8 COLLATE = utf8_general_ci COMMENT = '运费模板' ROW_FORMAT = Compact;

-- ----------------------------
-- Records of ns_order_shipping_fee
-- ----------------------------
INSERT INTO `ns_order_shipping_fee` VALUES (3, '测试', 0, 0, 0, '9,10', '73,74,85,84,83,82,81,80,79,78,77,76,75,86', NULL, 0, 0.00, 0.00, 0.00, 0.00, 0, 0.00, 0.00, 0.00, 0.00, 0, 0, 0.00, 0, 0.00, 1501660293, 0);
INSERT INTO `ns_order_shipping_fee` VALUES (4, '333', 0, 6, 0, '9,10,2,3', '73,74,85,84,83,82,81,80,79,78,77,76,75,86,2,3,12,11,10,9,8,7,6,5,4,13', NULL, 1, 0.00, 0.00, 0.00, 0.00, 1, 0.00, 0.00, 0.00, 0.00, 1, 3, 3.00, 0, 0.00, 1501662795, 0);
INSERT INTO `ns_order_shipping_fee` VALUES (13, '1', 1, 10, 0, '', '', '', 1, 99.00, 99.00, 99.00, 99.00, 1, 0.00, 0.00, 0.00, 0.00, 1, 0, 0.00, 0, 0.00, 1503565927, 1504252381);
INSERT INTO `ns_order_shipping_fee` VALUES (15, '上海市浦东新区', 0, 8, 0, '9', '73', '731', 1, 10.00, 10.00, 10.00, 10.00, 1, 10.00, 10.00, 10.00, 10.00, 1, 10, 10.00, 1, 10.00, 1503567418, 1504838589);
INSERT INTO `ns_order_shipping_fee` VALUES (16, 'ceshi', 1, 9, 0, '', '', '', 1, 2.00, 1.00, 1.00, 1.00, 1, 1.00, 1.00, 2.00, 2.00, 1, 1, 2.00, 2, 2.00, 1503570437, 0);
INSERT INTO `ns_order_shipping_fee` VALUES (17, '默认模板', 1, 12, 0, '', '', '', 1, 1.00, 6.00, 1.00, 5.00, 1, 0.00, 0.00, 0.00, 0.00, 1, 0, 0.00, 0, 0.00, 1504516249, 0);
INSERT INTO `ns_order_shipping_fee` VALUES (18, '默认模板', 1, 13, 0, '', '', '', 1, 5.00, 6.00, 1.00, 2.00, 1, 0.00, 0.00, 0.00, 0.00, 1, 1, 5.00, 1, 3.00, 1504576548, 1504580028);
INSERT INTO `ns_order_shipping_fee` VALUES (22, '上海金山区', 0, 8, 0, '9', '73', '732', 1, 0.00, 0.00, 0.00, 0.00, 1, 0.00, 0.00, 0.00, 0.00, 1, 0, 0.00, 0, 0.00, 1504839414, 0);
INSERT INTO `ns_order_shipping_fee` VALUES (33, '121212', 1, 14, 0, '', '', '', 1, 0.00, 0.00, 0.00, 0.00, 1, 0.00, 0.00, 0.00, 0.00, 1, 0, 0.00, 0, 0.00, 1506655586, 0);
INSERT INTO `ns_order_shipping_fee` VALUES (34, '2222', 0, 14, 0, '2', '2', '36', 1, 0.00, 0.00, 0.00, 0.00, 1, 0.00, 0.00, 0.00, 0.00, 1, 0, 0.00, 0, 0.00, 1506655614, 0);
INSERT INTO `ns_order_shipping_fee` VALUES (35, '121212', 0, 8, 0, '19', '213', '', 1, 0.00, 0.00, 0.00, 0.00, 1, 0.00, 0.00, 0.00, 0.00, 1, 122, 0.00, 0, 0.00, 1506655887, 1507513325);
INSERT INTO `ns_order_shipping_fee` VALUES (36, '1212', 0, 8, 0, '2,3', '2,3,4,5,6,7,8,9,10,11,12,13', '19,35,34,33,32,31,30,29,28,27,26,25,24,23,22,21,20,36,37,50,51,52,53,54,55,56,57,58,49,48,47,38,39,40,41,42,43,44,45,46,59,60,72,71,70,69,68,67,66,65,64,63,62,61,73,74,75,76,77,78,79,80,81,98,97,96,95,94,93,92,91,90,89,88,87,86,85,84,83,82,99,100,117,116,115,114,113,112,111,110,109,108,107,106,105,104,103,102,101,118,119,133,134,135,136,137,138,139,140,141,142,132,131,130,120,121,122,123,124,125,126,127,128,129,143,144,159,158,157,156,155,154,153,152,151,150,149,148,147,146,145,160,161,170,169,168,167,166,165,164,163,162,171,172,186,185,184,183,182,181,180,179,178,177,176,175,174,173,187,188,196,195,194,193,192,191,190,189,197,198,207,206,205,204,203,202,201,200,199,208', 1, 0.00, 0.00, 0.00, 0.00, 1, 0.00, 0.00, 0.00, 0.00, 1, 0, 0.00, 0, 0.00, 1506656066, 0);
INSERT INTO `ns_order_shipping_fee` VALUES (37, '23232333', 0, 8, 0, '1', '1', '1,17,16,15,14,13,12,11,10,9,8,7,6,5,4,3,2,18', 1, 21.00, 0.00, 0.00, 0.00, 1, 1.00, 0.00, 0.00, 0.00, 1, 2, 0.00, 0, 0.00, 1506656099, 1506656125);
INSERT INTO `ns_order_shipping_fee` VALUES (38, '默认模板', 1, 8, 0, '', '', '', 1, 0.00, 0.00, 0.00, 0.00, 1, 0.00, 0.00, 0.00, 0.00, 1, 1, 10.00, 1, 5.00, 1507530797, 0);

-- ----------------------------
-- Table structure for ns_order_shipping_fee_extend
-- ----------------------------
DROP TABLE IF EXISTS `ns_order_shipping_fee_extend`;
CREATE TABLE `ns_order_shipping_fee_extend`  (
  `id` int(11) NOT NULL AUTO_INCREMENT COMMENT '售卖区域扩展ID',
  `shipping_fee_id` int(11) NOT NULL COMMENT '售卖区域ID',
  `province_id` varchar(8000) CHARACTER SET utf8 COLLATE utf8_general_ci NOT NULL DEFAULT '0' COMMENT '省级地区ID组成的串，以，隔开，两端也有，',
  `city_id` varchar(8000) CHARACTER SET utf8 COLLATE utf8_general_ci NOT NULL DEFAULT '0' COMMENT '市级地区ID组成的串，以，隔开，两端也有，',
  `snum` mediumint(8) UNSIGNED NOT NULL DEFAULT 1 COMMENT '首件数量',
  `sprice` decimal(10, 2) NOT NULL DEFAULT 0.00 COMMENT '首件运费',
  `xnum` mediumint(8) UNSIGNED NOT NULL DEFAULT 1 COMMENT '续件数量',
  `xprice` decimal(10, 2) NOT NULL DEFAULT 0.00 COMMENT '续件运费',
  `is_default` int(11) NOT NULL DEFAULT 0 COMMENT '是否默认 1 默认',
  PRIMARY KEY (`id`) USING BTREE
) ENGINE = InnoDB AUTO_INCREMENT = 151 AVG_ROW_LENGTH = 1820 CHARACTER SET = utf8 COLLATE = utf8_general_ci COMMENT = '售卖区域扩展表' ROW_FORMAT = Compact;

-- ----------------------------
-- Records of ns_order_shipping_fee_extend
-- ----------------------------
INSERT INTO `ns_order_shipping_fee_extend` VALUES (71, 44, '', '', 1, 2.00, 1, 2.00, 1);
INSERT INTO `ns_order_shipping_fee_extend` VALUES (72, 44, '9,10', '73,74,75,76,77,78,79,80,81,82,83,84,85,86', 1, 2.00, 1, 4.00, 0);
INSERT INTO `ns_order_shipping_fee_extend` VALUES (73, 45, '', '', 1, 1.00, 1, 1.00, 1);
INSERT INTO `ns_order_shipping_fee_extend` VALUES (74, 45, '17,7', '169,170,171,172,173,174,175,176,177,178,179,180,181,182,51,52,53,54,55,56,57,58,59', 1, 1.00, 1, 1.00, 0);
INSERT INTO `ns_order_shipping_fee_extend` VALUES (84, 1, '', '', 1, 1.00, 1, 2.00, 1);
INSERT INTO `ns_order_shipping_fee_extend` VALUES (85, 1, '1,4', '1,14,15,16,17,18,19,20,21,22,23,24', 2, 2.00, 8, 2.00, 0);
INSERT INTO `ns_order_shipping_fee_extend` VALUES (86, 1, '2,3,5,15', '2,3,4,5,6,7,8,9,10,11,12,13,25,26,27,28,29,30,31,32,33,34,35,36,135,136,137,138,139,140,141,142,143,144,145,146,147,148,149,150,151', 1, 5.00, 2, 3.00, 0);
INSERT INTO `ns_order_shipping_fee_extend` VALUES (89, 5, '', '', 1, 10.00, 10, 10.00, 1);
INSERT INTO `ns_order_shipping_fee_extend` VALUES (95, 7, '', '', 1, 1.00, 1, 1.00, 1);
INSERT INTO `ns_order_shipping_fee_extend` VALUES (98, 7, '', '', 1, 1.00, 1, 1.00, 1);
INSERT INTO `ns_order_shipping_fee_extend` VALUES (99, 7, '4', '14,15,16,17,18,19,20,21,22,23,24', 1, 1.00, 1, 1.00, 0);
INSERT INTO `ns_order_shipping_fee_extend` VALUES (100, 6, '', '', 1, 10.00, 10, 10.00, 1);
INSERT INTO `ns_order_shipping_fee_extend` VALUES (101, 6, '20', '218,219,220,221,222,223,224,225,226,227,228,229,230,231', 1, 10.00, 1, 10.00, 0);
INSERT INTO `ns_order_shipping_fee_extend` VALUES (107, 9, '', '', 1, 1.00, 1, 1.00, 1);
INSERT INTO `ns_order_shipping_fee_extend` VALUES (108, 9, '20', '218,219,220,221,222,223,224,225,226,227,228,229,230,231', 1, 1.00, 1, 1.00, 0);
INSERT INTO `ns_order_shipping_fee_extend` VALUES (109, 11, '', '', 1, 10.00, 10, 10.00, 1);
INSERT INTO `ns_order_shipping_fee_extend` VALUES (110, 13, '12', '98,99,100,101,102,103,104,105,106,107,108,109,110,111,112,113,114', 1, 1.00, 1, 1.00, 0);
INSERT INTO `ns_order_shipping_fee_extend` VALUES (111, 16, '12', '98,99,100,101,102,103,104,105,106,107,108,109,110,111,112,113,114', 1, 1.00, 1, 1.00, 0);
INSERT INTO `ns_order_shipping_fee_extend` VALUES (113, 8, '', '', 1, 1.00, 2, 1.00, 1);
INSERT INTO `ns_order_shipping_fee_extend` VALUES (114, 8, '4', '14,15,16,17,18,19,20,21,22,23,24', 1, 1.00, 2, 1.00, 0);
INSERT INTO `ns_order_shipping_fee_extend` VALUES (115, 8, '20,21', '218,219,220,221,222,223,224,225,226,227,228,229,230,231,232,233', 1, 1.00, 1, 1.00, 0);
INSERT INTO `ns_order_shipping_fee_extend` VALUES (116, 17, '4', '14,15,16,17,18,19,20,21,22,23,24', 1, 1.00, 1, 1.00, 0);
INSERT INTO `ns_order_shipping_fee_extend` VALUES (122, 18, '', '', 1, 10.00, 10, 10.00, 1);
INSERT INTO `ns_order_shipping_fee_extend` VALUES (123, 18, '29', '312,313,314,315,316,317,318,319', 1, 1.00, 1, 1.00, 0);
INSERT INTO `ns_order_shipping_fee_extend` VALUES (124, 18, '20', '218,219,220,221,222,223,224,225,226,227,228,229,230,231', 1, 10.00, 1, 10.00, 0);
INSERT INTO `ns_order_shipping_fee_extend` VALUES (125, 19, '12', '98,99,100,101,102,103,104,105,106,107,108,109,110,111,112,113,114', 1, 10.00, 1, 10.00, 0);
INSERT INTO `ns_order_shipping_fee_extend` VALUES (130, 20, '', '', 1, 1.00, 1, 1.00, 1);
INSERT INTO `ns_order_shipping_fee_extend` VALUES (131, 20, '29', '312,313,314,315,316,317,318,319', 1, 1.00, 1, 1.00, 0);
INSERT INTO `ns_order_shipping_fee_extend` VALUES (132, 4, '', '', 1, 20.00, 2, 20.00, 1);
INSERT INTO `ns_order_shipping_fee_extend` VALUES (140, 3, '4', '14,15,16,17,18,19,20,21,22,23,24', 1, 5.00, 1, 11.00, 0);
INSERT INTO `ns_order_shipping_fee_extend` VALUES (141, 5, '', '', 1, 1.00, 1, 1.00, 1);
INSERT INTO `ns_order_shipping_fee_extend` VALUES (142, 6, '', '', 1, 1.00, 1, 1.00, 1);
INSERT INTO `ns_order_shipping_fee_extend` VALUES (143, 6, '21', '232,233', 1, 1.00, 1, 1.00, 0);
INSERT INTO `ns_order_shipping_fee_extend` VALUES (144, 7, '', '', 1, 1.00, 1, 1.00, 1);
INSERT INTO `ns_order_shipping_fee_extend` VALUES (145, 8, '', '', 1, 1.00, 1, 1.00, 1);
INSERT INTO `ns_order_shipping_fee_extend` VALUES (146, 9, '', '', 1, 1.00, 1, 1.00, 1);
INSERT INTO `ns_order_shipping_fee_extend` VALUES (147, 10, '', '', 1, 2.00, 2, 2.00, 1);
INSERT INTO `ns_order_shipping_fee_extend` VALUES (148, 11, '', '', 1, 3.00, 3, 3.00, 1);
INSERT INTO `ns_order_shipping_fee_extend` VALUES (149, 12, '', '', 1, 4.00, 4, 4.00, 1);
INSERT INTO `ns_order_shipping_fee_extend` VALUES (150, 13, '', '', 1, 5.00, 5, 5.00, 1);

-- ----------------------------
-- Table structure for ns_order_shop_return
-- ----------------------------
DROP TABLE IF EXISTS `ns_order_shop_return`;
CREATE TABLE `ns_order_shop_return`  (
  `shop_id` int(11) NOT NULL,
  `shop_address` varchar(255) CHARACTER SET utf8 COLLATE utf8_general_ci NOT NULL DEFAULT '' COMMENT '商家地址',
  `seller_name` varchar(50) CHARACTER SET utf8 COLLATE utf8_general_ci NOT NULL DEFAULT '' COMMENT '收件人',
  `seller_mobile` varchar(30) CHARACTER SET utf8 COLLATE utf8_general_ci NOT NULL DEFAULT '' COMMENT '收件人手机号',
  `seller_zipcode` varchar(20) CHARACTER SET utf8 COLLATE utf8_general_ci NOT NULL DEFAULT '' COMMENT '邮编',
  `create_time` int(11) NULL DEFAULT 0 COMMENT '创建时间',
  `modify_time` int(11) NULL DEFAULT 0 COMMENT '修改时间',
  PRIMARY KEY (`shop_id`) USING BTREE
) ENGINE = InnoDB AVG_ROW_LENGTH = 16384 CHARACTER SET = utf8 COLLATE = utf8_general_ci COMMENT = '店铺退货设置' ROW_FORMAT = Compact;

-- ----------------------------
-- Records of ns_order_shop_return
-- ----------------------------
INSERT INTO `ns_order_shop_return` VALUES (0, '山西省太原市小店区', '王琳', '400-820-3305', '030020', 1500341078, 1504523725);

-- ----------------------------
-- Table structure for ns_pickup_point
-- ----------------------------
DROP TABLE IF EXISTS `ns_pickup_point`;
CREATE TABLE `ns_pickup_point`  (
  `id` int(10) UNSIGNED NOT NULL AUTO_INCREMENT,
  `shop_id` int(11) NOT NULL DEFAULT 0 COMMENT '店铺ID',
  `name` varchar(255) CHARACTER SET utf8 COLLATE utf8_general_ci NOT NULL COMMENT '自提点名称',
  `address` varchar(255) CHARACTER SET utf8 COLLATE utf8_general_ci NOT NULL DEFAULT '' COMMENT '自提点地址',
  `contact` varchar(255) CHARACTER SET utf8 COLLATE utf8_general_ci NOT NULL DEFAULT '' COMMENT '联系人',
  `phone` varchar(255) CHARACTER SET utf8 COLLATE utf8_general_ci NOT NULL DEFAULT '' COMMENT '联系电话',
  `city_id` int(11) NOT NULL COMMENT '市ID',
  `province_id` int(11) NOT NULL COMMENT '省ID',
  `district_id` int(11) NOT NULL COMMENT '区县ID',
  `supplier_id` int(11) NOT NULL DEFAULT 0 COMMENT '供应门店ID',
  `longitude` varchar(255) CHARACTER SET utf8 COLLATE utf8_general_ci NOT NULL DEFAULT '' COMMENT '经度',
  `latitude` varchar(255) CHARACTER SET utf8 COLLATE utf8_general_ci NOT NULL DEFAULT '' COMMENT '维度',
  `create_time` int(11) NULL DEFAULT 0 COMMENT '创建时间',
  PRIMARY KEY (`id`) USING BTREE
) ENGINE = InnoDB AUTO_INCREMENT = 2 AVG_ROW_LENGTH = 4096 CHARACTER SET = utf8 COLLATE = utf8_general_ci COMMENT = '自提点管理' ROW_FORMAT = Compact;

-- ----------------------------
-- Records of ns_pickup_point
-- ----------------------------
INSERT INTO `ns_pickup_point` VALUES (1, 0, '默认', '1111', '111', '213123123', 256, 24, 2221, 0, '', '', 1501923253);

-- ----------------------------
-- Table structure for ns_platform_adv
-- ----------------------------
DROP TABLE IF EXISTS `ns_platform_adv`;
CREATE TABLE `ns_platform_adv`  (
  `adv_id` mediumint(8) UNSIGNED NOT NULL AUTO_INCREMENT COMMENT '广告自增标识编号',
  `ap_id` mediumint(8) UNSIGNED NOT NULL COMMENT '广告位id',
  `adv_title` varchar(255) CHARACTER SET utf8 COLLATE utf8_general_ci NOT NULL DEFAULT '' COMMENT '广告内容描述',
  `adv_url` text CHARACTER SET utf8 COLLATE utf8_general_ci NULL,
  `adv_image` varchar(1000) CHARACTER SET utf8 COLLATE utf8_general_ci NOT NULL DEFAULT '' COMMENT '广告内容图片',
  `slide_sort` int(11) NULL DEFAULT NULL,
  `click_num` int(10) UNSIGNED NOT NULL DEFAULT 0 COMMENT '广告点击率',
  `background` varchar(255) CHARACTER SET utf8 COLLATE utf8_general_ci NOT NULL DEFAULT '#FFFFFF' COMMENT '背景色',
  PRIMARY KEY (`adv_id`) USING BTREE
) ENGINE = InnoDB AUTO_INCREMENT = 36 AVG_ROW_LENGTH = 1170 CHARACTER SET = utf8 COLLATE = utf8_general_ci COMMENT = '广告表' ROW_FORMAT = Compact;

-- ----------------------------
-- Records of ns_platform_adv
-- ----------------------------
INSERT INTO `ns_platform_adv` VALUES (1, 1105, '第一张图', 'goods/goods_list', 'http://ouo5ro5lf.bkt.clouddn.com/upload/advertising/1503719377.png', 1, 0, '#000000');
INSERT INTO `ns_platform_adv` VALUES (2, 1105, '第二张图', 'goods/goods_list', 'http://ouo5ro5lf.bkt.clouddn.com/upload/advertising/1503719392.png', 1, 0, '#000000');
INSERT INTO `ns_platform_adv` VALUES (3, 1163, '限时折扣广告位', 'goods/goodsinfo?goodsid=1', 'upload/image_collection/1505811731.jpg', 0, 0, '#000000');
INSERT INTO `ns_platform_adv` VALUES (4, 1182, '小学生多图广告位1', 'http://mohaso.com/', 'upload/advertising/1500861049.png', 0, 0, '#000000');
INSERT INTO `ns_platform_adv` VALUES (6, 1182, '小学生多图广告位3', '#', 'upload/advertising/1500861149.png', 2, 0, '#000000');
INSERT INTO `ns_platform_adv` VALUES (7, 1182, '小学生多图广告位4', '#', 'upload/advertising/1500861708.png', 0, 0, '#000000');
INSERT INTO `ns_platform_adv` VALUES (8, 1182, '小学生多图广告位5', '#', 'upload/advertising/1500861725.png', 0, 0, '#000000');
INSERT INTO `ns_platform_adv` VALUES (12, 1186, '广告一', '#', 'upload/advertising/1501500601.png', 0, 0, '#000000');
INSERT INTO `ns_platform_adv` VALUES (13, 1186, '广告2', '#', 'upload/advertising/1501501246.png', 0, 0, '#000000');
INSERT INTO `ns_platform_adv` VALUES (14, 1186, '广告三', '#', 'upload/advertising/1501500722.png', 0, 0, '#000000');
INSERT INTO `ns_platform_adv` VALUES (15, 1187, '1', '#', 'upload/advertising/1501501054.png', 0, 0, '#000000');
INSERT INTO `ns_platform_adv` VALUES (16, 1187, '2', '#', 'upload/advertising/1501501072.png', 0, 0, '#000000');
INSERT INTO `ns_platform_adv` VALUES (17, 1187, '3', '#', 'upload/advertising/1501501089.png', 0, 0, '#000000');
INSERT INTO `ns_platform_adv` VALUES (18, 1187, '4', '#', 'upload/advertising/1501501102.png', 0, 0, '#000000');
INSERT INTO `ns_platform_adv` VALUES (19, 1187, '5', '#', 'upload/advertising/1501501116.png', 0, 0, '#000000');
INSERT INTO `ns_platform_adv` VALUES (20, 1187, '6', '3', 'upload/advertising/1501501136.png', 0, 0, '#000000');
INSERT INTO `ns_platform_adv` VALUES (21, 1187, '7', '#', 'upload/advertising/1501501150.png', 0, 0, '#000000');
INSERT INTO `ns_platform_adv` VALUES (22, 1052, '浮动', 'www.baidu.com', 'http://ouo5ro5lf.bkt.clouddn.com/upload/advertising/1503312063.png', 0, 0, '#000000');
INSERT INTO `ns_platform_adv` VALUES (23, 1075, 'dada', 'https://www.baidu.com/s?ie=UTF-8&amp;wd=%E4%B8%80%E9%97%A8%E5%BE%92', 'http://ouo5ro5lf.bkt.clouddn.com/upload/advertising/1503991750.jpg', 0, 0, '#000000');
INSERT INTO `ns_platform_adv` VALUES (27, 1054, '广告一', '#', 'upload/image_collection/1507533397.png', 0, 0, '#000000');
INSERT INTO `ns_platform_adv` VALUES (28, 1054, '广告二', '#', 'http://ouo5ro5lf.bkt.clouddn.com/upload/advertising/1504171424.png', 0, 0, '#000000');
INSERT INTO `ns_platform_adv` VALUES (29, 1054, '广告三', '#', 'http://ouo5ro5lf.bkt.clouddn.com/upload/advertising/1504171436.png', 0, 0, '#000000');
INSERT INTO `ns_platform_adv` VALUES (30, 1054, '广告四', '#', 'http://ouo5ro5lf.bkt.clouddn.com/upload/advertising/1504171450.png', 0, 0, '#000000');
INSERT INTO `ns_platform_adv` VALUES (34, 1053, '测试广告', 'https://www.baidu.com/s?wd=cocos2dx&amp;rsv_spt=1&amp;rsv_iqid=0xd0375ee10000eeb4&amp;issp=1&amp;f=8&amp;rsv_bp=0&amp;rsv_idx=2&amp;ie=utf-8&amp;tn=baiduhome_pg&amp;rsv_enter=1&amp;rsv_sug3=4&amp;rsv_sug1=3&amp;rsv_sug7=100&amp;rsv_t=20c7LZ3XQ0PXE6%2F21i2jLqfuPeSr5AYr73n%2Bg%2F0MW2cIv%2FGEcM4L8d0J9UKbzmhl5NIo', 'upload/image_collection/1506493794.jpg', 0, 0, '#fad549');
INSERT INTO `ns_platform_adv` VALUES (35, 0, '', '', '', 0, 0, '');

-- ----------------------------
-- Table structure for ns_platform_adv_position
-- ----------------------------
DROP TABLE IF EXISTS `ns_platform_adv_position`;
CREATE TABLE `ns_platform_adv_position`  (
  `ap_id` mediumint(8) UNSIGNED NOT NULL AUTO_INCREMENT COMMENT '广告位置id',
  `ap_name` varchar(100) CHARACTER SET utf8 COLLATE utf8_general_ci NOT NULL COMMENT '广告位置名',
  `ap_intro` varchar(255) CHARACTER SET utf8 COLLATE utf8_general_ci NOT NULL COMMENT '广告位简介',
  `ap_class` smallint(1) UNSIGNED NOT NULL COMMENT '广告类别：0图片1文字2幻灯3Flash',
  `ap_display` smallint(1) UNSIGNED NOT NULL COMMENT '广告展示方式：0幻灯片1多广告展示2单广告展示',
  `is_use` smallint(1) UNSIGNED NOT NULL COMMENT '广告位是否启用：0不启用1启用',
  `ap_height` int(10) NOT NULL COMMENT '广告位高度',
  `ap_width` int(10) NOT NULL COMMENT '广告位宽度',
  `ap_price` int(10) NOT NULL DEFAULT 0 COMMENT '广告位单价',
  `adv_num` int(10) NOT NULL DEFAULT 0 COMMENT '拥有的广告数',
  `click_num` int(10) NOT NULL DEFAULT 0 COMMENT '广告位点击率',
  `default_content` varchar(300) CHARACTER SET utf8 COLLATE utf8_general_ci NULL DEFAULT NULL,
  `ap_background_color` varchar(50) CHARACTER SET utf8 COLLATE utf8_general_ci NOT NULL DEFAULT '#FFFFFF' COMMENT '广告位背景色 默认白色',
  `type` tinyint(4) NOT NULL DEFAULT 1 COMMENT '广告位所在位置类型   1 pc端  2 手机端',
  `instance_id` int(11) NOT NULL DEFAULT 0 COMMENT '店铺id',
  `is_del` int(11) NULL DEFAULT 0,
  PRIMARY KEY (`ap_id`) USING BTREE
) ENGINE = InnoDB AUTO_INCREMENT = 3001 AVG_ROW_LENGTH = 1489 CHARACTER SET = utf8 COLLATE = utf8_general_ci COMMENT = '广告位表' ROW_FORMAT = Compact;

-- ----------------------------
-- Records of ns_platform_adv_position
-- ----------------------------
INSERT INTO `ns_platform_adv_position` VALUES (1051, '商城首页最顶部广告位', '商城首页最顶部广告位', 0, 2, 1, 1000, 1000, 0, 0, 0, '', '#ff0000', 1, 0, 1);
INSERT INTO `ns_platform_adv_position` VALUES (1052, '商城首页logo右侧小广告', '商城首页logo右侧小广告', 0, 2, 1, 90, 170, 0, 0, 0, 'upload/advertising/1500373175.png', '#ffffff', 1, 0, 1);
INSERT INTO `ns_platform_adv_position` VALUES (1053, '商城首页滚动图广告位', '商城首页滚动图广告位', 0, 2, 1, 443, 800, 0, 0, 0, '', '#FFFFFF', 1, 0, 1);
INSERT INTO `ns_platform_adv_position` VALUES (1054, '商城首页中部推荐广告位', '商城首页中部推荐广告位（150*292）', 0, 2, 1, 150, 291, 0, 0, 0, 'http://ouo5ro5lf.bkt.clouddn.com/upload/advertising/1504160784.jpg', '#000000', 1, 0, 1);
INSERT INTO `ns_platform_adv_position` VALUES (1056, '商城限时折扣轮播广告位', '商城限时折扣轮播广告位', 0, 2, 1, 443, 1903, 0, 0, 0, 'public/static/images/default_img_url/xianshizhekou.png', '#FFFFFF', 1, 0, 1);
INSERT INTO `ns_platform_adv_position` VALUES (1075, '商城品牌专区轮播广告位', '商城品牌专区轮播广告位', 0, 0, 1, 443, 1210, 0, 0, 0, 'public/static/images/default_img_url/pinpaizhuanqu.png', '#000000', 1, 0, 1);
INSERT INTO `ns_platform_adv_position` VALUES (1076, '商城积分中心轮播广告位', '商城积分中心轮播广告位', 0, 2, 1, 320, 910, 0, 0, 0, 'public/static/images/default_img_url/jifenzhongxin.jpg', '#000000', 1, 0, 1);
INSERT INTO `ns_platform_adv_position` VALUES (1102, '商城积分中心中部广告位', '商城积分中心中部广告位', 0, 2, 1, 60, 1210, 0, 0, 0, 'public/static/images/default_img_url/jifenzhongxinzhongbu.jpg', '#000000', 1, 0, 1);
INSERT INTO `ns_platform_adv_position` VALUES (1103, '商城登录页面轮播广告位', '商城登录页面轮播广告位', 0, 0, 1, 0, 0, 0, 0, 0, '', '#000000', 1, 0, 1);
INSERT INTO `ns_platform_adv_position` VALUES (1105, '手机端首页轮播广告位', '手机端首页轮播广告位', 0, 1, 1, 150, 320, 0, 0, 0, 'public/static/images/default_img_url/waplunbo.png', '#000000', 2, 0, 1);
INSERT INTO `ns_platform_adv_position` VALUES (1152, '手机端会员中心广告位', '手机端会员中心广告位', 0, 2, 1, 100, 750, 0, 0, 0, 'public/static/images/default_img_url/waphuiyuanzhongxin.png', '', 2, 0, 1);
INSERT INTO `ns_platform_adv_position` VALUES (1162, '手机端品牌专区广告位', '品牌专区广告', 0, 2, 1, 192, 720, 0, 0, 0, 'public/static/images/default_img_url/wappinpaizhuanqu.png', '', 2, 0, 1);
INSERT INTO `ns_platform_adv_position` VALUES (1163, '手机端限时折扣专区广告位', '限时折扣专区广告位', 0, 2, 1, 130, 720, 0, 0, 0, 'public/static/images/default_img_url/wapxianshizhekou.png', '', 2, 0, 1);
INSERT INTO `ns_platform_adv_position` VALUES (1164, '手机端首页商城热卖广告位', '手机端商城热卖', 0, 2, 1, 100, 100, 0, 0, 0, 'public/static/images/default_img_url/wapshangchengremai.png', '#000000', 2, 0, 1);
INSERT INTO `ns_platform_adv_position` VALUES (1165, '手机端积分中心广告位', '积分中心广告位', 0, 2, 1, 100, 100, 0, 0, 0, 'public/static/images/default_img_url/wapjifenzhongxin.png', '#000000', 2, 0, 1);
INSERT INTO `ns_platform_adv_position` VALUES (1180, '首页小学生广告位', '', 0, 2, 1, 310, 1090, 0, 0, 0, 'upload/advertising/1500866680.jpg', '#c6b796', 1, 0, 0);
INSERT INTO `ns_platform_adv_position` VALUES (1181, '首页小学生楼层轮播图', '误删！', 0, 0, 1, 485, 390, 0, 0, 0, 'upload/advertising/1500860462.png', '#000000', 1, 0, 0);
INSERT INTO `ns_platform_adv_position` VALUES (1182, '小学生多图广告位', '小学生多图广告位', 0, 1, 1, 299, 202, 0, 0, 0, 'upload/advertising/1500860743.png', '#000000', 1, 0, 0);
INSERT INTO `ns_platform_adv_position` VALUES (1185, '首页二楼单图广告位', '', 0, 2, 1, 485, 210, 0, 0, 0, 'upload/advertising/1501500345.png', '#000000', 1, 0, 0);
INSERT INTO `ns_platform_adv_position` VALUES (1186, '首页二楼幻灯片广告位', '', 0, 0, 1, 485, 390, 0, 0, 0, 'upload/advertising/1501500572.png', '#000000', 1, 0, 0);
INSERT INTO `ns_platform_adv_position` VALUES (1187, '首页二楼多图广告位', '', 0, 1, 1, 300, 202, 0, 0, 0, 'upload/advertising/1501501036.png', '#000000', 1, 0, 0);
INSERT INTO `ns_platform_adv_position` VALUES (1188, '手机端公告下方广告位', '', 0, 2, 1, 100, 100, 0, 0, 0, 'http://ouo5ro5lf.bkt.clouddn.com/upload/advertising/1503720117.png', '#000000', 2, 0, 0);
INSERT INTO `ns_platform_adv_position` VALUES (1189, '手机端品牌推荐上方广告位', '', 0, 2, 1, 100, 100, 0, 0, 0, 'http://ouo5ro5lf.bkt.clouddn.com/upload/advertising/1503729814.png', '#000000', 2, 0, 0);
INSERT INTO `ns_platform_adv_position` VALUES (3000, 'Black模板首页广告位', '', 0, 1, 1, 1000, 1000, 0, 0, 0, '', '#ffffff', 1, 0, 1);

-- ----------------------------
-- Table structure for ns_platform_block
-- ----------------------------
DROP TABLE IF EXISTS `ns_platform_block`;
CREATE TABLE `ns_platform_block`  (
  `block_id` int(10) UNSIGNED NOT NULL AUTO_INCREMENT,
  `is_display` smallint(4) NOT NULL DEFAULT 1 COMMENT '是否显示',
  `block_color` varchar(255) CHARACTER SET utf8 COLLATE utf8_general_ci NOT NULL COMMENT '颜色风格',
  `sort` int(11) NULL DEFAULT NULL,
  `block_name` varchar(50) CHARACTER SET utf8 COLLATE utf8_general_ci NOT NULL DEFAULT '' COMMENT '板块名称',
  `block_short_name` varchar(50) CHARACTER SET utf8 COLLATE utf8_general_ci NULL DEFAULT NULL COMMENT '板块简称',
  `recommend_ad_image_name` varchar(50) CHARACTER SET utf8 COLLATE utf8_general_ci NOT NULL DEFAULT '' COMMENT '推荐单图广告位名称',
  `recommend_ad_image` int(11) NOT NULL DEFAULT 0 COMMENT '推荐单图广告位',
  `recommend_ad_slide_name` varchar(50) CHARACTER SET utf8 COLLATE utf8_general_ci NOT NULL DEFAULT '' COMMENT '推荐幻灯广告位名称',
  `recommend_ad_slide` int(11) NOT NULL COMMENT '推荐幻灯广告位',
  `recommend_ad_images_name` varchar(255) CHARACTER SET utf8 COLLATE utf8_general_ci NOT NULL DEFAULT '0' COMMENT '推荐多图广告位名称',
  `recommend_ad_images` int(11) NOT NULL DEFAULT 0 COMMENT '推荐多图广告位',
  `recommend_brands` varchar(255) CHARACTER SET utf8 COLLATE utf8_general_ci NOT NULL DEFAULT '' COMMENT '推荐品牌',
  `recommend_categorys` varchar(255) CHARACTER SET utf8 COLLATE utf8_general_ci NOT NULL DEFAULT '' COMMENT '推荐商品分类',
  `recommend_goods_category_name_1` varchar(50) CHARACTER SET utf8 COLLATE utf8_general_ci NOT NULL DEFAULT '' COMMENT '推荐分类商品别名',
  `recommend_goods_category_1` int(11) NOT NULL DEFAULT 0 COMMENT '推荐显示商品分类',
  `recommend_goods_category_name_2` varchar(50) CHARACTER SET utf8 COLLATE utf8_general_ci NOT NULL DEFAULT '' COMMENT '推荐分类商品别名',
  `recommend_goods_category_2` int(11) NOT NULL DEFAULT 0 COMMENT '推荐显示商品分类',
  `recommend_goods_category_name_3` varchar(50) CHARACTER SET utf8 COLLATE utf8_general_ci NOT NULL DEFAULT '' COMMENT '推荐分类商品别名',
  `recommend_goods_category_3` int(11) NOT NULL DEFAULT 0 COMMENT '推荐显示商品分类',
  `shop_id` int(11) NOT NULL DEFAULT 0 COMMENT '店铺id',
  `block_data` longtext CHARACTER SET utf8 COLLATE utf8_general_ci NULL COMMENT '板块数据',
  `create_time` int(11) NULL DEFAULT 0 COMMENT '创建时间',
  `modify_time` int(11) NULL DEFAULT 0 COMMENT '更新时间',
  PRIMARY KEY (`block_id`) USING BTREE
) ENGINE = InnoDB AUTO_INCREMENT = 3 AVG_ROW_LENGTH = 2340 CHARACTER SET = utf8 COLLATE = utf8_general_ci COMMENT = '首页促销板块' ROW_FORMAT = Compact;

-- ----------------------------
-- Records of ns_platform_block
-- ----------------------------
INSERT INTO `ns_platform_block` VALUES (1, 0, '#c6b796', 0, '小学生楼层', '小学生楼层', '单图广告位', 0, '推荐幻灯片广告位', 1181, '多图广告位', 0, '', '1,2,3', '推荐分类', 1, '分类商品', 1, '分类商品', 3, 0, NULL, 1500271211, 1502088991);
INSERT INTO `ns_platform_block` VALUES (2, 1, '#550563', 2, '测试楼层0', '楼层', '单图广告位', 0, '幻灯广告位', 1186, '多图测试', 1187, '1', '1,2,3', '汽车', 3, '女装精品', 1, '精品', 1, 0, NULL, 1501500452, 1502856337);

-- ----------------------------
-- Table structure for ns_platform_goods_group_recommend
-- ----------------------------
DROP TABLE IF EXISTS `ns_platform_goods_group_recommend`;
CREATE TABLE `ns_platform_goods_group_recommend`  (
  `id` int(11) NOT NULL AUTO_INCREMENT,
  `shop_id` int(11) NOT NULL DEFAULT 0,
  `group_id_array` varchar(255) CHARACTER SET utf8 COLLATE utf8_general_ci NOT NULL DEFAULT '' COMMENT '商品标签组',
  `is_show` int(11) NOT NULL DEFAULT 1 COMMENT '是否显示',
  `create_time` int(11) NOT NULL DEFAULT 0,
  `modify_time` int(11) NOT NULL DEFAULT 0,
  PRIMARY KEY (`id`) USING BTREE
) ENGINE = InnoDB AUTO_INCREMENT = 2 AVG_ROW_LENGTH = 16384 CHARACTER SET = utf8 COLLATE = utf8_general_ci ROW_FORMAT = Compact;

-- ----------------------------
-- Records of ns_platform_goods_group_recommend
-- ----------------------------
INSERT INTO `ns_platform_goods_group_recommend` VALUES (1, 0, '3,4', 1, 1503391983, 1503490049);

-- ----------------------------
-- Table structure for ns_platform_goods_recommend
-- ----------------------------
DROP TABLE IF EXISTS `ns_platform_goods_recommend`;
CREATE TABLE `ns_platform_goods_recommend`  (
  `recommend_id` int(10) UNSIGNED NOT NULL AUTO_INCREMENT COMMENT '主键',
  `goods_id` int(11) NOT NULL COMMENT '推荐商品ID',
  `state` int(11) NOT NULL DEFAULT 1 COMMENT '推荐状态',
  `class_id` int(11) NOT NULL DEFAULT 1 COMMENT '推荐类型',
  `create_time` int(11) NULL DEFAULT 0 COMMENT '创建时间',
  `modify_time` int(11) NULL DEFAULT 0 COMMENT '修改时间',
  PRIMARY KEY (`recommend_id`) USING BTREE
) ENGINE = InnoDB AUTO_INCREMENT = 227 AVG_ROW_LENGTH = 442 CHARACTER SET = utf8 COLLATE = utf8_general_ci COMMENT = '平台商品推荐' ROW_FORMAT = Compact;

-- ----------------------------
-- Records of ns_platform_goods_recommend
-- ----------------------------
INSERT INTO `ns_platform_goods_recommend` VALUES (193, 53, 1, 32, 1503026717, 1503026717);
INSERT INTO `ns_platform_goods_recommend` VALUES (194, 54, 1, 32, 1503026717, 1503026717);
INSERT INTO `ns_platform_goods_recommend` VALUES (195, 64, 1, 32, 1503026717, 1503026717);
INSERT INTO `ns_platform_goods_recommend` VALUES (224, 1, 1, 1, 1503133170, 1503133170);
INSERT INTO `ns_platform_goods_recommend` VALUES (226, 3, 1, 1, 1503140067, 1503140067);

-- ----------------------------
-- Table structure for ns_platform_goods_recommend_class
-- ----------------------------
DROP TABLE IF EXISTS `ns_platform_goods_recommend_class`;
CREATE TABLE `ns_platform_goods_recommend_class`  (
  `class_id` int(10) UNSIGNED NOT NULL AUTO_INCREMENT COMMENT '主键',
  `class_name` varchar(50) CHARACTER SET utf8 COLLATE utf8_general_ci NOT NULL DEFAULT '' COMMENT '类型名称',
  `class_type` int(11) NOT NULL DEFAULT 1 COMMENT '推荐模块1.系统固有模块2.平台增加模块',
  `is_use` tinyint(1) NOT NULL DEFAULT 1 COMMENT '是否使用',
  `sort` int(11) NOT NULL DEFAULT 255 COMMENT '排序号',
  `shop_id` int(11) NOT NULL DEFAULT 0 COMMENT '店铺id',
  `show_type` int(11) NOT NULL DEFAULT 0 COMMENT '展示类型  0电脑端  1手机端',
  PRIMARY KEY (`class_id`) USING BTREE
) ENGINE = InnoDB AUTO_INCREMENT = 34 AVG_ROW_LENGTH = 2340 CHARACTER SET = utf8 COLLATE = utf8_general_ci COMMENT = '店铺商品推荐类别' ROW_FORMAT = Compact;

-- ----------------------------
-- Records of ns_platform_goods_recommend_class
-- ----------------------------
INSERT INTO `ns_platform_goods_recommend_class` VALUES (1, '商城热卖', 2, 1, 0, 0, 0);
INSERT INTO `ns_platform_goods_recommend_class` VALUES (32, 'aaaa', 2, 1, 0, 0, 1);
INSERT INTO `ns_platform_goods_recommend_class` VALUES (33, 'sdsd的', 2, 1, 0, 0, 0);

-- ----------------------------
-- Table structure for ns_platform_help_class
-- ----------------------------
DROP TABLE IF EXISTS `ns_platform_help_class`;
CREATE TABLE `ns_platform_help_class`  (
  `class_id` int(11) NOT NULL AUTO_INCREMENT COMMENT '表主键',
  `type` int(11) NOT NULL DEFAULT 1 COMMENT '1.帮助类别2.会员协议类别3.开店协议类别',
  `class_name` varchar(50) CHARACTER SET utf8 COLLATE utf8_general_ci NOT NULL DEFAULT '' COMMENT '类型名称',
  `parent_class_id` int(11) NOT NULL DEFAULT 0 COMMENT '上级ID',
  `sort` int(11) NOT NULL DEFAULT 0 COMMENT '排序号',
  PRIMARY KEY (`class_id`) USING BTREE
) ENGINE = InnoDB AUTO_INCREMENT = 6 AVG_ROW_LENGTH = 4096 CHARACTER SET = utf8 COLLATE = utf8_general_ci COMMENT = '平台说明类型' ROW_FORMAT = Compact;

-- ----------------------------
-- Records of ns_platform_help_class
-- ----------------------------
INSERT INTO `ns_platform_help_class` VALUES (1, 1, '新手上路', 0, 1);
INSERT INTO `ns_platform_help_class` VALUES (2, 1, '配送与支付', 0, 2);
INSERT INTO `ns_platform_help_class` VALUES (3, 1, '会员中心', 0, 3);
INSERT INTO `ns_platform_help_class` VALUES (4, 1, '服务保证', 0, 4);
INSERT INTO `ns_platform_help_class` VALUES (5, 1, '联系我们', 0, 5);

-- ----------------------------
-- Table structure for ns_platform_help_document
-- ----------------------------
DROP TABLE IF EXISTS `ns_platform_help_document`;
CREATE TABLE `ns_platform_help_document`  (
  `id` int(10) UNSIGNED NOT NULL AUTO_INCREMENT COMMENT '表主键',
  `uid` int(11) NOT NULL COMMENT '最后修改人ID',
  `class_id` int(11) NOT NULL COMMENT '所属说明类型ID',
  `title` varchar(255) CHARACTER SET utf8 COLLATE utf8_general_ci NOT NULL DEFAULT '' COMMENT '主题',
  `link_url` varchar(255) CHARACTER SET utf8 COLLATE utf8_general_ci NOT NULL DEFAULT '' COMMENT '链接地址',
  `sort` int(11) NOT NULL DEFAULT 0 COMMENT '排序号',
  `content` text CHARACTER SET utf8 COLLATE utf8_general_ci NOT NULL COMMENT '内容',
  `image` varchar(255) CHARACTER SET utf8 COLLATE utf8_general_ci NOT NULL DEFAULT '' COMMENT '图片',
  `create_time` int(11) NULL DEFAULT 0 COMMENT '创建时间',
  `modufy_time` int(11) NULL DEFAULT 0 COMMENT '修改时间',
  PRIMARY KEY (`id`) USING BTREE
) ENGINE = InnoDB AUTO_INCREMENT = 19 AVG_ROW_LENGTH = 1489 CHARACTER SET = utf8 COLLATE = utf8_general_ci COMMENT = '平台说明内容' ROW_FORMAT = Compact;

-- ----------------------------
-- Records of ns_platform_help_document
-- ----------------------------
INSERT INTO `ns_platform_help_document` VALUES (1, 87, 1, '购物流程', '', 0, '', '', 0, 1498471779);
INSERT INTO `ns_platform_help_document` VALUES (2, 2, 2, '支付方式说明', '', 5, '<p>支付方式说明</p>', '', 0, 1493810155);
INSERT INTO `ns_platform_help_document` VALUES (3, 87, 3, '售后流程', '', 1, '', '', 0, 1499240296);
INSERT INTO `ns_platform_help_document` VALUES (5, 2, 3, '资金管理', '', 6, '<p>资金管理</p>', '', 0, 1493964639);
INSERT INTO `ns_platform_help_document` VALUES (6, 2, 3, '我的收藏', '', 7, '<p>我的收藏</p>', '', 0, 1493809215);
INSERT INTO `ns_platform_help_document` VALUES (7, 2, 2, '货到付款区域', '', 3, '<p>货到付款区域</p>', '', 1487559901, 1493810113);
INSERT INTO `ns_platform_help_document` VALUES (8, 2, 2, '配送支付智能查询', '', 4, '<p>配送支付智能查询</p>', '', 1487559942, 1493810133);
INSERT INTO `ns_platform_help_document` VALUES (9, 2, 4, '退换货原则', '', 9, '<p>退换货原则</p>', '', 1487560238, 1493809406);
INSERT INTO `ns_platform_help_document` VALUES (10, 2, 4, '售后服务保证', '', 9, '<p>售后服务保证</p>', '', 1487560263, 1493809427);
INSERT INTO `ns_platform_help_document` VALUES (11, 2, 4, '产品质量保证', '', 10, '<p>产品质量保证</p>', '', 1487560296, 1493809443);
INSERT INTO `ns_platform_help_document` VALUES (12, 2, 5, '网站故障报告', '', 11, '<p>网站故障报告</p>', '', 1487560338, 1493809546);
INSERT INTO `ns_platform_help_document` VALUES (13, 1, 1, '订购方式', '', 2, '<p>方式</p>', '', 1493206148, 1501052054);
INSERT INTO `ns_platform_help_document` VALUES (14, 1, 3, '我的订单', '', 8, '<p>我的订单</p>', '', 1493809066, 1497102958);
INSERT INTO `ns_platform_help_document` VALUES (15, 2, 5, '选机咨询', '', 12, '<p>选机咨询</p>', '', 1493809482, 1493809565);
INSERT INTO `ns_platform_help_document` VALUES (16, 2, 5, '投诉与建议', '', 13, '<p>投诉与建议</p>', '', 1493809511, 1493964721);
INSERT INTO `ns_platform_help_document` VALUES (17, 1, 1, '用户注册协议', '', 0, '<p><span style=\"color: rgb(102, 102, 102); font-family: &quot;Microsoft Yahei&quot;, &quot;Lucida Grande&quot;, Verdana, Lucida, Helvetica, Arial, sans-serif; font-size: 12px; background-color: rgb(255, 255, 255);\">牛酷商城用户注册协议本协议是您与牛酷商城网站（简称&quot;本站&quot;）所有者（以下简称为&quot;牛酷商城&quot;）之间就牛酷商城网站服务等相关事宜所订立的契约，请您仔细阅读本注册协议，您点击&quot;同意并继续&quot;按钮后，本协议即构成对双方有约束力的法律文件。第1条 本站服务条款的确认和接纳1.1本站的各项电子服务的所有权和运作权归牛酷商城所有。用户同意所有注册协议条款并完成注册程序，才能成为本站的正式用户。用户确认：本协议条款是处理双方权利义务的契约，始终有效，法律另有强制性规定或双方另有特别约定的，依其规定。1.2用户点击同意本协议的，即视为用户确认自己具有享受本站服务、下单购物等相应的权利能力和行为能力，能够独立承担法律责任。1.3如果您在18周岁以下，您只能在父母或监护人的监护参与下才能使用本站。第2条 本站服务2.1牛酷商城通过互联网依法为用户提供互联网信息等服务，用户在完全同意本协议及本站规定的情况下，方有权使用本站的相关服务。2.2用户必须自行准备如下设备和承担如下开支：（1）上网设备，包括并不限于电脑或者其他上网终端、调制解调器及其他必备的上网装置；（2）上网开支，包括并不限于网络接入费、上网设备租用费、手机流量费等。第3条 用户信息3.1用户应自行诚信向本站提供注册资料，用户同意其提供的注册资料真实、准确、完整、合法有效，用户注册资料如有变动的，应及时更新其注册资料。如果用户提供的注册资料不合法、不真实、不准确、不详尽的，用户需承担因此引起的相应责任及后果，并且牛酷商城保留终止用户使用牛酷商城各项服务的权利。3.2用户在本站进行浏览、下单购物等活动时，涉及用户真实姓名/名称、通信地址、联系电话、电子邮箱等隐私信息的，本站将予以严格保密，除非得到用户的授权或法律另有规定，本站不会向外界披露用户隐私信息。第4条 用户依法言行义务本协议依据国家相关法律法规规章制定，用户同意严格遵守以下义务：（1）不得传输或发表：煽动抗拒、破坏宪法和法律、行政法规实施的言论，煽动颠覆国家政权，推翻社会主义制度的言论，煽动分裂国家、破坏国家统一的的言论，煽动民族仇恨、民族歧视、破坏民族团结的言论；（2）从中国大陆向境外传输资料信息时必须符合中国有关法规；第5条 其他5.1牛酷商城网站所有者是指在政府部门依法许可或备案的牛酷商城网站经营主体。5.2您点击本协议下方的&quot;同意并继续&quot;按钮即视为您完全接受本协议，在点击之前请您再次确认已知悉并完全理解本协议的全部内容。</span></p>', '', 1499325553, 1501051813);
INSERT INTO `ns_platform_help_document` VALUES (18, 1, 1, '站点帮助分类测试', '', 0, '<p>凄凄切切群群群群群群群群群群群</p>', '', 1501051787, 1501051787);

-- ----------------------------
-- Table structure for ns_platform_link
-- ----------------------------
DROP TABLE IF EXISTS `ns_platform_link`;
CREATE TABLE `ns_platform_link`  (
  `link_id` int(10) UNSIGNED NOT NULL AUTO_INCREMENT COMMENT '索引id',
  `link_title` varchar(100) CHARACTER SET utf8 COLLATE utf8_general_ci NOT NULL COMMENT '标题',
  `link_url` varchar(100) CHARACTER SET utf8 COLLATE utf8_general_ci NOT NULL COMMENT '链接',
  `link_pic` varchar(100) CHARACTER SET utf8 COLLATE utf8_general_ci NOT NULL COMMENT '图片',
  `link_sort` int(11) NULL DEFAULT NULL,
  `is_blank` int(11) NOT NULL DEFAULT 1 COMMENT '是否新窗口打开 1.是 2.否',
  `is_show` int(11) NOT NULL DEFAULT 1 COMMENT '是否显示 1.是 2.否',
  PRIMARY KEY (`link_id`) USING BTREE
) ENGINE = MyISAM AUTO_INCREMENT = 4 AVG_ROW_LENGTH = 50 CHARACTER SET = utf8 COLLATE = utf8_general_ci COMMENT = '友情链接表' ROW_FORMAT = Dynamic;

-- ----------------------------
-- Records of ns_platform_link
-- ----------------------------
INSERT INTO `ns_platform_link` VALUES (1, '测试', 'http://www.baidu.com', 'http://ouo5ro5lf.bkt.clouddn.com/upload/common/1503043083.jpg', 0, 1, 1);

-- ----------------------------
-- Table structure for ns_point_config
-- ----------------------------
DROP TABLE IF EXISTS `ns_point_config`;
CREATE TABLE `ns_point_config`  (
  `id` int(10) UNSIGNED NOT NULL AUTO_INCREMENT COMMENT '主键',
  `shop_id` int(11) NOT NULL COMMENT '店铺ID',
  `is_open` tinyint(4) NOT NULL DEFAULT 0 COMMENT '是否启动',
  `convert_rate` decimal(10, 2) NOT NULL DEFAULT 0.00 COMMENT '1积分对应金额',
  `desc` text CHARACTER SET utf8 COLLATE utf8_general_ci NOT NULL COMMENT '积分说明',
  `create_time` int(11) NULL DEFAULT 0 COMMENT '创建时间',
  `modify_time` int(11) NULL DEFAULT 0 COMMENT '修改时间',
  PRIMARY KEY (`id`) USING BTREE
) ENGINE = InnoDB AUTO_INCREMENT = 2 AVG_ROW_LENGTH = 16384 CHARACTER SET = utf8 COLLATE = utf8_general_ci COMMENT = '积分设置表' ROW_FORMAT = Compact;

-- ----------------------------
-- Records of ns_point_config
-- ----------------------------
INSERT INTO `ns_point_config` VALUES (1, 0, 1, 0.10, '11', 1500362974, 1508490457);

-- ----------------------------
-- Table structure for ns_promotion_bundling
-- ----------------------------
DROP TABLE IF EXISTS `ns_promotion_bundling`;
CREATE TABLE `ns_promotion_bundling`  (
  `bl_id` int(11) NOT NULL AUTO_INCREMENT COMMENT '组合ID',
  `bl_name` varchar(50) CHARACTER SET utf8 COLLATE utf8_general_ci NOT NULL COMMENT '组合名称',
  `shop_id` int(11) NOT NULL COMMENT '店铺id',
  `shop_name` varchar(100) CHARACTER SET utf8 COLLATE utf8_general_ci NOT NULL COMMENT '店铺名称',
  `bl_price` decimal(10, 2) NOT NULL COMMENT '商品组合价格',
  `shipping_fee_type` tinyint(1) NOT NULL COMMENT '运费承担方式 1卖家承担运费 2买家承担运费',
  `shipping_fee` decimal(10, 2) NOT NULL COMMENT '运费',
  `status` tinyint(1) NOT NULL DEFAULT 1 COMMENT '组合状态 0-关闭/1-开启',
  PRIMARY KEY (`bl_id`) USING BTREE
) ENGINE = InnoDB AUTO_INCREMENT = 1 CHARACTER SET = utf8 COLLATE = utf8_general_ci COMMENT = '组合销售活动表' ROW_FORMAT = Compact;

-- ----------------------------
-- Table structure for ns_promotion_bundling_goods
-- ----------------------------
DROP TABLE IF EXISTS `ns_promotion_bundling_goods`;
CREATE TABLE `ns_promotion_bundling_goods`  (
  `bl_goods_id` int(11) NOT NULL AUTO_INCREMENT COMMENT '组合商品id',
  `bl_id` int(11) NOT NULL COMMENT '组合id',
  `goods_id` int(10) UNSIGNED NOT NULL COMMENT '商品id',
  `goods_name` varchar(50) CHARACTER SET utf8 COLLATE utf8_general_ci NOT NULL COMMENT '商品名称',
  `goods_picture` varchar(100) CHARACTER SET utf8 COLLATE utf8_general_ci NOT NULL COMMENT '商品图片',
  `bl_goods_price` decimal(10, 2) NOT NULL COMMENT '商品组合价格',
  `sort` int(11) NULL DEFAULT NULL,
  PRIMARY KEY (`bl_goods_id`) USING BTREE
) ENGINE = InnoDB AUTO_INCREMENT = 1 CHARACTER SET = utf8 COLLATE = utf8_general_ci COMMENT = '组合销售活动商品表' ROW_FORMAT = Compact;

-- ----------------------------
-- Table structure for ns_promotion_discount
-- ----------------------------
DROP TABLE IF EXISTS `ns_promotion_discount`;
CREATE TABLE `ns_promotion_discount`  (
  `discount_id` int(10) UNSIGNED NOT NULL AUTO_INCREMENT COMMENT '主键',
  `shop_id` int(11) NOT NULL DEFAULT 1 COMMENT '店铺ID',
  `shop_name` varchar(50) CHARACTER SET utf8 COLLATE utf8_general_ci NOT NULL DEFAULT '' COMMENT '店铺名称',
  `discount_name` varchar(255) CHARACTER SET utf8 COLLATE utf8_general_ci NOT NULL DEFAULT '' COMMENT '活动名称',
  `status` tinyint(1) NOT NULL DEFAULT 0 COMMENT '活动状态(0-未发布/1-正常/3-关闭/4-结束)',
  `remark` text CHARACTER SET utf8 COLLATE utf8_general_ci NOT NULL COMMENT '备注',
  `start_time` int(11) NULL DEFAULT 0 COMMENT '开始时间',
  `end_time` int(11) NULL DEFAULT 0 COMMENT '结束时间',
  `create_time` int(11) NULL DEFAULT 0 COMMENT '创建时间',
  `modify_time` int(11) NULL DEFAULT 0 COMMENT '修改时间',
  PRIMARY KEY (`discount_id`) USING BTREE
) ENGINE = InnoDB AUTO_INCREMENT = 34 AVG_ROW_LENGTH = 4096 CHARACTER SET = utf8 COLLATE = utf8_general_ci COMMENT = '限时折扣' ROW_FORMAT = Compact;

-- ----------------------------
-- Records of ns_promotion_discount
-- ----------------------------
INSERT INTO `ns_promotion_discount` VALUES (1, 0, 'Niushop开源商城', '夏装促销', 4, '', 1498883034, 1501475039, 1500265451, 0);
INSERT INTO `ns_promotion_discount` VALUES (3, 0, 'Niushop开源商城', '111', 4, '', 1501324706, 1501411107, 1501238317, 0);
INSERT INTO `ns_promotion_discount` VALUES (4, 0, 'Niushop开源商城', '08-01限时折扣', 3, '', 1500457906, 1504173115, 1501581123, 0);
INSERT INTO `ns_promotion_discount` VALUES (5, 0, 'niushop开源商城', 'qqqqqq', 4, '', 1501927920, 1502100725, 1501841539, 0);
INSERT INTO `ns_promotion_discount` VALUES (7, 0, 'Niushop开源商城', '8.8限时折扣', 4, '', 1502160977, 1502247382, 1502161023, 0);
INSERT INTO `ns_promotion_discount` VALUES (8, 0, 'niushop开源商城', '11', 3, '', 1502357482, 1503653484, 1502357490, 0);
INSERT INTO `ns_promotion_discount` VALUES (9, 0, 'niushop开源商城', '限时折扣', 4, '', 1503029222, 1503288425, 1503029240, 0);
INSERT INTO `ns_promotion_discount` VALUES (10, 0, 'niushop开源商城', '秋季新款限时秒杀', 3, '', 1503538802, 1503625205, 1503538857, 0);
INSERT INTO `ns_promotion_discount` VALUES (11, 0, 'niushop开源商城', '夏季清仓限时秒杀', 3, '', 1503538922, 1503711724, 1503538997, 0);
INSERT INTO `ns_promotion_discount` VALUES (12, 0, 'niushop开源商城', '夏季热卖', 4, '', 1503643691, 1503902893, 1503643731, 0);
INSERT INTO `ns_promotion_discount` VALUES (13, 0, 'niushop开源商城', '秋季来临', 3, '', 1503913609, 1504172811, 1503913613, 0);
INSERT INTO `ns_promotion_discount` VALUES (14, 0, 'niushop开源商城', '新品热卖', 4, '', 1503993139, 1504079546, 1503993185, 0);
INSERT INTO `ns_promotion_discount` VALUES (15, 0, 'niushop开源商城', '453', 3, '', 1501588225, 1504353027, 1504093843, 0);
INSERT INTO `ns_promotion_discount` VALUES (16, 0, 'niushop开源商城', '限时折扣活动', 3, '', 1504148126, 1544064928, 1504148162, 0);
INSERT INTO `ns_promotion_discount` VALUES (17, 0, 'niushop开源商城', '限时折扣', 3, '', 1504148212, 1514689014, 1504148240, 0);
INSERT INTO `ns_promotion_discount` VALUES (19, 0, 'DOAEZ官方商城', '测试', 4, '', 1505724749, 1505983956, 1505811179, 0);
INSERT INTO `ns_promotion_discount` VALUES (20, 0, 'DOAEZ官方商城', '2222222', 4, '', 1505724996, 1505897802, 1505811444, 0);
INSERT INTO `ns_promotion_discount` VALUES (24, 0, 'DOAEZ官方商城', '测试', 4, '', 1506497088, 1506497332, 1506497140, 0);
INSERT INTO `ns_promotion_discount` VALUES (29, 0, 'DOAEZ官方商城', '666666', 4, '', 1506676771, 1506763173, 1506676780, 0);
INSERT INTO `ns_promotion_discount` VALUES (30, 0, 'DOAEZ官方商城', '第三方', 4, '', 1504262486, 1506768090, 1506681703, 0);
INSERT INTO `ns_promotion_discount` VALUES (31, 0, 'DOAEZ官方商城', 'new', 3, '', 1507519590, 1509420393, 1507519609, 0);
INSERT INTO `ns_promotion_discount` VALUES (32, 0, 'DOAEZ官方商城', 'fdgj', 3, '', 1507599889, 1509414293, 1507599896, 0);
INSERT INTO `ns_promotion_discount` VALUES (33, 0, 'DOAEZ官方商城', '国庆节后活动', 4, '', 1507778239, 1507864641, 1507778267, 0);

-- ----------------------------
-- Table structure for ns_promotion_discount_goods
-- ----------------------------
DROP TABLE IF EXISTS `ns_promotion_discount_goods`;
CREATE TABLE `ns_promotion_discount_goods`  (
  `discount_goods_id` int(10) UNSIGNED NOT NULL AUTO_INCREMENT COMMENT '主键',
  `discount_id` int(11) NOT NULL COMMENT '对应活动',
  `goods_id` int(11) NOT NULL COMMENT '商品ID',
  `status` tinyint(1) NOT NULL DEFAULT 0 COMMENT '状态',
  `discount` decimal(10, 2) NOT NULL COMMENT '活动折扣或者减现信息',
  `goods_name` varchar(255) CHARACTER SET utf8 COLLATE utf8_general_ci NOT NULL DEFAULT '' COMMENT '商品名称',
  `goods_picture` int(11) NOT NULL COMMENT '商品图片',
  `start_time` int(11) NULL DEFAULT 0 COMMENT '开始时间',
  `end_time` int(11) NULL DEFAULT 0 COMMENT '结束时间',
  PRIMARY KEY (`discount_goods_id`) USING BTREE
) ENGINE = InnoDB AUTO_INCREMENT = 127 AVG_ROW_LENGTH = 712 CHARACTER SET = utf8 COLLATE = utf8_general_ci COMMENT = '限时折扣商品列表' ROW_FORMAT = Compact;

-- ----------------------------
-- Records of ns_promotion_discount_goods
-- ----------------------------
INSERT INTO `ns_promotion_discount_goods` VALUES (1, 1, 1, 4, 7.00, '韩版牛仔短裤女夏前短后长高腰a字毛边大码宽松学生阔腿卷边热裤', 1, 1498883034, 1501475039);
INSERT INTO `ns_promotion_discount_goods` VALUES (2, 3, 10, 4, 9.99, '测试商品3', 137, 1501324706, 1501411107);
INSERT INTO `ns_promotion_discount_goods` VALUES (3, 4, 3, 3, 9.99, '东风日产 轩逸', 9, 1500457906, 1504173115);
INSERT INTO `ns_promotion_discount_goods` VALUES (4, 4, 1, 3, 9.99, '韩版牛仔短裤女夏前短后长高腰a字毛边大码宽松学生阔腿卷边热裤', 139, 1500457906, 1504173115);
INSERT INTO `ns_promotion_discount_goods` VALUES (5, 5, 1, 4, 3.50, '韩版牛仔短裤女夏前短后长高腰a字毛边大码宽松学生阔腿卷边热裤', 139, 1501927920, 1502100725);
INSERT INTO `ns_promotion_discount_goods` VALUES (6, 5, 3, 4, 5.00, '东风日产 轩逸', 9, 1501927920, 1502100725);
INSERT INTO `ns_promotion_discount_goods` VALUES (10, 7, 1, 4, 3.50, '韩版牛仔短裤女夏前短后长高腰a字毛边大码宽松学生阔腿卷边热裤', 139, 1502160977, 1502247382);
INSERT INTO `ns_promotion_discount_goods` VALUES (11, 7, 3, 4, 5.00, '东风日产 轩逸', 9, 1502160977, 1502247382);
INSERT INTO `ns_promotion_discount_goods` VALUES (12, 7, 7, 4, 8.00, '测试商品', 119, 1502160977, 1502247382);
INSERT INTO `ns_promotion_discount_goods` VALUES (13, 8, 1, 3, 9.99, '韩版牛仔短裤女夏前短后长高腰a字毛边大码宽松学生阔腿卷边热裤', 139, 1502357482, 1503653484);
INSERT INTO `ns_promotion_discount_goods` VALUES (14, 8, 3, 3, 9.99, '东风日产 轩逸', 9, 1502357482, 1503653484);
INSERT INTO `ns_promotion_discount_goods` VALUES (15, 8, 7, 3, 9.99, '测试商品', 119, 1502357482, 1503653484);
INSERT INTO `ns_promotion_discount_goods` VALUES (16, 9, 1, 4, 9.99, '韩版牛仔短裤女夏前短后长高腰a字毛边大码宽松学生阔腿卷边热裤', 223, 1503029222, 1503288425);
INSERT INTO `ns_promotion_discount_goods` VALUES (17, 9, 52, 4, 9.99, 'FANSILANEN喇叭袖V领条纹修身裙子夏连衣裙衬衫裙中长款高腰a字裙-副本', 222, 1503029222, 1503288425);
INSERT INTO `ns_promotion_discount_goods` VALUES (18, 9, 53, 4, 9.99, '商品', 221, 1503029222, 1503288425);
INSERT INTO `ns_promotion_discount_goods` VALUES (19, 9, 54, 4, 9.99, '地方', 220, 1503029222, 1503288425);
INSERT INTO `ns_promotion_discount_goods` VALUES (20, 10, 1, 3, 8.00, '韩版牛仔短裤女夏前短后长高腰a字毛边大码宽松学生阔腿卷边热裤', 248, 1503538802, 1503625205);
INSERT INTO `ns_promotion_discount_goods` VALUES (21, 10, 49, 4, 7.90, '七分裤', 247, 1503538802, 1503625205);
INSERT INTO `ns_promotion_discount_goods` VALUES (22, 10, 50, 3, 8.90, 'FANSILANEN喇叭袖V领条纹修身裙子夏连衣裙衬衫裙中长款高腰a字裙', 233, 1503538802, 1503625205);
INSERT INTO `ns_promotion_discount_goods` VALUES (23, 10, 65, 3, 9.00, 'nubia/努比亚 Z17无边框骁龙835双摄旗舰新品', 231, 1503538802, 1503625205);
INSERT INTO `ns_promotion_discount_goods` VALUES (24, 11, 3, 3, 9.00, '东风日产 轩逸', 242, 1503538922, 1503711724);
INSERT INTO `ns_promotion_discount_goods` VALUES (25, 11, 7, 3, 8.00, '测试商品', 187, 1503538922, 1503711724);
INSERT INTO `ns_promotion_discount_goods` VALUES (26, 11, 9, 3, 8.00, '测试商品2', 249, 1503538922, 1503711724);
INSERT INTO `ns_promotion_discount_goods` VALUES (27, 11, 10, 3, 8.00, '测试商品3', 137, 1503538922, 1503711724);
INSERT INTO `ns_promotion_discount_goods` VALUES (28, 11, 12, 3, 9.00, '测试商品4', 193, 1503538922, 1503711724);
INSERT INTO `ns_promotion_discount_goods` VALUES (29, 11, 13, 3, 9.00, '测试商品5', 96, 1503538922, 1503711724);
INSERT INTO `ns_promotion_discount_goods` VALUES (30, 11, 14, 3, 9.00, '测试商品6', 239, 1503538922, 1503711724);
INSERT INTO `ns_promotion_discount_goods` VALUES (31, 11, 15, 3, 8.90, '测试商品10', 114, 1503538922, 1503711724);
INSERT INTO `ns_promotion_discount_goods` VALUES (32, 11, 17, 3, 7.90, '测试商品11', 249, 1503538922, 1503711724);
INSERT INTO `ns_promotion_discount_goods` VALUES (33, 12, 52, 4, 9.99, 'FANSILANEN喇叭袖V领条纹修身裙子夏连衣裙衬衫裙中长款高腰a字裙-副本', 222, 1503643691, 1503902893);
INSERT INTO `ns_promotion_discount_goods` VALUES (34, 12, 54, 4, 9.99, '地方', 220, 1503643691, 1503902893);
INSERT INTO `ns_promotion_discount_goods` VALUES (35, 12, 64, 4, 9.99, '测试', 225, 1503643691, 1503902893);
INSERT INTO `ns_promotion_discount_goods` VALUES (36, 12, 65, 4, 9.99, 'nubia/努比亚 Z17无边框骁龙835双摄旗舰新品', 231, 1503643691, 1503902893);
INSERT INTO `ns_promotion_discount_goods` VALUES (37, 12, 67, 4, 9.99, '下架商品测试', 251, 1503643691, 1503902893);
INSERT INTO `ns_promotion_discount_goods` VALUES (38, 13, 1, 3, 9.99, '韩版牛仔短裤女夏前短后长高腰a字毛边大码宽松学生阔腿卷边热裤', 248, 1503913609, 1504172811);
INSERT INTO `ns_promotion_discount_goods` VALUES (39, 13, 3, 3, 9.99, '东风日产 轩逸', 242, 1503913609, 1504172811);
INSERT INTO `ns_promotion_discount_goods` VALUES (40, 14, 1, 4, 9.99, '韩版牛仔短裤女夏前短后长高腰a字毛边大码宽松学生阔腿卷边热裤', 255, 1503993139, 1504079546);
INSERT INTO `ns_promotion_discount_goods` VALUES (41, 14, 15, 4, 9.99, '测试商品10', 262, 1503993139, 1504079546);
INSERT INTO `ns_promotion_discount_goods` VALUES (42, 14, 49, 4, 9.99, '七分裤', 247, 1503993139, 1504079546);
INSERT INTO `ns_promotion_discount_goods` VALUES (43, 15, 1, 3, 9.99, '韩版牛仔短裤女夏前短后长高腰a字毛边大码宽松学生阔腿卷边热裤', 255, 1501588225, 1504353027);
INSERT INTO `ns_promotion_discount_goods` VALUES (44, 15, 3, 3, 9.99, '东风日产 轩逸', 261, 1501588225, 1504353027);
INSERT INTO `ns_promotion_discount_goods` VALUES (45, 15, 14, 3, 9.99, '测试商品6', 263, 1501588225, 1504353027);
INSERT INTO `ns_promotion_discount_goods` VALUES (46, 15, 15, 3, 9.99, '测试商品10', 262, 1501588225, 1504353027);
INSERT INTO `ns_promotion_discount_goods` VALUES (47, 15, 17, 3, 9.99, '测试商品11', 259, 1501588225, 1504353027);
INSERT INTO `ns_promotion_discount_goods` VALUES (48, 15, 49, 4, 9.99, '七分裤', 247, 1501588225, 1504353027);
INSERT INTO `ns_promotion_discount_goods` VALUES (49, 15, 50, 3, 9.99, 'FANSILANEN喇叭袖V领条纹修身裙子夏连衣裙衬衫裙中长款高腰a字裙', 233, 1501588225, 1504353027);
INSERT INTO `ns_promotion_discount_goods` VALUES (50, 15, 52, 3, 9.99, 'FANSILANEN喇叭袖V领条纹修身裙子夏连衣裙衬衫裙中长款高腰a字裙-副本', 222, 1501588225, 1504353027);
INSERT INTO `ns_promotion_discount_goods` VALUES (51, 15, 51, 4, 9.99, '七分裤-副本', 157, 1501588225, 1504353027);
INSERT INTO `ns_promotion_discount_goods` VALUES (52, 15, 65, 3, 9.99, 'nubia/努比亚 Z17无边框骁龙835双摄旗舰新品', 256, 1501588225, 1504353027);
INSERT INTO `ns_promotion_discount_goods` VALUES (53, 15, 68, 3, 9.99, 'nubia/努比亚 Z17无边框骁龙835双摄旗舰新品-副本', 256, 1501588225, 1504353027);
INSERT INTO `ns_promotion_discount_goods` VALUES (54, 15, 69, 3, 9.99, '测试', 277, 1501588225, 1504353027);
INSERT INTO `ns_promotion_discount_goods` VALUES (55, 15, 70, 3, 9.99, '积分商品', 278, 1501588225, 1504353027);
INSERT INTO `ns_promotion_discount_goods` VALUES (56, 16, 1, 3, 9.99, '韩版牛仔短裤女夏前短后长高腰a字毛边大码宽松学生阔腿卷边热裤', 255, 1504148126, 1544064928);
INSERT INTO `ns_promotion_discount_goods` VALUES (57, 16, 3, 3, 9.99, '东风日产 轩逸', 261, 1504148126, 1544064928);
INSERT INTO `ns_promotion_discount_goods` VALUES (58, 16, 14, 3, 9.99, '测试商品6', 263, 1504148126, 1544064928);
INSERT INTO `ns_promotion_discount_goods` VALUES (59, 17, 1, 3, 9.99, '韩版牛仔短裤女夏前短后长高腰a字毛边大码宽松学生阔腿卷边热裤', 255, 1504148212, 1514689014);
INSERT INTO `ns_promotion_discount_goods` VALUES (60, 17, 3, 3, 9.99, '东风日产 轩逸', 261, 1504148212, 1514689014);
INSERT INTO `ns_promotion_discount_goods` VALUES (61, 17, 14, 3, 9.99, '测试商品6', 263, 1504148212, 1514689014);
INSERT INTO `ns_promotion_discount_goods` VALUES (62, 17, 65, 3, 9.99, 'nubia/努比亚 Z17无边框骁龙835双摄旗舰新品', 256, 1504148212, 1514689014);
INSERT INTO `ns_promotion_discount_goods` VALUES (63, 17, 69, 3, 9.99, '测试', 277, 1504148212, 1514689014);
INSERT INTO `ns_promotion_discount_goods` VALUES (64, 17, 70, 3, 9.99, '积分商品', 278, 1504148212, 1514689014);
INSERT INTO `ns_promotion_discount_goods` VALUES (66, 19, 72, 4, 9.99, '测试123', 271, 1505724749, 1505983956);
INSERT INTO `ns_promotion_discount_goods` VALUES (67, 19, 70, 4, 9.99, '积分商品', 278, 1505724749, 1505983956);
INSERT INTO `ns_promotion_discount_goods` VALUES (68, 19, 69, 4, 9.99, '测试11', 277, 1505724749, 1505983956);
INSERT INTO `ns_promotion_discount_goods` VALUES (69, 19, 68, 4, 9.99, 'nubia/努比亚 Z17无边框骁龙835双摄旗舰新品-副本', 256, 1505724749, 1505983956);
INSERT INTO `ns_promotion_discount_goods` VALUES (70, 19, 65, 4, 9.99, 'nubia/努比亚 Z17无边框骁龙835双摄旗舰新品', 256, 1505724749, 1505983956);
INSERT INTO `ns_promotion_discount_goods` VALUES (71, 19, 17, 4, 9.99, '测试商品11', 259, 1505724749, 1505983956);
INSERT INTO `ns_promotion_discount_goods` VALUES (72, 19, 15, 4, 9.99, '测试商品10', 262, 1505724749, 1505983956);
INSERT INTO `ns_promotion_discount_goods` VALUES (73, 19, 14, 4, 9.99, '测试商品6', 263, 1505724749, 1505983956);
INSERT INTO `ns_promotion_discount_goods` VALUES (74, 19, 3, 4, 9.99, '东风日产 轩逸', 261, 1505724749, 1505983956);
INSERT INTO `ns_promotion_discount_goods` VALUES (75, 19, 1, 4, 9.99, '韩版牛仔短裤女夏前短后长高腰a字毛边大码宽松学生阔腿卷边热裤', 255, 1505724749, 1505983956);
INSERT INTO `ns_promotion_discount_goods` VALUES (76, 19, 49, 4, 9.99, '七分裤', 247, 1505724749, 1505983956);
INSERT INTO `ns_promotion_discount_goods` VALUES (77, 19, 50, 4, 9.99, 'FANSILANEN喇叭袖V领条纹修身裙子夏连衣裙衬衫裙中长款高腰a字裙', 233, 1505724749, 1505983956);
INSERT INTO `ns_promotion_discount_goods` VALUES (78, 19, 51, 4, 9.99, '七分裤-副本', 157, 1505724749, 1505983956);
INSERT INTO `ns_promotion_discount_goods` VALUES (79, 19, 52, 4, 9.99, 'FANSILANEN喇叭袖V领条纹修身裙子夏连衣裙衬衫裙中长款高腰a字裙-副本', 222, 1505724749, 1505983956);
INSERT INTO `ns_promotion_discount_goods` VALUES (80, 20, 81, 4, 9.99, '测试商品0919', 273, 1505724996, 1505897802);
INSERT INTO `ns_promotion_discount_goods` VALUES (81, 20, 80, 4, 9.99, '测试商品-副本-副本', 277, 1505724996, 1505897802);
INSERT INTO `ns_promotion_discount_goods` VALUES (82, 20, 76, 4, 9.99, '测试商品-副本', 277, 1505724996, 1505897802);
INSERT INTO `ns_promotion_discount_goods` VALUES (83, 20, 75, 4, 9.99, 'request测试商品-副本', 276, 1505724996, 1505897802);
INSERT INTO `ns_promotion_discount_goods` VALUES (93, 24, 75, 4, 9.99, 'request测试商品-副本', 276, 1506497088, 1506497332);
INSERT INTO `ns_promotion_discount_goods` VALUES (117, 29, 73, 4, 9.99, '测试商品', 277, 1506676771, 1506763173);
INSERT INTO `ns_promotion_discount_goods` VALUES (118, 29, 72, 4, 9.99, '测试123', 271, 1506676771, 1506763173);
INSERT INTO `ns_promotion_discount_goods` VALUES (119, 30, 96, 4, 2.30, '撒旦', 357, 1504262486, 1506768090);
INSERT INTO `ns_promotion_discount_goods` VALUES (120, 31, 93, 3, 9.99, 'aaa', 326, 1507519590, 1509420393);
INSERT INTO `ns_promotion_discount_goods` VALUES (121, 31, 96, 3, 9.99, '撒旦', 357, 1507519590, 1509420393);
INSERT INTO `ns_promotion_discount_goods` VALUES (122, 31, 92, 3, 9.99, '测试123-副本-副本-副本-副本-副本-副本-副本-副本-副本-副本-副本', 271, 1507519590, 1509420393);
INSERT INTO `ns_promotion_discount_goods` VALUES (123, 32, 98, 3, 9.99, 'aaaaa', 354, 1507599889, 1509414293);
INSERT INTO `ns_promotion_discount_goods` VALUES (124, 32, 97, 3, 9.99, 'ceshi1', 355, 1507599889, 1509414293);
INSERT INTO `ns_promotion_discount_goods` VALUES (125, 32, 96, 3, 9.99, '撒旦', 359, 1507599889, 1509414293);
INSERT INTO `ns_promotion_discount_goods` VALUES (126, 33, 98, 4, 9.99, 'aaaaa', 426, 1507778239, 1507864641);

-- ----------------------------
-- Table structure for ns_promotion_full_mail
-- ----------------------------
DROP TABLE IF EXISTS `ns_promotion_full_mail`;
CREATE TABLE `ns_promotion_full_mail`  (
  `mail_id` int(11) NOT NULL AUTO_INCREMENT,
  `shop_id` int(11) NOT NULL DEFAULT 0 COMMENT '店铺id',
  `is_open` tinyint(4) NOT NULL DEFAULT 0 COMMENT '是否开启 0未开启 1已开启',
  `full_mail_money` decimal(10, 2) NOT NULL DEFAULT 0.00 COMMENT '包邮所需订单金额',
  `create_time` int(11) NULL DEFAULT 0 COMMENT '创建时间',
  `modify_time` int(11) NULL DEFAULT 0 COMMENT '更新时间',
  `no_mail_province_id_array` text CHARACTER SET utf8 COLLATE utf8_general_ci NOT NULL COMMENT '不包邮省id组',
  `no_mail_city_id_array` text CHARACTER SET utf8 COLLATE utf8_general_ci NOT NULL COMMENT '不包邮市id组',
  PRIMARY KEY (`mail_id`) USING BTREE
) ENGINE = InnoDB AUTO_INCREMENT = 2 AVG_ROW_LENGTH = 16384 CHARACTER SET = utf8 COLLATE = utf8_general_ci COMMENT = '满额包邮' ROW_FORMAT = Compact;

-- ----------------------------
-- Records of ns_promotion_full_mail
-- ----------------------------
INSERT INTO `ns_promotion_full_mail` VALUES (1, 0, 1, 1000.00, 1500265982, 1508829608, '1', '1');

-- ----------------------------
-- Table structure for ns_promotion_gift
-- ----------------------------
DROP TABLE IF EXISTS `ns_promotion_gift`;
CREATE TABLE `ns_promotion_gift`  (
  `gift_id` int(10) UNSIGNED NOT NULL AUTO_INCREMENT COMMENT '赠品活动id ',
  `days` int(10) UNSIGNED NOT NULL COMMENT '领取有效期(多少天)',
  `max_num` varchar(50) CHARACTER SET utf8 COLLATE utf8_general_ci NOT NULL COMMENT '领取限制(次/人 (0表示不限领取次数))',
  `shop_id` varchar(100) CHARACTER SET utf8 COLLATE utf8_general_ci NOT NULL COMMENT '店铺id',
  `gift_name` varchar(255) CHARACTER SET utf8 COLLATE utf8_general_ci NOT NULL COMMENT '赠品活动名称',
  `start_time` int(11) NULL DEFAULT 0 COMMENT '赠品有效期开始时间',
  `end_time` int(11) NULL DEFAULT 0 COMMENT '赠品有效期结束时间',
  `create_time` int(11) NULL DEFAULT 0 COMMENT '创建时间',
  `modify_time` int(11) NULL DEFAULT 0 COMMENT '修改时间',
  PRIMARY KEY (`gift_id`) USING BTREE
) ENGINE = InnoDB AUTO_INCREMENT = 1 AVG_ROW_LENGTH = 8192 CHARACTER SET = utf8 COLLATE = utf8_general_ci COMMENT = '赠品活动表' ROW_FORMAT = Compact;

-- ----------------------------
-- Table structure for ns_promotion_gift_goods
-- ----------------------------
DROP TABLE IF EXISTS `ns_promotion_gift_goods`;
CREATE TABLE `ns_promotion_gift_goods`  (
  `id` int(10) UNSIGNED NOT NULL AUTO_INCREMENT COMMENT 'id ',
  `gift_id` int(10) UNSIGNED NOT NULL COMMENT '赠品id ',
  `goods_id` int(10) UNSIGNED NOT NULL COMMENT '商品id',
  `goods_name` varchar(50) CHARACTER SET utf8 COLLATE utf8_general_ci NOT NULL COMMENT '商品名称',
  `goods_picture` varchar(100) CHARACTER SET utf8 COLLATE utf8_general_ci NOT NULL COMMENT '商品图片',
  PRIMARY KEY (`id`) USING BTREE
) ENGINE = InnoDB AUTO_INCREMENT = 1 AVG_ROW_LENGTH = 8192 CHARACTER SET = utf8 COLLATE = utf8_general_ci COMMENT = '商品赠品表' ROW_FORMAT = Compact;

-- ----------------------------
-- Table structure for ns_promotion_mansong
-- ----------------------------
DROP TABLE IF EXISTS `ns_promotion_mansong`;
CREATE TABLE `ns_promotion_mansong`  (
  `mansong_id` int(10) UNSIGNED NOT NULL AUTO_INCREMENT COMMENT '满送活动编号',
  `mansong_name` varchar(50) CHARACTER SET utf8 COLLATE utf8_general_ci NOT NULL COMMENT '活动名称',
  `shop_id` int(10) UNSIGNED NOT NULL COMMENT '店铺编号',
  `shop_name` varchar(50) CHARACTER SET utf8 COLLATE utf8_general_ci NOT NULL COMMENT '店铺名称',
  `status` tinyint(1) UNSIGNED NOT NULL COMMENT '活动状态(0-未发布/1-正常/3-关闭/4-结束)',
  `remark` varchar(200) CHARACTER SET utf8 COLLATE utf8_general_ci NOT NULL COMMENT '备注',
  `type` tinyint(1) NOT NULL DEFAULT 1 COMMENT '1.普通优惠  2.多级优惠',
  `range_type` tinyint(1) NOT NULL DEFAULT 1 COMMENT '1全部商品 0部分商品',
  `start_time` int(11) NULL DEFAULT 0 COMMENT '活动开始时间',
  `end_time` int(11) NULL DEFAULT 0 COMMENT '活动结束时间',
  `create_time` int(11) NULL DEFAULT 0 COMMENT '创建时间',
  `modify_time` int(11) NULL DEFAULT 0 COMMENT '修改时间',
  PRIMARY KEY (`mansong_id`) USING BTREE
) ENGINE = InnoDB AUTO_INCREMENT = 17 AVG_ROW_LENGTH = 1638 CHARACTER SET = utf8 COLLATE = utf8_general_ci COMMENT = '满就送活动表' ROW_FORMAT = Compact;

-- ----------------------------
-- Records of ns_promotion_mansong
-- ----------------------------
INSERT INTO `ns_promotion_mansong` VALUES (16, '测试满减', 0, 'DOAEZ官方商城', 3, '', 2, 1, 1506683037, 1506769440, 1506683066, 0);

-- ----------------------------
-- Table structure for ns_promotion_mansong_goods
-- ----------------------------
DROP TABLE IF EXISTS `ns_promotion_mansong_goods`;
CREATE TABLE `ns_promotion_mansong_goods`  (
  `id` int(10) UNSIGNED NOT NULL AUTO_INCREMENT COMMENT '主键',
  `mansong_id` int(11) NOT NULL COMMENT '满减送ID',
  `goods_id` int(11) NOT NULL COMMENT '商品ID',
  `goods_name` varchar(50) CHARACTER SET utf8 COLLATE utf8_general_ci NOT NULL DEFAULT '' COMMENT '商品名称',
  `goods_picture` varchar(255) CHARACTER SET utf8 COLLATE utf8_general_ci NOT NULL DEFAULT '' COMMENT '商品图片',
  `status` tinyint(4) NOT NULL DEFAULT 0 COMMENT '活动状态',
  `start_time` int(11) NULL DEFAULT 0 COMMENT '开始时间',
  `end_time` int(11) NULL DEFAULT 0 COMMENT '结束时间',
  PRIMARY KEY (`id`) USING BTREE
) ENGINE = InnoDB AUTO_INCREMENT = 1 AVG_ROW_LENGTH = 1489 CHARACTER SET = utf8 COLLATE = utf8_general_ci COMMENT = '满减送商品' ROW_FORMAT = Compact;

-- ----------------------------
-- Table structure for ns_promotion_mansong_rule
-- ----------------------------
DROP TABLE IF EXISTS `ns_promotion_mansong_rule`;
CREATE TABLE `ns_promotion_mansong_rule`  (
  `rule_id` int(10) UNSIGNED NOT NULL AUTO_INCREMENT COMMENT '规则编号',
  `mansong_id` int(10) UNSIGNED NOT NULL COMMENT '活动编号',
  `price` decimal(10, 2) NOT NULL DEFAULT 0.00 COMMENT '级别价格(满多少)',
  `discount` decimal(10, 2) NOT NULL DEFAULT 0.00 COMMENT '减现金优惠金额（减多少金额）',
  `free_shipping` tinyint(4) NOT NULL DEFAULT 0 COMMENT '免邮费',
  `give_point` int(11) NOT NULL DEFAULT 0 COMMENT '送积分数量（0表示不送）',
  `give_coupon` int(11) NOT NULL DEFAULT 0 COMMENT '送优惠券的id（0表示不送）',
  `gift_id` int(11) NOT NULL COMMENT '礼品(赠品)id',
  PRIMARY KEY (`rule_id`) USING BTREE
) ENGINE = InnoDB AUTO_INCREMENT = 26 AVG_ROW_LENGTH = 1170 CHARACTER SET = utf8 COLLATE = utf8_general_ci COMMENT = '满就送活动规则表' ROW_FORMAT = Compact;

-- ----------------------------
-- Records of ns_promotion_mansong_rule
-- ----------------------------
INSERT INTO `ns_promotion_mansong_rule` VALUES (25, 16, 100.00, 10.00, 0, 0, 0, 0);

-- ----------------------------
-- Table structure for ns_reward_rule
-- ----------------------------
DROP TABLE IF EXISTS `ns_reward_rule`;
CREATE TABLE `ns_reward_rule`  (
  `shop_id` int(10) UNSIGNED NOT NULL,
  `sign_point` int(11) NOT NULL DEFAULT 0 COMMENT '签到送积分',
  `share_point` int(11) NOT NULL DEFAULT 0 COMMENT '分享送积分',
  `reg_member_self_point` int(11) NOT NULL DEFAULT 0 COMMENT '注册会员 自己获得的积分',
  `reg_member_one_point` int(11) NOT NULL DEFAULT 0 COMMENT '注册会员 上级获得的积分',
  `reg_member_two_point` int(11) NOT NULL DEFAULT 0 COMMENT '注册会员 上上级获得的积分',
  `reg_member_three_point` int(11) NOT NULL DEFAULT 0 COMMENT '注册会员 上上上级获得的积分',
  `reg_promoter_self_point` int(11) NOT NULL DEFAULT 0 COMMENT '成为推广员 自己获得的积分',
  `reg_promoter_one_point` int(11) NOT NULL DEFAULT 0 COMMENT '成为推广员 上级获得的积分',
  `reg_promoter_two_point` int(11) NOT NULL DEFAULT 0 COMMENT '成为推广员 上上级获得的积分',
  `reg_promoter_three_point` int(11) NOT NULL DEFAULT 0 COMMENT '成为推广员 上上上级获得的积分',
  `reg_partner_self_point` int(11) NOT NULL DEFAULT 0 COMMENT '成为股东 自己获得的积分',
  `reg_partner_one_point` int(11) NOT NULL DEFAULT 0 COMMENT '成为股东 上级获得的积分',
  `reg_partner_two_point` int(11) NOT NULL DEFAULT 0 COMMENT '成为股东 上上级获得的积分',
  `reg_partner_three_point` int(11) NOT NULL DEFAULT 0 COMMENT '成为股东 上上上级获得的积分',
  `into_store_coupon` int(11) NOT NULL DEFAULT 0 COMMENT '进店领用优惠券  存入优惠券id(coupon_id)',
  `share_coupon` int(11) NOT NULL DEFAULT 0 COMMENT '分享领用优惠券  存入优惠券id(coupon_id)',
  `click_point` int(11) NOT NULL DEFAULT 0 COMMENT '点赞送积分',
  `comment_point` int(11) NOT NULL DEFAULT 0 COMMENT '评论送积分',
  PRIMARY KEY (`shop_id`) USING BTREE
) ENGINE = InnoDB AVG_ROW_LENGTH = 16384 CHARACTER SET = utf8 COLLATE = utf8_general_ci COMMENT = '奖励规则表' ROW_FORMAT = Compact;

-- ----------------------------
-- Records of ns_reward_rule
-- ----------------------------
INSERT INTO `ns_reward_rule` VALUES (0, 0, 0, 0, 0, 0, 0, 0, 0, 0, 0, 0, 0, 0, 0, 0, 0, 4, 9);

-- ----------------------------
-- Table structure for ns_shop
-- ----------------------------
DROP TABLE IF EXISTS `ns_shop`;
CREATE TABLE `ns_shop`  (
  `shop_id` int(11) NOT NULL COMMENT '店铺索引id',
  `shop_name` varchar(50) CHARACTER SET utf8 COLLATE utf8_general_ci NOT NULL COMMENT '店铺名称',
  `shop_type` int(11) NOT NULL COMMENT '店铺类型等级',
  `uid` int(11) NOT NULL COMMENT '会员id',
  `shop_group_id` int(11) NOT NULL COMMENT '店铺分类',
  `shop_company_name` varchar(50) CHARACTER SET utf8 COLLATE utf8_general_ci NULL DEFAULT NULL COMMENT '店铺公司名称',
  `province_id` mediumint(8) UNSIGNED NOT NULL DEFAULT 0 COMMENT '店铺所在省份ID',
  `city_id` mediumint(8) UNSIGNED NOT NULL DEFAULT 0 COMMENT '店铺所在市ID',
  `shop_address` varchar(100) CHARACTER SET utf8 COLLATE utf8_general_ci NOT NULL DEFAULT '' COMMENT '详细地区',
  `shop_zip` varchar(10) CHARACTER SET utf8 COLLATE utf8_general_ci NOT NULL DEFAULT '' COMMENT '邮政编码',
  `shop_state` tinyint(1) NOT NULL DEFAULT 1 COMMENT '店铺状态，0关闭，1开启，2审核中',
  `shop_close_info` varchar(255) CHARACTER SET utf8 COLLATE utf8_general_ci NULL DEFAULT NULL COMMENT '店铺关闭原因',
  `shop_sort` int(11) NOT NULL DEFAULT 0 COMMENT '店铺排序',
  `shop_logo` varchar(255) CHARACTER SET utf8 COLLATE utf8_general_ci NULL DEFAULT NULL COMMENT '店铺logo',
  `shop_banner` varchar(255) CHARACTER SET utf8 COLLATE utf8_general_ci NULL DEFAULT NULL COMMENT '店铺横幅',
  `shop_avatar` varchar(150) CHARACTER SET utf8 COLLATE utf8_general_ci NULL DEFAULT NULL COMMENT '店铺头像',
  `shop_keywords` varchar(255) CHARACTER SET utf8 COLLATE utf8_general_ci NOT NULL DEFAULT '' COMMENT '店铺seo关键字',
  `shop_description` varchar(255) CHARACTER SET utf8 COLLATE utf8_general_ci NOT NULL DEFAULT '' COMMENT '店铺seo描述',
  `shop_qq` varchar(50) CHARACTER SET utf8 COLLATE utf8_general_ci NULL DEFAULT NULL COMMENT 'QQ',
  `shop_ww` varchar(50) CHARACTER SET utf8 COLLATE utf8_general_ci NULL DEFAULT NULL COMMENT '阿里旺旺',
  `shop_phone` varchar(20) CHARACTER SET utf8 COLLATE utf8_general_ci NULL DEFAULT NULL COMMENT '商家电话',
  `shop_domain` varchar(50) CHARACTER SET utf8 COLLATE utf8_general_ci NULL DEFAULT NULL COMMENT '店铺二级域名',
  `shop_domain_times` tinyint(1) UNSIGNED NULL DEFAULT 0 COMMENT '二级域名修改次数',
  `shop_recommend` tinyint(1) NOT NULL DEFAULT 0 COMMENT '推荐，0为否，1为是，默认为0',
  `shop_credit` int(10) NOT NULL DEFAULT 0 COMMENT '店铺信用',
  `shop_desccredit` float NOT NULL DEFAULT 0 COMMENT '描述相符度分数',
  `shop_servicecredit` float NOT NULL DEFAULT 0 COMMENT '服务态度分数',
  `shop_deliverycredit` float NOT NULL DEFAULT 0 COMMENT '发货速度分数',
  `shop_collect` int(10) UNSIGNED NOT NULL DEFAULT 0 COMMENT '店铺收藏数量',
  `shop_stamp` varchar(200) CHARACTER SET utf8 COLLATE utf8_general_ci NULL DEFAULT NULL COMMENT '店铺印章',
  `shop_printdesc` varchar(500) CHARACTER SET utf8 COLLATE utf8_general_ci NULL DEFAULT NULL COMMENT '打印订单页面下方说明文字',
  `shop_sales` decimal(10, 2) NOT NULL DEFAULT 0.00 COMMENT '店铺销售额（不计算退款）',
  `shop_account` decimal(10, 2) NOT NULL DEFAULT 0.00 COMMENT '店铺账户余额',
  `shop_cash` decimal(10, 2) NOT NULL DEFAULT 0.00 COMMENT '店铺可提现金额',
  `shop_workingtime` varchar(100) CHARACTER SET utf8 COLLATE utf8_general_ci NULL DEFAULT NULL COMMENT '工作时间',
  `live_store_name` varchar(255) CHARACTER SET utf8 COLLATE utf8_general_ci NULL DEFAULT NULL COMMENT '商铺名称',
  `live_store_address` varchar(255) CHARACTER SET utf8 COLLATE utf8_general_ci NULL DEFAULT NULL COMMENT '商家地址',
  `live_store_tel` varchar(255) CHARACTER SET utf8 COLLATE utf8_general_ci NULL DEFAULT NULL COMMENT '商铺电话',
  `live_store_bus` varchar(255) CHARACTER SET utf8 COLLATE utf8_general_ci NULL DEFAULT NULL COMMENT '公交线路',
  `shop_vrcode_prefix` char(3) CHARACTER SET utf8 COLLATE utf8_general_ci NULL DEFAULT NULL COMMENT '商家兑换码前缀',
  `store_qtian` tinyint(1) NULL DEFAULT 0 COMMENT '7天退换',
  `shop_zhping` tinyint(1) NULL DEFAULT 0 COMMENT '正品保障',
  `shop_erxiaoshi` tinyint(1) NULL DEFAULT 0 COMMENT '两小时发货',
  `shop_tuihuo` tinyint(1) NULL DEFAULT 0 COMMENT '退货承诺',
  `shop_shiyong` tinyint(1) NULL DEFAULT 0 COMMENT '试用中心',
  `shop_shiti` tinyint(1) NULL DEFAULT 0 COMMENT '实体验证',
  `shop_xiaoxie` tinyint(1) NULL DEFAULT 0 COMMENT '消协保证',
  `shop_huodaofk` tinyint(1) NULL DEFAULT 0 COMMENT '货到付款',
  `shop_free_time` varchar(10) CHARACTER SET utf8 COLLATE utf8_general_ci NULL DEFAULT NULL COMMENT '商家配送时间',
  `shop_region` varchar(50) CHARACTER SET utf8 COLLATE utf8_general_ci NULL DEFAULT NULL COMMENT '店铺默认配送区域',
  `recommend_uid` int(11) NOT NULL DEFAULT 0 COMMENT '推荐招商员用户id',
  `shop_qrcode` varchar(255) CHARACTER SET utf8 COLLATE utf8_general_ci NOT NULL DEFAULT '' COMMENT '店铺公众号',
  `shop_create_time` int(11) NULL DEFAULT 0 COMMENT '店铺时间',
  `shop_end_time` int(11) NULL DEFAULT 0 COMMENT '店铺关闭时间',
  PRIMARY KEY (`shop_id`) USING BTREE
) ENGINE = InnoDB AVG_ROW_LENGTH = 16384 CHARACTER SET = utf8 COLLATE = utf8_general_ci COMMENT = '店铺数据表' ROW_FORMAT = Compact;

-- ----------------------------
-- Table structure for ns_shop_ad
-- ----------------------------
DROP TABLE IF EXISTS `ns_shop_ad`;
CREATE TABLE `ns_shop_ad`  (
  `id` int(11) NOT NULL AUTO_INCREMENT,
  `shop_id` int(11) NOT NULL,
  `ad_image` varchar(255) CHARACTER SET utf8 COLLATE utf8_general_ci NOT NULL DEFAULT '' COMMENT '广告图片',
  `link_url` varchar(255) CHARACTER SET utf8 COLLATE utf8_general_ci NOT NULL DEFAULT '' COMMENT '链接地址',
  `sort` int(11) NOT NULL DEFAULT 0 COMMENT '排序',
  `type` int(1) NOT NULL DEFAULT 0 COMMENT '类型 0 -- pc端  1-- 手机端 ',
  `background` varchar(255) CHARACTER SET utf8 COLLATE utf8_general_ci NOT NULL DEFAULT '#FFFFFF' COMMENT '背景色',
  PRIMARY KEY (`id`) USING BTREE
) ENGINE = InnoDB AUTO_INCREMENT = 1 AVG_ROW_LENGTH = 5461 CHARACTER SET = utf8 COLLATE = utf8_general_ci COMMENT = '店铺广告设置' ROW_FORMAT = Compact;

-- ----------------------------
-- Table structure for ns_shop_coin_records
-- ----------------------------
DROP TABLE IF EXISTS `ns_shop_coin_records`;
CREATE TABLE `ns_shop_coin_records`  (
  `id` int(10) UNSIGNED NOT NULL AUTO_INCREMENT,
  `shop_id` int(11) NOT NULL COMMENT '店铺ID',
  `num` decimal(10, 2) NOT NULL DEFAULT 0.00 COMMENT '购物币数量',
  `account_type` int(11) NOT NULL DEFAULT 1 COMMENT '增加或减少类型',
  `type_alis_id` int(11) NOT NULL DEFAULT 0 COMMENT '关联ID',
  `is_display` tinyint(1) NOT NULL DEFAULT 1 COMMENT '是否显示',
  `text` varchar(255) CHARACTER SET utf8 COLLATE utf8_general_ci NOT NULL DEFAULT '' COMMENT '简介',
  `create_time` int(11) NULL DEFAULT 0 COMMENT '创建时间',
  PRIMARY KEY (`id`) USING BTREE
) ENGINE = InnoDB AUTO_INCREMENT = 1 CHARACTER SET = utf8 COLLATE = utf8_general_ci COMMENT = '店铺购物币记录' ROW_FORMAT = Compact;

-- ----------------------------
-- Table structure for ns_shop_express_address
-- ----------------------------
DROP TABLE IF EXISTS `ns_shop_express_address`;
CREATE TABLE `ns_shop_express_address`  (
  `express_address_id` int(11) NOT NULL AUTO_INCREMENT COMMENT '物流地址id',
  `shop_id` int(11) NOT NULL COMMENT '商铺id',
  `contact` varchar(100) CHARACTER SET utf8 COLLATE utf8_general_ci NOT NULL DEFAULT '' COMMENT '联系人',
  `mobile` varchar(50) CHARACTER SET utf8 COLLATE utf8_general_ci NOT NULL DEFAULT '' COMMENT '手机',
  `phone` varchar(50) CHARACTER SET utf8 COLLATE utf8_general_ci NOT NULL DEFAULT '' COMMENT '电话',
  `company_name` varchar(100) CHARACTER SET utf8 COLLATE utf8_general_ci NOT NULL DEFAULT '' COMMENT '公司名称',
  `province` smallint(6) NOT NULL DEFAULT 0 COMMENT '所在地省',
  `city` smallint(6) NOT NULL DEFAULT 0 COMMENT '所在地市',
  `district` smallint(6) NOT NULL DEFAULT 0 COMMENT '所在地区县',
  `zipcode` varchar(6) CHARACTER SET utf8 COLLATE utf8_general_ci NOT NULL DEFAULT '' COMMENT '邮编',
  `address` varchar(100) CHARACTER SET utf8 COLLATE utf8_general_ci NOT NULL DEFAULT '' COMMENT '详细地址',
  `is_consigner` tinyint(2) NOT NULL DEFAULT 0 COMMENT '发货地址标记',
  `is_receiver` tinyint(2) NOT NULL DEFAULT 0 COMMENT '收货地址标记',
  `create_date` int(11) NULL DEFAULT 0 COMMENT '创建日期',
  `modify_date` int(11) NULL DEFAULT 0 COMMENT '修改日期',
  PRIMARY KEY (`express_address_id`) USING BTREE
) ENGINE = InnoDB AUTO_INCREMENT = 1 AVG_ROW_LENGTH = 1092 CHARACTER SET = utf8 COLLATE = utf8_general_ci COMMENT = '物流地址' ROW_FORMAT = Compact;

-- ----------------------------
-- Table structure for ns_shop_group
-- ----------------------------
DROP TABLE IF EXISTS `ns_shop_group`;
CREATE TABLE `ns_shop_group`  (
  `shop_group_id` int(10) UNSIGNED NOT NULL AUTO_INCREMENT COMMENT '分组ID',
  `group_name` varchar(50) CHARACTER SET utf8 COLLATE utf8_general_ci NOT NULL DEFAULT '' COMMENT '分组名称',
  `group_sort` int(11) NOT NULL DEFAULT 1 COMMENT '分组排序号',
  `create_time` int(11) NULL DEFAULT 0 COMMENT '创建时间',
  `modify_time` int(11) NULL DEFAULT 0 COMMENT '修改时间',
  PRIMARY KEY (`shop_group_id`) USING BTREE
) ENGINE = InnoDB AUTO_INCREMENT = 1 AVG_ROW_LENGTH = 2730 CHARACTER SET = utf8 COLLATE = utf8_general_ci COMMENT = '店铺分组表' ROW_FORMAT = Compact;

-- ----------------------------
-- Table structure for ns_shop_navigation
-- ----------------------------
DROP TABLE IF EXISTS `ns_shop_navigation`;
CREATE TABLE `ns_shop_navigation`  (
  `nav_id` int(10) UNSIGNED NOT NULL AUTO_INCREMENT COMMENT '主键',
  `shop_id` int(11) NOT NULL COMMENT '店铺ID',
  `nav_title` varchar(255) CHARACTER SET utf8 COLLATE utf8_general_ci NOT NULL DEFAULT '' COMMENT '导航名称',
  `nav_url` varchar(255) CHARACTER SET utf8 COLLATE utf8_general_ci NOT NULL DEFAULT '' COMMENT '链接地址',
  `type` int(11) NOT NULL DEFAULT 3 COMMENT '纵向所在位置1.头部2.中部3底部',
  `sort` int(11) NOT NULL COMMENT '排序号',
  `align` int(11) NOT NULL DEFAULT 1 COMMENT '横向所在位置1 左  2  右',
  `nav_type` int(11) NULL DEFAULT 1,
  `is_blank` int(11) NULL DEFAULT 0,
  `template_name` varchar(255) CHARACTER SET utf8 COLLATE utf8_general_ci NULL DEFAULT '',
  `create_time` int(11) NULL DEFAULT 0 COMMENT '创建时间',
  `modify_time` int(11) NULL DEFAULT 0 COMMENT '修改时间',
  PRIMARY KEY (`nav_id`) USING BTREE
) ENGINE = InnoDB AUTO_INCREMENT = 6 AVG_ROW_LENGTH = 1489 CHARACTER SET = utf8 COLLATE = utf8_general_ci COMMENT = '店铺导航管理' ROW_FORMAT = Compact;

-- ----------------------------
-- Records of ns_shop_navigation
-- ----------------------------
INSERT INTO `ns_shop_navigation` VALUES (1, 0, '首页', '/index', 1, 0, 0, 0, 1, '首页', 1500709700, 1500709719);
INSERT INTO `ns_shop_navigation` VALUES (3, 0, '品牌列表', '/goods/brandlist', 1, 0, 0, 0, 0, '品牌列表', 1503645947, 1503645947);
INSERT INTO `ns_shop_navigation` VALUES (4, 0, '积分中心', '/goods/integralcenter', 1, 0, 0, 0, 1, '积分中心', 1504088216, 1504088288);
INSERT INTO `ns_shop_navigation` VALUES (5, 0, '限时秒杀', '/index/discount', 1, 0, 0, 0, 0, '限时折扣', 1504842200, 1504842200);

-- ----------------------------
-- Table structure for ns_shop_navigation_template
-- ----------------------------
DROP TABLE IF EXISTS `ns_shop_navigation_template`;
CREATE TABLE `ns_shop_navigation_template`  (
  `template_id` int(11) NOT NULL AUTO_INCREMENT,
  `template_name` varchar(50) CHARACTER SET utf8 COLLATE utf8_general_ci NOT NULL DEFAULT '' COMMENT '模板名称',
  `template_url` varchar(255) CHARACTER SET utf8 COLLATE utf8_general_ci NOT NULL DEFAULT '' COMMENT '访问路径',
  `is_use` int(11) NOT NULL DEFAULT 1 COMMENT '是否有效',
  `use_type` int(11) NOT NULL COMMENT '1 shop端 0wap端',
  `create_time` int(11) NULL DEFAULT 0 COMMENT '创建时间',
  PRIMARY KEY (`template_id`) USING BTREE
) ENGINE = InnoDB AUTO_INCREMENT = 5 AVG_ROW_LENGTH = 5461 CHARACTER SET = utf8 COLLATE = utf8_general_ci COMMENT = '导航 的 系统默认模板' ROW_FORMAT = Compact;

-- ----------------------------
-- Records of ns_shop_navigation_template
-- ----------------------------
INSERT INTO `ns_shop_navigation_template` VALUES (1, '首页', '/index', 1, 1, 1497706628);
INSERT INTO `ns_shop_navigation_template` VALUES (2, '限时折扣', '/index/discount', 1, 1, 1497706628);
INSERT INTO `ns_shop_navigation_template` VALUES (3, '品牌列表', '/goods/brandlist', 1, 1, 1497706628);
INSERT INTO `ns_shop_navigation_template` VALUES (4, '积分中心', '/goods/integralcenter', 1, 1, 1500717233);

-- ----------------------------
-- Table structure for ns_shop_order_account_records
-- ----------------------------
DROP TABLE IF EXISTS `ns_shop_order_account_records`;
CREATE TABLE `ns_shop_order_account_records`  (
  `id` int(10) UNSIGNED NOT NULL AUTO_INCREMENT,
  `shop_id` int(11) NOT NULL COMMENT '店铺ID',
  `order_id` int(11) NOT NULL COMMENT '订单ID',
  `order_no` varchar(255) CHARACTER SET utf8 COLLATE utf8_general_ci NOT NULL DEFAULT '' COMMENT '订单编号',
  `order_goods_id` int(11) NOT NULL COMMENT '订单项ID',
  `goods_pay_money` decimal(10, 2) NOT NULL DEFAULT 0.00 COMMENT '订单项实际支付金额',
  `rate` decimal(10, 2) NOT NULL DEFAULT 0.00 COMMENT '商品平台佣金比率',
  `shop_money` decimal(10, 2) NOT NULL DEFAULT 0.00 COMMENT '店铺获取金额',
  `platform_money` decimal(10, 2) NOT NULL DEFAULT 0.00 COMMENT '平台获取金额',
  `is_refund` tinyint(1) NOT NULL DEFAULT 0 COMMENT '是否产生退款',
  `refund_money` decimal(10, 2) NOT NULL DEFAULT 0.00 COMMENT '实际退款金额',
  `shop_refund_money` decimal(10, 2) NOT NULL DEFAULT 0.00 COMMENT '店铺扣减余额',
  `platform_refund_money` decimal(10, 2) NOT NULL DEFAULT 0.00 COMMENT '平台扣减余额',
  `is_issue` tinyint(4) NOT NULL DEFAULT 0 COMMENT '是否已经结算',
  `remark` varchar(255) CHARACTER SET utf8 COLLATE utf8_general_ci NOT NULL DEFAULT '' COMMENT '备注',
  `create_time` int(11) NULL DEFAULT 0 COMMENT '创建时间',
  PRIMARY KEY (`id`) USING BTREE
) ENGINE = InnoDB AUTO_INCREMENT = 1 AVG_ROW_LENGTH = 655 CHARACTER SET = utf8 COLLATE = utf8_general_ci COMMENT = '店铺针对订单的金额分配' ROW_FORMAT = Compact;

-- ----------------------------
-- Table structure for ns_shop_weixin_share
-- ----------------------------
DROP TABLE IF EXISTS `ns_shop_weixin_share`;
CREATE TABLE `ns_shop_weixin_share`  (
  `shop_id` int(11) NOT NULL,
  `goods_param_1` varchar(255) CHARACTER SET utf8 COLLATE utf8_general_ci NOT NULL DEFAULT '' COMMENT '商品分享价格标示',
  `goods_param_2` varchar(255) CHARACTER SET utf8 COLLATE utf8_general_ci NOT NULL DEFAULT '' COMMENT '商品分享内容',
  `shop_param_1` varchar(255) CHARACTER SET utf8 COLLATE utf8_general_ci NOT NULL DEFAULT '' COMMENT '店铺分享标题',
  `shop_param_2` varchar(255) CHARACTER SET utf8 COLLATE utf8_general_ci NOT NULL DEFAULT '' COMMENT '店铺分享主题',
  `shop_param_3` varchar(255) CHARACTER SET utf8 COLLATE utf8_general_ci NOT NULL DEFAULT '' COMMENT '店铺分享内容',
  `qrcode_param_1` varchar(255) CHARACTER SET utf8 COLLATE utf8_general_ci NOT NULL DEFAULT '' COMMENT '二维码分享主题',
  `qrcode_param_2` varchar(255) CHARACTER SET utf8 COLLATE utf8_general_ci NOT NULL DEFAULT '' COMMENT '二维码分享内容',
  PRIMARY KEY (`shop_id`) USING BTREE
) ENGINE = InnoDB AVG_ROW_LENGTH = 16384 CHARACTER SET = utf8 COLLATE = utf8_general_ci COMMENT = '店铺分享内容设置' ROW_FORMAT = Compact;

-- ----------------------------
-- Records of ns_shop_weixin_share
-- ----------------------------
INSERT INTO `ns_shop_weixin_share` VALUES (0, '', '', '', '', '', ' 555', '666');

-- ----------------------------
-- Table structure for ns_supplier
-- ----------------------------
DROP TABLE IF EXISTS `ns_supplier`;
CREATE TABLE `ns_supplier`  (
  `supplier_id` int(11) NOT NULL AUTO_INCREMENT,
  `uid` int(11) NOT NULL DEFAULT 0,
  `supplier_name` varchar(50) CHARACTER SET utf8 COLLATE utf8_general_ci NOT NULL DEFAULT '' COMMENT '供货商名称',
  `desc` varchar(1000) CHARACTER SET utf8 COLLATE utf8_general_ci NOT NULL DEFAULT '' COMMENT '供货商描述',
  `linkman_tel` varchar(255) CHARACTER SET utf8 COLLATE utf8_general_ci NOT NULL DEFAULT '' COMMENT '联系人电话',
  `linkman_name` varchar(50) CHARACTER SET utf8 COLLATE utf8_general_ci NOT NULL DEFAULT '' COMMENT '联系人姓名',
  `linkman_address` varchar(255) CHARACTER SET utf8 COLLATE utf8_general_ci NOT NULL DEFAULT '' COMMENT '联系人地址',
  PRIMARY KEY (`supplier_id`) USING BTREE
) ENGINE = InnoDB AUTO_INCREMENT = 2 AVG_ROW_LENGTH = 16384 CHARACTER SET = utf8 COLLATE = utf8_general_ci COMMENT = '供货商表' ROW_FORMAT = Compact;

-- ----------------------------
-- Records of ns_supplier
-- ----------------------------
INSERT INTO `ns_supplier` VALUES (1, 0, '1', '', '15234234567', '张华', '1');

-- ----------------------------
-- Table structure for nv_coupon
-- ----------------------------
DROP TABLE IF EXISTS `nv_coupon`;
CREATE TABLE `nv_coupon`  (
  `vcoupon_id` int(11) NOT NULL AUTO_INCREMENT,
  `title` varchar(255) CHARACTER SET utf8 COLLATE utf8_general_ci NOT NULL DEFAULT '' COMMENT '优惠劵标题',
  `condition_money` decimal(10, 2) NOT NULL DEFAULT 0.00 COMMENT '需要达到的金额',
  `discount_type` int(11) NOT NULL DEFAULT 0 COMMENT '优惠类型 1满减 2折扣',
  `type_value` decimal(10, 2) NOT NULL DEFAULT 0.00 COMMENT '根据优惠类型进行变动',
  `receive_end_time` int(11) NOT NULL DEFAULT 0 COMMENT '结束日期',
  `receive_end_type` int(11) NOT NULL DEFAULT 0 COMMENT '结束日期类型 1领取的天数 2指定日期',
  `create_time` int(11) NOT NULL DEFAULT 0 COMMENT '优惠劵添加日期',
  `total_num` int(11) NOT NULL DEFAULT 0 COMMENT '优惠劵总数量',
  `status` int(11) NOT NULL DEFAULT 0 COMMENT '状态 0未开始 1开始 2结束 -1停止 -2删除',
  `surplus_num` int(11) NOT NULL DEFAULT 0 COMMENT '剩余优惠劵的数量',
  `each_max_num` int(11) NOT NULL DEFAULT 1 COMMENT '每个人最大领取数量 0未限制',
  `coupon_end_time` int(11) NOT NULL DEFAULT 0 COMMENT '活动结束日期',
  `coupon_start_time` int(11) NOT NULL DEFAULT 0 COMMENT '活动开始日期',
  PRIMARY KEY (`vcoupon_id`) USING BTREE
) ENGINE = InnoDB AUTO_INCREMENT = 23 AVG_ROW_LENGTH = 744 CHARACTER SET = utf8 COLLATE = utf8_general_ci COMMENT = '优惠劵' ROW_FORMAT = Compact;

-- ----------------------------
-- Records of nv_coupon
-- ----------------------------
INSERT INTO `nv_coupon` VALUES (1, '11', 11.00, 1, 11.00, 1510125278, 1, 0, 11, -2, 0, 11, 1511939685, 1511507683);
INSERT INTO `nv_coupon` VALUES (2, '满100减50元', 100.00, 1, 50.00, 50, 1, 1511335685, 50, -2, 2, 1, 1511422081, 1511335678);
INSERT INTO `nv_coupon` VALUES (3, '满50打8折', 50.00, 2, 80.00, 1511426270, 2, 1511339887, 60, -2, 60, 1, 1511426285, 1511339883);
INSERT INTO `nv_coupon` VALUES (4, '满50减10元', 50.00, 1, 10.00, 1, 1, 1511436570, 1, 2, 2, 1, 1511522965, 1511436563);
INSERT INTO `nv_coupon` VALUES (5, '满100打8折', 100.00, 2, 80.00, 1511609961, 2, 1511437205, 0, 2, 1, 0, 1511523602, 1511440771);
INSERT INTO `nv_coupon` VALUES (6, '限时打八折哦', 0.00, 2, 80.00, 1511496250, 2, 1511496261, 1, 2, 0, 1, 1511582657, 1511496255);
INSERT INTO `nv_coupon` VALUES (7, '', 0.00, 1, 0.00, 0, 2, 1511592002, 0, -2, 0, 1, 0, 0);
INSERT INTO `nv_coupon` VALUES (8, '', 0.00, 1, 0.00, 0, 2, 1511592925, 0, -2, 0, 1, 0, 0);
INSERT INTO `nv_coupon` VALUES (9, '满300立减50元', 0.00, 2, 5.00, 6, 1, 1511595153, 8, 2, 7, 1, 1512027148, 1510644743);
INSERT INTO `nv_coupon` VALUES (10, 'testtest', 0.00, 1, 0.00, 1511250728, 2, 1511596338, 0, -2, 0, 1, 1512028334, 1511941931);
INSERT INTO `nv_coupon` VALUES (11, 'tttttttt', 0.00, 1, 0.00, 1511423632, 2, 1511596441, 0, -1, 0, 1, 1512028438, 1511510035);
INSERT INTO `nv_coupon` VALUES (12, 'rrrrrrrrr', 0.00, 1, 0.00, 1512114909, 2, 1511596528, 0, -2, 0, 1, 1512028501, 1511682904);
INSERT INTO `nv_coupon` VALUES (13, '121212121212', 0.00, 1, 0.00, 1512028954, 2, 1511596979, 0, -2, 0, 1, 1511942565, 1511856161);
INSERT INTO `nv_coupon` VALUES (14, '满200元立减20元', 200.00, 1, 20.00, 1512538132, 2, 1511933389, 50, 2, 49, 1, 1512538162, 1511933351);
INSERT INTO `nv_coupon` VALUES (15, '满300元打九五折', 300.00, 2, 95.00, 20, 1, 1511933805, 20, 2, 18, 1, 1512711383, 1511933780);
INSERT INTO `nv_coupon` VALUES (16, '满100元就有九折优惠', 100.00, 2, 90.00, 10, 1, 1511939360, 26, 2, 24, 1, 1512630500, 1511939296);
INSERT INTO `nv_coupon` VALUES (17, '满十元立减两元', 10.00, 1, 2.00, 7, 1, 1512804604, 40, 2, 39, 1, 1513409388, 1512804580);
INSERT INTO `nv_coupon` VALUES (18, '满十元打九折', 10.00, 2, 90.00, 1513495852, 2, 1512804672, 30, 2, 29, 1, 1513495865, 1512804663);
INSERT INTO `nv_coupon` VALUES (19, '满500立减100', 500.00, 1, 100.00, 1514457512, 2, 1512815931, 20, 2, 18, 1, 1514543926, 1512729522);
INSERT INTO `nv_coupon` VALUES (20, '满五元减一元', 5.00, 1, 1.00, 1514519598, 2, 1513137215, 20, 2, 19, 1, 1514433210, 1513050806);
INSERT INTO `nv_coupon` VALUES (21, '满十元立减2元', 10.00, 1, 2.00, 20, 1, 1513148412, 20, 2, 19, 1, 1514358006, 1513148402);
INSERT INTO `nv_coupon` VALUES (22, '满50元打8折', 50.00, 2, 80.00, 11, 1, 1513249567, 24, 2, 24, 1, 1514459159, 1513249537);

-- ----------------------------
-- Table structure for nv_course
-- ----------------------------
DROP TABLE IF EXISTS `nv_course`;
CREATE TABLE `nv_course`  (
  `course_id` int(10) NOT NULL AUTO_INCREMENT COMMENT '课程编号',
  `course_title` varchar(300) CHARACTER SET utf8 COLLATE utf8_general_ci NOT NULL DEFAULT '' COMMENT '课程名称',
  `status` int(10) NOT NULL DEFAULT 0 COMMENT '0草稿 1更新中 2完成 3删除',
  `subject_id_2` int(11) NOT NULL DEFAULT 0 COMMENT '2级专业',
  `subject_id_1` int(11) NOT NULL DEFAULT 0 COMMENT '1级专业',
  `source_price` decimal(10, 2) NOT NULL DEFAULT 0.00 COMMENT '课程原价格（只显示）',
  `current_price` decimal(10, 2) NOT NULL DEFAULT 0.00 COMMENT '课程销售价格（实际支付价格）设置为0则可免费观看',
  `course_dec` varchar(200) CHARACTER SET utf8 COLLATE utf8_general_ci NOT NULL DEFAULT '' COMMENT '课程简介',
  `content_text` text CHARACTER SET utf8 COLLATE utf8_general_ci NOT NULL COMMENT '课程详情',
  `time_length` decimal(10, 2) NOT NULL DEFAULT 0.00 COMMENT '课程时长',
  `lession_num` int(11) NOT NULL DEFAULT 0 COMMENT '总课目',
  `cover_img` varchar(200) CHARACTER SET utf8 COLLATE utf8_general_ci NOT NULL DEFAULT '' COMMENT '封面图片路径',
  `modify_time` int(11) NOT NULL DEFAULT 0 COMMENT '最后更新时间',
  `buy_count` int(11) NOT NULL DEFAULT 0 COMMENT '销售数量',
  `view_count` int(11) NOT NULL DEFAULT 0 COMMENT '浏览数量',
  `sort` int(1) NOT NULL DEFAULT 0 COMMENT '序列',
  `score` decimal(10, 2) NOT NULL DEFAULT 0.00 COMMENT '评分',
  `release_uid` int(11) NOT NULL DEFAULT 0 COMMENT '发布人',
  `create_time` int(11) NOT NULL DEFAULT 0 COMMENT '添加时间',
  `end_time` int(11) NOT NULL DEFAULT 0 COMMENT '有效结束时间',
  `lose_type` int(2) NOT NULL DEFAULT 0 COMMENT '有效期类型，0：到期时间，1：按天数',
  `lose_time` int(11) NOT NULL DEFAULT 0 COMMENT '有效期:商品订单过期时间点',
  `basics_buy` int(11) NOT NULL DEFAULT 0 COMMENT '基础销售数量',
  `basics_view` int(11) NOT NULL DEFAULT 0 COMMENT '基础浏览数量',
  `comment_count` int(11) NOT NULL DEFAULT 0 COMMENT '评论数量',
  `give_point` decimal(10, 2) NOT NULL DEFAULT 0.00 COMMENT '赠送积分',
  `collection_count` int(11) NOT NULL DEFAULT 0 COMMENT '收藏数量',
  PRIMARY KEY (`course_id`) USING BTREE
) ENGINE = InnoDB AUTO_INCREMENT = 26 AVG_ROW_LENGTH = 8192 CHARACTER SET = utf8 COLLATE = utf8_general_ci COMMENT = '课程表' ROW_FORMAT = Compact;

-- ----------------------------
-- Records of nv_course
-- ----------------------------
INSERT INTO `nv_course` VALUES (11, '设计学与美学的结合', 2, 51, 43, 699.00, 188.00, '设计学与美学的结合', '<p>&nbsp; &nbsp; &nbsp; 设计学与美学的结合设计学与美学的结合设计学与美学的结合设计学与美学的结合设计学与美学的结合设计学与美学的结合设计学与美学的结合设计学与美学的结合设计学与美学的结合设计学与美学的结合设计学与美学的结合设计学与美学的结合设计学与美学的结合设计学与美学的结合设计学与美学的结合设计学与美学的结合设计学与美学的结合设计学与美学的结合设计学与美学的结合设计学与美学的结合设计学与美学的结合设计学与美学的结合</p>', 76.43, 13, 'upload/common/1607932847.png', 1607932849, 7, 0, 1, 0.00, 1, 1511177431, 0, 0, 0, 59, 34, 0, 0.00, 5);
INSERT INTO `nv_course` VALUES (13, '编程语言的原理', 2, 49, 43, 96.00, 88.00, '编程语言的原理', '<p>编程语言的原理</p>', 86.46, 3, 'upload/common/1607932837.png', 1607932840, 14, 0, 1, 0.00, 1, 1511177647, 0, 1, 5, 22, 22, 0, 0.00, 1);
INSERT INTO `nv_course` VALUES (15, '高级程序开发教程', 2, 44, 43, 200.00, 188.00, '高级程序开发教程', '<p>高级程序开发教程</p>', 162.89, 7, 'upload/common/1607932817.png', 1607932819, 21, 0, 1, 0.00, 1, 1512370662, 0, 1, 20, 52, 163, 0, 0.00, 1);
INSERT INTO `nv_course` VALUES (17, '十天突破英语四六级', 2, 52, 45, 100.00, 99.00, '十天突破英语四六级', '<p>十天突破英语四六级</p>', 0.00, 0, 'upload/common/1607932805.png', 1607932808, 1, 0, 1, 0.00, 1, 1513664937, 0, 1, 20, 20, 20, 0, 0.00, 0);
INSERT INTO `nv_course` VALUES (18, '懂得技巧才能学好外语', 2, 54, 45, 100.00, 99.00, '懂得技巧才能学好外语', '<p><span class=\"vjs-control-text\" style=\"margin: -0.013333rem; padding: 0px; height: 0.013333rem; width: 0.013333rem; border: 0px; clip: rect(0px, 0px, 0px, 0px); overflow: hidden; position: absolute;\">Play</span></p><p><span class=\"current-time\" style=\"margin: 0px; padding: 0px; line-height: 28px; height: 28px; color: rgb(255, 255, 255); text-align: center; display: inline-block; vertical-align: middle;\"><span class=\"J_CurrentTime\" style=\"margin: 0px 10px; padding: 0px; font-size: 16px; display: inline-block; float: left; vertical-align: middle;\">00:09</span></span></p><p><span class=\"progress-bar J_ProgressBar\" style=\"margin: 0px; padding: 0px; height: 3px; border-radius: 3px; position: relative; display: block; width: 177.219px;\"><span class=\"progress J_Progress\" style=\"margin: 0px; padding: 0px; border-radius: 3px; height: 3px; line-height: 3px; width: 15.3906px; top: 0px; left: 0px; background: rgb(255, 80, 0); position: absolute;\"><span class=\"control J_Update\" style=\"margin: 0px; padding: 0px; position: absolute; background: 0px 0px; right: 0px; top: 0px;\"></span></span></span></p><p><span class=\"total-time\" style=\"margin: 0px; padding: 0px; line-height: 28px; height: 28px; color: rgb(255, 255, 255); text-align: center; display: inline-block; vertical-align: middle;\"><span class=\"J_TotalTime\" style=\"margin: 0px 10px; padding: 0px; font-size: 16px; display: inline-block; float: left; vertical-align: middle;\">01:45</span></span></p><p><span class=\"vjs-icon-volume J_VolumeIcon vjs-icon-volume-muted\" style=\"margin: 0px 10px 0px 0px; padding: 0px; width: 30px; height: 30px; cursor: pointer;\"></span><span class=\"volume-bar J_VolumeBar\" style=\"margin: 0px 10px 0px 0px; padding: 0px; height: 3px; border-radius: 3px; width: 70px; position: relative; -webkit-box-flex: 1; flex: 1 1 0%; background-color: rgba(255, 255, 255, 0.4);\"><span class=\"volume J_Volume\" style=\"margin: 0px 10px 0px 0px; padding: 0px; border-radius: 3px; height: 3px; line-height: 3px; width: 70px; top: 0px; left: 0px; background: rgb(255, 80, 0); position: absolute;\"><span class=\"control J_Update\" style=\"margin: 0px; padding: 0px; position: absolute; background: 0px 0px; right: 0px; top: 0px;\"></span></span></span></p><p style=\"margin-top: 1.12em; margin-bottom: 1.12em; padding: 0px; line-height: 1.4;\"><img src=\"https://img.alicdn.com/imgextra/i1/4145446269/O1CN01iGGiRO1wBFX8Jm4fq_!!4145446269.jpg\" class=\"img-ks-lazyload\"/><img src=\"https://img.alicdn.com/imgextra/i4/4145446269/O1CN01RNr5pf1wBFX6z1rLT_!!4145446269.jpg\" class=\"img-ks-lazyload\"/><img src=\"https://img.alicdn.com/imgextra/i1/4145446269/O1CN01HqgBdP1wBFX7Zb7oa_!!4145446269.jpg\" class=\"img-ks-lazyload\"/><img src=\"https://img.alicdn.com/imgextra/i3/4145446269/O1CN01iMk8Wv1wBFX4PgDL8_!!4145446269.jpg\" class=\"img-ks-lazyload\"/><img src=\"https://img.alicdn.com/imgextra/i3/4145446269/O1CN01Md6Ayd1wBFX1ytw25_!!4145446269.jpg\" class=\"img-ks-lazyload\"/><img src=\"https://img.alicdn.com/imgextra/i2/4145446269/O1CN01R6QoF11wBFWvxRkKO_!!4145446269.jpg\" class=\"img-ks-lazyload\"/><img src=\"https://img.alicdn.com/imgextra/i2/4145446269/O1CN01Rs5FaZ1wBFX3uywAd_!!4145446269.jpg\" class=\"img-ks-lazyload\"/><img src=\"https://img.alicdn.com/imgextra/i1/4145446269/O1CN01WtjkGL1wBFX5LXg3j_!!4145446269.jpg\" class=\"img-ks-lazyload\"/><img src=\"https://img.alicdn.com/imgextra/i3/4145446269/O1CN01B6mofX1wBFX4HxCuN_!!4145446269.jpg\" class=\"img-ks-lazyload\"/><img src=\"https://img.alicdn.com/imgextra/i1/4145446269/O1CN01A0HgNN1wBFX3qRzVo_!!4145446269.jpg\" class=\"img-ks-lazyload\"/><img src=\"https://img.alicdn.com/imgextra/i2/4145446269/O1CN01ZvdiOm1wBFX6z0W9y_!!4145446269.jpg\" class=\"img-ks-lazyload\"/></p><p><br/></p>', 0.00, 0, 'upload/common/1607932785.png', 1607932788, 0, 0, 2, 0.00, 1, 1513665028, 0, 1, 20, 20, 20, 0, 0.00, 0);
INSERT INTO `nv_course` VALUES (19, '留学英语的关键之口语关', 2, 52, 45, 100.00, 85.00, '留学英语的关键之口语关', '<p>留学英语的关键之口语关</p>', 0.00, 0, 'upload/common/1607932774.png', 1607932776, 0, 0, 10, 0.00, 1, 1513665124, 0, 1, 30, 20, 20, 0, 0.00, 0);
INSERT INTO `nv_course` VALUES (20, '职业经理人的成长之路', 2, 48, 47, 200.00, 198.00, '职业经理人的成长之路', '<p>职业经理人的成长之路</p>', 76.43, 2, 'upload/common/1607932762.png', 1607932765, 0, 0, 9, 0.00, 1, 1513665216, 0, 1, 10, 10, 10, 0, 0.00, 0);
INSERT INTO `nv_course` VALUES (21, '音乐的高雅境界', 2, 58, 47, 15.00, 10.00, '音乐的高雅境界', '<p>音乐的高雅境界</p>', 76.43, 2, 'upload/common/1607932744.png', 1607932747, 0, 0, 3, 0.00, 1, 1513665336, 0, 1, 10, 10, 10, 0, 0.00, 0);
INSERT INTO `nv_course` VALUES (22, '流行唱法音乐教程', 2, 50, 43, 122.00, 99.00, '流行唱法音乐教程', '<p>流行唱法音乐教程</p>', 0.00, 0, 'upload/common/1607932733.png', 1607932736, 0, 0, 1, 0.00, 1, 1513743092, 0, 1, 40, 10, 20, 0, 0.00, 0);
INSERT INTO `nv_course` VALUES (23, '从零开始学平面设计', 2, 44, 43, 150.00, 120.00, '流行唱法音乐教程', '<p>流行唱法音乐教程</p>', 0.00, 2, 'upload/common/1607932716.png', 1607932718, 0, 0, 8, 0.00, 1, 1513743242, 0, 1, 10, 10, 10, 0, 0.00, 0);
INSERT INTO `nv_course` VALUES (24, '高中生物学习方法与经验总结', 2, 57, 47, 30.00, 20.00, '高中生物，是高中阶段的一门重要课程。对于理科生来说，尤其如此。要学好高中生物课，不仅要有明确的学习目的，还要有勤奋的学习态度和科学的学习方法。针对生物学科的特点，要学好高中生物，建议做到以下几个方面。 高中生物学习方法与经验总结', '<p style=\"margin-top: 0px; margin-bottom: 0px; padding: 0px; border: 0px; outline: 0px; vertical-align: baseline; background: rgb(255, 255, 255); color: rgb(136, 136, 136); font-family: &quot;Helvetica Neue&quot;, 微软雅黑, SimHei, Tohoma; font-size: 14px; white-space: normal;\">高中生物，是高中阶段的一门重要课程。对于理科生来说，尤其如此。要学好高中生物课，不仅要有明确的学习目的，还要有勤奋的学习态度和科学的学习方法。针对生物学科的特点，要学好高中生物，建议做到以下几个方面。<br/></p><p style=\"margin-top: 0px; margin-bottom: 0px; padding: 0px; border: 0px; outline: 0px; vertical-align: baseline; background: rgb(255, 255, 255); color: rgb(136, 136, 136); font-family: &quot;Helvetica Neue&quot;, 微软雅黑, SimHei, Tohoma; font-size: 14px; white-space: normal;\"><img class=\"exp-image-default\" alt=\"高中生物学习方法与经验总结\" src=\"http://wxdemo.inxedu.com/images/upload/image/20170124/1485229750601022114.jpg\"/></p><h2 class=\"exp-content-head\" style=\"margin: 0px; padding: 0px; border: 0px; outline: 0px; vertical-align: baseline; background: rgb(255, 255, 255); font-size: 24px; line-height: 30px; font-weight: normal; color: rgb(136, 136, 136); font-family: &quot;Helvetica Neue&quot;, 微软雅黑, SimHei, Tohoma; white-space: normal;\"><a style=\"margin: 0px; padding: 0px; border: 0px; outline: 0px; vertical-align: baseline; background: transparent;\"></a>【学习生物三部曲】<p style=\"margin-top: 0px; margin-bottom: 0px; padding: 0px; border: 0px; outline: 0px; vertical-align: baseline; background: transparent;\"><span class=\"audio-inner\" style=\"margin: 0px; padding: 0px; border: 0px; outline: 0px; vertical-align: baseline; background: transparent;\"><span class=\"audio-icon\" style=\"margin: 0px; padding: 0px; border: 0px; outline: 0px; vertical-align: baseline; background: transparent;\"></span><span class=\"audio-icon-2\" style=\"margin: 0px; padding: 0px; border: 0px; outline: 0px; vertical-align: baseline; background: transparent;\"></span><span class=\"audio-icon-3\" style=\"margin: 0px; padding: 0px; border: 0px; outline: 0px; vertical-align: baseline; background: transparent;\"></span></span><span class=\"desc\" style=\"margin: 0px; padding: 0px; border: 0px; outline: 0px; vertical-align: baseline; background: transparent;\"></span></p></h2><ol class=\"exp-conent-orderlist list-paddingleft-2\" style=\"list-style-type: none;\"><li><p style=\"margin-top: 0px; margin-bottom: 0px; padding: 0px; border: 0px; outline: 0px; vertical-align: baseline; background: transparent;\">第一，教科书要熟烂于心。<br/>生物，掌握了教材就是取得了一半的成功。<br/>书中的图例、实验、涉及的化学式（光合与呼吸），要时常归纳、总结重点词，如“功能、“作用”、“本质是”，这些都要留心，书上的黑体字要背下来，如“基因是有遗传效应的DNA片段”，这往往是高频考点。</p></li><li><p style=\"margin-top: 0px; margin-bottom: 0px; padding: 0px; border: 0px; outline: 0px; vertical-align: baseline; background: transparent;\">第二，要选择一到两本辅导书（多了就没工夫看了）。<br/>一定要吃透，高中三年我一直用《教材完全解读》（王后雄主编）和《高效学习法》（薛金<br/>星主编），觉得就很够用了。前者会把每个知识点细致地分析一下，是一本服务于课前预习、课后归纳整合的教辅，帮你夯实基础；后者则服务于课后，归纳比较凝练，重在教授做题的方法，让你快而准做题，冲击高分。</p></li><li><p style=\"margin-top: 0px; margin-bottom: 0px; padding: 0px; border: 0px; outline: 0px; vertical-align: baseline; background: transparent;\">第三，最重要的是做题与总结。<br/>1）把做题当成积累。&nbsp;<br/>在做题中你会逐渐摸清哪些地方经常成为考点。尤其是大题，出题套路会比较固定，答案也很固定。比如一些有“本质是”这样字眼的题一般要答与基因、DNA有关的知识点；又如，问神经递质在神经元之间为什么是单向传递的、要答“神经递质只能由突触前膜释放并作用于突触后膜”。生物是很有规律的一个学科掌握这些常考一些卡点的知识点，会保证得一个中等、稳定的分数。<br/>2）将经典的题收入记忆中。 每一道生物题其实都是老师们智慧的结晶，一些考点，单独考的时候并不难，你甚至可以不假思索地回答出来，但出题人往往会将你在不同阶段学到的知识归纳、找出其共性进行考察，这样就考察了你对知识点掌握的准确性，以及举一反三、融会贯通的能力。这种题一般为选择题。例如：问：下列哪细胞器可以产生水？然后给你列出了如下细胞器：核糖体、叶绿体线粒体、溶酶体、液泡等等,A、B、C、D四个选项分别包含了上述细胞器中的几种，你就要动用之前学过的所有关于细胞器内的反应的知识点：在学蛋白质时，学了脱水缩合可以产生水，场所：核糖体。在学细胞呼吸时，学了有氧呼吸第三步时会产生水，场所：线粒体内膜，所以答案为：线粒体、核糖体。通过这道题，你可以归纳出：能产生水的细胞器有线粒体、叶绿体 --- 这，就转化成你自己的积累了。这样一来，做题不仅检验了你的知识掌握的怎么样，还替你归纳、总结了知识点，丰富了你的知识储备所以，对经典的题适当加以记忆，会让你的知识网交织的更紧密，不失为冲击高分的良策。<br/>3）选择兼顾速度与准度。 在平时的练习中，一套题往往会包含30-40 道选择题，每道题大约分值在1-2分，但可别小瞧了选择题，正式的高考中一个选择要占6分，相比较而言，大题的一个空也就1-2分所以说，选择好坏对试卷的分数起着很大的决定性。在平时的训练中有些同学往往做到一半就失去了耐心，继续答时准确率就大大下降。对于这种情况，不妨尝试此法：按从前往后的答题顺序，先把考察概念，定义，识图（甚至看一遍题就能给出答案的）的简单题先答上，然后回头攻克涉及分析较繁琐，计算量较大的繁琐题目或难题。这样自信心有了，也能避免被难题卡住，造成简单题没时间考虑的情况。此外，记录自己每次在选择题上花费的时间也是很重要的，争取每次都能在速度与准确性上有所突破。</p></li><li><p style=\"margin-top: 0px; margin-bottom: 0px; padding: 0px; border: 0px; outline: 0px; vertical-align: baseline; background: transparent;\">【贴心小经验】<br/>1、生物是一个偏文的学科，因此有些知识点一定要记扎实，“当背则背”，没有商量的余地。它不像数学、物理，掌握一个公式、定理，就能在做题是有很大的发挥空间。生物往往会要求你一字<br/>不差的答出某概念，比如，问：能释放抗体的细胞是什么？答案应为浆细胞（效应B细胞亦可），但不可以答“B细胞”，又如，问：少量生长素可促进生长，过量生长素会抑制生长，这种现象说明？应答生长素具有两重性，答“双重性”就一分也没有唉。因为严密是生物科的特点，一个概念，差之毫厘的结果---往往是谬以千里。这又恰恰体现了理科科目的严谨。<br/>2、要准备一个错题本。时间不够，可以将改正后的答案抄在即时贴上--然后附在卷子上 ，可以是左上角（总之要醒目），然后定期装订一下卷子就OK了，这样不用抄题，能节省宝贵时间。<br/>再者，改错时写完标准答案，要是能加一两句总结或反思就更好了。不要放过任何错过的题，当时解决的越彻底越好。只有这样考试才不会犯类似错误，才更有资本冲击满分。<br/>3、实验题是较难得满分的题型，它开放性较强，出题很灵活。但也有法可依：<br/>1）认真复习书中的实验，学习常用的方法。<br/>例如：孟德尔的测交试验---演绎推理法，萨顿通过研究蝗虫精子和卵的形成过程提出推论：基因和染色体行为存在明显的平行关系---类比推理法赫尔希和蔡斯的噬菌体侵染实验----同位素标记法验证酶活性受温度的影响（学生探究实验）---控制单一变量法其中最后一种方法常设考点，可见教材实验的重要性。<br/>2）认真阅读题干，区分好“探究”、“证明”探究题比证明题要开放，答题注意：加入相同浓度的、等量的、用生长状态（长势）相同的植株等等缜密术语的使用。<br/>4。识图题。注意横纵坐标、交点、拐点、走势、正负半轴所表示的含义。平时要善于总结：种间关系--竞争、捕食、互利共生、寄生的图、光合+呼吸的图（区分好“净光合”即真实光合与表观光合，主要从坐标轴正负判断）等都很重点。</p></li><li><p><br/></p></li></ol><p><br/></p>', 0.00, 3, 'upload/common/1607932706.png', 1607932709, 1, 0, 7, 0.00, 1, 1513941328, 0, 1, 25, 10, 25, 0, 0.00, 0);
INSERT INTO `nv_course` VALUES (25, '机电工程管理与实务', 2, 58, 47, 0.00, 0.00, '《机电工程管理与实务》共分三篇，机电工程技术、机电工程施工管理实务、机电工程法规及相关规定。第一篇分十三章，包括：机电工程材料的分类及用途、电气工程技术、自动控制与仪表工程技术、给排水工程技术、机械设备安装技术、容器的安装技术、起重技术', '<p><span style=\"color: rgb(136, 136, 136); font-family: &quot;Helvetica Neue&quot;, 微软雅黑, SimHei, Tohoma; font-size: 14px; background-color: rgb(255, 255, 255);\">《机电工程管理与实务》共分三篇，机电工程技术、机电工程</span><a target=\"_blank\" href=\"http://baike.baidu.com/subview/3869436/3869436.htm\" style=\"margin: 0px; padding: 0px; border: 0px; outline: 0px; vertical-align: baseline; background: rgb(255, 255, 255); text-decoration-line: none; font-family: &quot;Helvetica Neue&quot;, 微软雅黑, SimHei, Tohoma; font-size: 14px; white-space: normal; line-height: 24px; widows: 1;\">施工管理</a><span style=\"color: rgb(136, 136, 136); font-family: &quot;Helvetica Neue&quot;, 微软雅黑, SimHei, Tohoma; font-size: 14px; background-color: rgb(255, 255, 255);\">实务、机电工程法规及相关规定。第一篇分十三章，包括：机电工程材料的分类及用途、电气工程技术、自动控制与仪表工程技术、给排水工程技术、机械设备安装技术、容器的安装技术、</span><a target=\"_blank\" href=\"http://baike.baidu.com/view/5918209.htm\" style=\"margin: 0px; padding: 0px; border: 0px; outline: 0px; vertical-align: baseline; background: rgb(255, 255, 255); text-decoration-line: none; font-family: &quot;Helvetica Neue&quot;, 微软雅黑, SimHei, Tohoma; font-size: 14px; white-space: normal; line-height: 24px; widows: 1;\"><span style=\"margin: 0px; padding: 0px; border: 0px; outline: 0px; vertical-align: baseline; background: transparent; text-decoration-line: underline;\">起重技术</span></a><span style=\"color: rgb(136, 136, 136); font-family: &quot;Helvetica Neue&quot;, 微软雅黑, SimHei, Tohoma; font-size: 14px; background-color: rgb(255, 255, 255);\">、焊接技术、</span><a target=\"_blank\" href=\"http://baike.baidu.com/view/1353931.htm\" style=\"margin: 0px; padding: 0px; border: 0px; outline: 0px; vertical-align: baseline; background: rgb(255, 255, 255); text-decoration-line: none; font-family: &quot;Helvetica Neue&quot;, 微软雅黑, SimHei, Tohoma; font-size: 14px; white-space: normal; line-height: 24px; widows: 1;\">供热通风与空调工程技术</a><span style=\"color: rgb(136, 136, 136); font-family: &quot;Helvetica Neue&quot;, 微软雅黑, SimHei, Tohoma; font-size: 14px; background-color: rgb(255, 255, 255);\">、</span><a target=\"_blank\" href=\"http://baike.baidu.com/subview/2189991/2189991.htm\" style=\"margin: 0px; padding: 0px; border: 0px; outline: 0px; vertical-align: baseline; background: rgb(255, 255, 255); text-decoration-line: none; font-family: &quot;Helvetica Neue&quot;, 微软雅黑, SimHei, Tohoma; font-size: 14px; white-space: normal; line-height: 24px; widows: 1;\">建筑智能化</a><span style=\"color: rgb(136, 136, 136); font-family: &quot;Helvetica Neue&quot;, 微软雅黑, SimHei, Tohoma; font-size: 14px; background-color: rgb(255, 255, 255);\">工程安装技术、</span><a target=\"_blank\" href=\"http://baike.baidu.com/view/258730.htm\" style=\"margin: 0px; padding: 0px; border: 0px; outline: 0px; vertical-align: baseline; background: rgb(255, 255, 255); text-decoration-line: none; font-family: &quot;Helvetica Neue&quot;, 微软雅黑, SimHei, Tohoma; font-size: 14px; white-space: normal; line-height: 24px; widows: 1;\">消防工程</a><span style=\"color: rgb(136, 136, 136); font-family: &quot;Helvetica Neue&quot;, 微软雅黑, SimHei, Tohoma; font-size: 14px; background-color: rgb(255, 255, 255);\">安装技术、设备及管道防腐蚀与绝热技术、测量工程技术；第二篇分九章，包括：机电工程项目的组成、机电工程项目投标与</span><a target=\"_blank\" href=\"http://baike.baidu.com/view/1510591.htm\" style=\"margin: 0px; padding: 0px; border: 0px; outline: 0px; vertical-align: baseline; background: rgb(255, 255, 255); text-decoration-line: none; font-family: &quot;Helvetica Neue&quot;, 微软雅黑, SimHei, Tohoma; font-size: 14px; white-space: normal; line-height: 24px; widows: 1;\">合同管理</a><span style=\"color: rgb(136, 136, 136); font-family: &quot;Helvetica Neue&quot;, 微软雅黑, SimHei, Tohoma; font-size: 14px; background-color: rgb(255, 255, 255);\">、机电工程项目</span><a target=\"_blank\" href=\"http://baike.baidu.com/view/678214.htm\" style=\"margin: 0px; padding: 0px; border: 0px; outline: 0px; vertical-align: baseline; background: rgb(255, 255, 255); text-decoration-line: none; font-family: &quot;Helvetica Neue&quot;, 微软雅黑, SimHei, Tohoma; font-size: 14px; white-space: normal; line-height: 24px; widows: 1;\">施工组织设计</a><span style=\"color: rgb(136, 136, 136); font-family: &quot;Helvetica Neue&quot;, 微软雅黑, SimHei, Tohoma; font-size: 14px; background-color: rgb(255, 255, 255);\">与资源管理、机电工程项目的进度控制、机电工程项目的质量控制、机电工程项目的</span><a target=\"_blank\" href=\"http://baike.baidu.com/subview/1454869/1454869.htm\" style=\"margin: 0px; padding: 0px; border: 0px; outline: 0px; vertical-align: baseline; background: rgb(255, 255, 255); text-decoration-line: none; font-family: &quot;Helvetica Neue&quot;, 微软雅黑, SimHei, Tohoma; font-size: 14px; white-space: normal; line-height: 24px; widows: 1;\">预结算</a><span style=\"color: rgb(136, 136, 136); font-family: &quot;Helvetica Neue&quot;, 微软雅黑, SimHei, Tohoma; font-size: 14px; background-color: rgb(255, 255, 255);\">与成本控制、机电工程项目的安全管理、机电工程项目的试运行、机电工程项目的验收；第三篇分八章，包括：</span><a target=\"_blank\" href=\"http://baike.baidu.com/view/370857.htm\" style=\"margin: 0px; padding: 0px; border: 0px; outline: 0px; vertical-align: baseline; background: rgb(255, 255, 255); text-decoration-line: none; font-family: &quot;Helvetica Neue&quot;, 微软雅黑, SimHei, Tohoma; font-size: 14px; white-space: normal; line-height: 24px; widows: 1;\">中华人民共和国计量法</a><span style=\"color: rgb(136, 136, 136); font-family: &quot;Helvetica Neue&quot;, 微软雅黑, SimHei, Tohoma; font-size: 14px; background-color: rgb(255, 255, 255);\">、</span><a target=\"_blank\" href=\"http://baike.baidu.com/view/437556.htm\" style=\"margin: 0px; padding: 0px; border: 0px; outline: 0px; vertical-align: baseline; background: rgb(255, 255, 255); text-decoration-line: none; font-family: &quot;Helvetica Neue&quot;, 微软雅黑, SimHei, Tohoma; font-size: 14px; white-space: normal; line-height: 24px; widows: 1;\">中华人民共和国电力法</a><span style=\"color: rgb(136, 136, 136); font-family: &quot;Helvetica Neue&quot;, 微软雅黑, SimHei, Tohoma; font-size: 14px; background-color: rgb(255, 255, 255);\">、</span><a target=\"_blank\" href=\"http://baike.baidu.com/view/283813.htm\" style=\"margin: 0px; padding: 0px; border: 0px; outline: 0px; vertical-align: baseline; background: rgb(255, 255, 255); text-decoration-line: none; font-family: &quot;Helvetica Neue&quot;, 微软雅黑, SimHei, Tohoma; font-size: 14px; white-space: normal; line-height: 24px; widows: 1;\">特种设备安全监察条例</a><span style=\"color: rgb(136, 136, 136); font-family: &quot;Helvetica Neue&quot;, 微软雅黑, SimHei, Tohoma; font-size: 14px; background-color: rgb(255, 255, 255);\">、</span><a target=\"_blank\" href=\"http://baike.baidu.com/view/1834224.htm\" style=\"margin: 0px; padding: 0px; border: 0px; outline: 0px; vertical-align: baseline; background: rgb(255, 255, 255); text-decoration-line: none; font-family: &quot;Helvetica Neue&quot;, 微软雅黑, SimHei, Tohoma; font-size: 14px; white-space: normal; line-height: 24px; widows: 1;\">机械设备安装工程施工及验收通用规范</a><span style=\"color: rgb(136, 136, 136); font-family: &quot;Helvetica Neue&quot;, 微软雅黑, SimHei, Tohoma; font-size: 14px; background-color: rgb(255, 255, 255);\">、现场设备、工业管道焊接工程施工及验收规范、</span><a target=\"_blank\" href=\"http://baike.baidu.com/view/3883750.htm\" style=\"margin: 0px; padding: 0px; border: 0px; outline: 0px; vertical-align: baseline; background: rgb(255, 255, 255); text-decoration-line: none; font-family: &quot;Helvetica Neue&quot;, 微软雅黑, SimHei, Tohoma; font-size: 14px; white-space: normal; line-height: 24px; widows: 1;\">钢结构工程施工</a><span style=\"color: rgb(136, 136, 136); font-family: &quot;Helvetica Neue&quot;, 微软雅黑, SimHei, Tohoma; font-size: 14px; background-color: rgb(255, 255, 255);\">质量验收规范、电气装置安装工程高压电器施工及验收规范、</span><a target=\"_blank\" href=\"http://baike.baidu.com/subview/25052/25052.htm\" style=\"margin: 0px; padding: 0px; border: 0px; outline: 0px; vertical-align: baseline; background: rgb(255, 255, 255); text-decoration-line: none; font-family: &quot;Helvetica Neue&quot;, 微软雅黑, SimHei, Tohoma; font-size: 14px; white-space: normal; line-height: 24px; widows: 1;\">工业炉</a><span style=\"color: rgb(136, 136, 136); font-family: &quot;Helvetica Neue&quot;, 微软雅黑, SimHei, Tohoma; font-size: 14px; background-color: rgb(255, 255, 255);\">砌筑工程施工及验收规范。内容深入浅出，通俗易懂，便于自学。</span><br/><br/><span style=\"color: rgb(136, 136, 136); font-family: &quot;Helvetica Neue&quot;, 微软雅黑, SimHei, Tohoma; font-size: 14px; background-color: rgb(255, 255, 255);\">课程将以本书为教材全面展开。</span></p>', 0.00, 5, 'upload/common/1607932696.png', 1607932700, 0, 0, 7, 0.00, 1, 1513941443, 0, 1, 15, 25, 24, 0, 0.00, 0);

-- ----------------------------
-- Table structure for nv_course_kpoint
-- ----------------------------
DROP TABLE IF EXISTS `nv_course_kpoint`;
CREATE TABLE `nv_course_kpoint`  (
  `kpoint_id` int(11) UNSIGNED NOT NULL AUTO_INCREMENT,
  `course_id` int(11) NOT NULL DEFAULT 0 COMMENT '课程id',
  `kpoint_name` varchar(300) CHARACTER SET utf8 COLLATE utf8_general_ci NOT NULL DEFAULT '' COMMENT '节点名称',
  `parent_id` int(11) NOT NULL DEFAULT 0 COMMENT '父级ID',
  `add_time` int(11) NOT NULL DEFAULT 0 COMMENT '添加时间',
  `sort` int(11) NOT NULL DEFAULT 0 COMMENT '显示排序',
  `play_count` int(11) NOT NULL DEFAULT 0 COMMENT '播放次数',
  `is_free` tinyint(1) NOT NULL DEFAULT 0 COMMENT '是否可以试听1免费2收费',
  `works_code` varchar(255) CHARACTER SET utf8 COLLATE utf8_general_ci NOT NULL DEFAULT '' COMMENT '视频码',
  `kpoint_type` int(1) NOT NULL DEFAULT 0 COMMENT '节点类型 0文件目录 1视频',
  `file_type` varchar(20) CHARACTER SET utf8 COLLATE utf8_general_ci NOT NULL DEFAULT '' COMMENT 'VIDEO视频 AUDIO音频 FILE文档 TXT文本 ATLAS图片集',
  `content` varchar(5000) CHARACTER SET utf8 COLLATE utf8_general_ci NOT NULL DEFAULT '' COMMENT '文本',
  `time_length` decimal(10, 2) NOT NULL DEFAULT 0.00 COMMENT '课程时长',
  `kpoint_price` decimal(10, 2) NOT NULL DEFAULT 0.00 COMMENT '章节售价',
  PRIMARY KEY (`kpoint_id`) USING BTREE,
  INDEX `course_id`(`course_id`) USING BTREE
) ENGINE = InnoDB AUTO_INCREMENT = 320 AVG_ROW_LENGTH = 963 CHARACTER SET = utf8 COLLATE = utf8_general_ci COMMENT = '课程目录内容' ROW_FORMAT = Compact;

-- ----------------------------
-- Records of nv_course_kpoint
-- ----------------------------
INSERT INTO `nv_course_kpoint` VALUES (14, 1, '第一章', 0, 1509018474, 1, 0, 0, '0', 0, '', '', 0.00, 0.00);
INSERT INTO `nv_course_kpoint` VALUES (15, 1, '第二章', 0, 1509018482, 2, 0, 0, '0', 0, '', '', 0.00, 0.00);
INSERT INTO `nv_course_kpoint` VALUES (16, 1, '第三章', 0, 1509018501, 3, 0, 0, '0', 0, '', '', 0.00, 0.00);
INSERT INTO `nv_course_kpoint` VALUES (17, 1, '第四章', 0, 1509018560, 4, 0, 0, '0', 0, '', '', 0.00, 0.00);
INSERT INTO `nv_course_kpoint` VALUES (18, 1, '第五章', 0, 1509018639, 5, 0, 0, '0', 0, '', '', 0.00, 0.00);
INSERT INTO `nv_course_kpoint` VALUES (19, 1, '第一节', 14, 1509018742, 0, 0, 1, 'nkxi6d69c09339aac876cade02acbb2613b0', 1, '', '', 10.03, 0.00);
INSERT INTO `nv_course_kpoint` VALUES (20, 1, '第二节', 14, 1509018785, 1, 0, 1, '9f6f3df0aa0653e9f98d4c1f95671381', 1, '', '', 10.03, 0.00);
INSERT INTO `nv_course_kpoint` VALUES (21, 1, '第三节', 14, 1509018840, 2, 0, 1, '0', 1, '', '', 0.00, 0.00);
INSERT INTO `nv_course_kpoint` VALUES (22, 1, '第四节', 14, 1509438609, 3, 0, 2, 'a6ec2bf32a68abb7e1482ad0e45304aa', 1, '', '', 0.00, 0.00);
INSERT INTO `nv_course_kpoint` VALUES (23, 1, '第六章', 0, 1509439549, 6, 0, 0, '', 0, '', '', 0.00, 0.00);
INSERT INTO `nv_course_kpoint` VALUES (25, 1, '第一节', 15, 1509444208, 0, 0, 1, 'a6ec2bf32a68abb7e1482ad0e45304aa', 1, '', '', 0.00, 0.00);
INSERT INTO `nv_course_kpoint` VALUES (26, 1, '第六节', 14, 1509445689, 1, 0, 1, '96c0bf6ccaa93f053338c1f01e0b0b26', 1, '', '', 0.00, 0.00);
INSERT INTO `nv_course_kpoint` VALUES (28, 1, '第七章', 0, 1509445722, 7, 0, 0, '', 0, '', '', 0.00, 0.00);
INSERT INTO `nv_course_kpoint` VALUES (30, 2, '第一章', 0, 1509525672, 0, 0, 0, '', 0, '', '', 0.00, 0.00);
INSERT INTO `nv_course_kpoint` VALUES (31, 2, '第二章', 0, 1509525676, 0, 0, 0, '', 0, '', '', 0.00, 0.00);
INSERT INTO `nv_course_kpoint` VALUES (32, 2, '第一节 基础介绍', 30, 1509525716, 0, 0, 1, 'a6ec2bf32a68abb7e1482ad0e45304aa', 1, '', '', 0.00, 0.00);
INSERT INTO `nv_course_kpoint` VALUES (33, 2, '第二节 目录讲解', 30, 1509525745, 1, 0, 2, '454241541212fdsadfa', 1, '', '', 0.00, 0.00);
INSERT INTO `nv_course_kpoint` VALUES (235, 1, '第五节', 14, 1510978730, 1, 0, 2, '9f6f3df0aa0653e9f98d4c1f95671381', 1, '', '', 10.03, 0.00);
INSERT INTO `nv_course_kpoint` VALUES (236, 0, '第一章', 0, 1511157618, 0, 0, 2, '1211212', 1, '', '', 0.00, 0.00);
INSERT INTO `nv_course_kpoint` VALUES (237, 10, '第二章', 0, 1511157638, 2, 0, 0, '', 0, '', '', 0.00, 0.00);
INSERT INTO `nv_course_kpoint` VALUES (238, 10, '第三章', 0, 1511157647, 3, 0, 0, '', 0, '', '', 0.00, 0.00);
INSERT INTO `nv_course_kpoint` VALUES (239, 10, '第一节：你好吗？', 236, 1511157695, 0, 0, 2, 'nkxi6d69c09339aac876cade02acbb2613b0', 1, '', '', 0.00, 0.00);
INSERT INTO `nv_course_kpoint` VALUES (240, 0, '第一章000', 0, 1511178431, 0, 0, 1, '1212121212', 1, '', '', 0.00, 0.00);
INSERT INTO `nv_course_kpoint` VALUES (241, 0, '第二章', 0, 1511178435, 0, 0, 2, '21212122', 1, '', '', 0.00, 0.00);
INSERT INTO `nv_course_kpoint` VALUES (242, 0, '第三章', 0, 1511178439, 0, 0, 2, '11111', 1, '', '', 0.00, 0.00);
INSERT INTO `nv_course_kpoint` VALUES (244, 11, '第一节', 240, 1511245955, 0, 0, 2, '9f6f3df0aa0653e9f98d4c1f95671381', 1, '', '', 10.03, 0.00);
INSERT INTO `nv_course_kpoint` VALUES (245, 13, '第一章', 0, 1511254243, 0, 0, 0, '', 0, '', '', 0.00, 0.00);
INSERT INTO `nv_course_kpoint` VALUES (246, 13, '第二章', 0, 1511254247, 0, 0, 0, '', 0, '', '', 0.00, 4.00);
INSERT INTO `nv_course_kpoint` VALUES (247, 13, '第三章', 0, 1511254252, 0, 0, 0, '', 0, '', '', 0.00, 6.00);
INSERT INTO `nv_course_kpoint` VALUES (248, 13, '第一节', 245, 1511254278, 0, 0, 2, '9f6f3df0aa0653e9f98d4c1f95671381', 1, '', '', 10.03, 0.00);
INSERT INTO `nv_course_kpoint` VALUES (249, 11, '第二节', 240, 1511432005, 0, 0, 2, 'd568661f36317d07824951695106dc8f', 1, '', '', 0.00, 0.00);
INSERT INTO `nv_course_kpoint` VALUES (251, 10, '第一章', 0, 1511747789, 1, 0, 0, '', 0, '', '', 0.00, 0.00);
INSERT INTO `nv_course_kpoint` VALUES (252, 11, '第一章 起步', 0, 1511748036, 1, 0, 0, '', 0, '', '', 0.00, 0.10);
INSERT INTO `nv_course_kpoint` VALUES (253, 11, '第一节 第一节第一节', 252, 1511748071, 0, 0, 2, '78a3e4719b6771a810921cfb91892b66', 1, 'VIDEO', '', 66.40, 0.00);
INSERT INTO `nv_course_kpoint` VALUES (254, 15, '第一章 开始', 0, 1512376244, 1, 0, 0, '', 0, '', '', 0.00, 10.00);
INSERT INTO `nv_course_kpoint` VALUES (256, 15, '第三节', 254, 1512456658, 5, 0, 2, 'c04599a426bcfc0b7db1450b52df20a2', 1, 'VIDEO', '', 10.03, 0.00);
INSERT INTO `nv_course_kpoint` VALUES (258, 15, '第二节', 254, 1512456954, 4, 0, 1, '4387bc0c00cad9b21868bcc0262fb331', 1, 'VIDEO', '', 66.40, 0.00);
INSERT INTO `nv_course_kpoint` VALUES (260, 15, '第一节', 254, 1512638907, 0, 0, 1, 'c04599a426bcfc0b7db1450b52df20a2', 1, 'VIDEO', '', 10.03, 0.00);
INSERT INTO `nv_course_kpoint` VALUES (261, 0, '第二章 php高手之路', 0, 1513165660, 0, 0, 0, '', 0, '', '', 0.00, 254.00);
INSERT INTO `nv_course_kpoint` VALUES (266, 15, '第二章 高手之路', 0, 1513166468, 2, 0, 0, '', 0, '', '', 0.00, 12.00);
INSERT INTO `nv_course_kpoint` VALUES (267, 15, '第三章 突破瓶颈', 0, 1513225863, 3, 0, 0, '', 0, '', '', 0.00, 10.00);
INSERT INTO `nv_course_kpoint` VALUES (268, 15, '第一节', 266, 1513234978, 1, 0, 1, '78a3e4719b6771a810921cfb91892b66', 1, 'VIDEO', '', 66.40, 0.00);
INSERT INTO `nv_course_kpoint` VALUES (269, 15, '第二节', 266, 1513234997, 2, 0, 1, '9f6f3df0aa0653e9f98d4c1f95671381', 1, 'VIDEO', '', 10.03, 0.00);
INSERT INTO `nv_course_kpoint` VALUES (270, 15, '第一节', 267, 1513235026, 1, 0, 1, 'nkxi6d69c09339aac876cade02acbb2613b0', 1, 'VIDEO', '', 0.00, 0.00);
INSERT INTO `nv_course_kpoint` VALUES (271, 15, '第二节', 267, 1513235046, 2, 0, 1, 'd568661f36317d07824951695106dc8f', 1, 'VIDEO', '', 0.00, 0.00);
INSERT INTO `nv_course_kpoint` VALUES (272, 12, '第一章', 0, 1513235946, 0, 0, 0, '', 0, '', '', 0.00, 8.80);
INSERT INTO `nv_course_kpoint` VALUES (273, 12, '第二章', 0, 1513235957, 0, 0, 0, '', 0, '', '', 0.00, 9.80);
INSERT INTO `nv_course_kpoint` VALUES (274, 12, '第一节 aa', 272, 1513235983, 1, 0, 1, 'nkxi6d69c09339aac876cade02acbb2613b0', 1, 'VIDEO', '', 0.00, 0.00);
INSERT INTO `nv_course_kpoint` VALUES (275, 12, '第一节 aaa', 273, 1513236026, 1, 0, 1, 'd568661f36317d07824951695106dc8f', 1, 'VIDEO', '', 0.00, 0.00);
INSERT INTO `nv_course_kpoint` VALUES (277, 13, '古代水墨', 246, 1513319239, 1, 0, 1, '78a3e4719b6771a810921cfb91892b66', 1, 'VIDEO', '', 66.40, 0.00);
INSERT INTO `nv_course_kpoint` VALUES (278, 13, '现代素描', 247, 1513319268, 1, 0, 1, '9f6f3df0aa0653e9f98d4c1f95671381', 1, 'VIDEO', '', 10.03, 0.00);
INSERT INTO `nv_course_kpoint` VALUES (279, 11, '第二章 美学修养', 0, 1513936009, 2, 0, 0, '', 0, '', '', 0.00, 25.00);
INSERT INTO `nv_course_kpoint` VALUES (280, 11, '第三章 大师之路', 0, 1513936146, 3, 0, 0, '', 0, '', '', 0.00, 29.00);
INSERT INTO `nv_course_kpoint` VALUES (281, 11, '第二节 第二节第二节', 252, 1513936285, 1, 0, 1, 'c04599a426bcfc0b7db1450b52df20a2', 1, 'VIDEO', '', 0.00, 0.00);
INSERT INTO `nv_course_kpoint` VALUES (282, 11, '第三节 第三节第三节', 252, 1513936357, 3, 0, 1, '4387bc0c00cad9b21868bcc0262fb331', 1, 'VIDEO', '', 0.00, 0.00);
INSERT INTO `nv_course_kpoint` VALUES (283, 11, '第一节 第一节第一节', 279, 1513936376, 1, 0, 1, '4387bc0c00cad9b21868bcc0262fb331', 1, 'VIDEO', '', 0.00, 0.00);
INSERT INTO `nv_course_kpoint` VALUES (284, 11, '第二节 第二节第二节', 279, 1513936392, 2, 0, 1, 'c04599a426bcfc0b7db1450b52df20a2', 1, 'VIDEO', '', 0.00, 0.00);
INSERT INTO `nv_course_kpoint` VALUES (285, 11, '第三节 第三节第三节', 279, 1513936413, 3, 0, 1, '4387bc0c00cad9b21868bcc0262fb331', 1, 'VIDEO', '', 0.00, 0.00);
INSERT INTO `nv_course_kpoint` VALUES (286, 11, '第一节 第一节第一节', 280, 1513936428, 1, 0, 1, '4387bc0c00cad9b21868bcc0262fb331', 1, 'VIDEO', '', 0.00, 0.00);
INSERT INTO `nv_course_kpoint` VALUES (287, 11, '第二节 第二节第二节', 280, 1513936445, 2, 0, 1, 'c04599a426bcfc0b7db1450b52df20a2', 1, 'VIDEO', '', 0.00, 0.00);
INSERT INTO `nv_course_kpoint` VALUES (288, 11, '第三节 第三节第三节', 280, 1513936464, 3, 0, 1, '4387bc0c00cad9b21868bcc0262fb331', 1, 'VIDEO', '', 0.00, 0.00);
INSERT INTO `nv_course_kpoint` VALUES (289, 20, '第一章 管理学的熏陶', 0, 1514342150, 0, 0, 0, '', 0, '', '', 0.00, 10.00);
INSERT INTO `nv_course_kpoint` VALUES (290, 20, '管理学之中国名人篇', 289, 1514342232, 1, 0, 2, '4387bc0c00cad9b21868bcc0262fb331', 1, 'VIDEO', '', 66.40, 0.00);
INSERT INTO `nv_course_kpoint` VALUES (291, 20, '第二章 实战经验', 0, 1514342265, 0, 0, 0, '', 0, '', '', 0.00, 0.00);
INSERT INTO `nv_course_kpoint` VALUES (292, 20, '百闻不如一试', 291, 1514342308, 1, 0, 2, 'c04599a426bcfc0b7db1450b52df20a2', 1, 'VIDEO', '', 10.03, 0.00);
INSERT INTO `nv_course_kpoint` VALUES (293, 21, '第一章', 0, 1514369554, 0, 0, 0, '', 0, '', '', 0.00, 0.00);
INSERT INTO `nv_course_kpoint` VALUES (294, 21, '第二章', 0, 1514369575, 0, 0, 0, '', 0, '', '', 0.00, 10.00);
INSERT INTO `nv_course_kpoint` VALUES (295, 21, '第一节', 293, 1514369593, 1, 0, 2, '4387bc0c00cad9b21868bcc0262fb331', 1, 'VIDEO', '', 66.40, 0.00);
INSERT INTO `nv_course_kpoint` VALUES (296, 21, '第一节', 294, 1514369610, 1, 0, 2, 'c04599a426bcfc0b7db1450b52df20a2', 1, 'VIDEO', '', 10.03, 0.00);
INSERT INTO `nv_course_kpoint` VALUES (297, 25, '章节一', 0, 1515034064, 0, 0, 0, '', 0, '', '', 0.00, 10.00);
INSERT INTO `nv_course_kpoint` VALUES (298, 25, '5提供方5', 297, 1561195822, 0, 0, 1, '70a67e50dbad1413dfc8cbd0beeaf3da', 1, 'VIDEO', '', 0.00, 0.00);
INSERT INTO `nv_course_kpoint` VALUES (299, 25, '5提供方5', 297, 1561195838, 0, 0, 1, '70a67e50dbad1413dfc8cbd0beeaf3da', 1, 'VIDEO', '', 0.00, 0.00);
INSERT INTO `nv_course_kpoint` VALUES (300, 24, '第一章节', 0, 1562563177, 0, 0, 0, '', 0, '', '', 0.00, 9.90);
INSERT INTO `nv_course_kpoint` VALUES (301, 24, '第二章节', 0, 1562563180, 0, 0, 0, '', 0, '', '', 0.00, 9.90);
INSERT INTO `nv_course_kpoint` VALUES (302, 11, '', 252, 1562565087, 0, 0, 2, '', 1, 'VIDEO', '', 0.00, 0.00);
INSERT INTO `nv_course_kpoint` VALUES (303, 11, '', 252, 1562566463, 0, 0, 2, 'e3607fe4fd9df1d2e4a9ae7fe1c18f6d', 1, 'VIDEO', '', 0.00, 0.00);
INSERT INTO `nv_course_kpoint` VALUES (304, 23, '1', 0, 1572851165, 0, 0, 0, '', 0, '', '', 0.00, 10.00);
INSERT INTO `nv_course_kpoint` VALUES (305, 23, '', 304, 1572851181, 0, 0, 2, 'e3607fe4fd9df1d2e4a9ae7fe1c18f6d', 1, 'VIDEO', '', 0.00, 0.00);
INSERT INTO `nv_course_kpoint` VALUES (306, 23, '', 304, 1572851193, 0, 0, 2, '70a67e50dbad1413dfc8cbd0beeaf3da', 1, 'VIDEO', '', 0.00, 0.00);
INSERT INTO `nv_course_kpoint` VALUES (307, 24, '第三章节', 0, 1607912779, 0, 0, 0, '', 0, '', '', 0.00, 19.90);
INSERT INTO `nv_course_kpoint` VALUES (308, 24, '第四章节', 0, 1607912813, 0, 0, 0, '', 0, '', '', 0.00, 19.90);
INSERT INTO `nv_course_kpoint` VALUES (309, 24, '第五章节', 0, 1607912824, 0, 0, 0, '', 0, '', '', 0.00, 19.90);
INSERT INTO `nv_course_kpoint` VALUES (310, 24, '第六章节', 0, 1607912835, 0, 0, 0, '', 0, '', '', 0.00, 29.90);
INSERT INTO `nv_course_kpoint` VALUES (311, 24, '第七章节', 0, 1607912847, 0, 0, 0, '', 0, '', '', 0.00, 29.90);
INSERT INTO `nv_course_kpoint` VALUES (312, 24, '第八章节', 0, 1607912863, 0, 0, 0, '', 0, '', '', 0.00, 39.90);
INSERT INTO `nv_course_kpoint` VALUES (313, 24, '45分钟', 312, 1607912891, 0, 0, 2, '', 1, 'VIDEO', '', 0.00, 0.00);
INSERT INTO `nv_course_kpoint` VALUES (314, 24, '', 300, 1607917855, 0, 0, 1, '', 1, 'VIDEO', '', 0.00, 0.00);
INSERT INTO `nv_course_kpoint` VALUES (315, 24, '', 301, 1607917864, 0, 0, 1, '', 1, 'VIDEO', '', 0.00, 0.00);
INSERT INTO `nv_course_kpoint` VALUES (316, 25, '', 297, 1607919504, 0, 0, 1, '', 1, 'VIDEO', '', 0.00, 0.00);
INSERT INTO `nv_course_kpoint` VALUES (317, 25, '章节二', 0, 1607919529, 0, 0, 0, '', 0, '', '', 0.00, 0.00);
INSERT INTO `nv_course_kpoint` VALUES (318, 25, '', 297, 1607919643, 0, 0, 1, '', 1, 'VIDEO', '', 0.00, 0.00);
INSERT INTO `nv_course_kpoint` VALUES (319, 25, '', 297, 1607919723, 0, 0, 1, '', 1, 'VIDEO', '', 0.00, 0.00);

-- ----------------------------
-- Table structure for nv_course_teacher
-- ----------------------------
DROP TABLE IF EXISTS `nv_course_teacher`;
CREATE TABLE `nv_course_teacher`  (
  `course_id` int(11) NOT NULL DEFAULT 0 COMMENT '课程id',
  `teacher_id` int(11) NOT NULL DEFAULT 0 COMMENT '讲师id'
) ENGINE = InnoDB AVG_ROW_LENGTH = 8192 CHARACTER SET = utf8 COLLATE = utf8_general_ci COMMENT = '课程讲师关联' ROW_FORMAT = Compact;

-- ----------------------------
-- Records of nv_course_teacher
-- ----------------------------
INSERT INTO `nv_course_teacher` VALUES (29, 21);
INSERT INTO `nv_course_teacher` VALUES (30, 21);
INSERT INTO `nv_course_teacher` VALUES (25, 18);
INSERT INTO `nv_course_teacher` VALUES (24, 19);
INSERT INTO `nv_course_teacher` VALUES (23, 20);
INSERT INTO `nv_course_teacher` VALUES (22, 21);
INSERT INTO `nv_course_teacher` VALUES (22, 20);
INSERT INTO `nv_course_teacher` VALUES (21, 18);
INSERT INTO `nv_course_teacher` VALUES (20, 19);
INSERT INTO `nv_course_teacher` VALUES (19, 20);
INSERT INTO `nv_course_teacher` VALUES (18, 21);
INSERT INTO `nv_course_teacher` VALUES (17, 18);
INSERT INTO `nv_course_teacher` VALUES (15, 19);
INSERT INTO `nv_course_teacher` VALUES (13, 20);
INSERT INTO `nv_course_teacher` VALUES (11, 21);

-- ----------------------------
-- Table structure for nv_db_class
-- ----------------------------
DROP TABLE IF EXISTS `nv_db_class`;
CREATE TABLE `nv_db_class`  (
  `class_id` int(11) NOT NULL AUTO_INCREMENT,
  `class_name` varchar(50) CHARACTER SET utf8 COLLATE utf8_general_ci NOT NULL DEFAULT '' COMMENT '分类名称',
  `cover_img` varchar(255) CHARACTER SET utf8 COLLATE utf8_general_ci NOT NULL DEFAULT '' COMMENT '封面图片',
  `class_dec` varchar(255) CHARACTER SET utf8 COLLATE utf8_general_ci NOT NULL DEFAULT '' COMMENT '分类说明',
  `is_default` int(11) NOT NULL DEFAULT 0 COMMENT '是否为默认作品库',
  `sort` int(11) NOT NULL DEFAULT 0 COMMENT '排序',
  `create_time` int(11) NOT NULL DEFAULT 0 COMMENT '创建时间',
  PRIMARY KEY (`class_id`) USING BTREE
) ENGINE = InnoDB AUTO_INCREMENT = 11 AVG_ROW_LENGTH = 8192 CHARACTER SET = utf8 COLLATE = utf8_general_ci COMMENT = '作品库分类' ROW_FORMAT = Compact;

-- ----------------------------
-- Records of nv_db_class
-- ----------------------------
INSERT INTO `nv_db_class` VALUES (9, '计算机工程', 'upload/video_cover/1561195455.jpg', '有关计算机专业的视频学习资料', 1, 4, 1513405190);

-- ----------------------------
-- Table structure for nv_db_works
-- ----------------------------
DROP TABLE IF EXISTS `nv_db_works`;
CREATE TABLE `nv_db_works`  (
  `works_id` int(11) NOT NULL AUTO_INCREMENT,
  `class_id` int(11) NOT NULL DEFAULT 0 COMMENT '类型',
  `works_name` varchar(50) CHARACTER SET utf8 COLLATE utf8_general_ci NOT NULL DEFAULT '' COMMENT '视频名称',
  `works_type` int(11) NOT NULL DEFAULT 0 COMMENT '作品类型 1本地 2外部链接 3视频云',
  `works_url` varchar(255) CHARACTER SET utf8 COLLATE utf8_general_ci NOT NULL DEFAULT '' COMMENT '根据类型 1,上传路径、2为链接 3为视频码',
  `create_time` int(11) NOT NULL DEFAULT 0 COMMENT '创建时间',
  `cover_img` varchar(255) CHARACTER SET utf8 COLLATE utf8_general_ci NOT NULL DEFAULT '' COMMENT '封面图片',
  `sort` int(11) NOT NULL DEFAULT 0 COMMENT '排序',
  `file_size` decimal(10, 2) NOT NULL COMMENT '视频大小 以M为单位上传时自动转换',
  `status` int(11) NOT NULL DEFAULT 0 COMMENT '状态 0草稿 1正常 -1删除',
  `works_dec` varchar(255) CHARACTER SET utf8 COLLATE utf8_general_ci NOT NULL DEFAULT '' COMMENT '视频介绍',
  `works_code` varchar(255) CHARACTER SET utf8 COLLATE utf8_general_ci NOT NULL DEFAULT '' COMMENT '视频码',
  `time_length` decimal(10, 2) NOT NULL DEFAULT 0.00 COMMENT '时长，以秒为单位',
  `yun_code` varchar(255) CHARACTER SET utf8 COLLATE utf8_general_ci NOT NULL DEFAULT '' COMMENT '云编码',
  PRIMARY KEY (`works_id`) USING BTREE
) ENGINE = InnoDB AUTO_INCREMENT = 21 AVG_ROW_LENGTH = 8192 CHARACTER SET = utf8 COLLATE = utf8_general_ci COMMENT = '作品库作品' ROW_FORMAT = Compact;

-- ----------------------------
-- Records of nv_db_works
-- ----------------------------
INSERT INTO `nv_db_works` VALUES (18, 9, '视频录制', 1, 'upload/video/1561195721.mp4', 1561195727, 'upload/video_cover/1561195710.jpg', 0, 15.53, 1, '3.0', '70a67e50dbad1413dfc8cbd0beeaf3da', 0.00, '');

-- ----------------------------
-- Table structure for nv_goods
-- ----------------------------
DROP TABLE IF EXISTS `nv_goods`;
CREATE TABLE `nv_goods`  (
  `goods_id` int(11) NOT NULL AUTO_INCREMENT,
  `goods_name` varchar(50) CHARACTER SET utf8 COLLATE utf8_general_ci NOT NULL DEFAULT '' COMMENT '商品名称',
  `goods_price` varchar(255) CHARACTER SET utf8 COLLATE utf8_general_ci NOT NULL DEFAULT '0' COMMENT '商品价格',
  `goods_img` varchar(255) CHARACTER SET utf8 COLLATE utf8_general_ci NOT NULL DEFAULT '' COMMENT '商品主图',
  `goods_content` text CHARACTER SET utf8 COLLATE utf8_general_ci NOT NULL COMMENT '商品描述',
  `create_time` int(11) NOT NULL DEFAULT 0 COMMENT '创建时间',
  `modify_time` int(11) NOT NULL DEFAULT 0 COMMENT '修改时间',
  `class_id` int(8) NOT NULL DEFAULT 0 COMMENT '分类id',
  PRIMARY KEY (`goods_id`) USING BTREE
) ENGINE = InnoDB AUTO_INCREMENT = 1 AVG_ROW_LENGTH = 5461 CHARACTER SET = utf8 COLLATE = utf8_general_ci ROW_FORMAT = Compact;

-- ----------------------------
-- Table structure for nv_goods_class
-- ----------------------------
DROP TABLE IF EXISTS `nv_goods_class`;
CREATE TABLE `nv_goods_class`  (
  `class_id` int(8) UNSIGNED NOT NULL AUTO_INCREMENT COMMENT '商品分类id',
  `class_name` varchar(120) CHARACTER SET utf8 COLLATE utf8_general_ci NOT NULL DEFAULT '' COMMENT '商品分类名称',
  `sort` int(4) NOT NULL DEFAULT 0 COMMENT '排序',
  `pid` int(8) NOT NULL DEFAULT 0 COMMENT '父级id',
  PRIMARY KEY (`class_id`) USING BTREE
) ENGINE = InnoDB AUTO_INCREMENT = 6 AVG_ROW_LENGTH = 4096 CHARACTER SET = utf8 COLLATE = utf8_general_ci COMMENT = '商品分类表' ROW_FORMAT = Compact;

-- ----------------------------
-- Records of nv_goods_class
-- ----------------------------
INSERT INTO `nv_goods_class` VALUES (2, '测试', 1, 1);
INSERT INTO `nv_goods_class` VALUES (3, '私人订制', 2, 0);
INSERT INTO `nv_goods_class` VALUES (4, '文房雅玩', 3, 0);
INSERT INTO `nv_goods_class` VALUES (5, '书画篆刻', 1, 0);

-- ----------------------------
-- Table structure for nv_home_plate
-- ----------------------------
DROP TABLE IF EXISTS `nv_home_plate`;
CREATE TABLE `nv_home_plate`  (
  `plate_id` int(11) NOT NULL AUTO_INCREMENT,
  `plate_title` varchar(255) CHARACTER SET utf8 COLLATE utf8_general_ci NOT NULL DEFAULT '' COMMENT '板块标题',
  `plate_type` int(11) NOT NULL DEFAULT 0 COMMENT '1pc端 2手机端 3两边共用',
  `ico_img` varchar(255) CHARACTER SET utf8 COLLATE utf8_general_ci NOT NULL DEFAULT '' COMMENT '标题小图标',
  `plate_dec` varchar(255) CHARACTER SET utf8 COLLATE utf8_general_ci NOT NULL DEFAULT '' COMMENT '详细介绍',
  `size` varchar(255) CHARACTER SET utf8 COLLATE utf8_general_ci NOT NULL DEFAULT '16px' COMMENT '字体大小',
  `color` varchar(255) CHARACTER SET utf8 COLLATE utf8_general_ci NOT NULL DEFAULT '#484848' COMMENT '字体颜色',
  `more_url` varchar(255) CHARACTER SET utf8 COLLATE utf8_general_ci NOT NULL DEFAULT '' COMMENT '更多的链接地址',
  `sort` int(11) NOT NULL DEFAULT 0 COMMENT '排序',
  `relation_type` int(11) NOT NULL DEFAULT 0 COMMENT '关联类型 1课程 2套餐 3作品',
  PRIMARY KEY (`plate_id`) USING BTREE
) ENGINE = InnoDB AUTO_INCREMENT = 9 AVG_ROW_LENGTH = 8192 CHARACTER SET = utf8 COLLATE = utf8_general_ci COMMENT = '首页板块设置' ROW_FORMAT = Compact;

-- ----------------------------
-- Records of nv_home_plate
-- ----------------------------
INSERT INTO `nv_home_plate` VALUES (6, '推荐课程', 1, 'upload/image_collection/1510976890.png', '推荐课程', '16px', '#000000', '', 2, 1);
INSERT INTO `nv_home_plate` VALUES (7, '热门课程', 1, '', '热门课程', '16px', '#000000', '', 1, 1);
INSERT INTO `nv_home_plate` VALUES (8, '热门课程', 2, '', '热门课程', '15px', '#000000', 'www.niushop.com.cn', 15, 1);

-- ----------------------------
-- Table structure for nv_home_plate_works
-- ----------------------------
DROP TABLE IF EXISTS `nv_home_plate_works`;
CREATE TABLE `nv_home_plate_works`  (
  `pr_id` int(11) UNSIGNED NOT NULL AUTO_INCREMENT COMMENT '主键',
  `plate_id` int(11) NOT NULL DEFAULT 0 COMMENT '板块id',
  `relation_id` int(11) NOT NULL DEFAULT 0 COMMENT '关联id',
  `sort` int(11) NOT NULL DEFAULT 0 COMMENT '排序',
  PRIMARY KEY (`pr_id`) USING BTREE
) ENGINE = InnoDB AUTO_INCREMENT = 102 AVG_ROW_LENGTH = 1489 CHARACTER SET = utf8 COLLATE = utf8_general_ci COMMENT = '首页板块涉及的作品' ROW_FORMAT = Compact;

-- ----------------------------
-- Records of nv_home_plate_works
-- ----------------------------
INSERT INTO `nv_home_plate_works` VALUES (63, 6, 15, 0);
INSERT INTO `nv_home_plate_works` VALUES (90, 6, 11, 0);
INSERT INTO `nv_home_plate_works` VALUES (91, 6, 13, 0);
INSERT INTO `nv_home_plate_works` VALUES (92, 6, 22, 0);
INSERT INTO `nv_home_plate_works` VALUES (93, 6, 23, 2);
INSERT INTO `nv_home_plate_works` VALUES (94, 6, 19, 1);
INSERT INTO `nv_home_plate_works` VALUES (95, 7, 23, 0);
INSERT INTO `nv_home_plate_works` VALUES (96, 7, 19, 0);
INSERT INTO `nv_home_plate_works` VALUES (97, 8, 23, 0);
INSERT INTO `nv_home_plate_works` VALUES (98, 8, 19, 0);
INSERT INTO `nv_home_plate_works` VALUES (100, 7, 20, 0);
INSERT INTO `nv_home_plate_works` VALUES (101, 7, 18, 0);

-- ----------------------------
-- Table structure for nv_member
-- ----------------------------
DROP TABLE IF EXISTS `nv_member`;
CREATE TABLE `nv_member`  (
  `nv_uid` int(11) NOT NULL AUTO_INCREMENT,
  `uid` int(11) NOT NULL DEFAULT 0,
  `level_id` int(11) NOT NULL DEFAULT 0 COMMENT '等级',
  `experience` decimal(10, 2) NOT NULL DEFAULT 0.00 COMMENT '拥有经验值',
  `point` decimal(10, 2) NOT NULL DEFAULT 0.00 COMMENT '积分',
  `balance` decimal(10, 2) NOT NULL DEFAULT 0.00 COMMENT '余额',
  `study_length` decimal(10, 2) NOT NULL DEFAULT 0.00 COMMENT '学习时长',
  `follow_sum` decimal(10, 2) NOT NULL DEFAULT 0.00 COMMENT '关注数量',
  `fans` decimal(10, 2) NOT NULL DEFAULT 0.00 COMMENT '分类数量',
  PRIMARY KEY (`nv_uid`) USING BTREE
) ENGINE = InnoDB AUTO_INCREMENT = 1 CHARACTER SET = utf8 COLLATE = utf8_general_ci COMMENT = '会员信息' ROW_FORMAT = Compact;

-- ----------------------------
-- Table structure for nv_member_collection
-- ----------------------------
DROP TABLE IF EXISTS `nv_member_collection`;
CREATE TABLE `nv_member_collection`  (
  `collection_id` int(11) NOT NULL AUTO_INCREMENT,
  `uid` int(11) NOT NULL DEFAULT 0,
  `type` int(11) NOT NULL DEFAULT 0 COMMENT '收藏类型 1课程 2套餐 3视频',
  `relation_id` int(11) NOT NULL DEFAULT 0 COMMENT '关联id',
  `title` varchar(255) CHARACTER SET utf8 COLLATE utf8_general_ci NOT NULL DEFAULT '' COMMENT '标题',
  `cover_img` varchar(255) CHARACTER SET utf8 COLLATE utf8_general_ci NOT NULL DEFAULT '' COMMENT '封面图',
  `price` decimal(19, 2) NOT NULL DEFAULT 0.00 COMMENT '价钱',
  `label_id` int(11) NOT NULL DEFAULT 0 COMMENT '收藏标签id',
  `create_time` int(11) NOT NULL DEFAULT 0 COMMENT '收藏时间',
  `dec` varchar(120) CHARACTER SET utf8 COLLATE utf8_general_ci NOT NULL COMMENT '简介',
  PRIMARY KEY (`collection_id`) USING BTREE
) ENGINE = InnoDB AUTO_INCREMENT = 118 AVG_ROW_LENGTH = 1638 CHARACTER SET = utf8 COLLATE = utf8_general_ci COMMENT = '会员收藏' ROW_FORMAT = Compact;

-- ----------------------------
-- Records of nv_member_collection
-- ----------------------------
INSERT INTO `nv_member_collection` VALUES (21, 79, 1, 12, '【颜真卿自书告身】教学视频', 'upload/common/1511177678.png', 99.00, 0, 1511439803, '');
INSERT INTO `nv_member_collection` VALUES (22, 79, 1, 11, '【孟法师碑】教学视频', 'upload/common/1511177400.png', 0.01, 0, 1511440020, '');
INSERT INTO `nv_member_collection` VALUES (33, 1, 1, 7, '从一二三开始', 'upload/common/1511838757.png', 254.00, 0, 1511927641, '');
INSERT INTO `nv_member_collection` VALUES (39, 1, 1, 10, '高中零基础怎样学好音乐', 'upload/common/1510914169.jpg', 0.01, 0, 1512183041, '');
INSERT INTO `nv_member_collection` VALUES (71, 1, 1, 11, '【孟法师碑】教学视频', 'http://p0bntmyzp.bkt.clouddn.com/5d571030a8ae9ce7b2ff89ee16caaa5e', 0.00, 0, 1512700543, '');
INSERT INTO `nv_member_collection` VALUES (74, 1, 2, 10, '大学套餐', 'upload/common/1512542753.png', 160.00, 0, 1512725440, '');
INSERT INTO `nv_member_collection` VALUES (95, 80, 1, 11, '【孟法师碑】教学视频', 'http://p0bntmyzp.bkt.clouddn.com/5d571030a8ae9ce7b2ff89ee16caaa5e', 0.00, 0, 1513128076, '孟法师碑讲解全套视频');
INSERT INTO `nv_member_collection` VALUES (102, 6, 1, 13, '编程语言的原理', 'http://p0bntmyzp.bkt.clouddn.com/ed51087e644e60b315d9b673fb340b35', 88.00, 0, 1513855771, '编程语言的原理');
INSERT INTO `nv_member_collection` VALUES (107, 6, 2, 23, '', '', 0.00, 0, 1513997642, '');
INSERT INTO `nv_member_collection` VALUES (108, 1, 2, 11, '', '', 0.00, 0, 1514165193, '');
INSERT INTO `nv_member_collection` VALUES (111, 82, 2, 6, '零基础学外语套餐', 'http://p0bntmyzp.bkt.clouddn.com/150a9969a27da68fdcf035f408016e68', 100.00, 0, 1514169029, '零基础学外语，和老外面对面交流。零基础学外语，和老外面对面交流。');
INSERT INTO `nv_member_collection` VALUES (113, 82, 1, 11, '设计学与美学的结合', 'http://p0bntmyzp.bkt.clouddn.com/0487b3a8c3e3072ec13cda94a34164a0', 188.00, 0, 1514169275, '设计学与美学的结合');
INSERT INTO `nv_member_collection` VALUES (114, 83, 1, 11, '设计学与美学的结合', 'http://p0bntmyzp.bkt.clouddn.com/0487b3a8c3e3072ec13cda94a34164a0', 188.00, 0, 1514450953, '设计学与美学的结合');
INSERT INTO `nv_member_collection` VALUES (115, 1, 2, 6, '零基础学外语套餐', 'http://p0bntmyzp.bkt.clouddn.com/150a9969a27da68fdcf035f408016e68', 100.00, 0, 1514537933, '零基础学外语，和老外面对面交流。零基础学外语，和老外面对面交流。');
INSERT INTO `nv_member_collection` VALUES (117, 7, 1, 15, '高级程序开发教程', 'upload/common/1607572578.png', 188.00, 0, 1607592902, '高级程序开发教程');

-- ----------------------------
-- Table structure for nv_member_coupon
-- ----------------------------
DROP TABLE IF EXISTS `nv_member_coupon`;
CREATE TABLE `nv_member_coupon`  (
  `mc_id` int(11) UNSIGNED NOT NULL AUTO_INCREMENT,
  `uid` int(11) NOT NULL DEFAULT 0 COMMENT '会员id',
  `coupon_id` int(11) NOT NULL DEFAULT 0 COMMENT '优惠劵id',
  `status` int(11) NOT NULL DEFAULT 0 COMMENT '状态 0未使用 1已使用 -1已过期',
  `end_time` int(11) NOT NULL DEFAULT 0 COMMENT '过期时间',
  `create_time` int(11) NOT NULL DEFAULT 0 COMMENT '领取时间',
  PRIMARY KEY (`mc_id`) USING BTREE
) ENGINE = InnoDB AUTO_INCREMENT = 25 AVG_ROW_LENGTH = 1024 CHARACTER SET = utf8 COLLATE = utf8_general_ci COMMENT = '会员拥有的优惠劵' ROW_FORMAT = Compact;

-- ----------------------------
-- Records of nv_member_coupon
-- ----------------------------
INSERT INTO `nv_member_coupon` VALUES (1, 6, 3, -1, 1511426270, 1511340814);
INSERT INTO `nv_member_coupon` VALUES (3, 6, 2, -1, 1515661040, 1511341040);
INSERT INTO `nv_member_coupon` VALUES (8, 1, 2, -1, 1515731805, 1511411805);
INSERT INTO `nv_member_coupon` VALUES (9, 79, 4, -1, 1511523358, 1511436958);
INSERT INTO `nv_member_coupon` VALUES (10, 6, 4, -1, 1511576117, 1511489717);
INSERT INTO `nv_member_coupon` VALUES (11, 6, 5, -1, 1511609961, 1511489722);
INSERT INTO `nv_member_coupon` VALUES (12, 6, 6, -1, 1511496250, 1511496283);
INSERT INTO `nv_member_coupon` VALUES (13, 1, 9, -1, 1512282620, 1511764220);
INSERT INTO `nv_member_coupon` VALUES (14, 1, 15, -1, 1513661826, 1511933826);
INSERT INTO `nv_member_coupon` VALUES (15, 1, 14, -1, 1512538132, 1511939185);
INSERT INTO `nv_member_coupon` VALUES (16, 1, 16, -1, 1512803494, 1511939494);
INSERT INTO `nv_member_coupon` VALUES (17, 6, 16, -1, 1512898633, 1512034633);
INSERT INTO `nv_member_coupon` VALUES (18, 6, 15, -1, 1514368582, 1512640582);
INSERT INTO `nv_member_coupon` VALUES (19, 80, 17, -1, 1513410737, 1512805937);
INSERT INTO `nv_member_coupon` VALUES (20, 80, 18, -1, 1513495852, 1512805942);
INSERT INTO `nv_member_coupon` VALUES (21, 80, 19, -1, 1514457512, 1512815949);
INSERT INTO `nv_member_coupon` VALUES (22, 6, 19, -1, 1514457512, 1513911159);
INSERT INTO `nv_member_coupon` VALUES (23, 6, 20, -1, 1514519598, 1513911221);
INSERT INTO `nv_member_coupon` VALUES (24, 6, 21, -1, 1515639525, 1513911525);

-- ----------------------------
-- Table structure for nv_member_course_discuss
-- ----------------------------
DROP TABLE IF EXISTS `nv_member_course_discuss`;
CREATE TABLE `nv_member_course_discuss`  (
  `discuss_id` int(11) NOT NULL AUTO_INCREMENT,
  `course_id` int(11) NOT NULL DEFAULT 0 COMMENT '课程id',
  `kpoint_id` int(11) NOT NULL DEFAULT 0 COMMENT '目录id',
  `uid` int(11) NOT NULL DEFAULT 0 COMMENT '会员id',
  `create_time` int(11) NOT NULL DEFAULT 0 COMMENT '发表时间',
  `discuss_text` varchar(255) CHARACTER SET utf8 COLLATE utf8_general_ci NOT NULL DEFAULT '' COMMENT '发布内容',
  PRIMARY KEY (`discuss_id`) USING BTREE
) ENGINE = InnoDB AUTO_INCREMENT = 6 AVG_ROW_LENGTH = 5461 CHARACTER SET = utf8 COLLATE = utf8_general_ci COMMENT = '会员课程讨论' ROW_FORMAT = Compact;

-- ----------------------------
-- Records of nv_member_course_discuss
-- ----------------------------
INSERT INTO `nv_member_course_discuss` VALUES (1, 1, 19, 1, 1510826629, '111');
INSERT INTO `nv_member_course_discuss` VALUES (2, 1, 19, 1, 1510827255, '11');
INSERT INTO `nv_member_course_discuss` VALUES (3, 1, 20, 7, 1511000027, '111');
INSERT INTO `nv_member_course_discuss` VALUES (4, 11, 253, 6, 1512006105, '123');
INSERT INTO `nv_member_course_discuss` VALUES (5, 25, 298, 87, 1573800994, 'sadsad');

-- ----------------------------
-- Table structure for nv_member_dianzan_record
-- ----------------------------
DROP TABLE IF EXISTS `nv_member_dianzan_record`;
CREATE TABLE `nv_member_dianzan_record`  (
  `zan_id` int(11) NOT NULL AUTO_INCREMENT,
  `type` int(11) NOT NULL DEFAULT 0 COMMENT '点赞类型 1评论 2套餐 3课程 4作品',
  `uid` int(11) NOT NULL DEFAULT 0 COMMENT '点赞人',
  `relation_id` int(11) NOT NULL DEFAULT 0 COMMENT '关联id',
  `create_time` int(11) NOT NULL DEFAULT 0 COMMENT '点赞时间',
  `give_point` decimal(10, 2) NOT NULL DEFAULT 0.00 COMMENT '赠送积分',
  PRIMARY KEY (`zan_id`) USING BTREE
) ENGINE = InnoDB AUTO_INCREMENT = 30 AVG_ROW_LENGTH = 712 CHARACTER SET = utf8 COLLATE = utf8_general_ci COMMENT = '会员点赞记录' ROW_FORMAT = Compact;

-- ----------------------------
-- Records of nv_member_dianzan_record
-- ----------------------------
INSERT INTO `nv_member_dianzan_record` VALUES (1, 1, 6, 33, 1512100880, 0.00);
INSERT INTO `nv_member_dianzan_record` VALUES (2, 1, 6, 29, 1512100885, 0.00);
INSERT INTO `nv_member_dianzan_record` VALUES (3, 1, 6, 29, 1512100896, 0.00);
INSERT INTO `nv_member_dianzan_record` VALUES (4, 1, 6, 33, 1512101144, 0.00);
INSERT INTO `nv_member_dianzan_record` VALUES (5, 1, 6, 33, 1512101154, 0.00);
INSERT INTO `nv_member_dianzan_record` VALUES (6, 1, 6, 29, 1512101169, 0.00);
INSERT INTO `nv_member_dianzan_record` VALUES (7, 1, 6, 14, 1512101172, 0.00);
INSERT INTO `nv_member_dianzan_record` VALUES (8, 1, 6, 37, 1512101205, 0.00);
INSERT INTO `nv_member_dianzan_record` VALUES (9, 1, 6, 39, 1512101431, 0.00);
INSERT INTO `nv_member_dianzan_record` VALUES (10, 1, 6, 33, 1512101668, 0.00);
INSERT INTO `nv_member_dianzan_record` VALUES (11, 1, 6, 38, 1512101680, 0.00);
INSERT INTO `nv_member_dianzan_record` VALUES (12, 1, 6, 36, 1512102415, 0.00);
INSERT INTO `nv_member_dianzan_record` VALUES (13, 1, 6, 34, 1512102643, 0.00);
INSERT INTO `nv_member_dianzan_record` VALUES (14, 1, 6, 40, 1512109166, 0.00);
INSERT INTO `nv_member_dianzan_record` VALUES (15, 1, 6, 41, 1512109183, 0.00);
INSERT INTO `nv_member_dianzan_record` VALUES (16, 1, 6, 42, 1512109233, 0.00);
INSERT INTO `nv_member_dianzan_record` VALUES (17, 1, 6, 45, 1512109858, 0.00);
INSERT INTO `nv_member_dianzan_record` VALUES (18, 1, 1, 53, 1512698756, 0.00);
INSERT INTO `nv_member_dianzan_record` VALUES (19, 1, 1, 54, 1512698796, 0.00);
INSERT INTO `nv_member_dianzan_record` VALUES (20, 1, 1, 52, 1512698839, 0.00);
INSERT INTO `nv_member_dianzan_record` VALUES (21, 1, 1, 55, 1512699000, 0.00);
INSERT INTO `nv_member_dianzan_record` VALUES (22, 1, 1, 57, 1512725362, 0.00);
INSERT INTO `nv_member_dianzan_record` VALUES (23, 2, 80, 59, 1512958206, 0.00);
INSERT INTO `nv_member_dianzan_record` VALUES (24, 2, 1, 59, 1514537945, 0.00);
INSERT INTO `nv_member_dianzan_record` VALUES (25, 0, 0, 0, 1572197177, 0.00);
INSERT INTO `nv_member_dianzan_record` VALUES (26, 0, 0, 0, 1576232571, 0.00);
INSERT INTO `nv_member_dianzan_record` VALUES (27, 0, 0, 0, 1600304351, 0.00);
INSERT INTO `nv_member_dianzan_record` VALUES (28, 0, 0, 0, 1602797035, 0.00);
INSERT INTO `nv_member_dianzan_record` VALUES (29, 0, 0, 0, 1603307509, 0.00);

-- ----------------------------
-- Table structure for nv_member_evaluate
-- ----------------------------
DROP TABLE IF EXISTS `nv_member_evaluate`;
CREATE TABLE `nv_member_evaluate`  (
  `evaluate_id` int(10) UNSIGNED NOT NULL AUTO_INCREMENT COMMENT '主键id',
  `uid` int(11) NOT NULL DEFAULT 0 COMMENT '评价人uid',
  `relation_type` int(11) NOT NULL DEFAULT 1 COMMENT '关联类型 1课程 2套餐 3视频 4文章',
  `relation_id` int(11) NOT NULL DEFAULT 0 COMMENT '关联id',
  `evaluate_text` varchar(255) CHARACTER SET utf8 COLLATE utf8_general_ci NOT NULL DEFAULT '' COMMENT '评价内容',
  `create_time` int(11) NOT NULL DEFAULT 0 COMMENT '评价时间',
  `is_show` int(11) NOT NULL DEFAULT 1 COMMENT '是否显示 1显示 0隐藏',
  `user_name` varchar(50) CHARACTER SET utf8 COLLATE utf8_general_ci NOT NULL DEFAULT '' COMMENT '评价人名称',
  `user_head_img` varchar(255) CHARACTER SET utf8 COLLATE utf8_general_ci NOT NULL DEFAULT '' COMMENT '评价人头像',
  `spot_praise_num` int(11) NOT NULL DEFAULT 0 COMMENT '点赞次数',
  `reply_evaluate` int(11) NOT NULL DEFAULT 0 COMMENT '回复的评论id 如果为评论就为0',
  `reply_count` int(11) NOT NULL DEFAULT 0 COMMENT '评论被回复的次数',
  PRIMARY KEY (`evaluate_id`) USING BTREE
) ENGINE = InnoDB AUTO_INCREMENT = 78 AVG_ROW_LENGTH = 282 CHARACTER SET = utf8 COLLATE = utf8_general_ci COMMENT = '套餐或视频评价' ROW_FORMAT = Compact;

-- ----------------------------
-- Records of nv_member_evaluate
-- ----------------------------
INSERT INTO `nv_member_evaluate` VALUES (1, 1, 1, 10, '阿萨德发送发放的', 1511176868, 0, 'admin', 'upload/avator/20171120124323905.jpg', 0, 0, 3);
INSERT INTO `nv_member_evaluate` VALUES (2, 1, 1, 10, '阿萨德发送到发射点发司法所地方', 1511176878, 0, 'admin', 'upload/avator/20171120124323905.jpg', 0, 0, 0);
INSERT INTO `nv_member_evaluate` VALUES (3, 1, 1, 0, '阿萨德发送到发射的', 1511176957, 0, 'admin', 'upload/avator/20171120124323905.jpg', 0, 0, 0);
INSERT INTO `nv_member_evaluate` VALUES (4, 1, 1, 10, 'sadfasdfasfdadfasf', 1511227055, 0, 'admin', 'upload/avator/20171120124323905.jpg', 0, 0, 0);
INSERT INTO `nv_member_evaluate` VALUES (5, 1, 1, 10, 'asdfasdfasdfasdfas', 1511227093, 1, 'admin', 'upload/avator/20171120124323905.jpg', 0, 0, 0);
INSERT INTO `nv_member_evaluate` VALUES (6, 1, 1, 10, 'asdfasdfqwrqwerasdfavavzxcvzxv', 1511227199, 1, 'admin', 'upload/avator/20171120124323905.jpg', 0, 0, 0);
INSERT INTO `nv_member_evaluate` VALUES (7, 1, 1, 10, 'asdfasdfqwrqwerasdfavavzxcvzxvqwerqwerqwer', 1511227240, 1, 'admin', 'upload/avator/20171120124323905.jpg', 0, 0, 0);
INSERT INTO `nv_member_evaluate` VALUES (8, 1, 1, 11, '121212121', 1511313745, 0, 'admin', 'upload/avator/201711211100137.jpg', 0, 0, 0);
INSERT INTO `nv_member_evaluate` VALUES (9, 1, 1, 11, '5454545454545', 1511313752, 0, 'admin', 'upload/avator/201711211100137.jpg', 0, 0, 0);
INSERT INTO `nv_member_evaluate` VALUES (10, 1, 1, 11, '7878787878', 1511313760, 0, 'admin', 'upload/avator/201711211100137.jpg', 0, 0, 0);
INSERT INTO `nv_member_evaluate` VALUES (11, 1, 1, 11, '12121221212', 1511314125, 0, 'admin', 'upload/avator/201711211100137.jpg', 0, 0, 0);
INSERT INTO `nv_member_evaluate` VALUES (12, 1, 1, 11, '454545454', 1511314576, 0, 'admin', 'upload/avator/201711211100137.jpg', 0, 0, 0);
INSERT INTO `nv_member_evaluate` VALUES (13, 1, 1, 11, '454545454', 1511314580, 0, 'admin', 'upload/avator/201711211100137.jpg', 0, 0, 0);
INSERT INTO `nv_member_evaluate` VALUES (14, 1, 1, 11, 'sdfgsvxcbvxcbxcbv', 1511314604, 1, 'admin', 'upload/avator/201711211100137.jpg', 1, 0, 0);
INSERT INTO `nv_member_evaluate` VALUES (15, 1, 1, 13, '121211', 1511417252, 0, 'admin', 'upload/avator/201711231234072394.jpg', 0, 0, 0);
INSERT INTO `nv_member_evaluate` VALUES (16, 1, 1, 10, '1212121', 1511430578, 0, 'admin', 'upload/avator/201711231234072394.jpg', 0, 0, 0);
INSERT INTO `nv_member_evaluate` VALUES (17, 1, 1, 10, '78787887878787', 1511430658, 1, 'admin', 'upload/avator/201711231234072394.jpg', 0, 0, 0);
INSERT INTO `nv_member_evaluate` VALUES (18, 1, 1, 10, 'asdfasdfasfsd', 1511431218, 0, 'admin', 'upload/avator/201711231234072394.jpg', 0, 0, 0);
INSERT INTO `nv_member_evaluate` VALUES (19, 1, 1, 10, 'ASDFASDFASDF', 1511434271, 1, 'admin', 'upload/avator/201711231234072394.jpg', 0, 1, 0);
INSERT INTO `nv_member_evaluate` VALUES (20, 1, 1, 10, 'asdfasdfasdfasdf', 1511434484, 1, 'admin', 'upload/avator/201711231234072394.jpg', 0, 1, 0);
INSERT INTO `nv_member_evaluate` VALUES (21, 1, 1, 10, 'asdfasdfadsf', 1511435196, 1, 'admin', 'upload/avator/201711231234072394.jpg', 0, 0, 0);
INSERT INTO `nv_member_evaluate` VALUES (22, 1, 1, 5, '4444444444444444444', 1511435504, 1, 'admin', 'upload/avator/201711231234072394.jpg', 0, 0, 0);
INSERT INTO `nv_member_evaluate` VALUES (23, 1, 1, 10, 'asdfasdfa sf', 1511435613, 1, 'admin', 'upload/avator/201711231234072394.jpg', 0, 0, 0);
INSERT INTO `nv_member_evaluate` VALUES (24, 1, 1, 10, '阿三的发生大幅度奥斯丁发射点法阿萨斯大是大非撒旦发生的发生奥斯丁发射点法', 1511436202, 1, 'admin', 'upload/avator/201711231234072394.jpg', 0, 0, 0);
INSERT INTO `nv_member_evaluate` VALUES (25, 1, 1, 10, '阿斯蒂芬撒地方撒旦发生的发生大幅啊沙发上大是大非撒旦发生的发生大幅', 1511436333, 1, 'admin', 'upload/avator/201711231234072394.jpg', 0, 0, 0);
INSERT INTO `nv_member_evaluate` VALUES (26, 1, 1, 10, '阿三打法上大三大四的撒旦发生的发生大幅撒旦发生的发生', 1511436504, 1, 'admin', 'upload/avator/201711231234072394.jpg', 0, 0, 0);
INSERT INTO `nv_member_evaluate` VALUES (27, 1, 1, 10, '111', 1511436598, 1, 'admin', 'upload/avator/201711231234072394.jpg', 0, 0, 0);
INSERT INTO `nv_member_evaluate` VALUES (28, 1, 1, 10, '真是不错的视频，得多看几遍才行。', 1511491593, 1, 'admin', 'upload/avator/1511491500.jpg', 0, 0, 0);
INSERT INTO `nv_member_evaluate` VALUES (29, 6, 1, 11, '111', 1511492175, 1, 'lzw', '', 3, 0, 1);
INSERT INTO `nv_member_evaluate` VALUES (30, 1, 1, 6, '法师发放给', 1511522651, 1, 'admin', 'upload/avator/1511491500.jpg', 0, 0, 0);
INSERT INTO `nv_member_evaluate` VALUES (31, 1, 1, 6, '山东分公司的分公司的风格v', 1511523064, 1, 'admin', 'upload/avator/1511491500.jpg', 0, 0, 0);
INSERT INTO `nv_member_evaluate` VALUES (32, 1, 1, 5, '这下就好了', 1511779194, 1, 'admin', 'upload/avator/1511573191.jpg', 0, 0, 0);
INSERT INTO `nv_member_evaluate` VALUES (33, 6, 1, 11, '一撒娇的好伐啦啥地方拉黑色镂空雕花发号施令快递费', 1512092632, 1, 'lzw', 'upload/avator/201712010940363333.png', 4, 0, 4);
INSERT INTO `nv_member_evaluate` VALUES (34, 6, 1, 11, '', 1512094406, 1, 'lzw', 'upload/avator/201712010940363333.png', 1, 33, 1);
INSERT INTO `nv_member_evaluate` VALUES (35, 6, 1, 11, '123456789', 1512094582, 1, 'lzw', 'upload/avator/201712010940363333.png', 0, 34, 0);
INSERT INTO `nv_member_evaluate` VALUES (36, 6, 1, 11, '厉害啥地方拉啥地方拉啥地方拉v', 1512095474, 1, 'lzw', 'upload/avator/201712010940363333.png', 1, 33, 0);
INSERT INTO `nv_member_evaluate` VALUES (37, 6, 1, 11, '是吗？', 1512096340, 1, 'lzw', 'upload/avator/201712010940363333.png', 1, 29, 0);
INSERT INTO `nv_member_evaluate` VALUES (38, 6, 1, 11, '测试数据1', 1512100045, 1, 'lzw', 'upload/avator/201712010940363333.png', 1, 33, 0);
INSERT INTO `nv_member_evaluate` VALUES (39, 6, 1, 11, '再次测试', 1512100230, 1, 'lzw', 'upload/avator/201712010940363333.png', 1, 33, 0);
INSERT INTO `nv_member_evaluate` VALUES (40, 6, 1, 11, '1111111111', 1512109120, 1, 'lzw', 'upload/avator/201712010940363333.png', 1, 0, 3);
INSERT INTO `nv_member_evaluate` VALUES (41, 6, 1, 11, '2222222', 1512109179, 1, 'lzw', 'upload/avator/201712010940363333.png', 1, 40, 0);
INSERT INTO `nv_member_evaluate` VALUES (42, 6, 1, 11, '3333333', 1512109203, 1, 'lzw', 'upload/avator/201712010940363333.png', 1, 40, 0);
INSERT INTO `nv_member_evaluate` VALUES (43, 6, 1, 11, '4444444', 1512109594, 1, 'lzw', 'upload/avator/201712010940363333.png', 0, 40, 0);
INSERT INTO `nv_member_evaluate` VALUES (44, 6, 1, 11, '5555555', 1512109651, 1, 'lzw', 'upload/avator/201712010940363333.png', 0, 0, 0);
INSERT INTO `nv_member_evaluate` VALUES (45, 6, 1, 11, '6666666', 1512109853, 1, 'lzw', 'upload/avator/201712010940363333.png', 1, 0, 0);
INSERT INTO `nv_member_evaluate` VALUES (48, 6, 1, 12, '123', 1512377198, 1, 'lzw', 'upload/avator/201712010940363333.png', 0, 0, 0);
INSERT INTO `nv_member_evaluate` VALUES (49, 6, 1, 12, '345', 1512377276, 1, 'lzw', 'upload/avator/201712010940363333.png', 0, 0, 0);
INSERT INTO `nv_member_evaluate` VALUES (50, 1, 1, 11, '2112', 1512454801, 1, 'admin', 'upload/avator/1511573191.jpg', 0, 0, 0);
INSERT INTO `nv_member_evaluate` VALUES (51, 1, 1, 11, '111', 1512456168, 1, 'admin1235', 'upload/avator/1511573191.jpg', 0, 0, 1);
INSERT INTO `nv_member_evaluate` VALUES (52, 1, 1, 15, '大师风范 国学精粹', 1512697736, 1, 'admin1235', 'upload/avator/1511573191.jpg', 1, 0, 0);
INSERT INTO `nv_member_evaluate` VALUES (53, 1, 1, 15, '测试1', 1512697796, 1, 'admin1235', 'upload/avator/1511573191.jpg', 1, 0, 0);
INSERT INTO `nv_member_evaluate` VALUES (54, 1, 1, 15, '测试2', 1512698787, 1, 'admin1235', 'upload/avator/1511573191.jpg', 1, 0, 1);
INSERT INTO `nv_member_evaluate` VALUES (55, 1, 1, 15, '你要做什么', 1512698978, 1, 'admin1235', 'upload/avator/1511573191.jpg', 1, 54, 0);
INSERT INTO `nv_member_evaluate` VALUES (56, 1, 2, 10, '一次成功', 1512724077, 1, 'admin', 'upload/avator/1511573191.jpg', 0, 0, 0);
INSERT INTO `nv_member_evaluate` VALUES (57, 1, 2, 10, '第二次能够成功？', 1512724586, 1, 'admin', 'upload/avator/1511573191.jpg', 1, 0, 1);
INSERT INTO `nv_member_evaluate` VALUES (58, 1, 2, 10, '哈哈哈哈哈', 1512725230, 1, 'admin', 'upload/avator/1511573191.jpg', 0, 57, 0);
INSERT INTO `nv_member_evaluate` VALUES (59, 80, 2, 6, '123', 1512958203, 1, 'zhl', 'upload/avator/201712110925581317.png', 0, 0, 0);
INSERT INTO `nv_member_evaluate` VALUES (60, 1, 1, 15, '已知最古老的绘画位于法国肖维岩洞（Grotte Chauvet），部分历史学家认为它可以追溯至32000年前。那些画经由红赭石（red ochre）和黑色颜料作雕刻及绘画，主题有马、犀牛、狮子、水牛、猛犸象或是打猎归来的人类。石洞壁画在世界各地均十分常见，例如法国、西班牙、葡萄牙、中国、澳大利亚及印度等。', 1513564891, 1, 'admin', 'upload/avator/1511573191.jpg', 0, 0, 1);
INSERT INTO `nv_member_evaluate` VALUES (61, 1, 4, 24, '12121', 1513567624, 1, 'admin', 'upload/avator/1511573191.jpg', 0, 0, 0);
INSERT INTO `nv_member_evaluate` VALUES (62, 1, 4, 24, '45454', 1513567803, 1, 'admin', 'upload/avator/1511573191.jpg', 0, 0, 0);
INSERT INTO `nv_member_evaluate` VALUES (63, 80, 1, 15, '123456789', 1513735916, 1, 'zhl', 'upload/avator/201712110925581317.png', 0, 0, 1);
INSERT INTO `nv_member_evaluate` VALUES (64, 80, 1, 15, '987654321', 1513735984, 1, 'zhl', 'upload/avator/201712110925581317.png', 0, 1, 0);
INSERT INTO `nv_member_evaluate` VALUES (65, 80, 1, 15, '999988887777', 1513736168, 1, 'zhl', 'upload/avator/201712110925581317.png', 0, 60, 0);
INSERT INTO `nv_member_evaluate` VALUES (66, 80, 1, 15, '该方法通过CSS样式将元素从一个状态改变为另一个状态。CSS属性值是逐渐改变的，这样就可以创建动画效果。\n只有数字值可创建动画（比如 &quot;margin:30px&quot;）。字符串值无法创建动画（比如 &quot;background-color:red&quot;）。\n注释：使用 &quot;+=&quot; 或 &quot;-=&quot; 来创建相对动画（relative animations）。', 1513738829, 1, 'zhl', 'upload/avator/201712110925581317.png', 0, 0, 2);
INSERT INTO `nv_member_evaluate` VALUES (67, 80, 1, 15, '必需。规定产生动画效果的 CSS 样式和值。\n可能的 CSS 样式值（提供实例）：', 1513738863, 1, 'zhl', 'upload/avator/201712110925581317.png', 0, 66, 0);
INSERT INTO `nv_member_evaluate` VALUES (68, 80, 1, 15, '$(&quot;#reply-&quot;+reply_id)$(&quot;#reply-&quot;+reply_id)$(&quot;#reply-&quot;+reply_id)', 1513739055, 1, 'zhl', 'upload/avator/201712110925581317.png', 0, 63, 0);
INSERT INTO `nv_member_evaluate` VALUES (69, 80, 1, 15, '汽车之家为汽车消费者提供选车、买车、用车、换车等所有环节的全面、准确、快捷的一站式服务。汽车之家致力于通过产品服务、数据技术、生态规则和资源为用户和客户赋能，建设“车媒体、车电商、车金融、车生活”4个圈、从“基于内容的垂直领域公司”转型升级为“基于数据技术的‘汽车’公司”。', 1513739911, 1, 'zhl', 'upload/avator/201712110925581317.png', 0, 0, 0);
INSERT INTO `nv_member_evaluate` VALUES (70, 80, 1, 15, '汽车之家为汽车消费者提供选车、买车、用车、换车等所有环节的全面、准确、快捷的一站式服务。汽车之家致力于通过产品服务、数据技术、生态规则和资源为用户和客户赋能，建设“车媒体、车电商、车金融、', 1513739995, 1, 'zhl', 'upload/avator/201712110925581317.png', 0, 0, 1);
INSERT INTO `nv_member_evaluate` VALUES (71, 80, 1, 15, '汽车之家为汽车消费者提供选车、买车、用车、换车等所有环节的全面、准确、快捷的一站式服', 1513740051, 1, 'zhl', 'upload/avator/201712110925581317.png', 0, 70, 0);
INSERT INTO `nv_member_evaluate` VALUES (72, 80, 1, 15, '汽车之家为汽车消费者提供选车、买车、用车、换车等所有环节的全面、准确', 1513740127, 1, 'zhl', 'upload/avator/201712110925581317.png', 0, 66, 0);
INSERT INTO `nv_member_evaluate` VALUES (73, 6, 1, 11, '好看的视频好看的视频好看的视频好看的视频好看的视频好看的视频好看的视频好看的视频好看的视频好看的视频好看的视频好看的视频好看的视频好看的视频好看的视频好看的视频好看的视频', 1513996977, 1, 'lzw111', 'http://p0bntmyzp.bkt.clouddn.com/51e61442915c58b7dec985a2d5f2ea4b', 0, 0, 0);
INSERT INTO `nv_member_evaluate` VALUES (74, 6, 1, 11, '评论好少，应该多一点自己的感受。', 1513998064, 1, 'lzw111', 'http://p0bntmyzp.bkt.clouddn.com/51e61442915c58b7dec985a2d5f2ea4b', 0, 51, 0);
INSERT INTO `nv_member_evaluate` VALUES (75, 6, 1, 13, '感觉自己有学会了不少知识', 1514011674, 1, 'lzw111', 'http://p0bntmyzp.bkt.clouddn.com/51e61442915c58b7dec985a2d5f2ea4b', 0, 0, 0);
INSERT INTO `nv_member_evaluate` VALUES (76, 6, 1, 13, '指定属于其父元素的最后一个子元素的 p 元素的背景色指定属于其父元素的最后一个子元素的 p 元素的背景色指定属于其父元素的最后一个子元素的 p 元素的背景色', 1514012107, 1, 'lzw111', 'http://p0bntmyzp.bkt.clouddn.com/51e61442915c58b7dec985a2d5f2ea4b', 0, 0, 1);
INSERT INTO `nv_member_evaluate` VALUES (77, 6, 1, 13, '指定属于其父元素的最后一个子元素的 p 元素的背景色', 1514012127, 1, 'lzw111', 'http://p0bntmyzp.bkt.clouddn.com/51e61442915c58b7dec985a2d5f2ea4b', 0, 76, 0);

-- ----------------------------
-- Table structure for nv_member_have
-- ----------------------------
DROP TABLE IF EXISTS `nv_member_have`;
CREATE TABLE `nv_member_have`  (
  `have_id` int(11) NOT NULL AUTO_INCREMENT,
  `uid` int(11) NOT NULL DEFAULT 0 COMMENT '会员id',
  `relation_type` int(11) NOT NULL DEFAULT 0 COMMENT '关联类型 1课程 2套餐',
  `relation_id` int(11) NOT NULL DEFAULT 0 COMMENT '关联id',
  `status` int(11) NOT NULL DEFAULT 0 COMMENT '学习状态 0已参加 1学习中 2学习完成 -1已过期',
  `create_time` int(11) NOT NULL DEFAULT 0 COMMENT '添加日期',
  `status_time` int(11) NOT NULL DEFAULT 0 COMMENT '状态日期 也可当最近学习日期',
  `end_time` int(11) NOT NULL DEFAULT 0 COMMENT '过期时间',
  `study_rate` decimal(10, 2) NOT NULL DEFAULT 0.00 COMMENT '学习进度百分比',
  `parent_id` int(11) NOT NULL DEFAULT 0 COMMENT '父级拥有id',
  `max_kpoint_id` int(11) NOT NULL DEFAULT 0 COMMENT '购买所得的最大的课程目录id',
  `course_time_length` decimal(10, 2) NOT NULL DEFAULT 0.00 COMMENT '课程时长',
  `kpoint_id` varchar(255) CHARACTER SET utf8 COLLATE utf8_general_ci NOT NULL DEFAULT '' COMMENT '课程章节ID',
  PRIMARY KEY (`have_id`) USING BTREE
) ENGINE = InnoDB AUTO_INCREMENT = 84 AVG_ROW_LENGTH = 1365 CHARACTER SET = utf8 COLLATE = utf8_general_ci COMMENT = '会员拥有课程、套餐' ROW_FORMAT = Compact;

-- ----------------------------
-- Records of nv_member_have
-- ----------------------------
INSERT INTO `nv_member_have` VALUES (1, 1, 1, 5, 0, 1510909214, 1510909214, 1519549214, 0.00, 0, 0, 0.00, '');
INSERT INTO `nv_member_have` VALUES (2, 1, 2, 8, 0, 1510916581, 1510916581, 1516532581, 0.00, 0, 0, 0.00, '');
INSERT INTO `nv_member_have` VALUES (3, 1, 1, 10, 0, 1510996413, 1510996413, 1514798013, 0.00, 0, 0, 0.00, '');
INSERT INTO `nv_member_have` VALUES (10, 3, 1, 11, 0, 1511244537, 1511244537, 0, 0.00, 0, 0, 0.00, '');
INSERT INTO `nv_member_have` VALUES (23, 1, 1, 15, 0, 1512697209, 1512697209, 1521337209, 0.00, 0, 0, 0.00, '');
INSERT INTO `nv_member_have` VALUES (24, 1, 1, 13, 0, 1512801103, 1512801103, 1513233103, 0.00, 0, 0, 0.00, '');
INSERT INTO `nv_member_have` VALUES (25, 1, 2, 6, 0, 1512803134, 1512803134, 0, 0.00, 0, 0, 0.00, '');
INSERT INTO `nv_member_have` VALUES (68, 80, 1, 15, 0, 1513222908, 1513222908, 1514476800, 0.00, 0, 0, 0.00, '');
INSERT INTO `nv_member_have` VALUES (69, 80, 1, 13, 0, 1513223877, 1513223877, 1513655877, 0.00, 0, 0, 0.00, '');
INSERT INTO `nv_member_have` VALUES (70, 80, 1, 12, 0, 1513237749, 1513237749, 0, 0.00, 0, 0, 0.00, '');
INSERT INTO `nv_member_have` VALUES (72, 6, 1, 15, 0, 1513319063, 1513319063, 1514476800, 0.00, 0, 0, 0.00, '');
INSERT INTO `nv_member_have` VALUES (73, 6, 1, 13, 0, 1513319324, 1513319324, 1513751324, 0.00, 0, 0, 0.00, '');
INSERT INTO `nv_member_have` VALUES (74, 6, 1, 11, 0, 1513926321, 1513926321, 0, 0.00, 0, 0, 0.00, '');
INSERT INTO `nv_member_have` VALUES (75, 82, 1, 11, 0, 1513937959, 1513937959, 0, 0.00, 0, 0, 0.00, '252');
INSERT INTO `nv_member_have` VALUES (76, 6, 2, 9, 0, 1514013535, 1514013535, 1522653535, 0.00, 0, 0, 0.00, '');
INSERT INTO `nv_member_have` VALUES (77, 80, 1, 17, 0, 1514255153, 1514255153, 1515983153, 0.00, 0, 0, 0.00, '');
INSERT INTO `nv_member_have` VALUES (78, 83, 1, 15, 0, 1514339539, 1514339539, 1516067539, 0.00, 0, 0, 0.00, '');
INSERT INTO `nv_member_have` VALUES (79, 83, 1, 11, 0, 1514339918, 1514339918, 0, 0.00, 0, 0, 0.00, '279,280');
INSERT INTO `nv_member_have` VALUES (80, 83, 1, 13, 0, 1514446487, 1514446487, 1514878487, 0.00, 0, 0, 0.00, '');
INSERT INTO `nv_member_have` VALUES (81, 75, 1, 11, 0, 1562564946, 1562564946, 0, 0.00, 0, 0, 0.00, '252');
INSERT INTO `nv_member_have` VALUES (82, 7, 1, 15, 0, 1607588018, 1607588018, 1609316018, 0.00, 0, 0, 0.00, '254');
INSERT INTO `nv_member_have` VALUES (83, 7, 1, 24, 0, 1607917892, 1607917892, 1610077892, 0.00, 0, 0, 0.00, '301');

-- ----------------------------
-- Table structure for nv_member_level
-- ----------------------------
DROP TABLE IF EXISTS `nv_member_level`;
CREATE TABLE `nv_member_level`  (
  `level_id` int(11) NOT NULL AUTO_INCREMENT,
  `level_name` varchar(50) CHARACTER SET utf8 COLLATE utf8_general_ci NOT NULL DEFAULT '' COMMENT '等级名称',
  `dec` varchar(255) CHARACTER SET utf8 COLLATE utf8_general_ci NOT NULL DEFAULT '' COMMENT '等级说明',
  `condition_experience` decimal(10, 2) NOT NULL DEFAULT 0.00 COMMENT '经验',
  `is_default` int(11) NOT NULL DEFAULT 0 COMMENT '是否为默认',
  PRIMARY KEY (`level_id`) USING BTREE
) ENGINE = InnoDB AUTO_INCREMENT = 1 CHARACTER SET = utf8 COLLATE = utf8_general_ci COMMENT = '会员等级' ROW_FORMAT = Compact;

-- ----------------------------
-- Table structure for nv_member_study_history
-- ----------------------------
DROP TABLE IF EXISTS `nv_member_study_history`;
CREATE TABLE `nv_member_study_history`  (
  `id` int(11) NOT NULL AUTO_INCREMENT,
  `uid` int(11) NOT NULL DEFAULT 0 COMMENT '用户id',
  `course_id` int(11) NOT NULL DEFAULT 0 COMMENT '课程id',
  `kpoint_id` int(11) NOT NULL DEFAULT 0 COMMENT '课时节点id',
  `end_play_time` int(11) NOT NULL DEFAULT 0 COMMENT '最后观看时间',
  `is_study_finish` int(11) NOT NULL DEFAULT 0 COMMENT '是否已经学完 0未 1已完',
  `time_length` decimal(10, 2) NOT NULL DEFAULT 0.00 COMMENT '目录总时长',
  `play_stop_time` decimal(10, 2) NOT NULL DEFAULT 0.00 COMMENT '播放停止时长',
  `max_play_time` decimal(10, 2) NOT NULL DEFAULT 0.00 COMMENT '最大的播放停止时长',
  `play_sum_time` decimal(10, 2) NOT NULL DEFAULT 0.00 COMMENT '播放的总时长',
  `parent_kpoint_id` int(11) NOT NULL DEFAULT 0 COMMENT '章节节点id',
  PRIMARY KEY (`id`) USING BTREE
) ENGINE = InnoDB AUTO_INCREMENT = 77 AVG_ROW_LENGTH = 1170 CHARACTER SET = utf8 COLLATE = utf8_general_ci COMMENT = '课程播放记录(学习记录)' ROW_FORMAT = Compact;

-- ----------------------------
-- Records of nv_member_study_history
-- ----------------------------
INSERT INTO `nv_member_study_history` VALUES (65, 83, 11, 283, 1515147365, 0, 0.00, 67.01, 67.01, 0.00, 279);
INSERT INTO `nv_member_study_history` VALUES (66, 83, 11, 284, 1515147444, 0, 0.00, 67.01, 67.01, 0.00, 279);
INSERT INTO `nv_member_study_history` VALUES (67, 83, 11, 285, 1515147070, 0, 0.00, 23.50, 23.50, 0.00, 279);
INSERT INTO `nv_member_study_history` VALUES (68, 1, 13, 277, 1523452870, 0, 66.40, 9.77, 9.77, 0.00, 246);
INSERT INTO `nv_member_study_history` VALUES (69, 1, 25, 298, 1561196628, 0, 0.00, 18.53, 18.53, 0.00, 297);
INSERT INTO `nv_member_study_history` VALUES (70, 75, 11, 253, 1562564971, 0, 66.40, 0.00, 0.00, 0.00, 252);
INSERT INTO `nv_member_study_history` VALUES (71, 75, 11, 303, 1562567830, 0, 0.00, 35.17, 35.17, 0.00, 252);
INSERT INTO `nv_member_study_history` VALUES (72, 86, 25, 298, 1572851290, 0, 0.00, 8.46, 8.46, 0.00, 297);
INSERT INTO `nv_member_study_history` VALUES (73, 87, 25, 298, 1573800903, 0, 0.00, 27.14, 27.14, 0.00, 297);
INSERT INTO `nv_member_study_history` VALUES (74, 104, 25, 298, 1585192297, 0, 0.00, 9.26, 9.26, 0.00, 297);
INSERT INTO `nv_member_study_history` VALUES (75, 105, 25, 298, 1596531467, 0, 0.00, 117.95, 117.95, 0.00, 297);
INSERT INTO `nv_member_study_history` VALUES (76, 7, 25, 298, 1607919874, 0, 0.00, 8.55, 8.55, 0.00, 297);

-- ----------------------------
-- Table structure for nv_member_study_note
-- ----------------------------
DROP TABLE IF EXISTS `nv_member_study_note`;
CREATE TABLE `nv_member_study_note`  (
  `note_id` int(11) NOT NULL AUTO_INCREMENT,
  `uid` int(11) NOT NULL DEFAULT 0 COMMENT '会员id',
  `note_text` text CHARACTER SET utf8 COLLATE utf8_general_ci NOT NULL COMMENT '笔记内容',
  `create_time` int(11) NOT NULL DEFAULT 0 COMMENT '添加笔记日期',
  `works_play_time` decimal(10, 2) NOT NULL DEFAULT 0.00 COMMENT '视频刚好播放到的时间',
  `kpoint_id` int(11) NOT NULL DEFAULT 0 COMMENT '目录id',
  `course_id` int(11) UNSIGNED NOT NULL DEFAULT 0 COMMENT '课程id',
  `course_title` varchar(255) CHARACTER SET utf8 COLLATE utf8_general_ci NOT NULL DEFAULT '' COMMENT '课程名称',
  PRIMARY KEY (`note_id`) USING BTREE
) ENGINE = InnoDB AUTO_INCREMENT = 25 AVG_ROW_LENGTH = 3276 CHARACTER SET = utf8 COLLATE = utf8_general_ci COMMENT = '会员学习笔记' ROW_FORMAT = Compact;

-- ----------------------------
-- Records of nv_member_study_note
-- ----------------------------
INSERT INTO `nv_member_study_note` VALUES (19, 6, '惟初太始，道立于一，', 1512033052, 28.45, 253, 11, '【孟法师碑】教学视频');
INSERT INTO `nv_member_study_note` VALUES (20, 6, '甲骨文、金文和篆文中都是画的一横，是古人的记数符 隶书 小篆', 1512034559, 58.75, 253, 11, '【孟法师碑】教学视频');
INSERT INTO `nv_member_study_note` VALUES (21, 6, '一夫夜呼，乱者四应。(公元92年六月，李存勖妻刘皇后听信宦官诬告，杀死大臣郭崇韬，时谣言纷起，人心惶惶。屯驻在贝州(现河北省清河县)的军人皇甫晖勾结党羽作乱，拥立指挥使赵在礼为帅，攻入邺都(现河南省安阳市)。邢州(现河北省邢台市)、沧州驻军相继作乱)——宋·欧阳修《新五代史·伶官传·序》', 1512028603, 67.01, 253, 11, '【孟法师碑】教学视频');
INSERT INTO `nv_member_study_note` VALUES (22, 1, '终于明白是什么意思了 不错', 1512701496, 28.40, 258, 15, '【自书告身帖】程志宏主讲介绍');
INSERT INTO `nv_member_study_note` VALUES (23, 80, '进击的小白 继续前进', 1513132665, 10.03, 260, 15, '【自书告身帖】程志宏主讲介绍');
INSERT INTO `nv_member_study_note` VALUES (24, 87, '112', 1573800983, 155.00, 298, 25, '机电工程管理与实务');

-- ----------------------------
-- Table structure for nv_member_view_record
-- ----------------------------
DROP TABLE IF EXISTS `nv_member_view_record`;
CREATE TABLE `nv_member_view_record`  (
  `view_id` int(11) NOT NULL AUTO_INCREMENT,
  `uid` int(11) NOT NULL DEFAULT 0 COMMENT '浏览人',
  `view_ip` varchar(255) CHARACTER SET utf8 COLLATE utf8_general_ci NOT NULL DEFAULT '0' COMMENT '浏览人ip',
  `relation_type` int(11) NOT NULL DEFAULT 0 COMMENT '浏览类型 1套餐 2课程 3作品',
  `relation_id` int(11) NOT NULL DEFAULT 0 COMMENT '类型关联id',
  `create_time` int(11) NOT NULL DEFAULT 0 COMMENT '浏览时间',
  PRIMARY KEY (`view_id`) USING BTREE
) ENGINE = InnoDB AUTO_INCREMENT = 1 CHARACTER SET = utf8 COLLATE = utf8_general_ci COMMENT = '会员作品浏览记录' ROW_FORMAT = Compact;

-- ----------------------------
-- Table structure for nv_order
-- ----------------------------
DROP TABLE IF EXISTS `nv_order`;
CREATE TABLE `nv_order`  (
  `v_order_id` int(11) NOT NULL AUTO_INCREMENT,
  `order_no` varchar(255) CHARACTER SET utf8 COLLATE utf8_general_ci NOT NULL DEFAULT '' COMMENT '订单编号',
  `out_trade_no` varchar(255) CHARACTER SET utf8 COLLATE utf8_general_ci NOT NULL DEFAULT '' COMMENT '交易编号',
  `order_type` int(11) NOT NULL DEFAULT 0 COMMENT '订单类型',
  `user_name` varchar(50) CHARACTER SET utf8 COLLATE utf8_general_ci NOT NULL DEFAULT '' COMMENT '购买会员名称',
  `uid` int(11) NOT NULL DEFAULT 0 COMMENT '购买会员',
  `buyer_ip` varchar(255) CHARACTER SET utf8 COLLATE utf8_general_ci NOT NULL DEFAULT '' COMMENT '买家ip',
  `order_money` decimal(10, 2) NOT NULL DEFAULT 0.00 COMMENT '订单总金额',
  `pay_money` decimal(10, 2) NOT NULL DEFAULT 0.00 COMMENT '支付金额',
  `order_status` int(11) NOT NULL DEFAULT 0 COMMENT '订单状态 0创建 1支付 2完成 -1取消订单 -2退款',
  `payment_type` int(11) NOT NULL DEFAULT 0 COMMENT '支付类型 1支付宝 2微信 3余额 10线下',
  `create_time` int(11) NOT NULL DEFAULT 0 COMMENT '创建日期',
  `pay_time` int(11) NOT NULL DEFAULT 0 COMMENT '支付时间',
  `balance` decimal(10, 2) NOT NULL DEFAULT 0.00 COMMENT '使用余额',
  `point_money` decimal(10, 2) NOT NULL DEFAULT 0.00 COMMENT '积分顶现金额',
  `point` decimal(10, 2) NOT NULL DEFAULT 0.00 COMMENT '使用积分',
  `mc_id` int(11) NOT NULL DEFAULT 0 COMMENT '代金券id',
  `coupon_money` decimal(10, 2) NOT NULL DEFAULT 0.00 COMMENT '代金券金额',
  `give_point` decimal(10, 2) NOT NULL DEFAULT 0.00 COMMENT '成功赠送积分',
  `is_evaluate` smallint(6) NOT NULL DEFAULT 0 COMMENT '是否评价 0为未评价 1为已评价 2为已追评',
  `status_time` int(11) NOT NULL DEFAULT 0 COMMENT '状态日期',
  `order_from` varchar(255) CHARACTER SET utf8 COLLATE utf8_general_ci NOT NULL DEFAULT '' COMMENT '订单来源',
  PRIMARY KEY (`v_order_id`) USING BTREE
) ENGINE = InnoDB AUTO_INCREMENT = 192 AVG_ROW_LENGTH = 178 CHARACTER SET = utf8 COLLATE = utf8_general_ci COMMENT = '视频订单' ROW_FORMAT = Compact;

-- ----------------------------
-- Records of nv_order
-- ----------------------------
INSERT INTO `nv_order` VALUES (79, '201711230000001', '151141941983401000', 1, 'lzw1', 6, '', 99.00, 0.00, -1, 1, 1511419419, 0, 79.20, 0.00, 0.00, 1, 19.80, 0.00, 0, 0, '2');
INSERT INTO `nv_order` VALUES (80, '201711230000002', '151141943245631000', 1, 'lzw1', 6, '', 99.00, 0.00, -1, 1, 1511419432, 0, 99.00, 0.00, 0.00, 0, 0.00, 0.00, 0, 0, '2');
INSERT INTO `nv_order` VALUES (81, '201711230000003', '151141946314271000', 1, 'lzw1', 6, '', 99.00, 0.00, -1, 1, 1511419463, 0, 79.20, 0.00, 0.00, 1, 19.80, 0.00, 0, 0, '2');
INSERT INTO `nv_order` VALUES (82, '201711230000004', '151141994681121000', 1, 'lzw1', 6, '', 99.00, 0.00, 2, 5, 1511419946, 0, 79.20, 0.00, 0.00, 1, 19.80, 0.00, 0, 1511420054, '2');
INSERT INTO `nv_order` VALUES (83, '201711230000005', '151142107646491000', 1, 'lzw1', 6, '', 0.01, 0.00, 2, 10, 1511421076, 0, 0.01, 0.00, 0.00, 0, 0.00, 0.00, 0, 1511425234, '2');
INSERT INTO `nv_order` VALUES (84, '201711230000006', '151143797897191000', 1, 'lzw1', 79, '', 0.01, 0.01, -1, 1, 1511437978, 0, 0.00, 0.00, 0.00, 0, 0.00, 0.00, 0, 0, '2');
INSERT INTO `nv_order` VALUES (85, '201711230000007', '151143801162481000', 1, 'lzw1', 79, '', 99.00, 89.00, 0, 1, 1511438011, 0, 0.00, 0.00, 0.00, 9, 10.00, 0.00, 0, 0, '2');
INSERT INTO `nv_order` VALUES (86, '201711240000001', '151149371384831000', 1, 'lzw1', 6, '', 59.00, 0.00, -1, 1, 1511493713, 0, 49.00, 0.00, 0.00, 10, 10.00, 0.00, 0, 0, '2');
INSERT INTO `nv_order` VALUES (87, '201711240000002', '151149695827851000', 1, 'lzw1', 6, '', 59.00, 0.00, 2, 5, 1511496958, 1511497418, 49.00, 0.00, 0.00, 10, 10.00, 0.00, 0, 1511497418, '2');
INSERT INTO `nv_order` VALUES (88, '201711240000003', '151149759465601000', 1, 'lzw1', 6, '', 59.00, 0.00, 2, 5, 1511497594, 1511497614, 59.00, 0.00, 0.00, 0, 0.00, 0.00, 0, 1511497614, '2');
INSERT INTO `nv_order` VALUES (89, '201711240000004', '151149765939091000', 1, 'lzw1', 6, '', 59.00, 0.00, 2, 5, 1511497659, 1511497663, 59.00, 0.00, 0.00, 0, 0.00, 0.00, 0, 1511497663, '2');
INSERT INTO `nv_order` VALUES (90, '201711240000005', '151151414521531000', 1, 'lzw1', 6, '', 0.01, 0.00, 2, 5, 1511514145, 1511514149, 0.01, 0.00, 0.00, 0, 0.00, 0.00, 0, 1511514149, '2');
INSERT INTO `nv_order` VALUES (91, '201711240000006', '151152196274331000', 1, 'lzw1', 6, '', 254.00, 0.00, 2, 21, 1511521962, 1511521980, 204.00, 0.00, 0.00, 3, 50.00, 0.00, 0, 1511521980, '2');
INSERT INTO `nv_order` VALUES (92, '201711240000007', '151152211423841000', 1, 'lzw1', 6, '', 254.00, 0.00, 2, 21, 1511522114, 1511522122, 203.20, 0.00, 0.00, 11, 50.80, 0.00, 0, 1511522122, '2');
INSERT INTO `nv_order` VALUES (93, '201711290000001', '151194438835231000', 1, 'lzw1', 6, '', 0.01, 0.00, -1, 1, 1511944388, 0, 0.01, 0.00, 0.00, 0, 0.00, 0.00, 0, 1511944388, '3');
INSERT INTO `nv_order` VALUES (94, '201711290000002', '151194465315651000', 1, 'lzw1', 6, '', 0.01, 0.00, -1, 1, 1511944653, 0, 0.01, 0.00, 0.00, 0, 0.00, 0.00, 0, 1511944653, '3');
INSERT INTO `nv_order` VALUES (95, '201711290000003', '151194466688191000', 1, 'lzw1', 6, '', 0.01, 0.00, -1, 1, 1511944666, 0, 0.01, 0.00, 0.00, 0, 0.00, 0.00, 0, 1511944666, '3');
INSERT INTO `nv_order` VALUES (96, '201711290000004', '151194660478671000', 1, 'lzw', 6, '', 0.01, 0.00, -1, 1, 1511946604, 0, 0.01, 0.00, 0.00, 0, 0.00, 0.00, 0, 1511946604, '3');
INSERT INTO `nv_order` VALUES (97, '201711290000005', '151194672720581000', 1, 'lzw', 6, '', 0.01, 0.00, -1, 1, 1511946727, 0, 0.01, 0.00, 0.00, 0, 0.00, 0.00, 0, 1511946727, '3');
INSERT INTO `nv_order` VALUES (98, '201711290000006', '151194712620371000', 1, 'lzw', 6, '', 0.01, 0.00, 2, 21, 1511947126, 1511947129, 0.01, 0.00, 0.00, 0, 0.00, 0.00, 0, 1511947130, '2');
INSERT INTO `nv_order` VALUES (99, '201711290000007', '151194798287541000', 1, 'lzw', 6, '', 0.01, 0.00, -1, 1, 1511947982, 0, 0.01, 0.00, 0.00, 0, 0.00, 0.00, 0, 1511947982, '3');
INSERT INTO `nv_order` VALUES (100, '201712040000001', '151237901834771000', 1, 'lzw', 6, '', 0.01, 0.00, 2, 21, 1512379018, 1512379023, 0.01, 0.00, 0.00, 0, 0.00, 0.00, 0, 1512379023, '2');
INSERT INTO `nv_order` VALUES (101, '201712070000001', '151264045827571000', 1, 'lzw111', 6, '', 0.01, 0.00, -1, 1, 1512640458, 0, 0.01, 0.00, 0.00, 0, 0.00, 0.00, 0, 1512640458, '3');
INSERT INTO `nv_order` VALUES (102, '201712080000001', '151269713477701000', 1, 'admin1235', 1, '', 0.01, 0.01, 2, 2, 1512697134, 1512697209, 0.00, 0.00, 0.00, 0, 0.00, 0.00, 0, 1512697209, '3');
INSERT INTO `nv_order` VALUES (103, '201712090000001', '151279984172701000', 1, 'admin', 1, '', 0.01, 0.01, -1, 1, 1512799841, 0, 0.00, 0.00, 0.00, 0, 0.00, 0.00, 0, 1512799841, '2');
INSERT INTO `nv_order` VALUES (104, '201712090000002', '151280023035461000', 1, 'admin', 1, '', 0.01, 0.01, -1, 1, 1512800230, 0, 0.00, 0.00, 0.00, 0, 0.00, 0.00, 0, 1512800230, '3');
INSERT INTO `nv_order` VALUES (105, '201712090000003', '151280026653831000', 1, 'admin', 1, '', 0.01, 0.01, -1, 2, 1512800266, 0, 0.00, 0.00, 0.00, 0, 0.00, 0.00, 0, 1512800266, '3');
INSERT INTO `nv_order` VALUES (106, '201712090000004', '151280106386381000', 1, 'admin', 1, '', 0.01, 0.01, 2, 2, 1512801063, 1512801102, 0.00, 0.00, 0.00, 0, 0.00, 0.00, 0, 1512801103, '3');
INSERT INTO `nv_order` VALUES (107, '201712090000005', '151280289599931000', 1, 'admin', 1, '', 0.01, 0.01, -1, 1, 1512802895, 0, 0.00, 0.00, 0.00, 0, 0.00, 0.00, 0, 1512802895, '3');
INSERT INTO `nv_order` VALUES (108, '201712090000006', '151280308947331000', 1, 'admin', 1, '', 0.01, 0.01, 2, 2, 1512803089, 1512803134, 0.00, 0.00, 0.00, 0, 0.00, 0.00, 0, 1512803134, '3');
INSERT INTO `nv_order` VALUES (109, '201712090000007', '151280444526501000', 1, 'zhl', 80, '', 0.01, 0.00, -1, 1, 1512804445, 0, 0.01, 0.00, 0.00, 0, 0.00, 0.00, 0, 1512804445, '3');
INSERT INTO `nv_order` VALUES (110, '201712090000008', '151280642024901000', 1, 'zhl', 80, '', 0.01, 0.00, 2, 21, 1512806420, 1512806435, 0.01, 0.00, 0.00, 0, 0.00, 0.00, 0, 1512806435, '2');
INSERT INTO `nv_order` VALUES (111, '201712090000009', '151280720335371000', 1, 'zhl', 80, '', 0.01, 0.00, 2, 21, 1512807203, 1512807234, 0.01, 0.00, 0.00, 0, 0.00, 0.00, 0, 1512807235, '2');
INSERT INTO `nv_order` VALUES (112, '201712090000010', '151280729311401000', 1, 'zhl', 80, '', 0.01, 0.01, 2, 2, 1512807293, 1512807322, 0.00, 0.00, 0.00, 0, 0.00, 0.00, 0, 1512807322, '3');
INSERT INTO `nv_order` VALUES (113, '201712090000011', '151280982927961000', 1, 'zhl', 80, '', 12.00, 0.00, -1, 1, 1512809829, 0, 10.80, 0.00, 0.00, 20, 1.20, 0.00, 0, 1512809829, '3');
INSERT INTO `nv_order` VALUES (114, '201712090000012', '151281019552671000', 1, 'zhl', 80, '', 99.00, 0.00, -1, 1, 1512810195, 0, 97.00, 0.00, 0.00, 19, 2.00, 0.00, 0, 1512810195, '2');
INSERT INTO `nv_order` VALUES (115, '201712090000013', '151281190159931000', 1, 'zhl', 80, '', 12.00, 0.00, 2, 21, 1512811901, 1512815185, 12.00, 0.00, 0.00, 0, 0.00, 0.00, 0, 1512815185, '3');
INSERT INTO `nv_order` VALUES (116, '201712090000014', '151281306799701000', 1, 'zhl', 80, '', 160.00, 0.00, -1, 1, 1512813067, 0, 160.00, 0.00, 0.00, 0, 0.00, 0.00, 0, 1512813067, '2');
INSERT INTO `nv_order` VALUES (117, '201712090000015', '151281502154051000', 1, 'zhl', 80, '', 160.00, 160.00, -1, 1, 1512815021, 0, 0.00, 0.00, 0.00, 0, 0.00, 0.00, 0, 1512815021, '3');
INSERT INTO `nv_order` VALUES (118, '201712090000016', '151281502184471001', 1, 'zhl', 80, '', 160.00, 160.00, -1, 1, 1512815021, 0, 0.00, 0.00, 0.00, 0, 0.00, 0.00, 0, 1512815021, '3');
INSERT INTO `nv_order` VALUES (119, '201712090000017', '151281775467261000', 1, 'zhl', 80, '', 12.00, 0.00, 2, 21, 1512817754, 1512817819, 12.00, 0.00, 0.00, 0, 0.00, 0.00, 0, 1512817819, '3');
INSERT INTO `nv_order` VALUES (120, '201712090000018', '151281797674941000', 1, 'zhl', 80, '', 12.00, 0.00, 2, 21, 1512817976, 1512817999, 10.80, 0.00, 0.00, 20, 1.20, 0.00, 0, 1512817999, '3');
INSERT INTO `nv_order` VALUES (121, '201712090000019', '151281868441911000', 1, 'zhl', 80, '', 12.00, 0.00, -1, 1, 1512818684, 0, 10.80, 0.00, 0.00, 20, 1.20, 0.00, 0, 1512818684, '2');
INSERT INTO `nv_order` VALUES (122, '201712090000020', '151281884931841000', 1, 'zhl', 80, '', 12.00, 0.00, 2, 21, 1512818849, 1512819155, 10.00, 0.00, 0.00, 19, 2.00, 0.00, 0, 1512819156, '3');
INSERT INTO `nv_order` VALUES (123, '201712090000021', '151281927026691000', 1, 'zhl', 80, '', 0.01, 0.01, 2, 2, 1512819270, 1512819665, 0.00, 0.00, 0.00, 0, 0.00, 0.00, 0, 1512819665, '3');
INSERT INTO `nv_order` VALUES (124, '201712090000022', '151281985031991000', 1, 'zhl', 80, '', 12.00, 10.80, -1, 1, 1512819850, 0, 0.00, 0.00, 0.00, 20, 1.20, 0.00, 0, 1512819850, '3');
INSERT INTO `nv_order` VALUES (125, '201712090000023', '151281996092251000', 1, 'zhl', 80, '', 12.00, 0.00, 2, 21, 1512819960, 1512819966, 12.00, 0.00, 0.00, 0, 0.00, 0.00, 0, 1512819966, '3');
INSERT INTO `nv_order` VALUES (126, '201712110000001', '151295932096431000', 1, 'zhl', 80, '', 12.00, 0.00, 2, 21, 1512959320, 1512959361, 10.80, 0.00, 0.00, 20, 1.20, 0.00, 0, 1512959361, '3');
INSERT INTO `nv_order` VALUES (127, '201712110000002', '151295963472021000', 1, 'zhl', 80, '', 0.01, 0.01, 2, 2, 1512959634, 1512959742, 0.00, 0.00, 0.00, 0, 0.00, 0.00, 0, 1512959742, '3');
INSERT INTO `nv_order` VALUES (128, '201712110000003', '151296038449241000', 1, 'zhl', 80, '', 0.01, 0.01, 2, 2, 1512960384, 1512960432, 0.00, 0.00, 0.00, 0, 0.00, 0.00, 0, 1512960432, '3');
INSERT INTO `nv_order` VALUES (129, '201712110000004', '151296069810031000', 1, 'zhl', 80, '', 0.01, 0.01, 2, 2, 1512960698, 1512960734, 0.00, 0.00, 0.00, 0, 0.00, 0.00, 0, 1512960734, '3');
INSERT INTO `nv_order` VALUES (130, '201712110000005', '151296144988281000', 1, 'zhl', 80, '', 0.01, 0.01, 2, 2, 1512961449, 1512961488, 0.00, 0.00, 0.00, 0, 0.00, 0.00, 0, 1512961489, '3');
INSERT INTO `nv_order` VALUES (131, '201712110000006', '151296220199361000', 1, 'zhl', 80, '', 12.00, 0.00, 2, 3, 1512962201, 1512966893, 10.80, 0.00, 0.00, 20, 1.20, 0.00, 0, 1512966893, '3');
INSERT INTO `nv_order` VALUES (132, '201712120000001', '151306039853491000', 1, 'zhl', 80, '', 0.01, 0.00, 2, 3, 1513060398, 1513060405, 0.01, 0.00, 0.00, 0, 0.00, 0.00, 0, 1513060405, '3');
INSERT INTO `nv_order` VALUES (133, '201712120000002', '151306372312661000', 1, 'zhl', 80, '', 12.00, 0.00, 2, 3, 1513063723, 1513063726, 12.00, 0.00, 0.00, 0, 0.00, 0.00, 0, 1513063727, '3');
INSERT INTO `nv_order` VALUES (134, '201712120000003', '151306377388141000', 1, 'zhl', 80, '', 12.00, 0.00, 2, 3, 1513063773, 1513063776, 12.00, 0.00, 0.00, 0, 0.00, 0.00, 0, 1513063776, '3');
INSERT INTO `nv_order` VALUES (135, '201712120000004', '151306399168211000', 1, 'zhl', 80, '', 0.01, 0.00, 2, 3, 1513063991, 1513063994, 0.01, 0.00, 0.00, 0, 0.00, 0.00, 0, 1513063994, '3');
INSERT INTO `nv_order` VALUES (136, '201712120000005', '151306436867611000', 1, 'zhl', 80, '', 12.00, 0.00, 2, 3, 1513064368, 1513064371, 12.00, 0.00, 0.00, 0, 0.00, 0.00, 0, 1513064371, '3');
INSERT INTO `nv_order` VALUES (137, '201712120000006', '151306454534771000', 1, 'zhl', 80, '', 0.01, 0.00, 2, 3, 1513064545, 1513064548, 0.01, 0.00, 0.00, 0, 0.00, 0.00, 0, 1513064548, '3');
INSERT INTO `nv_order` VALUES (138, '201712120000007', '151306462031001000', 1, 'zhl', 80, '', 0.01, 0.00, 2, 3, 1513064620, 1513064622, 0.01, 0.00, 0.00, 0, 0.00, 0.00, 0, 1513064622, '3');
INSERT INTO `nv_order` VALUES (139, '201712120000008', '151306484490961000', 1, 'zhl', 80, '', 12.00, 0.00, 2, 3, 1513064844, 1513064848, 12.00, 0.00, 0.00, 0, 0.00, 0.00, 0, 1513064848, '3');
INSERT INTO `nv_order` VALUES (140, '201712120000009', '151306487043761000', 1, 'zhl', 80, '', 0.01, 0.00, 2, 3, 1513064870, 1513064872, 0.01, 0.00, 0.00, 0, 0.00, 0.00, 0, 1513064873, '3');
INSERT INTO `nv_order` VALUES (141, '201712120000010', '151306490154181000', 1, 'zhl', 80, '', 0.01, 0.00, 2, 3, 1513064901, 1513064904, 0.01, 0.00, 0.00, 0, 0.00, 0.00, 0, 1513064904, '3');
INSERT INTO `nv_order` VALUES (145, '201712120000012', '151306687380361000', 1, 'zhl', 80, '', 12.00, 0.00, 2, 3, 1513066873, 1513066967, 12.00, 0.00, 0.00, 0, 0.00, 0.00, 0, 1513066967, '3');
INSERT INTO `nv_order` VALUES (146, '201712120000013', '151306767556781000', 1, 'zhl', 80, '', 0.01, 0.00, 2, 3, 1513067675, 1513067678, 0.01, 0.00, 0.00, 0, 0.00, 0.00, 0, 1513067678, '3');
INSERT INTO `nv_order` VALUES (147, '201712120000014', '151306804955481000', 1, 'zhl', 80, '', 0.01, 0.00, 2, 3, 1513068049, 1513068055, 0.01, 0.00, 0.00, 0, 0.00, 0.00, 0, 1513068055, '3');
INSERT INTO `nv_order` VALUES (148, '201712120000015', '151306839061271000', 1, 'zhl', 80, '', 0.01, 0.00, 2, 3, 1513068390, 1513068392, 0.01, 0.00, 0.00, 0, 0.00, 0.00, 0, 1513068392, '3');
INSERT INTO `nv_order` VALUES (149, '201712120000016', '151306880739621000', 1, 'zhl', 80, '', 0.01, 0.00, 2, 3, 1513068807, 1513068811, 0.01, 0.00, 0.00, 0, 0.00, 0.00, 0, 1513068811, '3');
INSERT INTO `nv_order` VALUES (150, '201712120000017', '151306907546461000', 1, 'zhl', 80, '', 0.01, 0.00, 2, 3, 1513069075, 1513069078, 0.01, 0.00, 0.00, 0, 0.00, 0.00, 0, 1513069079, '3');
INSERT INTO `nv_order` VALUES (151, '201712120000018', '151306932030361000', 1, 'zhl', 80, '', 0.01, 0.00, 2, 3, 1513069320, 1513069323, 0.01, 0.00, 0.00, 0, 0.00, 0.00, 0, 1513069323, '3');
INSERT INTO `nv_order` VALUES (152, '201712120000019', '151307096383231000', 1, 'zhl', 80, '', 0.01, 0.00, 2, 3, 1513070963, 1513070966, 0.01, 0.00, 0.00, 0, 0.00, 0.00, 0, 1513070966, '3');
INSERT INTO `nv_order` VALUES (153, '201712120000020', '151307099996331000', 1, 'zhl', 80, '', 0.01, 0.00, 2, 3, 1513070999, 1513071001, 0.01, 0.00, 0.00, 0, 0.00, 0.00, 0, 1513071001, '3');
INSERT INTO `nv_order` VALUES (154, '201712120000021', '151307229171131000', 1, 'zhl', 80, '', 0.01, 0.01, 2, 2, 1513072291, 1513072340, 0.00, 0.00, 0.00, 0, 0.00, 0.00, 0, 1513072340, '3');
INSERT INTO `nv_order` VALUES (155, '201712120000022', '151307314399931000', 1, 'zhl', 80, '', 0.01, 0.01, 2, 2, 1513073143, 1513073621, 0.00, 0.00, 0.00, 0, 0.00, 0.00, 0, 1513073622, '3');
INSERT INTO `nv_order` VALUES (156, '201712120000023', '151307438191591000', 1, 'zhl', 80, '', 12.00, 0.00, 2, 3, 1513074381, 1513074384, 12.00, 0.00, 0.00, 0, 0.00, 0.00, 0, 1513074385, '3');
INSERT INTO `nv_order` VALUES (157, '201712120000024', '151307557969991000', 1, 'zhl', 80, '', 12.00, 0.00, 2, 3, 1513075579, 1513075583, 12.00, 0.00, 0.00, 0, 0.00, 0.00, 0, 1513075583, '3');
INSERT INTO `nv_order` VALUES (158, '201712120000025', '151307576052651000', 1, 'zhl', 80, '', 12.00, 0.00, 2, 3, 1513075760, 1513075765, 12.00, 0.00, 0.00, 0, 0.00, 0.00, 0, 1513075765, '3');
INSERT INTO `nv_order` VALUES (159, '201712130000001', '151315025042741000', 1, 'zhl', 80, '', 12.00, 0.00, 2, 3, 1513150250, 1513150257, 12.00, 0.00, 0.00, 0, 0.00, 0.00, 0, 1513150257, '3');
INSERT INTO `nv_order` VALUES (160, '201712130000002', '151315227164201000', 1, 'zhl', 80, '', 0.01, 0.00, 2, 3, 1513152271, 1513152275, 0.01, 0.00, 0.00, 0, 0.00, 0.00, 0, 1513152275, '3');
INSERT INTO `nv_order` VALUES (161, '201712140000001', '151322270881581000', 1, 'zhl', 80, '', 10.00, 0.00, 2, 3, 1513222708, 1513222908, 10.00, 0.00, 0.00, 0, 0.00, 0.00, 0, 1513222908, '3');
INSERT INTO `nv_order` VALUES (162, '201712140000002', '151322305051741000', 1, 'zhl', 80, '', 12.00, 0.00, 2, 3, 1513223050, 1513223579, 12.00, 0.00, 0.00, 0, 0.00, 0.00, 0, 1513223579, '3');
INSERT INTO `nv_order` VALUES (163, '201712140000003', '151322387592991000', 1, 'zhl', 80, '', 12.00, 0.00, 2, 3, 1513223875, 1513223877, 12.00, 0.00, 0.00, 0, 0.00, 0.00, 0, 1513223877, '3');
INSERT INTO `nv_order` VALUES (164, '201712140000004', '151323634397851000', 1, 'zhl', 80, '', 0.01, 0.00, 2, 3, 1513236343, 1513236347, 0.01, 0.00, 0.00, 0, 0.00, 0.00, 0, 1513236347, '3');
INSERT INTO `nv_order` VALUES (165, '201712140000005', '151323771118561000', 1, 'zhl', 80, '', 8.80, 0.00, 2, 3, 1513237711, 1513237749, 8.80, 0.00, 0.00, 0, 0.00, 0.00, 0, 1513237749, '3');
INSERT INTO `nv_order` VALUES (166, '201712140000006', '151323866872971000', 1, 'zhl', 80, '', 12.00, 0.00, -1, 1, 1513238668, 0, 12.00, 0.00, 0.00, 0, 0.00, 0.00, 0, 1513238668, '3');
INSERT INTO `nv_order` VALUES (167, '201712140000007', '151324251634991000', 1, 'zhl', 80, '', 12.00, 0.00, 2, 3, 1513242516, 1513242519, 12.00, 0.00, 0.00, 0, 0.00, 0.00, 0, 1513242519, '3');
INSERT INTO `nv_order` VALUES (168, '201712140000008', '151324628722641000', 1, 'zhl', 80, '', 0.01, 0.00, 0, 1, 1513246287, 0, 0.01, 0.00, 0.00, 0, 0.00, 0.00, 0, 1513246287, '3');
INSERT INTO `nv_order` VALUES (169, '201712150000001', '151330568223341000', 1, 'lzw111', 6, '', 10.00, 0.00, 2, 3, 1513305682, 1513305689, 10.00, 0.00, 0.00, 0, 0.00, 0.00, 0, 1513305690, '2');
INSERT INTO `nv_order` VALUES (170, '201712150000002', '151330961160591000', 1, 'lzw111', 6, '', 12.00, 0.00, 2, 3, 1513309611, 1513309618, 12.00, 0.00, 0.00, 0, 0.00, 0.00, 0, 1513309618, '2');
INSERT INTO `nv_order` VALUES (171, '201712150000003', '151330969911181000', 1, 'lzw111', 6, '', 10.00, 0.00, 2, 3, 1513309700, 1513309704, 10.00, 0.00, 0.00, 0, 0.00, 0.00, 0, 1513309704, '2');
INSERT INTO `nv_order` VALUES (172, '201712150000004', '151331905667241000', 1, 'lzw111', 6, '', 10.00, 0.00, 2, 3, 1513319056, 1513319063, 10.00, 0.00, 0.00, 0, 0.00, 0.00, 0, 1513319063, '2');
INSERT INTO `nv_order` VALUES (173, '201712150000005', '151331932142941000', 1, 'lzw111', 6, '', 4.00, 0.00, 2, 3, 1513319321, 1513319324, 4.00, 0.00, 0.00, 0, 0.00, 0.00, 0, 1513319324, '2');
INSERT INTO `nv_order` VALUES (174, '201712220000001', '151391769214371000', 1, 'lzw111', 6, '', 0.00, 0.00, -1, 1, 1513917692, 0, 0.00, 0.00, 0.00, 0, 0.00, 0.00, 0, 1513917692, '2');
INSERT INTO `nv_order` VALUES (175, '201712220000002', '151392473781761000', 1, 'lzw111', 6, '', 188.00, 0.00, 2, 3, 1513924737, 1513926321, 188.00, 0.00, 0.00, 0, 0.00, 0.00, 0, 1513926321, '2');
INSERT INTO `nv_order` VALUES (176, '201712220000003', '151393795668681000', 1, 'zhaoyun', 82, '', 18.00, 0.00, 2, 3, 1513937956, 1513937959, 18.00, 0.00, 0.00, 0, 0.00, 0.00, 0, 1513937960, '2');
INSERT INTO `nv_order` VALUES (177, '201712230000001', '151399851499791000', 1, 'lzw111', 6, '', 6.00, 0.00, 2, 3, 1513998514, 1514000007, 5.00, 0.00, 0.00, 23, 1.00, 0.00, 0, 1514000007, '2');
INSERT INTO `nv_order` VALUES (178, '201712230000002', '151401352221371000', 1, 'lzw111', 6, '', 200.00, 0.00, 2, 3, 1514013522, 1514013535, 150.00, 0.00, 0.00, 3, 50.00, 0.00, 0, 1514013536, '2');
INSERT INTO `nv_order` VALUES (179, '201712260000001', '151425514855531000', 1, 'zhl', 80, '', 99.00, 0.00, 2, 3, 1514255148, 1514255153, 99.00, 0.00, 0.00, 0, 0.00, 0.00, 0, 1514255153, '2');
INSERT INTO `nv_order` VALUES (180, '201712270000001', '151433944873981000', 1, 'zhaoyun1', 83, '', 12.00, 12.00, -1, 1, 1514339448, 0, 0.00, 0.00, 0.00, 0, 0.00, 0.00, 0, 1514339448, '2');
INSERT INTO `nv_order` VALUES (181, '201712270000002', '151433953610931000', 1, 'zhaoyun1', 83, '', 12.00, 0.00, 2, 3, 1514339536, 1514339539, 12.00, 0.00, 0.00, 0, 0.00, 0.00, 0, 1514339539, '2');
INSERT INTO `nv_order` VALUES (182, '201712270000003', '151433991518481000', 1, 'zhaoyun1', 83, '', 25.00, 0.00, 2, 3, 1514339915, 1514339918, 25.00, 0.00, 0.00, 0, 0.00, 0.00, 0, 1514339918, '2');
INSERT INTO `nv_order` VALUES (183, '201712280000001', '151444535088351000', 1, 'zhaoyun1', 83, '', 188.00, 0.00, 2, 3, 1514445350, 1514446105, 188.00, 0.00, 0.00, 0, 0.00, 0.00, 0, 1514446105, '3');
INSERT INTO `nv_order` VALUES (184, '201712280000002', '151444648454991000', 1, 'zhaoyun1', 83, '', 88.00, 0.00, 2, 3, 1514446484, 1514446487, 88.00, 0.00, 0.00, 0, 0.00, 0.00, 0, 1514446487, '3');
INSERT INTO `nv_order` VALUES (185, '201712280000003', '151444874387251000', 1, 'zhaoyun1', 83, '', 99.00, 12.00, 0, 1, 1514448743, 0, 87.00, 0.00, 0.00, 0, 0.00, 0.00, 0, 1514448743, '3');
INSERT INTO `nv_order` VALUES (186, '201712280000004', '151445349597771000', 1, 'zhaoyun1', 83, '', 29.00, 0.00, 2, 3, 1514453495, 1514453503, 29.00, 0.00, 0.00, 0, 0.00, 0.00, 0, 1514453503, '3');
INSERT INTO `nv_order` VALUES (187, '201906220000001', '156119594213161000', 1, 'admin1', 1, '', 0.01, 0.01, 0, 1, 1561195942, 0, 0.00, 0.00, 0.00, 0, 0.00, 0.00, 0, 1561195942, '3');
INSERT INTO `nv_order` VALUES (188, '201907080000001', '156256494165931000', 1, 'admintest', 75, '', 0.10, 0.00, 2, 3, 1562564941, 1562564946, 0.10, 0.00, 0.00, 0, 0.00, 0.00, 0, 1562564946, '3');
INSERT INTO `nv_order` VALUES (189, '201911150000001', '157380048099521000', 1, 'dsanys', 87, '', 0.10, 0.10, 0, 1, 1573800480, 0, 0.00, 0.00, 0.00, 0, 0.00, 0.00, 0, 1573800480, '3');
INSERT INTO `nv_order` VALUES (190, '202012100000001', '160758794532971000', 1, 'xxc', 7, '', 10.00, 10.00, 2, 10, 1607587945, 1607588018, 0.00, 0.00, 0.00, 0, 0.00, 0.00, 0, 1607588018, '3');
INSERT INTO `nv_order` VALUES (191, '202012140000001', '160791788230691000', 1, 'xxc', 7, '', 9.90, 9.90, 2, 10, 1607917882, 1607917892, 0.00, 0.00, 0.00, 0, 0.00, 0.00, 0, 1607917892, '2');

-- ----------------------------
-- Table structure for nv_order_item
-- ----------------------------
DROP TABLE IF EXISTS `nv_order_item`;
CREATE TABLE `nv_order_item`  (
  `order_item_id` int(11) NOT NULL AUTO_INCREMENT,
  `v_order_id` int(11) NOT NULL COMMENT '订单id',
  `item_type` int(11) NOT NULL COMMENT '项类型 1课程 2套餐 3视频作品',
  `relation_id` int(11) NOT NULL COMMENT '根据类型对应的id 关联id',
  `item_title` varchar(255) CHARACTER SET utf8 COLLATE utf8_general_ci NOT NULL COMMENT '项产品标题',
  `price` decimal(19, 2) NOT NULL COMMENT '价格',
  `cover_img` varchar(255) CHARACTER SET utf8 COLLATE utf8_general_ci NOT NULL COMMENT '项封面图片',
  `uid` int(11) NOT NULL COMMENT '购买人',
  `point_exchange_type` int(11) NOT NULL COMMENT '积分兑换类型 1非积分兑换 2积分兑换',
  `order_status` int(11) NOT NULL COMMENT '订单类型 0创建 1支付 2完成 -1取消 -2退款',
  `give_point` decimal(10, 2) NOT NULL COMMENT '使用积分数量',
  `refund_type` int(11) NOT NULL DEFAULT 1 COMMENT '退款方式',
  `refund_require_money` decimal(10, 2) NOT NULL DEFAULT 0.00 COMMENT '退款金额',
  `refund_balance_money` decimal(10, 2) NOT NULL DEFAULT 0.00 COMMENT '退款余额',
  `refund_reason` varchar(255) CHARACTER SET utf8 COLLATE utf8_general_ci NOT NULL DEFAULT '' COMMENT '退款原因',
  `refund_real_money` decimal(10, 2) NOT NULL DEFAULT 0.00 COMMENT '实际退款金额',
  `refund_status` int(1) NOT NULL DEFAULT 0 COMMENT '退款状态',
  `is_evaluate` smallint(6) NOT NULL DEFAULT 0 COMMENT '是否评价 0为未评价 1为已评价 2为已追评',
  `status_time` int(11) NOT NULL DEFAULT 0 COMMENT '状态日期',
  `kpoint_id` int(11) NOT NULL DEFAULT 0 COMMENT '课程章节ID',
  PRIMARY KEY (`order_item_id`) USING BTREE
) ENGINE = InnoDB AUTO_INCREMENT = 189 AVG_ROW_LENGTH = 256 CHARACTER SET = utf8 COLLATE = utf8_general_ci COMMENT = '订单项' ROW_FORMAT = Compact;

-- ----------------------------
-- Records of nv_order_item
-- ----------------------------
INSERT INTO `nv_order_item` VALUES (76, 79, 1, 12, '【颜真卿自书告身】教学视频', 99.00, 'upload/common/1511177678.png', 6, 1, -1, 0.00, 1, 0.00, 0.00, '', 0.00, 0, 0, 0, 0);
INSERT INTO `nv_order_item` VALUES (77, 80, 1, 12, '【颜真卿自书告身】教学视频', 99.00, 'upload/common/1511177678.png', 6, 1, -1, 0.00, 1, 0.00, 0.00, '', 0.00, 0, 0, 0, 0);
INSERT INTO `nv_order_item` VALUES (78, 81, 1, 12, '【颜真卿自书告身】教学视频', 99.00, 'upload/common/1511177678.png', 6, 1, -1, 0.00, 1, 0.00, 0.00, '', 0.00, 0, 0, 0, 0);
INSERT INTO `nv_order_item` VALUES (79, 82, 1, 12, '【颜真卿自书告身】教学视频', 99.00, 'upload/common/1511177678.png', 6, 1, 2, 0.00, 1, 0.00, 0.00, '', 0.00, 0, 0, 1511420054, 0);
INSERT INTO `nv_order_item` VALUES (80, 83, 1, 13, '【福屯山水】教学视频', 0.01, 'upload/common/1511177633.png', 6, 1, 2, 0.00, 1, 0.00, 0.00, '', 0.00, 0, 0, 1511425234, 0);
INSERT INTO `nv_order_item` VALUES (81, 84, 1, 11, '【孟法师碑】教学视频', 0.01, 'upload/common/1511177400.png', 79, 1, -1, 0.00, 1, 0.00, 0.00, '', 0.00, 0, 0, 0, 0);
INSERT INTO `nv_order_item` VALUES (82, 85, 1, 12, '【颜真卿自书告身】教学视频', 99.00, 'upload/common/1511177678.png', 79, 1, 0, 0.00, 1, 0.00, 0.00, '', 0.00, 0, 0, 0, 0);
INSERT INTO `nv_order_item` VALUES (83, 86, 1, 5, '高中零基础怎样学好音乐', 59.00, 'upload/common/1510893134.jpg', 6, 1, -1, 0.00, 1, 0.00, 0.00, '', 0.00, 0, 0, 0, 0);
INSERT INTO `nv_order_item` VALUES (84, 87, 1, 5, '高中零基础怎样学好音乐', 59.00, 'upload/common/1510893134.jpg', 6, 1, 2, 0.00, 1, 0.00, 0.00, '', 0.00, 0, 0, 1511497418, 0);
INSERT INTO `nv_order_item` VALUES (85, 88, 1, 5, '高中零基础怎样学好音乐', 59.00, 'upload/common/1510893134.jpg', 6, 1, 2, 0.00, 1, 0.00, 0.00, '', 0.00, 0, 0, 1511497614, 0);
INSERT INTO `nv_order_item` VALUES (86, 89, 1, 5, '高中零基础怎样学好音乐', 59.00, 'upload/common/1510893134.jpg', 6, 1, 2, 0.00, 1, 0.00, 0.00, '', 0.00, 0, 0, 1511497663, 0);
INSERT INTO `nv_order_item` VALUES (87, 90, 1, 13, '【福屯山水】教学视频', 0.01, 'upload/common/1511177633.png', 6, 1, 2, 0.00, 1, 0.00, 0.00, '', 0.00, 0, 0, 1511514149, 0);
INSERT INTO `nv_order_item` VALUES (88, 91, 1, 7, '从一二三开始', 254.00, 'upload/common/1510745643.jpg', 6, 1, 2, 0.00, 1, 0.00, 0.00, '', 0.00, 0, 0, 1511521980, 0);
INSERT INTO `nv_order_item` VALUES (89, 92, 1, 7, '从一二三开始', 254.00, 'upload/common/1510745643.jpg', 6, 1, 2, 0.00, 1, 0.00, 0.00, '', 0.00, 0, 0, 1511522123, 0);
INSERT INTO `nv_order_item` VALUES (90, 93, 1, 8, 'Excel实战技巧视频教程', 0.01, 'upload/common/1510913835.jpg', 6, 1, -1, 0.00, 1, 0.00, 0.00, '', 0.00, 0, 0, 0, 0);
INSERT INTO `nv_order_item` VALUES (91, 94, 1, 8, 'Excel实战技巧视频教程', 0.01, 'upload/common/1510913835.jpg', 6, 1, -1, 0.00, 1, 0.00, 0.00, '', 0.00, 0, 0, 0, 0);
INSERT INTO `nv_order_item` VALUES (92, 95, 1, 10, '高中零基础怎样学好音乐', 0.01, 'upload/common/1510914169.jpg', 6, 1, -1, 0.00, 1, 0.00, 0.00, '', 0.00, 0, 0, 0, 0);
INSERT INTO `nv_order_item` VALUES (93, 96, 1, 8, 'Excel实战技巧视频教程', 0.01, 'upload/common/1510913835.jpg', 6, 1, -1, 0.00, 1, 0.00, 0.00, '', 0.00, 0, 0, 0, 0);
INSERT INTO `nv_order_item` VALUES (94, 97, 1, 8, 'Excel实战技巧视频教程', 0.01, 'upload/common/1510913835.jpg', 6, 1, -1, 0.00, 1, 0.00, 0.00, '', 0.00, 0, 0, 0, 0);
INSERT INTO `nv_order_item` VALUES (95, 98, 1, 9, '理综卷做题技巧', 0.01, 'upload/common/1510914115.jpg', 6, 1, 2, 0.00, 1, 0.00, 0.00, '', 0.00, 0, 0, 1511947130, 0);
INSERT INTO `nv_order_item` VALUES (96, 99, 1, 8, 'Excel实战技巧视频教程', 0.01, 'upload/common/1510913835.jpg', 6, 1, -1, 0.00, 1, 0.00, 0.00, '', 0.00, 0, 0, 0, 0);
INSERT INTO `nv_order_item` VALUES (97, 100, 1, 13, '【福屯山水】教学视频', 0.01, 'upload/common/1511177633.png', 6, 1, 2, 0.00, 1, 0.00, 0.00, '', 0.00, 0, 0, 1512379023, 0);
INSERT INTO `nv_order_item` VALUES (98, 101, 1, 15, '【自书告身帖】程志宏主讲介绍', 0.01, 'http://p0bntmyzp.bkt.clouddn.com/242611343e3e0db50f2875acdba62c0d', 6, 1, -1, 0.00, 1, 0.00, 0.00, '', 0.00, 0, 0, 0, 0);
INSERT INTO `nv_order_item` VALUES (99, 102, 1, 15, '【自书告身帖】程志宏主讲介绍', 0.01, 'http://p0bntmyzp.bkt.clouddn.com/242611343e3e0db50f2875acdba62c0d', 1, 1, 2, 0.00, 1, 0.00, 0.00, '', 0.00, 0, 0, 1512697209, 0);
INSERT INTO `nv_order_item` VALUES (100, 103, 1, 13, '【福屯山水】教学视频', 0.01, 'upload/common/1511177633.png', 1, 1, -1, 0.00, 1, 0.00, 0.00, '', 0.00, 0, 0, 0, 0);
INSERT INTO `nv_order_item` VALUES (101, 104, 1, 13, '【福屯山水】教学视频', 0.01, 'upload/common/1511177633.png', 1, 1, -1, 0.00, 1, 0.00, 0.00, '', 0.00, 0, 0, 0, 0);
INSERT INTO `nv_order_item` VALUES (102, 105, 1, 13, '【福屯山水】教学视频', 0.01, 'upload/common/1511177633.png', 1, 1, -1, 0.00, 1, 0.00, 0.00, '', 0.00, 0, 0, 0, 0);
INSERT INTO `nv_order_item` VALUES (103, 106, 1, 13, '【福屯山水】教学视频', 0.01, 'upload/common/1511177633.png', 1, 1, 2, 0.00, 1, 0.00, 0.00, '', 0.00, 0, 0, 1512801103, 0);
INSERT INTO `nv_order_item` VALUES (107, 110, 1, 13, '【福屯山水】教学视频', 0.01, 'upload/common/1511177633.png', 80, 1, 2, 0.00, 1, 0.00, 0.00, '', 0.00, 0, 0, 1512806435, 0);
INSERT INTO `nv_order_item` VALUES (108, 111, 1, 15, '【自书告身帖】程志宏主讲介绍', 0.01, 'http://p0bntmyzp.bkt.clouddn.com/242611343e3e0db50f2875acdba62c0d', 80, 1, 2, 0.00, 1, 0.00, 0.00, '', 0.00, 0, 0, 1512807235, 0);
INSERT INTO `nv_order_item` VALUES (109, 112, 1, 15, '【自书告身帖】程志宏主讲介绍', 0.01, 'http://p0bntmyzp.bkt.clouddn.com/242611343e3e0db50f2875acdba62c0d', 80, 1, 2, 0.00, 1, 0.00, 0.00, '', 0.00, 0, 0, 1512807322, 0);
INSERT INTO `nv_order_item` VALUES (111, 114, 1, 12, '【颜真卿自书告身】教学视频', 99.00, 'upload/common/1511177678.png', 80, 1, -1, 0.00, 1, 0.00, 0.00, '', 0.00, 0, 0, 0, 0);
INSERT INTO `nv_order_item` VALUES (118, 121, 1, 13, '【福屯山水】教学视频', 12.00, 'upload/common/1511177633.png', 80, 1, -1, 0.00, 1, 0.00, 0.00, '', 0.00, 0, 0, 0, 0);
INSERT INTO `nv_order_item` VALUES (119, 122, 1, 13, '【福屯山水】教学视频', 12.00, 'upload/common/1511177633.png', 80, 1, 2, 0.00, 1, 0.00, 0.00, '', 0.00, 0, 0, 1512819156, 0);
INSERT INTO `nv_order_item` VALUES (120, 123, 1, 15, '【自书告身帖】程志宏主讲介绍', 0.01, 'http://p0bntmyzp.bkt.clouddn.com/242611343e3e0db50f2875acdba62c0d', 80, 1, 2, 0.00, 1, 0.00, 0.00, '', 0.00, 0, 0, 1512819665, 0);
INSERT INTO `nv_order_item` VALUES (142, 145, 2, 9, '中小学套餐', 12.00, 'upload/common/1510882398.jpg', 80, 1, 2, 0.00, 1, 0.00, 0.00, '', 0.00, 0, 0, 1513066967, 0);
INSERT INTO `nv_order_item` VALUES (143, 146, 2, 11, '高级套餐', 0.01, 'upload/common/1512960326.png', 80, 1, 2, 0.00, 1, 0.00, 0.00, '', 0.00, 0, 0, 1513067678, 0);
INSERT INTO `nv_order_item` VALUES (144, 147, 2, 11, '高级套餐', 0.01, 'upload/common/1512960326.png', 80, 1, 2, 0.00, 1, 0.00, 0.00, '', 0.00, 0, 0, 1513068055, 0);
INSERT INTO `nv_order_item` VALUES (145, 148, 2, 11, '高级套餐', 0.01, 'upload/common/1512960326.png', 80, 1, 2, 0.00, 1, 0.00, 0.00, '', 0.00, 0, 0, 1513068392, 0);
INSERT INTO `nv_order_item` VALUES (146, 149, 1, 15, '【自书告身帖】程志宏主讲介绍', 0.01, 'http://p0bntmyzp.bkt.clouddn.com/242611343e3e0db50f2875acdba62c0d', 80, 1, 2, 0.00, 1, 0.00, 0.00, '', 0.00, 0, 0, 1513068811, 0);
INSERT INTO `nv_order_item` VALUES (147, 150, 1, 15, '【自书告身帖】程志宏主讲介绍', 0.01, 'http://p0bntmyzp.bkt.clouddn.com/242611343e3e0db50f2875acdba62c0d', 80, 1, 2, 0.00, 1, 0.00, 0.00, '', 0.00, 0, 0, 1513069079, 0);
INSERT INTO `nv_order_item` VALUES (148, 151, 2, 11, '高级套餐', 0.01, 'upload/common/1512960326.png', 80, 1, 2, 0.00, 1, 0.00, 0.00, '', 0.00, 0, 0, 1513069323, 0);
INSERT INTO `nv_order_item` VALUES (149, 152, 1, 15, '【自书告身帖】程志宏主讲介绍', 0.01, 'http://p0bntmyzp.bkt.clouddn.com/242611343e3e0db50f2875acdba62c0d', 80, 1, 2, 0.00, 1, 0.00, 0.00, '', 0.00, 0, 0, 1513070966, 0);
INSERT INTO `nv_order_item` VALUES (150, 153, 2, 11, '高级套餐', 0.01, 'upload/common/1512960326.png', 80, 1, 2, 0.00, 1, 0.00, 0.00, '', 0.00, 0, 0, 1513071001, 0);
INSERT INTO `nv_order_item` VALUES (151, 154, 1, 15, '【自书告身帖】程志宏主讲介绍', 0.01, 'http://p0bntmyzp.bkt.clouddn.com/242611343e3e0db50f2875acdba62c0d', 80, 1, 2, 0.00, 1, 0.00, 0.00, '', 0.00, 0, 0, 1513072340, 0);
INSERT INTO `nv_order_item` VALUES (152, 155, 1, 15, '【自书告身帖】程志宏主讲介绍', 0.01, 'http://p0bntmyzp.bkt.clouddn.com/242611343e3e0db50f2875acdba62c0d', 80, 1, 2, 0.00, 1, 0.00, 0.00, '', 0.00, 0, 0, 1513073622, 0);
INSERT INTO `nv_order_item` VALUES (153, 156, 2, 9, '中小学套餐', 12.00, 'upload/common/1510882398.jpg', 80, 1, 2, 0.00, 1, 0.00, 0.00, '', 0.00, 0, 0, 1513074385, 0);
INSERT INTO `nv_order_item` VALUES (154, 157, 2, 9, '中小学套餐', 12.00, 'upload/common/1510882398.jpg', 80, 1, 2, 0.00, 1, 0.00, 0.00, '', 0.00, 0, 0, 1513075583, 0);
INSERT INTO `nv_order_item` VALUES (155, 158, 2, 9, '中小学套餐', 12.00, 'upload/common/1510882398.jpg', 80, 1, 2, 0.00, 1, 0.00, 0.00, '', 0.00, 0, 0, 1513075765, 0);
INSERT INTO `nv_order_item` VALUES (156, 159, 2, 6, '测试套餐', 12.00, 'upload/common/1510050929.jpg', 80, 1, 2, 0.00, 1, 0.00, 0.00, '', 0.00, 0, 0, 1513150257, 0);
INSERT INTO `nv_order_item` VALUES (157, 160, 2, 10, '大学套餐', 0.01, 'upload/common/1512542753.png', 80, 1, 2, 0.00, 1, 0.00, 0.00, '', 0.00, 0, 0, 1513152275, 0);
INSERT INTO `nv_order_item` VALUES (158, 161, 1, 15, '【自书告身帖】程志宏主讲介绍', 0.00, 'http://p0bntmyzp.bkt.clouddn.com/242611343e3e0db50f2875acdba62c0d', 80, 1, 2, 0.00, 1, 0.00, 0.00, '', 0.00, 0, 0, 1513222908, 254);
INSERT INTO `nv_order_item` VALUES (159, 162, 1, 15, '【自书告身帖】程志宏主讲介绍', 0.00, 'http://p0bntmyzp.bkt.clouddn.com/242611343e3e0db50f2875acdba62c0d', 80, 1, 2, 0.00, 1, 0.00, 0.00, '', 0.00, 0, 0, 1513223579, 266);
INSERT INTO `nv_order_item` VALUES (160, 163, 1, 13, '【福屯山水】教学视频', 12.00, 'upload/common/1511177633.png', 80, 1, 2, 0.00, 1, 0.00, 0.00, '', 0.00, 0, 0, 1513223877, 0);
INSERT INTO `nv_order_item` VALUES (161, 164, 1, 15, '【自书告身帖】程志宏主讲介绍', 0.01, 'http://p0bntmyzp.bkt.clouddn.com/242611343e3e0db50f2875acdba62c0d', 80, 1, 2, 0.00, 1, 0.00, 0.00, '', 0.00, 0, 0, 1513236347, 0);
INSERT INTO `nv_order_item` VALUES (162, 165, 1, 12, '【颜真卿自书告身】教学视频', 0.00, 'upload/common/1511177678.png', 80, 1, 2, 0.00, 1, 0.00, 0.00, '', 0.00, 0, 0, 1513237749, 272);
INSERT INTO `nv_order_item` VALUES (163, 166, 1, 12, '【颜真卿自书告身】教学视频', 12.00, 'upload/common/1511177678.png', 80, 1, -1, 0.00, 1, 0.00, 0.00, '', 0.00, 0, 0, 0, 0);
INSERT INTO `nv_order_item` VALUES (164, 167, 1, 12, '【颜真卿自书告身】教学视频', 12.00, 'upload/common/1511177678.png', 80, 1, 2, 0.00, 1, 0.00, 0.00, '', 0.00, 0, 0, 1513242519, 0);
INSERT INTO `nv_order_item` VALUES (165, 168, 2, 11, '高级套餐', 0.01, 'upload/common/1512960326.png', 80, 1, 0, 0.00, 1, 0.00, 0.00, '', 0.00, 0, 0, 0, 0);
INSERT INTO `nv_order_item` VALUES (166, 169, 1, 15, '【自书告身帖】程志宏主讲介绍', 0.00, 'http://p0bntmyzp.bkt.clouddn.com/242611343e3e0db50f2875acdba62c0d', 6, 1, 2, 0.00, 1, 0.00, 0.00, '', 0.00, 0, 0, 1513305690, 254);
INSERT INTO `nv_order_item` VALUES (167, 170, 1, 15, '【自书告身帖】程志宏主讲介绍', 0.00, 'http://p0bntmyzp.bkt.clouddn.com/242611343e3e0db50f2875acdba62c0d', 6, 1, 2, 0.00, 1, 0.00, 0.00, '', 0.00, 0, 0, 1513309618, 266);
INSERT INTO `nv_order_item` VALUES (168, 171, 1, 15, '【自书告身帖】程志宏主讲介绍', 0.00, 'http://p0bntmyzp.bkt.clouddn.com/242611343e3e0db50f2875acdba62c0d', 6, 1, 2, 0.00, 1, 0.00, 0.00, '', 0.00, 0, 0, 1513309704, 267);
INSERT INTO `nv_order_item` VALUES (169, 172, 1, 15, '【自书告身帖】程志宏主讲介绍', 0.00, 'http://p0bntmyzp.bkt.clouddn.com/242611343e3e0db50f2875acdba62c0d', 6, 1, 2, 0.00, 1, 0.00, 0.00, '', 0.00, 0, 0, 1513319063, 254);
INSERT INTO `nv_order_item` VALUES (170, 173, 1, 13, '【福屯山水】教学视频', 0.00, 'upload/common/1511177633.png', 6, 1, 2, 0.00, 1, 0.00, 0.00, '', 0.00, 0, 0, 1513319324, 246);
INSERT INTO `nv_order_item` VALUES (171, 174, 1, 11, '设计学与美学的结合', 0.00, 'http://p0bntmyzp.bkt.clouddn.com/0487b3a8c3e3072ec13cda94a34164a0', 6, 1, -1, 0.00, 1, 0.00, 0.00, '', 0.00, 0, 0, 0, 252);
INSERT INTO `nv_order_item` VALUES (172, 175, 1, 11, '设计学与美学的结合', 188.00, 'http://p0bntmyzp.bkt.clouddn.com/0487b3a8c3e3072ec13cda94a34164a0', 6, 1, 2, 0.00, 1, 0.00, 0.00, '', 0.00, 0, 0, 1513926321, 0);
INSERT INTO `nv_order_item` VALUES (173, 176, 1, 11, '设计学与美学的结合', 0.00, 'http://p0bntmyzp.bkt.clouddn.com/0487b3a8c3e3072ec13cda94a34164a0', 82, 1, 2, 0.00, 1, 0.00, 0.00, '', 0.00, 0, 0, 1513937960, 252);
INSERT INTO `nv_order_item` VALUES (174, 177, 1, 13, '编程语言的原理', 0.00, 'http://p0bntmyzp.bkt.clouddn.com/ed51087e644e60b315d9b673fb340b35', 6, 1, 2, 0.00, 1, 0.00, 0.00, '', 0.00, 0, 0, 1514000007, 247);
INSERT INTO `nv_order_item` VALUES (175, 178, 2, 9, '计算机套餐', 200.00, 'http://p0bntmyzp.bkt.clouddn.com/5571e98e5b95e4a8dc05d14611018b45', 6, 1, 2, 0.00, 1, 0.00, 0.00, '', 0.00, 0, 0, 1514013536, 0);
INSERT INTO `nv_order_item` VALUES (176, 179, 1, 17, '十天突破英语四六级', 99.00, 'http://p0bntmyzp.bkt.clouddn.com/cddc450c6add64cba59d11be39cafd72', 80, 1, 2, 0.00, 1, 0.00, 0.00, '', 0.00, 0, 0, 1514255153, 0);
INSERT INTO `nv_order_item` VALUES (177, 180, 1, 15, '高级程序开发教程', 0.00, 'http://p0bntmyzp.bkt.clouddn.com/0f59cf19e1a9bfce18e9df2c815f8a36', 83, 1, -1, 0.00, 1, 0.00, 0.00, '', 0.00, 0, 0, 0, 266);
INSERT INTO `nv_order_item` VALUES (178, 181, 1, 15, '高级程序开发教程', 0.00, 'http://p0bntmyzp.bkt.clouddn.com/0f59cf19e1a9bfce18e9df2c815f8a36', 83, 1, 2, 0.00, 1, 0.00, 0.00, '', 0.00, 0, 0, 1514339539, 266);
INSERT INTO `nv_order_item` VALUES (179, 182, 1, 11, '设计学与美学的结合', 0.00, 'http://p0bntmyzp.bkt.clouddn.com/0487b3a8c3e3072ec13cda94a34164a0', 83, 1, 2, 0.00, 1, 0.00, 0.00, '', 0.00, 0, 0, 1514339918, 279);
INSERT INTO `nv_order_item` VALUES (180, 183, 1, 15, '高级程序开发教程', 188.00, 'http://p0bntmyzp.bkt.clouddn.com/0f59cf19e1a9bfce18e9df2c815f8a36', 83, 1, 2, 0.00, 1, 0.00, 0.00, '', 0.00, 0, 0, 1514446106, 0);
INSERT INTO `nv_order_item` VALUES (181, 184, 1, 13, '编程语言的原理', 88.00, 'http://p0bntmyzp.bkt.clouddn.com/ed51087e644e60b315d9b673fb340b35', 83, 1, 2, 0.00, 1, 0.00, 0.00, '', 0.00, 0, 0, 1514446487, 0);
INSERT INTO `nv_order_item` VALUES (182, 185, 1, 17, '十天突破英语四六级', 99.00, 'http://p0bntmyzp.bkt.clouddn.com/cddc450c6add64cba59d11be39cafd72', 83, 1, 0, 0.00, 1, 0.00, 0.00, '', 0.00, 0, 0, 0, 0);
INSERT INTO `nv_order_item` VALUES (183, 186, 1, 11, '设计学与美学的结合', 0.00, 'http://p0bntmyzp.bkt.clouddn.com/0487b3a8c3e3072ec13cda94a34164a0', 83, 1, 2, 0.00, 1, 0.00, 0.00, '', 0.00, 0, 0, 1514453503, 280);
INSERT INTO `nv_order_item` VALUES (184, 187, 1, 25, '机电工程管理与实务', 0.01, 'upload/common/1561194992.jpg', 1, 1, 0, 0.00, 1, 0.00, 0.00, '', 0.00, 0, 0, 0, 0);
INSERT INTO `nv_order_item` VALUES (185, 188, 1, 11, '设计学与美学的结合', 0.00, 'upload/common/1561195221.jpg', 75, 1, 2, 0.00, 1, 0.00, 0.00, '', 0.00, 0, 0, 1562564946, 252);
INSERT INTO `nv_order_item` VALUES (186, 189, 1, 11, '设计学与美学的结合', 0.00, 'upload/common/1561195221.jpg', 87, 1, 0, 0.00, 1, 0.00, 0.00, '', 0.00, 0, 0, 0, 252);
INSERT INTO `nv_order_item` VALUES (187, 190, 1, 15, '高级程序开发教程', 0.00, 'upload/common/1607572578.png', 7, 1, 2, 0.00, 1, 0.00, 0.00, '', 0.00, 0, 0, 1607588018, 254);
INSERT INTO `nv_order_item` VALUES (188, 191, 1, 24, '高中生物学习方法与经验总结', 0.00, 'upload/common/1607572171.png', 7, 1, 2, 0.00, 1, 0.00, 0.00, '', 0.00, 0, 0, 1607917892, 301);

-- ----------------------------
-- Table structure for nv_package
-- ----------------------------
DROP TABLE IF EXISTS `nv_package`;
CREATE TABLE `nv_package`  (
  `package_id` int(11) NOT NULL AUTO_INCREMENT,
  `package_title` varchar(255) CHARACTER SET utf8 COLLATE utf8_general_ci NOT NULL DEFAULT '' COMMENT '套餐标题',
  `cover_img` varchar(255) CHARACTER SET utf8 COLLATE utf8_general_ci NOT NULL DEFAULT '' COMMENT '封面',
  `package_dec` varchar(255) CHARACTER SET utf8 COLLATE utf8_general_ci NOT NULL DEFAULT '' COMMENT '套餐介绍',
  `status` int(11) NOT NULL DEFAULT 0 COMMENT '套餐状态 0草稿 1正常',
  `source_price` decimal(10, 2) NOT NULL DEFAULT 0.00 COMMENT '原价格',
  `current_price` decimal(19, 2) NOT NULL DEFAULT 0.00 COMMENT '销售价格',
  `release_uid` int(11) NOT NULL DEFAULT 0 COMMENT '发布人',
  `end_time` int(11) NOT NULL DEFAULT 0 COMMENT '有效结束时间',
  `lose_type` int(2) NOT NULL DEFAULT 0 COMMENT '有效期类型，0：到期时间，1：按天数',
  `lose_time` varchar(255) CHARACTER SET utf8 COLLATE utf8_general_ci NOT NULL DEFAULT '' COMMENT '有效期:商品订单过期时间点',
  `content_text` text CHARACTER SET utf8 COLLATE utf8_general_ci NOT NULL COMMENT '套餐详情',
  `create_time` int(11) NOT NULL DEFAULT 0 COMMENT '添加日期',
  `modify_time` int(11) NOT NULL DEFAULT 0 COMMENT '修改日期',
  `basics_buy` int(11) NOT NULL DEFAULT 0 COMMENT '基础销量',
  `view_count` int(11) NOT NULL DEFAULT 0 COMMENT '浏览数量',
  `buy_count` int(11) NOT NULL DEFAULT 0 COMMENT '销售数量',
  `basics_view` int(11) NOT NULL DEFAULT 0 COMMENT '基础浏览数量',
  `course_number` int(11) NOT NULL DEFAULT 0 COMMENT '包含的课程数量',
  `comment_count` int(11) NOT NULL DEFAULT 0 COMMENT '评论数量',
  `sort` int(1) NOT NULL DEFAULT 0 COMMENT '序列',
  `collection_count` int(11) NOT NULL DEFAULT 0 COMMENT '收藏数量',
  PRIMARY KEY (`package_id`) USING BTREE
) ENGINE = InnoDB AUTO_INCREMENT = 13 AVG_ROW_LENGTH = 4096 CHARACTER SET = utf8 COLLATE = utf8_general_ci COMMENT = '套餐' ROW_FORMAT = Compact;

-- ----------------------------
-- Records of nv_package
-- ----------------------------
INSERT INTO `nv_package` VALUES (6, '零基础学外语套餐', 'upload/common/1561195285.jpg', '零基础学外语，和老外面对面交流。零基础学外语，和老外面对面交流。', 1, 150.00, 100.00, 1, 0, 1, '10', '<p>&nbsp; &nbsp; &nbsp; &nbsp;零基础学外语，和老外面对面交流。零基础学外语，和老外面对面交流。零基础学外语，和老外面对面交流。零基础学外语，和老外面对面交流。零基础学外语，和老外面对面交流。</p>', 1510050806, 1561195288, 151, 0, 1, 142, 0, 0, 2, 2);
INSERT INTO `nv_package` VALUES (9, '计算机套餐', 'upload/common/1561195304.jpg', '由浅入深地介绍计算机的相关原理及应用，帮助人们快速掌握基本的计算机操作', 1, 248.00, 200.00, 1, 0, 1, '100', '<p>&nbsp; &nbsp; &nbsp; &nbsp;由浅入深地介绍计算机的相关原理及应用，帮助人们快速掌握基本的计算机操作。由浅入深地介绍计算机的相关原理及应用，帮助人们快速掌握基本的计算机操作。由浅入深地介绍计算机的相关原理及应用，帮助人们快速掌握基本的计算机操作。由浅入深地介绍计算机的相关原理及应用，帮助人们快速掌握基本的计算机操作。</p>', 1510050806, 1561195306, 100, 0, 5, 50, 0, 0, 2, 0);
INSERT INTO `nv_package` VALUES (12, '职场打拼套餐', 'upload/common/1561195321.jpg', '职场打拼职场打拼职场打拼职场打拼职场打拼职场打拼职场打拼', 1, 100.00, 88.00, 1, 0, 1, '15', '<p>&nbsp; &nbsp; &nbsp; &nbsp;职场打拼职场打拼职场打拼职场打拼职场打拼职场打拼职场打拼职场打拼职场打拼职场打拼职场打拼职场打拼职场打拼职场打拼职场打拼职场打拼职场打拼职场打拼职场打拼职场打拼</p>', 1513931625, 1561195323, 20, 0, 0, 54, 0, 0, 5, 0);

-- ----------------------------
-- Table structure for nv_package_course
-- ----------------------------
DROP TABLE IF EXISTS `nv_package_course`;
CREATE TABLE `nv_package_course`  (
  `pc_id` int(11) NOT NULL AUTO_INCREMENT COMMENT '主键',
  `package_id` int(11) NOT NULL DEFAULT 0 COMMENT '套餐id',
  `course_id` int(11) NOT NULL DEFAULT 0 COMMENT '课程id',
  `create_time` int(11) NOT NULL DEFAULT 0 COMMENT '添加日期',
  `sort` int(11) NOT NULL DEFAULT 0 COMMENT '排序',
  PRIMARY KEY (`pc_id`) USING BTREE
) ENGINE = InnoDB AUTO_INCREMENT = 4 AVG_ROW_LENGTH = 2048 CHARACTER SET = utf8 COLLATE = utf8_general_ci COMMENT = '套餐和课程关系' ROW_FORMAT = Compact;

-- ----------------------------
-- Records of nv_package_course
-- ----------------------------
INSERT INTO `nv_package_course` VALUES (1, 6, 19, 1561195288, 0);
INSERT INTO `nv_package_course` VALUES (2, 9, 23, 1561195306, 0);
INSERT INTO `nv_package_course` VALUES (3, 12, 20, 1561195323, 0);

-- ----------------------------
-- Table structure for nv_subject
-- ----------------------------
DROP TABLE IF EXISTS `nv_subject`;
CREATE TABLE `nv_subject`  (
  `subject_id` int(11) NOT NULL AUTO_INCREMENT COMMENT '主键',
  `subject_name` varchar(50) CHARACTER SET utf8 COLLATE utf8_general_ci NOT NULL DEFAULT '' COMMENT '专业名称',
  `parent_id` int(11) NOT NULL DEFAULT 0 COMMENT '父ID',
  `sort` int(11) NOT NULL DEFAULT 0 COMMENT '排序字段',
  `is_visible` int(11) NOT NULL DEFAULT 1 COMMENT '是否显示  1 显示 0 不显示',
  `subject_pic` varchar(255) CHARACTER SET utf8 COLLATE utf8_general_ci NOT NULL DEFAULT '' COMMENT '专业图片',
  `dec` varchar(255) CHARACTER SET utf8 COLLATE utf8_general_ci NOT NULL DEFAULT '' COMMENT '说明',
  PRIMARY KEY (`subject_id`) USING BTREE
) ENGINE = InnoDB AUTO_INCREMENT = 59 AVG_ROW_LENGTH = 3276 CHARACTER SET = utf8 COLLATE = utf8_general_ci COMMENT = '专业信息' ROW_FORMAT = Compact;

-- ----------------------------
-- Records of nv_subject
-- ----------------------------
INSERT INTO `nv_subject` VALUES (43, 'IT·互联网', 0, 1, 1, 'upload/common/1561195764.jpg', '计算机');
INSERT INTO `nv_subject` VALUES (44, '计算机', 43, 1, 1, 'http://p0bntmyzp.bkt.clouddn.com/ef7268e2cac4395b2898e430aa31dbc2', '计算机');
INSERT INTO `nv_subject` VALUES (45, '语言·留言', 0, 2, 1, 'upload/common/1561195775.jpg', '建筑学');
INSERT INTO `nv_subject` VALUES (46, '建筑学', 45, 4, 1, 'http://p0bntmyzp.bkt.clouddn.com/c270c024eaaa6ef94e80be1808d78686', '建筑学');
INSERT INTO `nv_subject` VALUES (47, '职业·考证', 0, 3, 1, 'upload/common/1561195784.jpg', '材料学');
INSERT INTO `nv_subject` VALUES (48, '财会金融', 47, 1, 1, 'http://p0bntmyzp.bkt.clouddn.com/a0bafdcd7113b4ba522589ddca0f3744', '材料学');
INSERT INTO `nv_subject` VALUES (49, '前端开发', 43, 2, 1, '', '');
INSERT INTO `nv_subject` VALUES (50, '游戏开发', 43, 3, 1, '', '');
INSERT INTO `nv_subject` VALUES (51, '软件研发', 43, 4, 1, '', '');
INSERT INTO `nv_subject` VALUES (52, '留学英语', 45, 1, 1, '', '');
INSERT INTO `nv_subject` VALUES (53, '日语', 45, 2, 1, '', '');
INSERT INTO `nv_subject` VALUES (54, '韩语', 45, 2, 1, '', '');
INSERT INTO `nv_subject` VALUES (56, '医疗卫生', 47, 2, 1, '', '');
INSERT INTO `nv_subject` VALUES (57, '公考求职', 47, 4, 1, '', '');
INSERT INTO `nv_subject` VALUES (58, '建造工程', 47, 5, 1, '', '');

-- ----------------------------
-- Table structure for nv_subject_home_block
-- ----------------------------
DROP TABLE IF EXISTS `nv_subject_home_block`;
CREATE TABLE `nv_subject_home_block`  (
  `id` int(11) UNSIGNED NOT NULL AUTO_INCREMENT,
  `subject_name` varchar(50) CHARACTER SET utf8 COLLATE utf8_general_ci NOT NULL DEFAULT '' COMMENT '分类名称',
  `subject_id` int(11) NOT NULL DEFAULT 0 COMMENT '分类id',
  `short_name` varchar(50) CHARACTER SET utf8 COLLATE utf8_general_ci NOT NULL DEFAULT '' COMMENT '分类简称',
  `subject_alias` varchar(50) CHARACTER SET utf8 COLLATE utf8_general_ci NOT NULL DEFAULT '' COMMENT '分类别名',
  `color` varchar(255) CHARACTER SET utf8 COLLATE utf8_general_ci NOT NULL DEFAULT '#FFFFFF' COMMENT '颜色',
  `is_show` int(11) NOT NULL DEFAULT 1 COMMENT '是否显示 1显示 0 不显示',
  `parent_subject_id` int(11) NOT NULL DEFAULT 0 COMMENT '上级id',
  `sort` int(11) NOT NULL DEFAULT 0 COMMENT '排序',
  `ad_picture` varchar(255) CHARACTER SET utf8 COLLATE utf8_general_ci NOT NULL DEFAULT '' COMMENT '广告图  {[\"title\":\"\",\"subtitle\":\"\",\"picture\":\"\",\"url\":\"\",\"background\":\"\"]}',
  `create_time` int(11) NOT NULL DEFAULT 0 COMMENT '创建时间',
  `modify_time` int(11) NOT NULL DEFAULT 0 COMMENT '修改时间',
  PRIMARY KEY (`id`) USING BTREE
) ENGINE = InnoDB AUTO_INCREMENT = 52 AVG_ROW_LENGTH = 1820 CHARACTER SET = utf8 COLLATE = utf8_general_ci COMMENT = '专业首页楼层显示' ROW_FORMAT = Compact;

-- ----------------------------
-- Records of nv_subject_home_block
-- ----------------------------
INSERT INTO `nv_subject_home_block` VALUES (36, 'IT·互联网', 43, '', '', '#ff8080', 1, 0, 0, '{\"title\":\"11\",\"subtitle\":\"11\",\"picture\":\"upload/image_collection/1607744122.png\",\"background\":\"#000000\",\"url\":\"https://www.baidu.com\"}', 0, 0);
INSERT INTO `nv_subject_home_block` VALUES (38, '语言·留言', 45, '', '', '#ff8080', 1, 0, 0, '{\"title\":\"myu\",\"subtitle\":\"gfcjmn\",\"picture\":\"upload/image_collection/1607744134.png\",\"background\":\"#000000\",\"url\":\"www.niushop.com.cn\"}', 0, 0);
INSERT INTO `nv_subject_home_block` VALUES (40, '职业·考证', 47, '', '', '#ff8080', 1, 0, 0, '{\"title\":\"dsac\",\"subtitle\":\"scsa\",\"picture\":\"upload/image_collection/1607744144.png\",\"background\":\"#000000\",\"url\":\"www.niushop.com.cn\"}', 0, 0);
INSERT INTO `nv_subject_home_block` VALUES (41, '财会金融', 48, '', '', '#FFFFFF', 1, 47, 0, '', 0, 0);
INSERT INTO `nv_subject_home_block` VALUES (42, '前端开发', 49, '', '', '#FFFFFF', 1, 43, 0, '', 0, 0);
INSERT INTO `nv_subject_home_block` VALUES (43, '游戏开发', 50, '', '', '#FFFFFF', 1, 43, 0, '', 0, 0);
INSERT INTO `nv_subject_home_block` VALUES (44, '软件研发', 51, '', '', '#FFFFFF', 1, 43, 0, '', 0, 0);
INSERT INTO `nv_subject_home_block` VALUES (45, '留学英语', 52, '', '', '#FFFFFF', 1, 45, 0, '', 0, 0);
INSERT INTO `nv_subject_home_block` VALUES (46, '日语', 53, '', '', '#FFFFFF', 1, 45, 0, '', 0, 0);
INSERT INTO `nv_subject_home_block` VALUES (47, '韩语', 54, '', '', '#FFFFFF', 1, 45, 0, '', 0, 0);
INSERT INTO `nv_subject_home_block` VALUES (49, '医疗卫生', 56, '', '', '#FFFFFF', 1, 47, 0, '', 0, 0);
INSERT INTO `nv_subject_home_block` VALUES (50, '公考求职', 57, '', '', '#FFFFFF', 1, 47, 0, '', 0, 0);
INSERT INTO `nv_subject_home_block` VALUES (51, '建造工程', 58, '', '', '#FFFFFF', 1, 47, 0, '', 0, 0);

-- ----------------------------
-- Table structure for nv_teacher
-- ----------------------------
DROP TABLE IF EXISTS `nv_teacher`;
CREATE TABLE `nv_teacher`  (
  `id` int(11) UNSIGNED NOT NULL AUTO_INCREMENT COMMENT '教师ID',
  `name` varchar(12) CHARACTER SET utf8 COLLATE utf8_general_ci NOT NULL DEFAULT '' COMMENT '教师名称',
  `title` varchar(200) CHARACTER SET utf8 COLLATE utf8_general_ci NOT NULL DEFAULT '' COMMENT '教师资历,一句话说明老师',
  `dec` varchar(255) CHARACTER SET utf8 COLLATE utf8_general_ci NOT NULL DEFAULT '' COMMENT '教师简介',
  `is_start` tinyint(1) NOT NULL DEFAULT 0 COMMENT '头衔 1高级讲师2首席讲师',
  `pic_path` varchar(200) CHARACTER SET utf8 COLLATE utf8_general_ci NOT NULL DEFAULT '' COMMENT '图片路径',
  `subject_id_1` varchar(255) CHARACTER SET utf8 COLLATE utf8_general_ci NOT NULL DEFAULT '0' COMMENT '专业一级分类ID 多专业可，分隔',
  `sort` int(11) NOT NULL DEFAULT 0 COMMENT '排序',
  `uid` int(11) NOT NULL DEFAULT 0 COMMENT 'uid',
  `dec_text` text CHARACTER SET utf8 COLLATE utf8_general_ci NOT NULL COMMENT '详细介绍信息 暂不用',
  `create_time` int(11) NOT NULL DEFAULT 0 COMMENT '创建时间',
  `modify_time` int(11) NOT NULL DEFAULT 0 COMMENT '更新时间',
  `subject_id_2` int(11) NOT NULL DEFAULT 0 COMMENT '专业二级分类ID',
  PRIMARY KEY (`id`) USING BTREE,
  INDEX `name`(`name`) USING BTREE
) ENGINE = InnoDB AUTO_INCREMENT = 22 AVG_ROW_LENGTH = 1260 CHARACTER SET = utf8 COLLATE = utf8_general_ci COMMENT = '讲师' ROW_FORMAT = Compact;

-- ----------------------------
-- Records of nv_teacher
-- ----------------------------
INSERT INTO `nv_teacher` VALUES (18, '杨海波', '20年IT行业从业经历', '对IT行业的发展前景具有非同一般的洞察力', 1, 'upload/common/1607934432.jpg', '43', 1, 0, '<p>&nbsp; &nbsp; &nbsp; IT行业高级顾问&nbsp;IT行业高级顾问&nbsp;IT行业高级顾问&nbsp;IT行业高级顾问&nbsp;IT行业高级顾问&nbsp;IT行业高级顾问&nbsp;IT行业高级顾问&nbsp;IT行业高级顾问&nbsp;IT行业高级顾问&nbsp;IT行业高级顾问&nbsp;IT行业高级顾问</p><p><br/></p>', 1511853476, 1607934435, 44);
INSERT INTO `nv_teacher` VALUES (19, '蔡维', '毕业于清华大学，留学美国，英语八级', '毕业于清华大学，留学美国，英语八级，毕业于清华大学，留学美国，英语八级', 1, 'upload/common/1561194567.jpg', '45', 2, 0, '<p>&nbsp;&nbsp;&nbsp;&nbsp; &nbsp; 毕业于清华大学，留学美国，英语八级毕业于清华大学，留学美国，英语八级毕业于清华大学，留学美国，英语八级毕业于清华大学，留学美国，英语八级毕业于清华大学，留学美国，英语八级毕业于清华大学，留学美国，英语八级</p>', 1511853813, 1561194569, 52);
INSERT INTO `nv_teacher` VALUES (20, '程志宏', '金融行业新起之秀，具有非常敏锐的直觉。', '金融行业新起之秀，具有非常敏锐的直觉。金融行业新起之秀，具有非常敏锐的直觉。', 1, 'upload/common/1607934446.jpg', '47', 3, 0, '<p>&nbsp; &nbsp; &nbsp; &nbsp;金融行业新起之秀，具有非常敏锐的直觉。金融行业新起之秀，具有非常敏锐的直觉。金融行业新起之秀，具有非常敏锐的直觉。金融行业新起之秀，具有非常敏锐的直觉。金融行业新起之秀，具有非常敏锐的直觉。金融行业新起之秀，具有非常敏锐的直觉。</p><p><br/></p>', 1511853997, 1607934448, 48);
INSERT INTO `nv_teacher` VALUES (21, '刘海', '公考专家，资深讲师', '公考专家，资深讲师。公考专家，资深讲师。公考专家，资深讲师。公考专家，资深讲师。公考专家，资深讲师。', 1, 'upload/common/1561194594.jpg', '47', 4, 0, '<p>&nbsp; &nbsp; &nbsp; &nbsp;公考专家，资深讲师。公考专家，资深讲师。公考专家，资深讲师。公考专家，资深讲师。公考专家，资深讲师。公考专家，资深讲师。公考专家，资深讲师。公考专家，资深讲师。公考专家，资深讲师。公考专家，资深讲师。</p><p><br/></p>', 1511854077, 1561194597, 57);

-- ----------------------------
-- Table structure for nv_website_adv
-- ----------------------------
DROP TABLE IF EXISTS `nv_website_adv`;
CREATE TABLE `nv_website_adv`  (
  `adv_id` mediumint(8) UNSIGNED NOT NULL AUTO_INCREMENT COMMENT '广告自增标识编号',
  `ap_id` mediumint(8) UNSIGNED NOT NULL DEFAULT 0 COMMENT '广告位id',
  `adv_title` varchar(255) CHARACTER SET utf8 COLLATE utf8_general_ci NOT NULL DEFAULT '' COMMENT '广告内容描述',
  `adv_url` text CHARACTER SET utf8 COLLATE utf8_general_ci NOT NULL,
  `adv_image` varchar(1000) CHARACTER SET utf8 COLLATE utf8_general_ci NOT NULL DEFAULT '' COMMENT '广告内容图片',
  `slide_sort` int(11) NOT NULL DEFAULT 0,
  `click_num` int(10) UNSIGNED NOT NULL DEFAULT 0 COMMENT '广告点击率',
  `background` varchar(255) CHARACTER SET utf8 COLLATE utf8_general_ci NOT NULL DEFAULT '#FFFFFF' COMMENT '背景色',
  `is_block` int(11) NOT NULL DEFAULT 1 COMMENT '是否显示 1显示 0不显示',
  PRIMARY KEY (`adv_id`) USING BTREE
) ENGINE = InnoDB AUTO_INCREMENT = 15 AVG_ROW_LENGTH = 1170 CHARACTER SET = utf8 COLLATE = utf8_general_ci COMMENT = '广告表' ROW_FORMAT = Compact;

-- ----------------------------
-- Records of nv_website_adv
-- ----------------------------
INSERT INTO `nv_website_adv` VALUES (1, 2, '首页商城广告位管理', 'www.niushop.ocm.cn', '', 0, 0, '#000000', 1);
INSERT INTO `nv_website_adv` VALUES (2, 2, '商城首页广告位管理2222', 'www.niushop.com.cn', '', 2, 0, '#000000', 1);
INSERT INTO `nv_website_adv` VALUES (7, 9, '1111111111111111111', 'www.niuhsop.com.cn', 'upload/image_collection/1510910880.png', 0, 0, '#000000', 1);
INSERT INTO `nv_website_adv` VALUES (8, 11, '123', 'Course/courseList', 'upload/image_collection/1607740392.png', 1, 0, '#ffffff', 1);
INSERT INTO `nv_website_adv` VALUES (9, 11, '123', 'Course/courseList', 'upload/image_collection/1607571186.png', 2, 0, '#ffffff', 1);
INSERT INTO `nv_website_adv` VALUES (11, 12, '第一张', 'https://www.baidu.com', 'upload/image_collection/1607740935.png', 1, 0, '#000000', 1);
INSERT INTO `nv_website_adv` VALUES (12, 12, '第二张', 'https://www.baidu.com', 'upload/image_collection/1607569459.png', 2, 0, '#000000', 1);
INSERT INTO `nv_website_adv` VALUES (13, 12, '第三张', 'https://www.baidu.com', 'upload/image_collection/1607569446.png', 3, 0, '#000000', 1);
INSERT INTO `nv_website_adv` VALUES (14, 13, '终身免费使用', 'http://shop.niuxiaoke.com/', 'upload/image_collection/1607741011.png', 0, 0, '#000000', 1);

-- ----------------------------
-- Table structure for nv_website_adv_position
-- ----------------------------
DROP TABLE IF EXISTS `nv_website_adv_position`;
CREATE TABLE `nv_website_adv_position`  (
  `ap_id` mediumint(8) UNSIGNED NOT NULL AUTO_INCREMENT COMMENT '广告位置id',
  `ap_name` varchar(100) CHARACTER SET utf8 COLLATE utf8_general_ci NOT NULL DEFAULT '' COMMENT '广告位置名',
  `ap_intro` varchar(255) CHARACTER SET utf8 COLLATE utf8_general_ci NOT NULL DEFAULT '' COMMENT '广告位简介',
  `ap_class` smallint(1) UNSIGNED NOT NULL DEFAULT 0 COMMENT '广告类别：0图片1文字2幻灯3Flash',
  `ap_display` smallint(1) UNSIGNED NOT NULL DEFAULT 0 COMMENT '广告展示方式：0幻灯片1多广告展示2单广告展示',
  `ap_height` int(10) NOT NULL DEFAULT 0 COMMENT '广告位高度',
  `ap_width` int(10) NOT NULL DEFAULT 0 COMMENT '广告位宽度',
  `ap_price` decimal(10, 2) NOT NULL DEFAULT 0.00 COMMENT '广告位单价',
  `adv_num` int(10) NOT NULL DEFAULT 0 COMMENT '拥有的广告数',
  `click_num` int(10) NOT NULL DEFAULT 0 COMMENT '广告位点击率',
  `default_content` varchar(300) CHARACTER SET utf8 COLLATE utf8_general_ci NOT NULL DEFAULT '' COMMENT '默认图片',
  `ap_background_color` varchar(50) CHARACTER SET utf8 COLLATE utf8_general_ci NOT NULL DEFAULT '#FFFFFF' COMMENT '广告位背景色 默认白色',
  `type` tinyint(4) NOT NULL DEFAULT 1 COMMENT '广告位所在位置类型   1 pc端  2 手机端',
  `is_system` int(11) NOT NULL DEFAULT 0 COMMENT '是否为系统 如果为系统就可不进行删除',
  PRIMARY KEY (`ap_id`) USING BTREE
) ENGINE = InnoDB AUTO_INCREMENT = 14 AVG_ROW_LENGTH = 1489 CHARACTER SET = utf8 COLLATE = utf8_general_ci COMMENT = '广告位表' ROW_FORMAT = Compact;

-- ----------------------------
-- Records of nv_website_adv_position
-- ----------------------------
INSERT INTO `nv_website_adv_position` VALUES (4, '测试导航广告位sssqwe水电费', '测试导航广告位测试导航广告位', 0, 1, 100, 100, 12.00, 0, 0, 'upload/image_collection/1561190795.png', '#00ffff', 1, 1);
INSERT INTO `nv_website_adv_position` VALUES (5, '测试广告位2', '测试广告位2测试广告位2测试广告位2', 0, 1, 100, 200, 12.00, 0, 0, 'upload/image_collection/1561190809.png', '#000000', 1, 1);
INSERT INTO `nv_website_adv_position` VALUES (7, '问问群二翁', '味儿污染范围', 0, 1, 100, 198, 0.00, 0, 0, 'upload/image_collection/1510394100.png', '#000000', 1, 0);
INSERT INTO `nv_website_adv_position` VALUES (8, '手机端广告位', '手机端广告位手机端广告位手机端广告位手机端广告位', 0, 2, 60, 120, 100.00, 0, 0, 'upload/image_collection/1510910650.png', '#000000', 2, 1);
INSERT INTO `nv_website_adv_position` VALUES (9, '测试手机端', '', 0, 2, 95, 200, 0.00, 0, 0, 'upload/image_collection/1510910698.png', '#000000', 2, 1);
INSERT INTO `nv_website_adv_position` VALUES (11, '牛小课广告', '', 0, 1, 455, 1903, 0.00, 0, 0, 'upload/image_collection/1561190718.png', '#000000', 1, 1);
INSERT INTO `nv_website_adv_position` VALUES (12, '手机端首页轮播图广告位', '', 0, 0, 120, 400, 0.00, 0, 0, 'upload/image_collection/1561190393.png', '#000000', 1, 1);
INSERT INTO `nv_website_adv_position` VALUES (13, 'PC轮播', '', 0, 0, 960, 1280, 0.00, 0, 0, 'upload/image_collection/1607569667.png', '#000000', 1, 1);

-- ----------------------------
-- Table structure for nv_website_navigation
-- ----------------------------
DROP TABLE IF EXISTS `nv_website_navigation`;
CREATE TABLE `nv_website_navigation`  (
  `nav_id` int(10) UNSIGNED NOT NULL AUTO_INCREMENT COMMENT '主键',
  `position_id` int(11) NOT NULL DEFAULT 0 COMMENT '导航位',
  `nav_title` varchar(255) CHARACTER SET utf8 COLLATE utf8_general_ci NOT NULL DEFAULT '' COMMENT '导航位名称',
  `sort` int(11) NOT NULL DEFAULT 0 COMMENT '排序号',
  `url_type` int(11) NOT NULL DEFAULT 0 COMMENT '地址类型 0项目 1外部链接',
  `url` varchar(255) CHARACTER SET utf8 COLLATE utf8_general_ci NOT NULL DEFAULT '' COMMENT '链接地址',
  `nav_dec` varchar(255) CHARACTER SET utf8 COLLATE utf8_general_ci NOT NULL DEFAULT '' COMMENT '导航位介绍',
  `color` varchar(255) CHARACTER SET utf8 COLLATE utf8_general_ci NOT NULL DEFAULT '#484848' COMMENT '字体颜色',
  `size` varchar(255) CHARACTER SET utf8 COLLATE utf8_general_ci NOT NULL DEFAULT '' COMMENT '字体大小',
  `is_blank` int(11) NOT NULL DEFAULT 0 COMMENT '是否打开新窗口',
  `is_block` int(11) NOT NULL DEFAULT 1 COMMENT '是否显示 1显示 0不显示',
  `create_time` int(11) NOT NULL DEFAULT 0 COMMENT '创建时间',
  `modify_time` int(11) NOT NULL DEFAULT 0 COMMENT '修改时间',
  `ico_img` varchar(255) CHARACTER SET utf8 COLLATE utf8_general_ci NOT NULL DEFAULT '' COMMENT '图标',
  PRIMARY KEY (`nav_id`) USING BTREE
) ENGINE = InnoDB AUTO_INCREMENT = 32 AVG_ROW_LENGTH = 1489 CHARACTER SET = utf8 COLLATE = utf8_general_ci COMMENT = '网站导航位导航' ROW_FORMAT = Compact;

-- ----------------------------
-- Records of nv_website_navigation
-- ----------------------------
INSERT INTO `nv_website_navigation` VALUES (1, 6, '牛酷商城官网', 0, 1, 'http://www.niushop.com.cn/', '牛酷商城牛酷商城', '#000000', '12', 1, 0, 1510201809, 1510201809, 'upload/image_collection/1510201800.png');
INSERT INTO `nv_website_navigation` VALUES (2, 6, '商城首页顶部导航dddddddddddddd', 0, 1, 'http://www.niushop.com.cn/', '商城首页导航商城首页导航商城首页导航', '#000000', '16', 1, 0, 1510201922, 1510214672, '');
INSERT INTO `nv_website_navigation` VALUES (3, 0, '牛酷商城官网1111111111', 0, 1, 'http://www.niushop.com.cn/', '牛酷商城牛酷商城', '#000000', '16px', 1, 0, 1510210814, 1510210814, '');
INSERT INTO `nv_website_navigation` VALUES (4, 0, '商城首页顶部导航', 0, 1, '', '商城首页导航商城首页导航商城首页导航', '#000000', '', 1, 0, 1510212255, 1510212255, '');
INSERT INTO `nv_website_navigation` VALUES (5, 0, '商城首页顶部导航gggggggggggggggg', 0, 1, '', '商城首页导航商城首页导航商城首页导航', '#000000', '', 1, 0, 1510214558, 1510214558, '');
INSERT INTO `nv_website_navigation` VALUES (6, 8, '首页', 0, 0, 'index/index', '进入首页', '#000000', '16px', 0, 1, 1510372430, 1510372430, '');
INSERT INTO `nv_website_navigation` VALUES (7, 8, '录播', 1, 0, 'works/worksList', '录播列表', '#000000', '16px', 0, 1, 1510381426, 1510381426, '');
INSERT INTO `nv_website_navigation` VALUES (8, 8, '231', 0, 0, '231', '321', '#000000', '213', 0, 0, 1510381832, 1510381832, '');
INSERT INTO `nv_website_navigation` VALUES (9, 14, '首页', 0, 1, 'index/index', '首页', '#000000', '116px', 0, 1, 1510653181, 1607569945, 'upload/image_collection/1607569943.png');
INSERT INTO `nv_website_navigation` VALUES (10, 14, '在线教育', 0, 1, 'Course/courseList', '录播', '#000000', '20px', 0, 1, 1510653335, 1607744584, '');
INSERT INTO `nv_website_navigation` VALUES (11, 14, '网校系统', 0, 1, 'teacher/teacherList', '名师列表', '#000000', '16px', 0, 1, 1510654259, 1607744625, '');
INSERT INTO `nv_website_navigation` VALUES (12, 14, '教育资讯', 0, 1, 'Article/articleList', '最新资讯', '#000000', '16px', 0, 1, 1510654400, 1607927911, '');
INSERT INTO `nv_website_navigation` VALUES (15, 16, '录播课程', 0, 1, 'course/index', '录播课程', '#000000', '', 0, 0, 1511782169, 1607936424, 'upload/image_collection/1607936423.png');
INSERT INTO `nv_website_navigation` VALUES (16, 16, '套餐课程', 0, 1, 'package/index', '套餐课程', '#000000', '', 0, 0, 1511782350, 1607657151, 'upload/image_collection/1607657151.png');
INSERT INTO `nv_website_navigation` VALUES (17, 16, '最新资讯', 0, 1, 'article/index', '最新资讯', '#000000', '', 0, 0, 1511782691, 1607657173, 'upload/image_collection/1607657172.png');
INSERT INTO `nv_website_navigation` VALUES (18, 16, '名师风采', 0, 1, 'teacher/index', '热卖商品', '#000000', '', 0, 1, 1511783215, 1607657266, 'upload/image_collection/1607657265.png');
INSERT INTO `nv_website_navigation` VALUES (19, 17, '牛小课时代官网', 0, 0, 'http://www.baidu.com', '', '#000000', '', 0, 1, 1511949414, 1511952576, '');
INSERT INTO `nv_website_navigation` VALUES (20, 17, '营销官网', 2, 0, 'https://jx.tmall.com', '去观看', '#000000', '', 0, 1, 1511949487, 1511949487, '');
INSERT INTO `nv_website_navigation` VALUES (21, 18, '我的课程', 1, 0, 'member/index', 'uM-kcb-ico', '#000000', '', 0, 1, 1511949856, 1514449374, '');
INSERT INTO `nv_website_navigation` VALUES (22, 18, '我的笔记', 3, 0, 'member/courseNote', 'uM-wdbj-ico', '#000000', '', 0, 1, 1511949917, 1514449399, '');
INSERT INTO `nv_website_navigation` VALUES (23, 18, '我的收藏', 2, 0, 'member/myFavorites', 'uM-kcsc-ico', '#000000', '', 0, 1, 1511949959, 1514449386, '');
INSERT INTO `nv_website_navigation` VALUES (24, 18, '优惠券', 4, 0, 'member/myCouPon', 'uM-yhj-ico', '#000000', '', 0, 1, 1511949993, 1514449418, '');
INSERT INTO `nv_website_navigation` VALUES (25, 18, '我的订单', 5, 0, 'member/myOrderList', 'uM-ddzx-ico', '#000000', '', 0, 1, 1511950037, 1514449445, '');
INSERT INTO `nv_website_navigation` VALUES (26, 18, '我的账户', 6, 0, 'member/myAccount', 'uM-wdzh-ico', '#000000', '', 0, 1, 1511950072, 1514449462, '');
INSERT INTO `nv_website_navigation` VALUES (27, 18, '我的积分', 7, 0, 'member/myIntegra', 'uM-wdzh-ico', '#000000', '', 0, 1, 1511950102, 1514449479, '');
INSERT INTO `nv_website_navigation` VALUES (28, 18, '个人资料', 8, 0, 'member/personalData', 'uM-grzl-ico', '#000000', '', 0, 1, 1511950144, 1514449495, '');
INSERT INTO `nv_website_navigation` VALUES (29, 18, '绑定更改', 9, 0, 'member/threelogin', 'uM-grzl-ico', '#000000', '', 0, 1, 1511950180, 1514449519, '');
INSERT INTO `nv_website_navigation` VALUES (30, 18, '密码设置', 10, 0, 'member/initUpdateUser', 'uM-mmsz-ico', '#000000', '', 0, 1, 1511950215, 1514449531, '');
INSERT INTO `nv_website_navigation` VALUES (31, 14, '课程套餐', 0, 1, 'Package/packageList', '课程套餐', '#333333', '18px', 1, 1, 1512706900, 1607933140, '');

-- ----------------------------
-- Table structure for nv_website_navigation_position
-- ----------------------------
DROP TABLE IF EXISTS `nv_website_navigation_position`;
CREATE TABLE `nv_website_navigation_position`  (
  `position_id` int(10) UNSIGNED NOT NULL AUTO_INCREMENT COMMENT '主键',
  `position_title` varchar(255) CHARACTER SET utf8 COLLATE utf8_general_ci NOT NULL DEFAULT '' COMMENT '导航位名称',
  `sort` int(11) NOT NULL DEFAULT 0 COMMENT '排序号',
  `position_type` int(11) NOT NULL DEFAULT 0 COMMENT '0pc端 1手机端',
  `position_dec` varchar(255) CHARACTER SET utf8 COLLATE utf8_general_ci NOT NULL DEFAULT '' COMMENT '导航位介绍',
  `default_color` varchar(255) CHARACTER SET utf8 COLLATE utf8_general_ci NOT NULL DEFAULT '#484848' COMMENT '默认字体颜色',
  `default_size` varchar(255) CHARACTER SET utf8 COLLATE utf8_general_ci NOT NULL DEFAULT '' COMMENT '默认字体大小',
  `create_time` int(11) NOT NULL DEFAULT 0 COMMENT '创建时间',
  `modify_time` int(11) NOT NULL DEFAULT 0 COMMENT '修改时间',
  `is_system` int(11) NOT NULL DEFAULT 0 COMMENT '是否为系统 系统的不可删除',
  PRIMARY KEY (`position_id`) USING BTREE
) ENGINE = InnoDB AUTO_INCREMENT = 19 AVG_ROW_LENGTH = 1489 CHARACTER SET = utf8 COLLATE = utf8_general_ci COMMENT = '网站导航管理广告位' ROW_FORMAT = Compact;

-- ----------------------------
-- Records of nv_website_navigation_position
-- ----------------------------
INSERT INTO `nv_website_navigation_position` VALUES (14, 'PC端一级导航栏', 0, 1, 'PC端一级导航栏', '#333333', '18px', 1510653037, 1510718998, 1);
INSERT INTO `nv_website_navigation_position` VALUES (15, 'pc端底部友情链接', 1, 1, '友情链接', '#999999', '14px', 1511148728, 1511949618, 1);
INSERT INTO `nv_website_navigation_position` VALUES (16, '手机端首页头部导航', 0, 2, '主要包括课程中心、名师风采、商品列表和文章四个功能块', '#000000', '', 1511781996, 1511781996, 1);
INSERT INTO `nv_website_navigation_position` VALUES (17, 'pc端底部友情链接导航', 0, 1, '', '#000000', '', 1511949188, 1511949188, 1);
INSERT INTO `nv_website_navigation_position` VALUES (18, 'pc端会员中心左侧导航', 0, 1, '会员中心', '#000000', '', 1511949573, 1511949590, 1);

-- ----------------------------
-- Table structure for nw_classify
-- ----------------------------
DROP TABLE IF EXISTS `nw_classify`;
CREATE TABLE `nw_classify`  (
  `classify_id` int(11) NOT NULL AUTO_INCREMENT,
  `classify_name` varchar(50) CHARACTER SET utf8 COLLATE utf8_general_ci NOT NULL DEFAULT '' COMMENT '分类名称',
  `classify_des` varchar(255) CHARACTER SET utf8 COLLATE utf8_general_ci NOT NULL DEFAULT '' COMMENT '分类介绍',
  `parent_classify_id` int(11) NOT NULL DEFAULT 0 COMMENT '父级分类id',
  PRIMARY KEY (`classify_id`) USING BTREE
) ENGINE = InnoDB AUTO_INCREMENT = 1 CHARACTER SET = utf8 COLLATE = utf8_general_ci COMMENT = '视频类型' ROW_FORMAT = Compact;

-- ----------------------------
-- Table structure for nw_classroom
-- ----------------------------
DROP TABLE IF EXISTS `nw_classroom`;
CREATE TABLE `nw_classroom`  (
  `classroom_id` int(11) NOT NULL AUTO_INCREMENT,
  `classroom_title` varchar(255) CHARACTER SET utf8 COLLATE utf8_general_ci NOT NULL DEFAULT '' COMMENT '课堂标题',
  `classroom_cover_img` varchar(255) CHARACTER SET utf8 COLLATE utf8_general_ci NOT NULL DEFAULT '' COMMENT '封面图片',
  `classify_ids` varchar(255) CHARACTER SET utf8 COLLATE utf8_general_ci NOT NULL DEFAULT '' COMMENT '分类，可以多个用，分隔',
  `classroom_price` decimal(19, 2) NOT NULL DEFAULT 0.00 COMMENT '课程价格',
  `pay_type` int(11) NOT NULL DEFAULT 0 COMMENT 'pay_type(支付类型 1、免费 2、价钱包括所有所属课程的作品以及后续发布的一系列属于这个课程的作品 3仅限已发布的所有课程） ',
  `classroom_dec` varchar(255) CHARACTER SET utf8 COLLATE utf8_general_ci NOT NULL DEFAULT '' COMMENT '课程介绍',
  `lecturer_ids` varchar(255) CHARACTER SET utf8 COLLATE utf8_general_ci NOT NULL DEFAULT '' COMMENT '涉及讲师:可以多位用，分隔就行',
  `viewing_times` int(11) NOT NULL DEFAULT 0 COMMENT '观看次数',
  `viewing_people` int(11) NOT NULL DEFAULT 0 COMMENT '观看人数',
  `cource_length` int(11) NOT NULL DEFAULT 0 COMMENT '课程时长',
  `classroom_score` decimal(10, 2) NOT NULL DEFAULT 0.00 COMMENT '评分',
  `works_sum` int(11) NOT NULL DEFAULT 0 COMMENT '拥有的作品数量',
  `classroom_status` int(11) NOT NULL DEFAULT 0 COMMENT '状态 0草稿 1正常 2更新中',
  `release_uid` int(11) NOT NULL DEFAULT 0 COMMENT '发布人',
  `time_limit` int(11) NOT NULL DEFAULT 0 COMMENT '时间期限',
  `fit_crowd` varchar(255) CHARACTER SET utf8 COLLATE utf8_general_ci NOT NULL DEFAULT '' COMMENT '适合人群',
  `recommend_classrooms` varchar(255) CHARACTER SET utf8 COLLATE utf8_general_ci NOT NULL DEFAULT '' COMMENT '推荐类似的课程',
  `create_time` int(11) NOT NULL DEFAULT 0 COMMENT '发布日期',
  `modify_time` int(11) NOT NULL DEFAULT 0 COMMENT '更新日期',
  `level_id` int(11) NOT NULL DEFAULT 0 COMMENT '课程所属等级',
  `is_join_examine` int(11) NOT NULL DEFAULT 0 COMMENT '报名/参加/购买是否需要审核',
  `study_notice` varchar(255) CHARACTER SET utf8 COLLATE utf8_general_ci NOT NULL DEFAULT '' COMMENT '学习须知',
  `acquire_target` varchar(255) CHARACTER SET utf8 COLLATE utf8_general_ci NOT NULL DEFAULT '' COMMENT '课程达到的学习目标',
  PRIMARY KEY (`classroom_id`) USING BTREE
) ENGINE = InnoDB AUTO_INCREMENT = 1 CHARACTER SET = utf8 COLLATE = utf8_general_ci COMMENT = '课程/课堂' ROW_FORMAT = Compact;

-- ----------------------------
-- Table structure for nw_classroom_catalog
-- ----------------------------
DROP TABLE IF EXISTS `nw_classroom_catalog`;
CREATE TABLE `nw_classroom_catalog`  (
  `catalog_id` int(11) NOT NULL AUTO_INCREMENT,
  `classroom_id` int(11) NOT NULL DEFAULT 0 COMMENT '课堂/课程id',
  `catalog_name` varchar(50) CHARACTER SET utf8 COLLATE utf8_general_ci NOT NULL DEFAULT '' COMMENT '目录名称',
  `works_id` int(11) NOT NULL DEFAULT 0 COMMENT '目录对应的作品id',
  `parent_catalog_id` int(11) NOT NULL DEFAULT 0 COMMENT '上级目录id',
  `works_length` int(11) NOT NULL DEFAULT 0 COMMENT '视频时长',
  `create_time` int(11) NOT NULL DEFAULT 0 COMMENT '添加日期',
  `modify_time` int(11) NOT NULL DEFAULT 0 COMMENT '修改日期',
  PRIMARY KEY (`catalog_id`) USING BTREE
) ENGINE = InnoDB AUTO_INCREMENT = 1 CHARACTER SET = utf8 COLLATE = utf8_general_ci COMMENT = '课程/课堂目录' ROW_FORMAT = Compact;

-- ----------------------------
-- Table structure for nw_classroom_level
-- ----------------------------
DROP TABLE IF EXISTS `nw_classroom_level`;
CREATE TABLE `nw_classroom_level`  (
  `level_id` int(11) NOT NULL AUTO_INCREMENT,
  `level_name` varchar(50) CHARACTER SET utf8 COLLATE utf8_general_ci NOT NULL DEFAULT '' COMMENT '等级名称如：初级、中级、高级',
  `level_dec` varchar(255) CHARACTER SET utf8 COLLATE utf8_general_ci NOT NULL DEFAULT '' COMMENT '等级说明',
  PRIMARY KEY (`level_id`) USING BTREE
) ENGINE = InnoDB AUTO_INCREMENT = 1 CHARACTER SET = utf8 COLLATE = utf8_general_ci COMMENT = '课程难度等级 1初级 2中级 高级' ROW_FORMAT = Compact;

-- ----------------------------
-- Table structure for nw_comments
-- ----------------------------
DROP TABLE IF EXISTS `nw_comments`;
CREATE TABLE `nw_comments`  (
  `comments_id` int(11) NOT NULL AUTO_INCREMENT,
  `relation_type` varchar(255) CHARACTER SET utf8 COLLATE utf8_general_ci NOT NULL DEFAULT '' COMMENT '关联类型 1,课程/课堂 2套餐 3视频/作品 4回复',
  `relation_id` int(11) NOT NULL DEFAULT 0 COMMENT '关联的id根据类型',
  `comments_uid` int(11) NOT NULL DEFAULT 0 COMMENT '评论人',
  `type` int(11) NOT NULL DEFAULT 0 COMMENT '类型',
  `status` int(11) NOT NULL DEFAULT 0 COMMENT '状态 1显示 0不显示',
  `text` varchar(255) CHARACTER SET utf8 COLLATE utf8_general_ci NOT NULL DEFAULT '' COMMENT '评论内容',
  `create_time` int(11) NOT NULL DEFAULT 0 COMMENT '时间',
  `spot_praise_num` int(11) NOT NULL DEFAULT 0 COMMENT '点赞次数',
  `source_text` varchar(255) CHARACTER SET utf8 COLLATE utf8_general_ci NOT NULL DEFAULT '' COMMENT '来源说明',
  PRIMARY KEY (`comments_id`) USING BTREE
) ENGINE = InnoDB AUTO_INCREMENT = 1 CHARACTER SET = utf8 COLLATE = utf8_general_ci COMMENT = '评论' ROW_FORMAT = Compact;

-- ----------------------------
-- Table structure for nw_guestbook
-- ----------------------------
DROP TABLE IF EXISTS `nw_guestbook`;
CREATE TABLE `nw_guestbook`  (
  `guestbook_id` int(11) NOT NULL COMMENT '主键id',
  `full_uid` int(11) NOT NULL DEFAULT 0 COMMENT '留言人',
  `title` varchar(255) CHARACTER SET utf8 COLLATE utf8_general_ci NOT NULL DEFAULT '' COMMENT '标题',
  `text` varchar(255) CHARACTER SET utf8 COLLATE utf8_general_ci NOT NULL DEFAULT '' COMMENT '留言内容',
  `relation_type` int(11) NOT NULL DEFAULT 1 COMMENT '关联类型 1课程 2套餐 3视频 4回复 5论坛',
  `relation_id` int(11) NOT NULL DEFAULT 0 COMMENT '关联id',
  `create_time` int(11) NOT NULL DEFAULT 0 COMMENT '创建时间',
  `status` int(11) NOT NULL DEFAULT 0 COMMENT '状态 0未审核 1已审核',
  `reply_num` int(11) NOT NULL DEFAULT 0 COMMENT '回复次数',
  `browse_num` int(11) NOT NULL DEFAULT 0 COMMENT '浏览次数',
  `point` int(11) NOT NULL DEFAULT 0 COMMENT '积分 除4类型使用积分 4获得积分',
  PRIMARY KEY (`guestbook_id`) USING BTREE
) ENGINE = InnoDB CHARACTER SET = utf8 COLLATE = utf8_general_ci COMMENT = '留言/问答' ROW_FORMAT = Compact;

-- ----------------------------
-- Table structure for nw_lecturer
-- ----------------------------
DROP TABLE IF EXISTS `nw_lecturer`;
CREATE TABLE `nw_lecturer`  (
  `lecturer_id` int(11) NOT NULL AUTO_INCREMENT,
  `uid` int(11) NOT NULL DEFAULT 0,
  `lecturer_name` varchar(50) CHARACTER SET utf8 COLLATE utf8_general_ci NOT NULL DEFAULT '' COMMENT '讲师名称',
  `lecturer_level` int(11) NOT NULL DEFAULT 0 COMMENT '等级',
  `lecturer_dec` varchar(255) CHARACTER SET utf8 COLLATE utf8_general_ci NOT NULL DEFAULT '' COMMENT '简介',
  `lecturer_text` text CHARACTER SET utf8 COLLATE utf8_general_ci NOT NULL COMMENT '详情',
  `about_value` decimal(10, 2) NOT NULL DEFAULT 0.00 COMMENT '讲师值',
  `account_money` decimal(10, 2) NOT NULL DEFAULT 0.00 COMMENT '账号金额',
  `examine_money` decimal(10, 2) NOT NULL DEFAULT 0.00 COMMENT '审核中金额',
  `withdrawals_money` decimal(10, 2) NOT NULL DEFAULT 0.00 COMMENT '已提现金额',
  PRIMARY KEY (`lecturer_id`) USING BTREE
) ENGINE = InnoDB AUTO_INCREMENT = 1 CHARACTER SET = utf8 COLLATE = utf8_general_ci COMMENT = '讲师信息' ROW_FORMAT = Compact;

-- ----------------------------
-- Table structure for nw_lecturer_about_value_record
-- ----------------------------
DROP TABLE IF EXISTS `nw_lecturer_about_value_record`;
CREATE TABLE `nw_lecturer_about_value_record`  (
  `record_id` int(11) NOT NULL AUTO_INCREMENT,
  `lecturer_id` int(11) NOT NULL DEFAULT 0 COMMENT '讲师id',
  `about_value` decimal(10, 2) NOT NULL DEFAULT 0.00 COMMENT '讲师值',
  `sign` int(11) NOT NULL DEFAULT 0 COMMENT '符号 1加 0减',
  `text` varchar(255) CHARACTER SET utf8 COLLATE utf8_general_ci NOT NULL DEFAULT '' COMMENT '说明',
  `relation_type` int(11) NOT NULL DEFAULT 0 COMMENT '关联类型',
  `relation_id` int(11) NOT NULL DEFAULT 0 COMMENT '关联id',
  `create_time` int(11) NOT NULL DEFAULT 0 COMMENT '时间',
  PRIMARY KEY (`record_id`) USING BTREE
) ENGINE = InnoDB AUTO_INCREMENT = 1 CHARACTER SET = utf8 COLLATE = utf8_general_ci COMMENT = '讲师值账号记录' ROW_FORMAT = Compact;

-- ----------------------------
-- Table structure for nw_lecturer_apply
-- ----------------------------
DROP TABLE IF EXISTS `nw_lecturer_apply`;
CREATE TABLE `nw_lecturer_apply`  (
  `apply_id` int(11) NOT NULL AUTO_INCREMENT,
  `lecturer_name` varchar(50) CHARACTER SET utf8 COLLATE utf8_general_ci NOT NULL DEFAULT '' COMMENT '讲师名称',
  `lecturer_real_name` varchar(50) CHARACTER SET utf8 COLLATE utf8_general_ci NOT NULL DEFAULT '' COMMENT '真实姓名',
  `identity_id` int(11) NOT NULL DEFAULT 0 COMMENT '身份证',
  `apply_time` int(11) NOT NULL DEFAULT 0 COMMENT '申请时间',
  `status` int(11) NOT NULL DEFAULT 0 COMMENT '状态 0申请 1通过 -1拒绝',
  `status_time` int(11) NOT NULL DEFAULT 0 COMMENT '状态时间',
  `identity_id_img` varchar(255) CHARACTER SET utf8 COLLATE utf8_general_ci NOT NULL DEFAULT '' COMMENT '身份证照片',
  `uid` int(11) NOT NULL DEFAULT 0 COMMENT '申请人',
  PRIMARY KEY (`apply_id`) USING BTREE
) ENGINE = InnoDB AUTO_INCREMENT = 1 CHARACTER SET = utf8 COLLATE = utf8_general_ci COMMENT = '讲师申请信息' ROW_FORMAT = Compact;

-- ----------------------------
-- Table structure for nw_lecturer_level
-- ----------------------------
DROP TABLE IF EXISTS `nw_lecturer_level`;
CREATE TABLE `nw_lecturer_level`  (
  `level_id` int(11) NOT NULL AUTO_INCREMENT,
  `level_name` varchar(50) CHARACTER SET utf8 COLLATE utf8_general_ci NOT NULL DEFAULT '' COMMENT '等级名称',
  `level_group` varchar(255) CHARACTER SET utf8 COLLATE utf8_general_ci NOT NULL DEFAULT '' COMMENT '等级权限',
  `level_dec` varchar(255) CHARACTER SET utf8 COLLATE utf8_general_ci NOT NULL DEFAULT '' COMMENT '等级说明',
  `reach_about_value` decimal(10, 2) NOT NULL DEFAULT 0.00 COMMENT '升级所需讲师值',
  PRIMARY KEY (`level_id`) USING BTREE
) ENGINE = InnoDB AUTO_INCREMENT = 1 CHARACTER SET = utf8 COLLATE = utf8_general_ci COMMENT = '讲师级别信息' ROW_FORMAT = Compact;

-- ----------------------------
-- Table structure for nw_member_account_record
-- ----------------------------
DROP TABLE IF EXISTS `nw_member_account_record`;
CREATE TABLE `nw_member_account_record`  (
  `ar_id` int(11) NOT NULL AUTO_INCREMENT,
  `relation_type` int(11) NOT NULL DEFAULT 0 COMMENT '关联类型 1积分 2余额 3经验',
  `relation_id` int(11) NOT NULL DEFAULT 0 COMMENT '关联id',
  `title` varchar(255) CHARACTER SET utf8 COLLATE utf8_general_ci NOT NULL DEFAULT '' COMMENT '标题',
  `dec` varchar(255) CHARACTER SET utf8 COLLATE utf8_general_ci NOT NULL DEFAULT '' COMMENT '说明',
  `sign` int(11) NOT NULL DEFAULT 0 COMMENT '符号 1加 0减',
  `value` decimal(10, 2) NOT NULL DEFAULT 0.00 COMMENT '值',
  `create_time` int(11) NOT NULL DEFAULT 0 COMMENT '时间',
  PRIMARY KEY (`ar_id`) USING BTREE
) ENGINE = InnoDB AUTO_INCREMENT = 1 CHARACTER SET = utf8 COLLATE = utf8_general_ci COMMENT = '会员账号记录' ROW_FORMAT = Compact;

-- ----------------------------
-- Table structure for nw_member_have
-- ----------------------------
DROP TABLE IF EXISTS `nw_member_have`;
CREATE TABLE `nw_member_have`  (
  `have_id` int(11) NOT NULL AUTO_INCREMENT,
  `uid` int(11) NOT NULL DEFAULT 0 COMMENT '会员id',
  `have_type` int(11) NOT NULL DEFAULT 0 COMMENT '拥有类型 1课程 2套餐 3视频',
  `relation_id` int(11) NOT NULL DEFAULT 0 COMMENT '关联id',
  `status` int(11) NOT NULL DEFAULT 0 COMMENT '学习状态 0已参加 1学习中 2学习完成',
  `create_time` int(11) NOT NULL DEFAULT 0 COMMENT '添加日期',
  `status_time` int(11) NOT NULL DEFAULT 0 COMMENT '状态日期 也可当最近学习日期',
  `bofang_end_time` decimal(10, 2) NOT NULL DEFAULT 0.00 COMMENT '上次视频播放停止时间',
  PRIMARY KEY (`have_id`) USING BTREE
) ENGINE = InnoDB AUTO_INCREMENT = 1 CHARACTER SET = utf8 COLLATE = utf8_general_ci COMMENT = '会员拥有课程、套餐' ROW_FORMAT = Compact;

-- ----------------------------
-- Table structure for nw_member_operation_record
-- ----------------------------
DROP TABLE IF EXISTS `nw_member_operation_record`;
CREATE TABLE `nw_member_operation_record`  (
  `or_id` int(11) NOT NULL AUTO_INCREMENT,
  `operation_type` int(11) NOT NULL DEFAULT 0 COMMENT '类型',
  `dec` varchar(255) CHARACTER SET utf8 COLLATE utf8_general_ci NOT NULL DEFAULT '' COMMENT '说明',
  `address` varchar(255) CHARACTER SET utf8 COLLATE utf8_general_ci NOT NULL DEFAULT '' COMMENT '地址',
  `operation_ip` varchar(255) CHARACTER SET utf8 COLLATE utf8_general_ci NOT NULL DEFAULT '' COMMENT 'ip地址',
  `login_type` int(11) NOT NULL DEFAULT 0 COMMENT '1web 2wap',
  `operation_time_length` varchar(255) CHARACTER SET utf8 COLLATE utf8_general_ci NOT NULL DEFAULT '' COMMENT '操作时间时长',
  `create_time` int(11) NOT NULL DEFAULT 0 COMMENT '时间',
  `experience_value` decimal(10, 2) NOT NULL DEFAULT 0.00 COMMENT '涉及经验值',
  `point` decimal(10, 2) NOT NULL DEFAULT 0.00 COMMENT '涉及积分值',
  `sign` int(11) NOT NULL DEFAULT 0 COMMENT '操作类型 1添加 0减少',
  PRIMARY KEY (`or_id`) USING BTREE
) ENGINE = InnoDB AUTO_INCREMENT = 1 CHARACTER SET = utf8 COLLATE = utf8_general_ci COMMENT = '会员操作记录' ROW_FORMAT = Compact;

-- ----------------------------
-- Table structure for nw_member_operation_type
-- ----------------------------
DROP TABLE IF EXISTS `nw_member_operation_type`;
CREATE TABLE `nw_member_operation_type`  (
  `type_id` int(11) NOT NULL AUTO_INCREMENT,
  `title` varchar(255) CHARACTER SET utf8 COLLATE utf8_general_ci NOT NULL DEFAULT '' COMMENT '标题',
  `dec` varchar(255) CHARACTER SET utf8 COLLATE utf8_general_ci NOT NULL DEFAULT '' COMMENT '说明',
  `sign` int(11) NOT NULL DEFAULT 0 COMMENT '1增 2删 3改 4查',
  PRIMARY KEY (`type_id`) USING BTREE
) ENGINE = InnoDB AUTO_INCREMENT = 1 CHARACTER SET = utf8 COLLATE = utf8_general_ci COMMENT = '会员操作类型' ROW_FORMAT = Compact;

-- ----------------------------
-- Table structure for nw_member_works_note
-- ----------------------------
DROP TABLE IF EXISTS `nw_member_works_note`;
CREATE TABLE `nw_member_works_note`  (
  `note_id` int(11) NOT NULL AUTO_INCREMENT,
  `type` int(11) NOT NULL DEFAULT 0 COMMENT '笔记类型 1视频',
  `relation_id` int(11) NOT NULL DEFAULT 0 COMMENT '关联id',
  `note_text` varchar(255) CHARACTER SET utf8 COLLATE utf8_general_ci NOT NULL DEFAULT '' COMMENT '笔记内容',
  `create_time` int(11) NOT NULL DEFAULT 0 COMMENT '创建日期',
  `modify_time` int(11) NOT NULL DEFAULT 0 COMMENT '修改日期',
  `note_img` varchar(255) CHARACTER SET utf8 COLLATE utf8_general_ci NOT NULL DEFAULT '' COMMENT '笔记截图',
  `bofang_time` decimal(10, 2) NOT NULL DEFAULT 0.00 COMMENT '播放时间',
  PRIMARY KEY (`note_id`) USING BTREE
) ENGINE = InnoDB AUTO_INCREMENT = 1 CHARACTER SET = utf8 COLLATE = utf8_general_ci COMMENT = '(学习笔记)' ROW_FORMAT = Compact;

-- ----------------------------
-- Table structure for nw_real_info
-- ----------------------------
DROP TABLE IF EXISTS `nw_real_info`;
CREATE TABLE `nw_real_info`  (
  `uid` int(11) NOT NULL DEFAULT 0,
  `real_name` varchar(50) CHARACTER SET utf8 COLLATE utf8_general_ci NOT NULL DEFAULT '' COMMENT '真实姓名',
  `identity_id` int(11) NOT NULL DEFAULT 0 COMMENT '身份证',
  `mobile` varchar(255) CHARACTER SET utf8 COLLATE utf8_general_ci NOT NULL DEFAULT '' COMMENT '电话',
  `identity_id_img` varchar(255) CHARACTER SET utf8 COLLATE utf8_general_ci NOT NULL DEFAULT '' COMMENT '身份证照片',
  `sex` int(11) NOT NULL DEFAULT 0 COMMENT '性别 1男 0女'
) ENGINE = InnoDB CHARACTER SET = utf8 COLLATE = utf8_general_ci COMMENT = '真实信息' ROW_FORMAT = Compact;

-- ----------------------------
-- Table structure for nw_works
-- ----------------------------
DROP TABLE IF EXISTS `nw_works`;
CREATE TABLE `nw_works`  (
  `works_id` int(11) NOT NULL AUTO_INCREMENT,
  `works_title` varchar(255) CHARACTER SET utf8 COLLATE utf8_general_ci NOT NULL DEFAULT '' COMMENT '作品标题',
  `works_dec` varchar(255) CHARACTER SET utf8 COLLATE utf8_general_ci NOT NULL DEFAULT '' COMMENT '作品介绍',
  `classify_id` int(11) NOT NULL DEFAULT 0 COMMENT '分类',
  `type` int(11) NOT NULL DEFAULT 0 COMMENT '作品类型 0上传视频 1直播',
  `works_url` varchar(255) CHARACTER SET utf8 COLLATE utf8_general_ci NOT NULL DEFAULT '' COMMENT '作品地址',
  `works_cover_img` varchar(255) CHARACTER SET utf8 COLLATE utf8_general_ci NOT NULL DEFAULT '' COMMENT '封面',
  `classroom_id` int(11) NOT NULL DEFAULT 0 COMMENT '所属课堂id 默认为0',
  `lecturer_ids` varchar(255) CHARACTER SET utf8 COLLATE utf8_general_ci NOT NULL DEFAULT '' COMMENT '讲师，可多个',
  `release_uid` int(11) NOT NULL DEFAULT 0 COMMENT '发布人',
  `works_price` decimal(19, 2) NOT NULL DEFAULT 0.00 COMMENT '价格',
  `works_length` int(11) NOT NULL DEFAULT 0 COMMENT '作品时长',
  `viewing_times` int(11) NOT NULL DEFAULT 0 COMMENT '观看次数',
  `viewing_people` int(11) NOT NULL DEFAULT 0 COMMENT '观看人数',
  `create_time` int(11) NOT NULL DEFAULT 0 COMMENT '创建时间 /如果为直播那就是直播开始时间',
  `modify_time` int(11) NOT NULL DEFAULT 0 COMMENT '修改日期',
  `try_and_see_length` int(11) NOT NULL DEFAULT 0 COMMENT '试看时长',
  PRIMARY KEY (`works_id`) USING BTREE
) ENGINE = InnoDB AUTO_INCREMENT = 1 CHARACTER SET = utf8 COLLATE = utf8_general_ci COMMENT = '视频/作品' ROW_FORMAT = Compact;

-- ----------------------------
-- Table structure for sys_addons
-- ----------------------------
DROP TABLE IF EXISTS `sys_addons`;
CREATE TABLE `sys_addons`  (
  `id` int(10) UNSIGNED NOT NULL AUTO_INCREMENT COMMENT '主键',
  `name` varchar(40) CHARACTER SET utf8 COLLATE utf8_general_ci NOT NULL COMMENT '插件名或标识',
  `title` varchar(20) CHARACTER SET utf8 COLLATE utf8_general_ci NOT NULL DEFAULT '' COMMENT '中文名',
  `description` text CHARACTER SET utf8 COLLATE utf8_general_ci NULL COMMENT '插件描述',
  `status` tinyint(1) NOT NULL DEFAULT 1 COMMENT '状态',
  `config` text CHARACTER SET utf8 COLLATE utf8_general_ci NULL COMMENT '配置',
  `author` varchar(40) CHARACTER SET utf8 COLLATE utf8_general_ci NULL DEFAULT '' COMMENT '作者',
  `version` varchar(20) CHARACTER SET utf8 COLLATE utf8_general_ci NULL DEFAULT '' COMMENT '版本号',
  `has_adminlist` tinyint(1) UNSIGNED NOT NULL DEFAULT 0 COMMENT '是否有后台列表',
  `has_addonslist` tinyint(1) NOT NULL DEFAULT 0 COMMENT '是否有插件列表',
  `content` text CHARACTER SET utf8 COLLATE utf8_general_ci NOT NULL COMMENT '详情',
  `config_hook` varchar(255) CHARACTER SET utf8 COLLATE utf8_general_ci NOT NULL DEFAULT '' COMMENT '自定义配置文件钩子',
  `create_time` int(11) NULL DEFAULT 0 COMMENT '安装时间',
  `module_id` varchar(255) CHARACTER SET utf8 COLLATE utf8_general_ci NOT NULL DEFAULT '0' COMMENT '钩子作为菜单时添加成功返回的module_id,多个用\',\'分开',
  PRIMARY KEY (`id`) USING BTREE
) ENGINE = MyISAM AUTO_INCREMENT = 53 AVG_ROW_LENGTH = 68 CHARACTER SET = utf8 COLLATE = utf8_general_ci COMMENT = '插件表' ROW_FORMAT = Dynamic;

-- ----------------------------
-- Records of sys_addons
-- ----------------------------
INSERT INTO `sys_addons` VALUES (37, 'wxtemplatemsg', '微信模板消息', '微信模板消息', 1, '[]', 'niushop', '1.0', 0, 0, '', 'wxtemplatemsg', 1504092691, '0');
INSERT INTO `sys_addons` VALUES (52, 'customtemplate', '手机端自定义模板', '手机端自定义模板', 1, '[]', 'niushop', '1.0', 0, 0, '', 'customtemplate', 1505893831, '0');
INSERT INTO `sys_addons` VALUES (34, 'exportorder', '导出订单', '导出订单', 1, '[]', 'niushop', '1.0', 0, 0, '', '', 1503658658, '0');

-- ----------------------------
-- Table structure for sys_addons_custom_template
-- ----------------------------
DROP TABLE IF EXISTS `sys_addons_custom_template`;
CREATE TABLE `sys_addons_custom_template`  (
  `id` int(11) NOT NULL AUTO_INCREMENT COMMENT '主键',
  `shop_id` int(11) NOT NULL DEFAULT 0 COMMENT '店铺id',
  `template_name` varchar(250) CHARACTER SET utf8 COLLATE utf8_general_ci NULL DEFAULT '' COMMENT '自定义模板名称（暂时预留）',
  `template_data` longtext CHARACTER SET utf8 COLLATE utf8_general_ci NULL COMMENT '模板数据（JSON格式）',
  `create_time` int(11) NOT NULL DEFAULT 0 COMMENT '创建时间戳',
  `modify_time` int(11) NULL DEFAULT 0 COMMENT '修改时间戳',
  `is_enable` int(11) NOT NULL DEFAULT 0 COMMENT '是否启用 0 不启用 1 启用',
  `is_default` int(11) NULL DEFAULT 0 COMMENT '是否为默认模板 0 不是 1 是',
  PRIMARY KEY (`id`) USING BTREE
) ENGINE = InnoDB AUTO_INCREMENT = 5 AVG_ROW_LENGTH = 8192 CHARACTER SET = utf8 COLLATE = utf8_general_ci COMMENT = '手机端自定义模板' ROW_FORMAT = Compact;

-- ----------------------------
-- Records of sys_addons_custom_template
-- ----------------------------
INSERT INTO `sys_addons_custom_template` VALUES (4, 0, '模板名称', '[{\"sort\":1,\"control_name\":\"Notice\",\"control_data\":\"{\\\"notice\\\":\\\"{\\\\\\\"bg_color\\\\\\\":\\\\\\\"#ffffcc\\\\\\\",\\\\\\\"font_size\\\\\\\":\\\\\\\"18\\\\\\\",\\\\\\\"text_color\\\\\\\":\\\\\\\"#ffffff\\\\\\\",\\\\\\\"scroll_way\\\\\\\":\\\\\\\"1\\\\\\\",\\\\\\\"text_align\\\\\\\":\\\\\\\"2\\\\\\\",\\\\\\\"padding\\\\\\\":\\\\\\\"49\\\\\\\",\\\\\\\"notice_content\\\\\\\":\\\\\\\"111\\\\\\\",\\\\\\\"href\\\\\\\":\\\\\\\"javascript:;\\\\\\\",\\\\\\\"bg_img\\\\\\\":\\\\\\\"upload/common/1508832088.png\\\\\\\"}\\\"}\"},{\"sort\":2,\"control_name\":\"Notice\",\"control_data\":\"{\\\"notice\\\":\\\"{\\\\\\\"bg_color\\\\\\\":\\\\\\\"#ffffcc\\\\\\\",\\\\\\\"font_size\\\\\\\":\\\\\\\"14\\\\\\\",\\\\\\\"text_color\\\\\\\":\\\\\\\"#ff9900\\\\\\\",\\\\\\\"scroll_way\\\\\\\":\\\\\\\"0\\\\\\\",\\\\\\\"text_align\\\\\\\":\\\\\\\"1\\\\\\\",\\\\\\\"padding\\\\\\\":\\\\\\\"0\\\\\\\",\\\\\\\"notice_content\\\\\\\":\\\\\\\"【】\\\\\\\",\\\\\\\"href\\\\\\\":\\\\\\\"javascript:;\\\\\\\",\\\\\\\"bg_img\\\\\\\":\\\\\\\"\\\\\\\"}\\\"}\"}]', 1508832507, 1509703359, 0, 1);

-- ----------------------------
-- Table structure for sys_addons_weixin_template_msg
-- ----------------------------
DROP TABLE IF EXISTS `sys_addons_weixin_template_msg`;
CREATE TABLE `sys_addons_weixin_template_msg`  (
  `id` int(11) NOT NULL AUTO_INCREMENT COMMENT '主键',
  `instance_id` int(11) NOT NULL COMMENT '店铺id（单店版为0）',
  `template_no` varchar(55) CHARACTER SET utf8 COLLATE utf8_general_ci NOT NULL COMMENT '模版编号',
  `template_id` varbinary(55) NULL DEFAULT NULL COMMENT '微信模板消息的ID',
  `title` varchar(100) CHARACTER SET utf8 COLLATE utf8_general_ci NOT NULL COMMENT '模版标题',
  `is_enable` tinyint(4) NOT NULL DEFAULT 1 COMMENT '是否启用',
  `headtext` varchar(255) CHARACTER SET utf8 COLLATE utf8_general_ci NOT NULL COMMENT '头部文字',
  `bottomtext` varchar(255) CHARACTER SET utf8 COLLATE utf8_general_ci NOT NULL COMMENT '底部文字',
  PRIMARY KEY (`id`) USING BTREE
) ENGINE = InnoDB AUTO_INCREMENT = 15 AVG_ROW_LENGTH = 4096 CHARACTER SET = utf8 COLLATE = utf8_general_ci COMMENT = '微信实例消息' ROW_FORMAT = Compact;

-- ----------------------------
-- Records of sys_addons_weixin_template_msg
-- ----------------------------
INSERT INTO `sys_addons_weixin_template_msg` VALUES (1, 0, 'OPENTM203347141', '', '会员注册成功通知', 1, '恭喜，您已成功注册为会员！', '恭喜，您已成为会员，您将享受会员所有权利！');
INSERT INTO `sys_addons_weixin_template_msg` VALUES (2, 0, 'OPENTM200444240', '', '订单提交成功通知', 1, '亲！您已成功创建订单，点击进入完成付款。', '感谢您的支持，我们将为您提供更好的服务。');
INSERT INTO `sys_addons_weixin_template_msg` VALUES (3, 0, 'OPENTM201541214', '', '订单发货通知', 1, '亲，你的订单已发货', '请关注订单,注意查收');
INSERT INTO `sys_addons_weixin_template_msg` VALUES (4, 0, 'OPENTM200444326', '', '订单付款成功通知', 1, '亲！您的订单已成功付款。', '');
INSERT INTO `sys_addons_weixin_template_msg` VALUES (5, 0, 'OPENTM207103254', '', '退款申请', 1, '您已申请退款，我们将尽快处理您提交的退款申请。您可以在“退换货”中查看退款进度', '如您的退款有疑问，请联系我们的客服人员，帮助您解决处理！');
INSERT INTO `sys_addons_weixin_template_msg` VALUES (6, 0, 'OPENTM205986235', '', '退款结果通知', 1, '亲，您的退款已处理。', '如您还有疑问，请与客服人员联系。');
INSERT INTO `sys_addons_weixin_template_msg` VALUES (7, 0, 'OPENTM207292959', '', '提现申请提醒', 1, '亲，您的提现申请已提交', '我们将在1到3个工作日内处理完毕，请耐心等待。');
INSERT INTO `sys_addons_weixin_template_msg` VALUES (8, 0, 'OPENTM207292959', '', '提现审核结果通知', 1, '亲，您提现申请已通过', '我们将在1到3个工作日内处理完毕，请耐心等待。');
INSERT INTO `sys_addons_weixin_template_msg` VALUES (9, 0, 'OPENTM409846856', '', '申请通过通知', 1, '您的推广员申请已经通过', '如您还有疑问，请与客服人员联系。');
INSERT INTO `sys_addons_weixin_template_msg` VALUES (10, 0, 'OPENTM409846856', '', '下级申请通过通知', 1, '您的下级推广员申请已经通过', '如您还有疑问，请与客服人员联系。');
INSERT INTO `sys_addons_weixin_template_msg` VALUES (11, 0, 'OPENTM409846856', '', '下下级申请通过通知', 1, '您的下下级推广员申请已经通过', '如您还有疑问，请与客服人员联系。');
INSERT INTO `sys_addons_weixin_template_msg` VALUES (12, 0, 'OPENTM201010537', '', '本店分销订单提成通知', 1, '亲，您已成功分销出一笔订单，继续努力哦', '');
INSERT INTO `sys_addons_weixin_template_msg` VALUES (13, 0, 'OPENTM201010537', '', '下级分店分销订单提成通知', 1, '亲，您的下级推广员成功分销出一笔订单，继续努力哦', '');
INSERT INTO `sys_addons_weixin_template_msg` VALUES (14, 0, 'OPENTM201010537', '', '下下级分店分销订单提成通知', 1, '亲，您的下下级推广员成功分销出一笔订单，继续努力哦', '');

-- ----------------------------
-- Table structure for sys_album_class
-- ----------------------------
DROP TABLE IF EXISTS `sys_album_class`;
CREATE TABLE `sys_album_class`  (
  `album_id` int(10) UNSIGNED NOT NULL AUTO_INCREMENT COMMENT '相册id',
  `shop_id` int(10) NOT NULL DEFAULT 1 COMMENT '店铺id',
  `pid` int(11) NOT NULL DEFAULT 0 COMMENT '上级相册ID',
  `album_name` varchar(100) CHARACTER SET utf8 COLLATE utf8_general_ci NOT NULL COMMENT '相册名称',
  `album_cover` varchar(255) CHARACTER SET utf8 COLLATE utf8_general_ci NOT NULL DEFAULT '' COMMENT '相册封面',
  `is_default` tinyint(1) UNSIGNED NOT NULL DEFAULT 0 COMMENT '是否为默认相册,1代表默认',
  `sort` int(11) NULL DEFAULT NULL,
  `create_time` int(11) NULL DEFAULT 0 COMMENT '创建时间',
  PRIMARY KEY (`album_id`) USING BTREE
) ENGINE = InnoDB AUTO_INCREMENT = 34 AVG_ROW_LENGTH = 16384 CHARACTER SET = utf8 COLLATE = utf8_general_ci COMMENT = '相册表' ROW_FORMAT = Compact;

-- ----------------------------
-- Records of sys_album_class
-- ----------------------------
INSERT INTO `sys_album_class` VALUES (30, 0, 0, '默认相册', '366', 1, 2, 1497064831);
INSERT INTO `sys_album_class` VALUES (32, 0, 0, '测试1', '224', 0, 0, 1500428630);
INSERT INTO `sys_album_class` VALUES (33, 0, 0, '444', '150', 0, 3, 1501227735);

-- ----------------------------
-- Table structure for sys_album_picture
-- ----------------------------
DROP TABLE IF EXISTS `sys_album_picture`;
CREATE TABLE `sys_album_picture`  (
  `pic_id` int(10) UNSIGNED NOT NULL AUTO_INCREMENT COMMENT '相册图片表id',
  `shop_id` int(10) UNSIGNED NULL DEFAULT 1 COMMENT '所属实例id',
  `album_id` int(10) UNSIGNED NOT NULL COMMENT '相册id',
  `is_wide` int(11) NOT NULL DEFAULT 0 COMMENT '是否宽屏',
  `pic_name` varchar(100) CHARACTER SET utf8 COLLATE utf8_general_ci NOT NULL COMMENT '图片名称',
  `pic_tag` varchar(255) CHARACTER SET utf8 COLLATE utf8_general_ci NOT NULL DEFAULT '' COMMENT '图片标签',
  `pic_cover` varchar(255) CHARACTER SET utf8 COLLATE utf8_general_ci NOT NULL COMMENT '原图图片路径',
  `pic_size` varchar(255) CHARACTER SET utf8 COLLATE utf8_general_ci NOT NULL COMMENT '原图大小',
  `pic_spec` varchar(100) CHARACTER SET utf8 COLLATE utf8_general_ci NOT NULL COMMENT '原图规格',
  `pic_cover_big` varchar(255) CHARACTER SET utf8 COLLATE utf8_general_ci NOT NULL DEFAULT '' COMMENT '大图路径',
  `pic_size_big` varchar(255) CHARACTER SET utf8 COLLATE utf8_general_ci NOT NULL DEFAULT '0' COMMENT '大图大小',
  `pic_spec_big` varchar(100) CHARACTER SET utf8 COLLATE utf8_general_ci NOT NULL DEFAULT '' COMMENT '大图规格',
  `pic_cover_mid` varchar(255) CHARACTER SET utf8 COLLATE utf8_general_ci NOT NULL DEFAULT '' COMMENT '中图路径',
  `pic_size_mid` varchar(255) CHARACTER SET utf8 COLLATE utf8_general_ci NOT NULL DEFAULT '0' COMMENT '中图大小',
  `pic_spec_mid` varchar(100) CHARACTER SET utf8 COLLATE utf8_general_ci NOT NULL DEFAULT '' COMMENT '中图规格',
  `pic_cover_small` varchar(255) CHARACTER SET utf8 COLLATE utf8_general_ci NOT NULL DEFAULT '' COMMENT '小图路径',
  `pic_size_small` varchar(255) CHARACTER SET utf8 COLLATE utf8_general_ci NOT NULL DEFAULT '0' COMMENT '小图大小',
  `pic_spec_small` varchar(255) CHARACTER SET utf8 COLLATE utf8_general_ci NOT NULL DEFAULT '' COMMENT '小图规格',
  `pic_cover_micro` varchar(255) CHARACTER SET utf8 COLLATE utf8_general_ci NOT NULL DEFAULT '' COMMENT '微图路径',
  `pic_size_micro` varchar(255) CHARACTER SET utf8 COLLATE utf8_general_ci NOT NULL DEFAULT '0' COMMENT '微图大小',
  `pic_spec_micro` varchar(255) CHARACTER SET utf8 COLLATE utf8_general_ci NOT NULL DEFAULT '' COMMENT '微图规格',
  `upload_time` int(11) NULL DEFAULT 0 COMMENT '图片上传时间',
  `upload_type` int(11) NOT NULL DEFAULT 1 COMMENT '图片保存方式 1本地  2 七牛',
  `domain` varchar(255) CHARACTER SET utf8 COLLATE utf8_general_ci NOT NULL DEFAULT '' COMMENT '图片外链',
  `bucket` varchar(255) CHARACTER SET utf8 COLLATE utf8_general_ci NOT NULL DEFAULT '' COMMENT '存储空间名称',
  PRIMARY KEY (`pic_id`) USING BTREE
) ENGINE = InnoDB AUTO_INCREMENT = 485 AVG_ROW_LENGTH = 204 CHARACTER SET = utf8 COLLATE = utf8_general_ci COMMENT = '相册图片表' ROW_FORMAT = Compact;

-- ----------------------------
-- Records of sys_album_picture
-- ----------------------------
INSERT INTO `sys_album_picture` VALUES (9, 0, 30, 0, '3 (1)1500359273', '3 (1)', 'upload/goods/e27d0627e2ed1912fd6fc834ef2040c9.jpg', '1336,768', '1336,768', 'upload/goods/5c849778c800b13fde69f83ca84ea7e11.jpg', '700,700', '700,700', 'upload/goods/5c849778c800b13fde69f83ca84ea7e12.jpg', '360,360', '360,360', 'upload/goods/5c849778c800b13fde69f83ca84ea7e13.jpg', '240,240', '240,240', 'upload/goods/5c849778c800b13fde69f83ca84ea7e14.jpg', '60,60', '60,60', 1500359273, 1, '', '');
INSERT INTO `sys_album_picture` VALUES (10, 0, 30, 0, '3 (2)1500359277', '3 (2)', 'upload/goods/42d7f3dee4117f159bd2b6e0424a3609.jpg', '1336,768', '1336,768', 'upload/goods/e9ae98a7eb66dba3661f5ba530d36fd11.jpg', '700,700', '700,700', 'upload/goods/e9ae98a7eb66dba3661f5ba530d36fd12.jpg', '360,360', '360,360', 'upload/goods/e9ae98a7eb66dba3661f5ba530d36fd13.jpg', '240,240', '240,240', 'upload/goods/e9ae98a7eb66dba3661f5ba530d36fd14.jpg', '60,60', '60,60', 1500359277, 1, '', '');
INSERT INTO `sys_album_picture` VALUES (11, 0, 30, 0, '31500359280', '3', 'upload/goods/8397ffe8a7091baef9c2558071352b74.jpg', '1336,768', '1336,768', 'upload/goods/01b88a5879c1a4f88214632ae734b0c61.jpg', '700,700', '700,700', 'upload/goods/01b88a5879c1a4f88214632ae734b0c62.jpg', '360,360', '360,360', 'upload/goods/01b88a5879c1a4f88214632ae734b0c63.jpg', '240,240', '240,240', 'upload/goods/01b88a5879c1a4f88214632ae734b0c64.jpg', '60,60', '60,60', 1500359280, 1, '', '');
INSERT INTO `sys_album_picture` VALUES (70, 0, 30, 0, '22733065_150621981000_21500375480', '22733065_150621981000_2', 'upload/goods/caa8c1ab1a1515d72eeebcdaf347c38f.jpg', '662,1024', '662,1024', 'upload/goods/b56ac723a71a58b4cb08be9a72988aad1.jpg', '700,700', '700,700', 'upload/goods/b56ac723a71a58b4cb08be9a72988aad2.jpg', '360,360', '360,360', 'upload/goods/b56ac723a71a58b4cb08be9a72988aad3.jpg', '240,240', '240,240', 'upload/goods/b56ac723a71a58b4cb08be9a72988aad4.jpg', '60,60', '60,60', 1500375480, 1, '', '');
INSERT INTO `sys_album_picture` VALUES (73, 0, 30, 0, '对方水电费p1500375619', '对方水电费p', 'upload/goods/5e4ec82cad2d80b67423f48b37c84b16.jpg', '280,50', '280,50', 'upload/goods/9bba1f04a19bc63e22c3ebe79ba30d011.jpg', '700,700', '700,700', 'upload/goods/9bba1f04a19bc63e22c3ebe79ba30d012.jpg', '360,360', '360,360', 'upload/goods/9bba1f04a19bc63e22c3ebe79ba30d013.jpg', '240,240', '240,240', 'upload/goods/9bba1f04a19bc63e22c3ebe79ba30d014.jpg', '60,60', '60,60', 1500375620, 1, '', '');
INSERT INTO `sys_album_picture` VALUES (74, 0, 30, 0, 'shouqing1500375619', 'shouqing', 'upload/goods/a9e35b634197281a27082ddec8fe8ab7.png', '95,95', '95,95', 'upload/goods/35b03725d5efc0ca8dddf87a028366221.png', '700,700', '700,700', 'upload/goods/35b03725d5efc0ca8dddf87a028366222.png', '360,360', '360,360', 'upload/goods/35b03725d5efc0ca8dddf87a028366223.png', '240,240', '240,240', 'upload/goods/35b03725d5efc0ca8dddf87a028366224.png', '60,60', '60,60', 1500375620, 1, '', '');
INSERT INTO `sys_album_picture` VALUES (83, 0, 30, 0, '22733065_150621981000_21500376132', '22733065_150621981000_2', 'upload/goods/a06ebb88d211eba22eea51f697100632.jpg', '662,1024', '662,1024', 'upload/goods/7cf678ea27e1c2d43c0f7bcd78150bbe1.jpg', '700,700', '700,700', 'upload/goods/7cf678ea27e1c2d43c0f7bcd78150bbe2.jpg', '360,360', '360,360', 'upload/goods/7cf678ea27e1c2d43c0f7bcd78150bbe3.jpg', '240,240', '240,240', 'upload/goods/7cf678ea27e1c2d43c0f7bcd78150bbe4.jpg', '60,60', '60,60', 1500376133, 1, '', '');
INSERT INTO `sys_album_picture` VALUES (84, 0, 30, 0, '578c6c44N44e77c1a.jpg!cc_350x4491500376343', '578c6c44N44e77c1a.jpg!cc_350x449', 'upload/goods/d0856654bc0d2d2dae435f2788a221f8.jpg', '350,449', '350,449', 'upload/goods/ba62ac61a6a4b33c5243cbf9d1aa6be81.jpg', '700,700', '700,700', 'upload/goods/ba62ac61a6a4b33c5243cbf9d1aa6be82.jpg', '360,360', '360,360', 'upload/goods/ba62ac61a6a4b33c5243cbf9d1aa6be83.jpg', '240,240', '240,240', 'upload/goods/ba62ac61a6a4b33c5243cbf9d1aa6be84.jpg', '60,60', '60,60', 1500376343, 1, '', '');
INSERT INTO `sys_album_picture` VALUES (85, 0, 30, 0, '22733065_150621981000_21500376343', '22733065_150621981000_2', 'upload/goods/146c465e16d62561f973f83a6ad8f976.jpg', '662,1024', '662,1024', 'upload/goods/fba67ee8c40e46a4401f23020049374a1.jpg', '700,700', '700,700', 'upload/goods/fba67ee8c40e46a4401f23020049374a2.jpg', '360,360', '360,360', 'upload/goods/fba67ee8c40e46a4401f23020049374a3.jpg', '240,240', '240,240', 'upload/goods/fba67ee8c40e46a4401f23020049374a4.jpg', '60,60', '60,60', 1500376343, 1, '', '');
INSERT INTO `sys_album_picture` VALUES (86, 0, 30, 0, 'TB298eyAYJmpuFjSZFwXXaE4VXa_!!18640743031500376349', 'TB298eyAYJmpuFjSZFwXXaE4VXa_!!1864074303', 'upload/goods/79d0609b9cc100551f4ddb39d9880360.jpg', '800,800', '800,800', 'upload/goods/8b5000b5581c6c0f34568681271f8c301.jpg', '700,700', '700,700', 'upload/goods/8b5000b5581c6c0f34568681271f8c302.jpg', '360,360', '360,360', 'upload/goods/8b5000b5581c6c0f34568681271f8c303.jpg', '240,240', '240,240', 'upload/goods/8b5000b5581c6c0f34568681271f8c304.jpg', '60,60', '60,60', 1500376350, 1, '', '');
INSERT INTO `sys_album_picture` VALUES (87, 0, 30, 0, 'shouqing1500376349', 'shouqing', 'upload/goods/8c6473e056632a6d7f6be4bdecc55262.png', '95,95', '95,95', 'upload/goods/50ebf1043665ecf80c64c4581a67561c1.png', '700,700', '700,700', 'upload/goods/50ebf1043665ecf80c64c4581a67561c2.png', '360,360', '360,360', 'upload/goods/50ebf1043665ecf80c64c4581a67561c3.png', '240,240', '240,240', 'upload/goods/50ebf1043665ecf80c64c4581a67561c4.png', '60,60', '60,60', 1500376350, 1, '', '');
INSERT INTO `sys_album_picture` VALUES (88, 0, 30, 0, 'TB298eyAYJmpuFjSZFwXXaE4VXa_!!18640743031500426649', 'TB298eyAYJmpuFjSZFwXXaE4VXa_!!1864074303', 'upload/goods/acaf39f01da497b43f42810a90d88cf0.jpg', '800,800', '800,800', 'upload/goods/c455f9ec4115025ae4c3c9f80da9aad31.jpg', '700,700', '700,700', 'upload/goods/c455f9ec4115025ae4c3c9f80da9aad32.jpg', '360,360', '360,360', 'upload/goods/c455f9ec4115025ae4c3c9f80da9aad33.jpg', '240,240', '240,240', 'upload/goods/c455f9ec4115025ae4c3c9f80da9aad34.jpg', '60,60', '60,60', 1500426649, 1, '', '');
INSERT INTO `sys_album_picture` VALUES (89, 0, 30, 0, 'shouqing1500426648', 'shouqing', 'upload/goods/f46ac65f1632c635ffb1f5aa9ab24e8f.png', '95,95', '95,95', 'upload/goods/6f250bf12d162d68f8297df1d64435391.png', '700,700', '700,700', 'upload/goods/6f250bf12d162d68f8297df1d64435392.png', '360,360', '360,360', 'upload/goods/6f250bf12d162d68f8297df1d64435393.png', '240,240', '240,240', 'upload/goods/6f250bf12d162d68f8297df1d64435394.png', '60,60', '60,60', 1500426649, 1, '', '');
INSERT INTO `sys_album_picture` VALUES (94, 0, 30, 0, '578c6c44N44e77c1a.jpg!cc_350x4491500427061', '578c6c44N44e77c1a.jpg!cc_350x449', 'upload/goods/dbb59330f5d777047f959ffa6fd66e16.jpg', '350,449', '350,449', 'upload/goods/cf76553c7b10c952b10dd638b1e2f97f1.jpg', '700,700', '700,700', 'upload/goods/cf76553c7b10c952b10dd638b1e2f97f2.jpg', '360,360', '360,360', 'upload/goods/cf76553c7b10c952b10dd638b1e2f97f3.jpg', '240,240', '240,240', 'upload/goods/cf76553c7b10c952b10dd638b1e2f97f4.jpg', '60,60', '60,60', 1500427061, 1, '', '');
INSERT INTO `sys_album_picture` VALUES (95, 0, 30, 0, '22733065_150621981000_21500427061', '22733065_150621981000_2', 'upload/goods/3b25d6b9ab5458d8bb1261f7e6987b22.jpg', '662,1024', '662,1024', 'upload/goods/923ce45fcc3e8009412bc42f0e4e9fb41.jpg', '700,700', '700,700', 'upload/goods/923ce45fcc3e8009412bc42f0e4e9fb42.jpg', '360,360', '360,360', 'upload/goods/923ce45fcc3e8009412bc42f0e4e9fb43.jpg', '240,240', '240,240', 'upload/goods/923ce45fcc3e8009412bc42f0e4e9fb44.jpg', '60,60', '60,60', 1500427061, 1, '', '');
INSERT INTO `sys_album_picture` VALUES (96, 0, 30, 0, '578c6c44N44e77c1a.jpg!cc_350x4491500427568', '578c6c44N44e77c1a.jpg!cc_350x449', 'upload/goods/7bd599cb2d0333c9002e2744873be341.jpg', '350,449', '350,449', 'upload/goods/c62a1c807412a73f323181396f308a581.jpg', '700,700', '700,700', 'upload/goods/c62a1c807412a73f323181396f308a582.jpg', '360,360', '360,360', 'upload/goods/c62a1c807412a73f323181396f308a583.jpg', '240,240', '240,240', 'upload/goods/c62a1c807412a73f323181396f308a584.jpg', '60,60', '60,60', 1500427568, 1, '', '');
INSERT INTO `sys_album_picture` VALUES (104, 0, 30, 0, 'TIM截图201707141416181500435997', 'TIM截图20170714141618', 'upload/goods/54bb54062d86958197e199d1427df2ee.png', '1209,815', '1209,815', 'upload/goods/4cd5f35a98c3322c224ebe0304c350c51.png', '700,700', '700,700', 'upload/goods/4cd5f35a98c3322c224ebe0304c350c52.png', '360,360', '360,360', 'upload/goods/4cd5f35a98c3322c224ebe0304c350c53.png', '240,240', '240,240', 'upload/goods/4cd5f35a98c3322c224ebe0304c350c54.png', '60,60', '60,60', 1500435998, 1, '', '');
INSERT INTO `sys_album_picture` VALUES (111, 0, 30, 0, 'TIM截图201707131816251500436075', 'TIM截图20170713181625', 'upload/goods/63a86e96416e86efd7dd96ceb504e218.png', '1920,1048', '1920,1048', 'upload/goods/b19d1442cf9c1dbd7d5e117bcec7f4f11.png', '700,700', '700,700', 'upload/goods/b19d1442cf9c1dbd7d5e117bcec7f4f12.png', '360,360', '360,360', 'upload/goods/b19d1442cf9c1dbd7d5e117bcec7f4f13.png', '240,240', '240,240', 'upload/goods/b19d1442cf9c1dbd7d5e117bcec7f4f14.png', '60,60', '60,60', 1500436076, 1, '', '');
INSERT INTO `sys_album_picture` VALUES (114, 0, 30, 0, '578c6c44N44e77c1a.jpg!cc_350x4491500453785', '578c6c44N44e77c1a.jpg!cc_350x449', 'upload/goods/c35792f5d6168cf2d54e8ced3ae7051b.jpg', '350,449', '350,449', 'upload/goods/e70e8ca2e90fe62daaef216b9abe46a11.jpg', '700,700', '700,700', 'upload/goods/e70e8ca2e90fe62daaef216b9abe46a12.jpg', '360,360', '360,360', 'upload/goods/e70e8ca2e90fe62daaef216b9abe46a13.jpg', '240,240', '240,240', 'upload/goods/e70e8ca2e90fe62daaef216b9abe46a14.jpg', '60,60', '60,60', 1500453785, 1, '', '');
INSERT INTO `sys_album_picture` VALUES (118, 0, 30, 0, '未标题-11500457885', '未标题-1', 'upload/goods/7e776633f3abbec5c4715fff36201a2d.png', '420,220', '420,220', 'upload/goods/01539cbe0709b342068e85aceefcc27c1.png', '700,700', '700,700', 'upload/goods/01539cbe0709b342068e85aceefcc27c2.png', '360,360', '360,360', 'upload/goods/01539cbe0709b342068e85aceefcc27c3.png', '240,240', '240,240', 'upload/goods/01539cbe0709b342068e85aceefcc27c4.png', '60,60', '60,60', 1500457887, 1, '', '');
INSERT INTO `sys_album_picture` VALUES (119, 0, 30, 0, '商家入驻1500457888', '商家入驻', 'upload/goods/f89edb3a8e6ed34d5cbfa5270970eb17.png', '1920,350', '1920,350', 'upload/goods/a4350651e446d67c1c3b9998758d8d311.png', '700,700', '700,700', 'upload/goods/a4350651e446d67c1c3b9998758d8d312.png', '360,360', '360,360', 'upload/goods/a4350651e446d67c1c3b9998758d8d313.png', '240,240', '240,240', 'upload/goods/a4350651e446d67c1c3b9998758d8d314.png', '60,60', '60,60', 1500457888, 1, '', '');
INSERT INTO `sys_album_picture` VALUES (120, 0, 30, 0, '148758575411500458468', '14875857541', 'upload/goods/e2edca12398529f86562d4052266cd1e.jpg', '800,800', '800,800', 'upload/goods/332b8b9228056a73b763dae46093d81f1.jpg', '700,700', '700,700', 'upload/goods/332b8b9228056a73b763dae46093d81f2.jpg', '360,360', '360,360', 'upload/goods/332b8b9228056a73b763dae46093d81f3.jpg', '240,240', '240,240', 'upload/goods/332b8b9228056a73b763dae46093d81f4.jpg', '60,60', '60,60', 1500458468, 1, '', '');
INSERT INTO `sys_album_picture` VALUES (121, 0, 30, 0, '578c6c44N44e77c1a.jpg!cc_350x4491500458523', '578c6c44N44e77c1a.jpg!cc_350x449', 'upload/goods/ef863ca27adc1f369bacbf4b66421826.jpg', '350,449', '350,449', 'upload/goods/1fed826cb433488d16d743ddb962f05e1.jpg', '700,700', '700,700', 'upload/goods/1fed826cb433488d16d743ddb962f05e2.jpg', '360,360', '360,360', 'upload/goods/1fed826cb433488d16d743ddb962f05e3.jpg', '240,240', '240,240', 'upload/goods/1fed826cb433488d16d743ddb962f05e4.jpg', '60,60', '60,60', 1500458523, 1, '', '');
INSERT INTO `sys_album_picture` VALUES (122, 0, 30, 0, '578c6c44N44e77c1a.jpg!cc_350x4491500458535', '578c6c44N44e77c1a.jpg!cc_350x449', 'upload/goods/bd17accd629d62beef572872a1b9cdc3.jpg', '350,449', '350,449', 'upload/goods/319f2d7602cb9335e1f90949beef2d1e1.jpg', '700,700', '700,700', 'upload/goods/319f2d7602cb9335e1f90949beef2d1e2.jpg', '360,360', '360,360', 'upload/goods/319f2d7602cb9335e1f90949beef2d1e3.jpg', '240,240', '240,240', 'upload/goods/319f2d7602cb9335e1f90949beef2d1e4.jpg', '60,60', '60,60', 1500458535, 1, '', '');
INSERT INTO `sys_album_picture` VALUES (127, 0, 30, 0, '578c6c44N44e77c1a.jpg!cc_350x4491500521907', '578c6c44N44e77c1a.jpg!cc_350x449', 'upload/goods/fdacfd95e1d3c6fbc4291ffbdd11318e.jpg', '350,449', '350,449', 'upload/goods/ca11d35750a5bad35bb7193426f3bfd71.jpg', '700,700', '700,700', 'upload/goods/ca11d35750a5bad35bb7193426f3bfd72.jpg', '360,360', '360,360', 'upload/goods/ca11d35750a5bad35bb7193426f3bfd73.jpg', '240,240', '240,240', 'upload/goods/ca11d35750a5bad35bb7193426f3bfd74.jpg', '60,60', '60,60', 1500521907, 1, '', '');
INSERT INTO `sys_album_picture` VALUES (132, 0, 30, 0, 'shop_qrcode_bg1500696790', 'shop_qrcode_bg', 'upload/goods/57637c205f2eeb6cd93863cad8ae8ada.png', '640,741', '640,741', 'upload/goods/d3692d2d395938cd12eec226bea53db21.png', '700,700', '700,700', 'upload/goods/d3692d2d395938cd12eec226bea53db22.png', '360,360', '360,360', 'upload/goods/d3692d2d395938cd12eec226bea53db23.png', '240,240', '240,240', 'upload/goods/d3692d2d395938cd12eec226bea53db24.png', '60,60', '60,60', 1500696792, 1, '', '');
INSERT INTO `sys_album_picture` VALUES (133, 0, 30, 0, 'qrcode_template_21500696802', 'qrcode_template_2', 'upload/goods/078e0cf69e5b287ec148e2a2e590fe65.png', '640,1134', '640,1134', 'upload/goods/51815db539f9d4350b0298c51d075baf1.png', '700,700', '700,700', 'upload/goods/51815db539f9d4350b0298c51d075baf2.png', '360,360', '360,360', 'upload/goods/51815db539f9d4350b0298c51d075baf3.png', '240,240', '240,240', 'upload/goods/51815db539f9d4350b0298c51d075baf4.png', '60,60', '60,60', 1500696803, 1, '', '');
INSERT INTO `sys_album_picture` VALUES (134, 0, 30, 0, '3ec20710f1ae81c544b7639edc3759081500867443', '3ec20710f1ae81c544b7639edc375908', 'upload/goods/6942e61a295f52bfc7ece6d312305b2a.png', '250,250', '250,250', 'upload/goods/919dab99145d1f36d14b80eb0ede4fe21.png', '700,700', '700,700', 'upload/goods/919dab99145d1f36d14b80eb0ede4fe22.png', '360,360', '360,360', 'upload/goods/919dab99145d1f36d14b80eb0ede4fe23.png', '240,240', '240,240', 'upload/goods/919dab99145d1f36d14b80eb0ede4fe24.png', '60,60', '60,60', 1500867443, 1, '', '');
INSERT INTO `sys_album_picture` VALUES (135, 0, 30, 0, '3ec20710f1ae81c544b7639edc3759081500867489', '3ec20710f1ae81c544b7639edc375908', 'upload/goods/729fe63065038187021f4376e6c4e12a.png', '250,250', '250,250', 'upload/goods/b4918b258cb7e7d3e5e11f13219fde351.png', '700,700', '700,700', 'upload/goods/b4918b258cb7e7d3e5e11f13219fde352.png', '360,360', '360,360', 'upload/goods/b4918b258cb7e7d3e5e11f13219fde353.png', '240,240', '240,240', 'upload/goods/b4918b258cb7e7d3e5e11f13219fde354.png', '60,60', '60,60', 1500867489, 1, '', '');
INSERT INTO `sys_album_picture` VALUES (136, 0, 30, 0, '3ec20710f1ae81c544b7639edc3759081500867563', '3ec20710f1ae81c544b7639edc375908', 'upload/goods/469b970070b664dcb2abde0f7fff46ec.png', '250,250', '250,250', 'upload/goods/8d8e68876b61ecd32b57d6aff22d0c5d1.png', '700,700', '700,700', 'upload/goods/8d8e68876b61ecd32b57d6aff22d0c5d2.png', '360,360', '360,360', 'upload/goods/8d8e68876b61ecd32b57d6aff22d0c5d3.png', '240,240', '240,240', 'upload/goods/8d8e68876b61ecd32b57d6aff22d0c5d4.png', '60,60', '60,60', 1500867564, 1, '', '');
INSERT INTO `sys_album_picture` VALUES (137, 0, 30, 0, '810452795a47874bd626e89e0ee707741500867590', '810452795a47874bd626e89e0ee70774', 'upload/goods/224ac85252e082d87960f8cf73a27d18.png', '250,250', '250,250', 'upload/goods/9ba7a270851783b62ccaf518f86471ee1.png', '700,700', '700,700', 'upload/goods/9ba7a270851783b62ccaf518f86471ee2.png', '360,360', '360,360', 'upload/goods/9ba7a270851783b62ccaf518f86471ee3.png', '240,240', '240,240', 'upload/goods/9ba7a270851783b62ccaf518f86471ee4.png', '60,60', '60,60', 1500867590, 1, '', '');
INSERT INTO `sys_album_picture` VALUES (138, 0, 30, 0, '682d6a8df71580681b15c1f4175503901500867611', '682d6a8df71580681b15c1f417550390', 'upload/goods/9ea71b9f763d6c44d1f0106a0267e3b7.png', '250,250', '250,250', 'upload/goods/c6ce7c23962f8a33d9cd099c36ae8d931.png', '700,700', '700,700', 'upload/goods/c6ce7c23962f8a33d9cd099c36ae8d932.png', '360,360', '360,360', 'upload/goods/c6ce7c23962f8a33d9cd099c36ae8d933.png', '240,240', '240,240', 'upload/goods/c6ce7c23962f8a33d9cd099c36ae8d934.png', '60,60', '60,60', 1500867611, 1, '', '');
INSERT INTO `sys_album_picture` VALUES (139, 0, 30, 0, 'd3057f2cadd5e3de2e45d099f88c5caa1500867627', 'd3057f2cadd5e3de2e45d099f88c5caa', 'upload/goods/fa2edf431fbfa8427daf31f9f8ddf361.png', '250,250', '250,250', 'upload/goods/fe04581d44a2ba1dafb0b5b57377bc0e1.png', '700,700', '700,700', 'upload/goods/fe04581d44a2ba1dafb0b5b57377bc0e2.png', '360,360', '360,360', 'upload/goods/fe04581d44a2ba1dafb0b5b57377bc0e3.png', '240,240', '240,240', 'upload/goods/fe04581d44a2ba1dafb0b5b57377bc0e4.png', '60,60', '60,60', 1500867628, 1, '', '');
INSERT INTO `sys_album_picture` VALUES (144, 0, 30, 0, '0031501042708', '003', 'upload/goods/fc03bbed82bee8a9dc4dce555df4d129.jpg', '1118,858', '1118,858', 'upload/goods/54fc95ab1f924cb4298f5b3770199aa51.jpg', '700,700', '700,700', 'upload/goods/54fc95ab1f924cb4298f5b3770199aa52.jpg', '360,360', '360,360', 'upload/goods/54fc95ab1f924cb4298f5b3770199aa53.jpg', '240,240', '240,240', 'upload/goods/54fc95ab1f924cb4298f5b3770199aa54.jpg', '60,60', '60,60', 1501042708, 1, '', '');
INSERT INTO `sys_album_picture` VALUES (145, 0, 30, 0, '148758575411501043986', '14875857541', 'upload/goods/cf05d0996a2d9aa81205b65556537dbc.jpg', '800,800', '800,800', 'upload/goods/ddcbfcea4221682de1c0870ac6db1add1.jpg', '700,700', '700,700', 'upload/goods/ddcbfcea4221682de1c0870ac6db1add2.jpg', '360,360', '360,360', 'upload/goods/ddcbfcea4221682de1c0870ac6db1add3.jpg', '240,240', '240,240', 'upload/goods/ddcbfcea4221682de1c0870ac6db1add4.jpg', '60,60', '60,60', 1501043986, 1, '', '');
INSERT INTO `sys_album_picture` VALUES (146, 0, 30, 0, '14875740921501043990', '1487574092', 'upload/goods/9319bba003676b83c7446f78ec87b6b6.jpg', '452,307', '452,307', 'upload/goods/14925f48a18261fd83d4bb26b868f00c1.jpg', '700,700', '700,700', 'upload/goods/14925f48a18261fd83d4bb26b868f00c2.jpg', '360,360', '360,360', 'upload/goods/14925f48a18261fd83d4bb26b868f00c3.jpg', '240,240', '240,240', 'upload/goods/14925f48a18261fd83d4bb26b868f00c4.jpg', '60,60', '60,60', 1501043990, 1, '', '');
INSERT INTO `sys_album_picture` VALUES (150, 0, 33, 0, '购买礼包1501231826', '购买礼包', 'upload/goods/d7f347409ebfb884be7bfedf7dafcb20.png', '750,1677', '750,1677', 'upload/goods/a2dfd06caf1239ed29149c44049bfb411.png', '700,700', '700,700', 'upload/goods/a2dfd06caf1239ed29149c44049bfb412.png', '360,360', '360,360', 'upload/goods/a2dfd06caf1239ed29149c44049bfb413.png', '240,240', '240,240', 'upload/goods/a2dfd06caf1239ed29149c44049bfb414.png', '60,60', '60,60', 1501231827, 1, '', '');
INSERT INTO `sys_album_picture` VALUES (151, 0, 33, 0, '申请等级1501231832', '申请等级', 'upload/goods/15598b8fe1b19b3600958c9dcb1ebd1e.png', '750,1677', '750,1677', 'upload/goods/76cbbc38faadef54b6e10be48a6b5dd71.png', '700,700', '700,700', 'upload/goods/76cbbc38faadef54b6e10be48a6b5dd72.png', '360,360', '360,360', 'upload/goods/76cbbc38faadef54b6e10be48a6b5dd73.png', '240,240', '240,240', 'upload/goods/76cbbc38faadef54b6e10be48a6b5dd74.png', '60,60', '60,60', 1501231833, 1, '', '');
INSERT INTO `sys_album_picture` VALUES (155, 0, 30, 0, 'CgQI0leh-8KAPDpmAAbiLB5stvQ903001501485541', 'CgQI0leh-8KAPDpmAAbiLB5stvQ90300', 'upload/goods/a9ae126b716d6ec62ad69f045514d517.jpg', '800,800', '800,800', 'upload/goods/eb7ee482aa42830ee8fc1d3b234123b11.jpg', '700,700', '700,700', 'upload/goods/eb7ee482aa42830ee8fc1d3b234123b12.jpg', '360,360', '360,360', 'upload/goods/eb7ee482aa42830ee8fc1d3b234123b13.jpg', '240,240', '240,240', 'upload/goods/eb7ee482aa42830ee8fc1d3b234123b14.jpg', '60,60', '60,60', 1501485541, 1, '', '');
INSERT INTO `sys_album_picture` VALUES (157, 0, 30, 0, 't015b9319e20be44f981501485807', 't015b9319e20be44f98', 'upload/goods/b77b6e691bab2816722d9b820d4d9810.jpg', '800,800', '800,800', 'upload/goods/6567a3cc1e0b8d4e18dd9697b15136cd1.jpg', '700,700', '700,700', 'upload/goods/6567a3cc1e0b8d4e18dd9697b15136cd2.jpg', '360,360', '360,360', 'upload/goods/6567a3cc1e0b8d4e18dd9697b15136cd3.jpg', '240,240', '240,240', 'upload/goods/6567a3cc1e0b8d4e18dd9697b15136cd4.jpg', '60,60', '60,60', 1501485807, 1, '', '');
INSERT INTO `sys_album_picture` VALUES (158, 0, 30, 0, 'dd1501660019', 'dd', 'upload/goods/9e987be814f0fb5b32e57b14ea53919e.png', '1647,580', '1647,580', 'upload/goods/313293d279efec37fba61bb85b632fb81.png', '700,700', '700,700', 'upload/goods/313293d279efec37fba61bb85b632fb82.png', '360,360', '360,360', 'upload/goods/313293d279efec37fba61bb85b632fb83.png', '240,240', '240,240', 'upload/goods/313293d279efec37fba61bb85b632fb84.png', '60,60', '60,60', 1501660020, 1, '', '');
INSERT INTO `sys_album_picture` VALUES (159, 0, 30, 0, 'tp1501660169', 'tp', 'upload/goods/4a8fab6fec3ec5f396a3b81bcb2740a3.png', '1007,510', '1007,510', 'upload/goods/6c9ee37a84b79d951c70dfbf604f2e5d1.png', '700,700', '700,700', 'upload/goods/6c9ee37a84b79d951c70dfbf604f2e5d2.png', '360,360', '360,360', 'upload/goods/6c9ee37a84b79d951c70dfbf604f2e5d3.png', '240,240', '240,240', 'upload/goods/6c9ee37a84b79d951c70dfbf604f2e5d4.png', '60,60', '60,60', 1501660170, 1, '', '');
INSERT INTO `sys_album_picture` VALUES (160, 0, 30, 0, 'sp1501660169', 'sp', 'upload/goods/89b2b05580481e6b048385b885b19a7e.png', '1592,681', '1592,681', 'upload/goods/a18d8703e0a286f72673cd65e612a3db1.png', '700,700', '700,700', 'upload/goods/a18d8703e0a286f72673cd65e612a3db2.png', '360,360', '360,360', 'upload/goods/a18d8703e0a286f72673cd65e612a3db3.png', '240,240', '240,240', 'upload/goods/a18d8703e0a286f72673cd65e612a3db4.png', '60,60', '60,60', 1501660171, 1, '', '');
INSERT INTO `sys_album_picture` VALUES (161, 0, 30, 0, '052986301761988981501734586', '05298630176198898', 'upload/goods/3565943ddc82f4255d471b2309499e4d.jpg', '1107,738', '1107,738', 'upload/goods/02244c066e93319c3b04fc22589cacbf1.jpg', '700,700', '700,700', 'upload/goods/02244c066e93319c3b04fc22589cacbf2.jpg', '360,360', '360,360', 'upload/goods/02244c066e93319c3b04fc22589cacbf3.jpg', '240,240', '240,240', 'upload/goods/02244c066e93319c3b04fc22589cacbf4.jpg', '60,60', '60,60', 1501734587, 1, '', '');
INSERT INTO `sys_album_picture` VALUES (162, 0, 30, 0, '14511432229818_1910183_161501734594', '14511432229818_1910183_16', 'upload/goods/a8708ec78569bebd1a6cd90a0d8ce2be.jpg', '1200,800', '1200,800', 'upload/goods/dd1d04d14bb5c3fb47a355a76acc9e651.jpg', '700,700', '700,700', 'upload/goods/dd1d04d14bb5c3fb47a355a76acc9e652.jpg', '360,360', '360,360', 'upload/goods/dd1d04d14bb5c3fb47a355a76acc9e653.jpg', '240,240', '240,240', 'upload/goods/dd1d04d14bb5c3fb47a355a76acc9e654.jpg', '60,60', '60,60', 1501734595, 1, '', '');
INSERT INTO `sys_album_picture` VALUES (163, 0, 30, 0, '14511432429434_1910184_161501734594', '14511432429434_1910184_16', 'upload/goods/172d05b6a408735db77c51ec2c7f4955.jpg', '1200,800', '1200,800', 'upload/goods/8217ddfdb6111a804e3ef785a277ff121.jpg', '700,700', '700,700', 'upload/goods/8217ddfdb6111a804e3ef785a277ff122.jpg', '360,360', '360,360', 'upload/goods/8217ddfdb6111a804e3ef785a277ff123.jpg', '240,240', '240,240', 'upload/goods/8217ddfdb6111a804e3ef785a277ff124.jpg', '60,60', '60,60', 1501734595, 1, '', '');
INSERT INTO `sys_album_picture` VALUES (164, 0, 30, 0, '14511433026391_1910187_161501734594', '14511433026391_1910187_16', 'upload/goods/5716e66a8bdd125f32830d65a58da0b7.jpg', '1200,800', '1200,800', 'upload/goods/c558e902906e2219d7b85e7dff54d8e61.jpg', '700,700', '700,700', 'upload/goods/c558e902906e2219d7b85e7dff54d8e62.jpg', '360,360', '360,360', 'upload/goods/c558e902906e2219d7b85e7dff54d8e63.jpg', '240,240', '240,240', 'upload/goods/c558e902906e2219d7b85e7dff54d8e64.jpg', '60,60', '60,60', 1501734595, 1, '', '');
INSERT INTO `sys_album_picture` VALUES (165, 0, 30, 0, '15064619311773_4729173_161501734602', '15064619311773_4729173_16', 'upload/goods/45c8900d9572b6a6fac0c0cdbe165e20.jpg', '1200,800', '1200,800', 'upload/goods/571571e2609b0d87f4c5af38bc47a1201.jpg', '700,700', '700,700', 'upload/goods/571571e2609b0d87f4c5af38bc47a1202.jpg', '360,360', '360,360', 'upload/goods/571571e2609b0d87f4c5af38bc47a1203.jpg', '240,240', '240,240', 'upload/goods/571571e2609b0d87f4c5af38bc47a1204.jpg', '60,60', '60,60', 1501734602, 1, '', '');
INSERT INTO `sys_album_picture` VALUES (166, 0, 30, 0, '14460939191062_5552386_161501734616', '14460939191062_5552386_16', 'upload/goods/d139faf3b1893107d9b60586a7c153d0.jpg', '1200,800', '1200,800', 'upload/goods/9252d405886d1506327eac36e03a1c591.jpg', '700,700', '700,700', 'upload/goods/9252d405886d1506327eac36e03a1c592.jpg', '360,360', '360,360', 'upload/goods/9252d405886d1506327eac36e03a1c593.jpg', '240,240', '240,240', 'upload/goods/9252d405886d1506327eac36e03a1c594.jpg', '60,60', '60,60', 1501734616, 1, '', '');
INSERT INTO `sys_album_picture` VALUES (167, 0, 30, 0, '15065944985370_4729190_161501734616', '15065944985370_4729190_16', 'upload/goods/098b0ce32448766e3233b790dcc9c98f.jpg', '1200,800', '1200,800', 'upload/goods/2bdbabfd025062f60c4957bc87cd71631.jpg', '700,700', '700,700', 'upload/goods/2bdbabfd025062f60c4957bc87cd71632.jpg', '360,360', '360,360', 'upload/goods/2bdbabfd025062f60c4957bc87cd71633.jpg', '240,240', '240,240', 'upload/goods/2bdbabfd025062f60c4957bc87cd71634.jpg', '60,60', '60,60', 1501734616, 1, '', '');
INSERT INTO `sys_album_picture` VALUES (168, 0, 30, 0, '11341472416479_2275312_161501734628', '11341472416479_2275312_16', 'upload/goods/11d60f427f2c08a6fe6b499e9e647ee4.jpg', '1200,733', '1200,733', 'upload/goods/b96917ad1b662105daaf04b29ede6bb61.jpg', '700,700', '700,700', 'upload/goods/b96917ad1b662105daaf04b29ede6bb62.jpg', '360,360', '360,360', 'upload/goods/b96917ad1b662105daaf04b29ede6bb63.jpg', '240,240', '240,240', 'upload/goods/b96917ad1b662105daaf04b29ede6bb64.jpg', '60,60', '60,60', 1501734628, 1, '', '');
INSERT INTO `sys_album_picture` VALUES (169, 0, 30, 0, '11341467749793_2275310_161501734628', '11341467749793_2275310_16', 'upload/goods/7d08b58b6b4f9a55efe9e99f152eaf1b.jpg', '1200,693', '1200,693', 'upload/goods/26822d8cfc59ad133c4e0444ec49cd3f1.jpg', '700,700', '700,700', 'upload/goods/26822d8cfc59ad133c4e0444ec49cd3f2.jpg', '360,360', '360,360', 'upload/goods/26822d8cfc59ad133c4e0444ec49cd3f3.jpg', '240,240', '240,240', 'upload/goods/26822d8cfc59ad133c4e0444ec49cd3f4.jpg', '60,60', '60,60', 1501734628, 1, '', '');
INSERT INTO `sys_album_picture` VALUES (170, 0, 30, 0, '15064772424432_4729175_161501734628', '15064772424432_4729175_16', 'upload/goods/976bbd3fe59726f0da81958fb2fa1454.jpg', '1107,738', '1107,738', 'upload/goods/b7ceb44d6a18575f0060a50a3cf177341.jpg', '700,700', '700,700', 'upload/goods/b7ceb44d6a18575f0060a50a3cf177342.jpg', '360,360', '360,360', 'upload/goods/b7ceb44d6a18575f0060a50a3cf177343.jpg', '240,240', '240,240', 'upload/goods/b7ceb44d6a18575f0060a50a3cf177344.jpg', '60,60', '60,60', 1501734628, 1, '', '');
INSERT INTO `sys_album_picture` VALUES (171, 0, 30, 0, '14460939191062_5552386_161501734628', '14460939191062_5552386_16', 'upload/goods/a0dc3cc654b3b56f9c984b38d3c63577.jpg', '1200,800', '1200,800', 'upload/goods/46e5dffab6cf988381954f2842d2a4841.jpg', '700,700', '700,700', 'upload/goods/46e5dffab6cf988381954f2842d2a4842.jpg', '360,360', '360,360', 'upload/goods/46e5dffab6cf988381954f2842d2a4843.jpg', '240,240', '240,240', 'upload/goods/46e5dffab6cf988381954f2842d2a4844.jpg', '60,60', '60,60', 1501734628, 1, '', '');
INSERT INTO `sys_album_picture` VALUES (172, 0, 30, 0, ')HS1C3)CMW_$5{O0_MGZ}Z31501828484', ')HS1C3)CMW_$5{O0_MGZ}Z3', 'upload/goods/d753577bfce798d7a2794af27095cb6c.png', '150,131', '150,131', 'upload/goods/30de6c7eaca724c596137c9bfe5a298f1.png', '700,700', '700,700', 'upload/goods/30de6c7eaca724c596137c9bfe5a298f2.png', '360,360', '360,360', 'upload/goods/30de6c7eaca724c596137c9bfe5a298f3.png', '240,240', '240,240', 'upload/goods/30de6c7eaca724c596137c9bfe5a298f4.png', '60,60', '60,60', 1501828485, 1, '', '');
INSERT INTO `sys_album_picture` VALUES (173, 0, 30, 0, '2-14030621442N3331501828490', '2-14030621442N333', 'upload/goods/0f3ba772bfe5992fe3ddfe31527e60ca.jpg', '763,500', '763,500', 'upload/goods/405371552bf5b6382eae0634bffe24011.jpg', '700,700', '700,700', 'upload/goods/405371552bf5b6382eae0634bffe24012.jpg', '360,360', '360,360', 'upload/goods/405371552bf5b6382eae0634bffe24013.jpg', '240,240', '240,240', 'upload/goods/405371552bf5b6382eae0634bffe24014.jpg', '60,60', '60,60', 1501828490, 1, '', '');
INSERT INTO `sys_album_picture` VALUES (174, 0, 30, 0, '~RP4G{KA@PPHO_ADXX)21~P1501828493', '~RP4G{KA@PPHO_ADXX)21~P', 'upload/goods/b1af2683a95b2ae0e57a1144d43308e9.png', '86,69', '86,69', 'upload/goods/d16d7f623cd2d8704be706284d6a65001.png', '700,700', '700,700', 'upload/goods/d16d7f623cd2d8704be706284d6a65002.png', '360,360', '360,360', 'upload/goods/d16d7f623cd2d8704be706284d6a65003.png', '240,240', '240,240', 'upload/goods/d16d7f623cd2d8704be706284d6a65004.png', '60,60', '60,60', 1501828494, 1, '', '');
INSERT INTO `sys_album_picture` VALUES (175, 0, 30, 0, '0031501840326', '003', 'upload/goods/8d5f227331728c8fd8b39925f7df4e93.jpg', '1118,858', '1118,858', 'upload/goods/aa5e3a7c276227abebda3b9127d010991.jpg', '700,700', '700,700', 'upload/goods/aa5e3a7c276227abebda3b9127d010992.jpg', '360,360', '360,360', 'upload/goods/aa5e3a7c276227abebda3b9127d010993.jpg', '240,240', '240,240', 'upload/goods/aa5e3a7c276227abebda3b9127d010994.jpg', '60,60', '60,60', 1501840327, 1, '', '');
INSERT INTO `sys_album_picture` VALUES (176, 0, 30, 0, 'cee693de4dec98012181ab267153f2421501897362', 'cee693de4dec98012181ab267153f242', 'upload/goods/dbc045cdc44aab484b6f87e6d4b43a66.png', '100,100', '100,100', 'upload/goods/65deef0e889e071a74a24e7ad818c4971.png', '700,700', '700,700', 'upload/goods/65deef0e889e071a74a24e7ad818c4972.png', '360,360', '360,360', 'upload/goods/65deef0e889e071a74a24e7ad818c4973.png', '240,240', '240,240', 'upload/goods/65deef0e889e071a74a24e7ad818c4974.png', '60,60', '60,60', 1501897362, 1, '', '');
INSERT INTO `sys_album_picture` VALUES (177, 0, 30, 0, 'cee693de4dec98012181ab267153f2421501897363', 'cee693de4dec98012181ab267153f242', 'upload/goods/722b674e6d0f4517f2490cdf0a677f3c.png', '100,100', '100,100', 'upload/goods/b9820c68d69d78424e742ab44f252f051.png', '700,700', '700,700', 'upload/goods/b9820c68d69d78424e742ab44f252f052.png', '360,360', '360,360', 'upload/goods/b9820c68d69d78424e742ab44f252f053.png', '240,240', '240,240', 'upload/goods/b9820c68d69d78424e742ab44f252f054.png', '60,60', '60,60', 1501897364, 1, '', '');
INSERT INTO `sys_album_picture` VALUES (178, 0, 30, 0, 'TIM截图201707271131521501897367', 'TIM截图20170727113152', 'upload/goods/45890918fc959fc292da0d1ba2966316.png', '716,806', '716,806', 'upload/goods/335896c1306b0b9fad2c6dd6ba49f09b1.png', '700,700', '700,700', 'upload/goods/335896c1306b0b9fad2c6dd6ba49f09b2.png', '360,360', '360,360', 'upload/goods/335896c1306b0b9fad2c6dd6ba49f09b3.png', '240,240', '240,240', 'upload/goods/335896c1306b0b9fad2c6dd6ba49f09b4.png', '60,60', '60,60', 1501897368, 1, '', '');
INSERT INTO `sys_album_picture` VALUES (179, 0, 33, 0, 'TB298eyAYJmpuFjSZFwXXaE4VXa_!!18640743031501899812', 'TB298eyAYJmpuFjSZFwXXaE4VXa_!!1864074303', 'upload/goods/f50ba965ce8e1717f65cf43311ee28f9.jpg', '800,800', '800,800', 'upload/goods/c2534c40a737a26ceedd77a6c11701211.jpg', '700,700', '700,700', 'upload/goods/c2534c40a737a26ceedd77a6c11701212.jpg', '360,360', '360,360', 'upload/goods/c2534c40a737a26ceedd77a6c11701213.jpg', '240,240', '240,240', 'upload/goods/c2534c40a737a26ceedd77a6c11701214.jpg', '60,60', '60,60', 1501899813, 1, '', '');
INSERT INTO `sys_album_picture` VALUES (180, 0, 33, 0, 'shouqing1501899812', 'shouqing', 'upload/goods/52c31b0a0a1ac30c98cf727bd412e8b4.png', '95,95', '95,95', 'upload/goods/9e95de24316a93fb498c7451269f5fbb1.png', '700,700', '700,700', 'upload/goods/9e95de24316a93fb498c7451269f5fbb2.png', '360,360', '360,360', 'upload/goods/9e95de24316a93fb498c7451269f5fbb3.png', '240,240', '240,240', 'upload/goods/9e95de24316a93fb498c7451269f5fbb4.png', '60,60', '60,60', 1501899813, 1, '', '');
INSERT INTO `sys_album_picture` VALUES (181, 0, 30, 0, '1983168ef3564e9d0a9edc7a7e955ee11502099836', '1983168ef3564e9d0a9edc7a7e955ee1', 'upload/goods/2baa8b0a7a82fd2169a6db88118e71ff.jpg', '1132,830', '1132,830', 'upload/goods/0bc25d51a2fcad84a84a402b457ab22b1.jpg', '700,700', '700,700', 'upload/goods/0bc25d51a2fcad84a84a402b457ab22b2.jpg', '360,360', '360,360', 'upload/goods/0bc25d51a2fcad84a84a402b457ab22b3.jpg', '240,240', '240,240', 'upload/goods/0bc25d51a2fcad84a84a402b457ab22b4.jpg', '60,60', '60,60', 1502099837, 1, '', '');
INSERT INTO `sys_album_picture` VALUES (182, 0, 30, 0, '578c6c44N44e77c1a.jpg!cc_350x4491502435183', '578c6c44N44e77c1a.jpg!cc_350x449', 'upload/goods/3443d7a6ce17dfc8d7a0af942f0b109b.jpg', '350,449', '350,449', 'upload/goods/66a4f7eb5d0cb5cff3cc25fca7ac327c1.jpg', '700,700', '700,700', 'upload/goods/66a4f7eb5d0cb5cff3cc25fca7ac327c2.jpg', '360,360', '360,360', 'upload/goods/66a4f7eb5d0cb5cff3cc25fca7ac327c3.jpg', '240,240', '240,240', 'upload/goods/66a4f7eb5d0cb5cff3cc25fca7ac327c4.jpg', '60,60', '60,60', 1502435184, 1, '', '');
INSERT INTO `sys_album_picture` VALUES (183, 0, 30, 0, 'TB298eyAYJmpuFjSZFwXXaE4VXa_!!18640743031502435183', 'TB298eyAYJmpuFjSZFwXXaE4VXa_!!1864074303', 'upload/goods/169e48e8eec49f165db19ecad7227798.jpg', '800,800', '800,800', 'upload/goods/60a5f45d8c63daf4d9f94bf9594b12071.jpg', '700,700', '700,700', 'upload/goods/60a5f45d8c63daf4d9f94bf9594b12072.jpg', '360,360', '360,360', 'upload/goods/60a5f45d8c63daf4d9f94bf9594b12073.jpg', '240,240', '240,240', 'upload/goods/60a5f45d8c63daf4d9f94bf9594b12074.jpg', '60,60', '60,60', 1502435184, 1, '', '');
INSERT INTO `sys_album_picture` VALUES (184, 0, 30, 0, 'TB2MlSKdpXXXXX_XpXXXXXXXXXX_!!508110693.jpg_430x430q901502521317', 'TB2MlSKdpXXXXX_XpXXXXXXXXXX_!!508110693.jpg_430x430q90', 'upload/goods/35ae492739e5b858a76f14dc8b40085e.jpg', '430,430', '430,430', 'upload/goods/7fa050e551a69d03cc912f093782e3321.jpg', '700,700', '700,700', 'upload/goods/7fa050e551a69d03cc912f093782e3322.jpg', '360,360', '360,360', 'upload/goods/7fa050e551a69d03cc912f093782e3323.jpg', '240,240', '240,240', 'upload/goods/7fa050e551a69d03cc912f093782e3324.jpg', '60,60', '60,60', 1502521318, 1, '', '');
INSERT INTO `sys_album_picture` VALUES (185, 0, 33, 0, 'TB298eyAYJmpuFjSZFwXXaE4VXa_!!18640743031502675660', 'TB298eyAYJmpuFjSZFwXXaE4VXa_!!1864074303', 'upload/goods/a0ce31719229869a2bd94b452ea3e470.jpg', '800,800', '800,800', 'upload/goods/0a502bc3bc7fe1689746102e3c374e331.jpg', '700,700', '700,700', 'upload/goods/0a502bc3bc7fe1689746102e3c374e332.jpg', '360,360', '360,360', 'upload/goods/0a502bc3bc7fe1689746102e3c374e333.jpg', '240,240', '240,240', 'upload/goods/0a502bc3bc7fe1689746102e3c374e334.jpg', '60,60', '60,60', 1502675661, 1, '', '');
INSERT INTO `sys_album_picture` VALUES (186, 0, 33, 0, '578c6c44N44e77c1a.jpg!cc_350x4491502675671', '578c6c44N44e77c1a.jpg!cc_350x449', 'upload/goods/10607eb695c6d37ca302ca72305237ac.jpg', '350,449', '350,449', 'upload/goods/1e83d2fc2d6e9923fc87c1762a2cbf251.jpg', '700,700', '700,700', 'upload/goods/1e83d2fc2d6e9923fc87c1762a2cbf252.jpg', '360,360', '360,360', 'upload/goods/1e83d2fc2d6e9923fc87c1762a2cbf253.jpg', '240,240', '240,240', 'upload/goods/1e83d2fc2d6e9923fc87c1762a2cbf254.jpg', '60,60', '60,60', 1502675671, 1, '', '');
INSERT INTO `sys_album_picture` VALUES (187, 0, 30, 0, '578c6c44N44e77c1a.jpg!cc_350x4491502702954', '578c6c44N44e77c1a.jpg!cc_350x449', 'upload/goods/2017081449f218b2e21bc4f557311cd16d614bd9.jpg', '350,449', '350,449', 'upload/goods/201708149919626d79abc7751ae4d08530ec01451.jpg', '700,700', '700,700', 'upload/goods/201708149919626d79abc7751ae4d08530ec01452.jpg', '360,360', '360,360', 'upload/goods/201708149919626d79abc7751ae4d08530ec01453.jpg', '240,240', '240,240', 'upload/goods/201708149919626d79abc7751ae4d08530ec01454.jpg', '60,60', '60,60', 1502702954, 1, '', '');
INSERT INTO `sys_album_picture` VALUES (188, 0, 30, 0, 'shouqing1502703005', 'shouqing', 'upload/goods/20170814e7644dd66f73afae5a613d519eaf6b68.png', '95,95', '95,95', 'upload/goods/201708144611790e9c54013069c6f916c366b36c1.png', '700,700', '700,700', 'upload/goods/201708144611790e9c54013069c6f916c366b36c2.png', '360,360', '360,360', 'upload/goods/201708144611790e9c54013069c6f916c366b36c3.png', '240,240', '240,240', 'upload/goods/201708144611790e9c54013069c6f916c366b36c4.png', '60,60', '60,60', 1502703005, 1, '', '');
INSERT INTO `sys_album_picture` VALUES (189, 0, 30, 0, 'TB298eyAYJmpuFjSZFwXXaE4VXa_!!18640743031502703005', 'TB298eyAYJmpuFjSZFwXXaE4VXa_!!1864074303', 'upload/goods/2017081483970669030d0170a8d5a95907e595aa.jpg', '800,800', '800,800', 'upload/goods/20170814acc80c45c103ab11265942759f9713551.jpg', '700,700', '700,700', 'upload/goods/20170814acc80c45c103ab11265942759f9713552.jpg', '360,360', '360,360', 'upload/goods/20170814acc80c45c103ab11265942759f9713553.jpg', '240,240', '240,240', 'upload/goods/20170814acc80c45c103ab11265942759f9713554.jpg', '60,60', '60,60', 1502703005, 1, '', '');
INSERT INTO `sys_album_picture` VALUES (190, 0, 30, 0, 'QQ截图201708081028241502703005', 'QQ截图20170808102824', 'upload/goods/20170814b8cabbafb573ae88dad2096bc82e9ea5.png', '316,171', '316,171', 'upload/goods/201708149ff670407f150ee7773ef32e8feb07811.png', '700,700', '700,700', 'upload/goods/201708149ff670407f150ee7773ef32e8feb07812.png', '360,360', '360,360', 'upload/goods/201708149ff670407f150ee7773ef32e8feb07813.png', '240,240', '240,240', 'upload/goods/201708149ff670407f150ee7773ef32e8feb07814.png', '60,60', '60,60', 1502703005, 1, '', '');
INSERT INTO `sys_album_picture` VALUES (191, 0, 30, 0, 'QQ图片201707061127491502703005', 'QQ图片20170706112749', 'upload/goods/201708142e50c1d77118d2c0962d9bfa42145a6b.png', '703,819', '703,819', 'upload/goods/2017081400eb537fb1a8e66c40bb38ec0d55650a1.png', '700,700', '700,700', 'upload/goods/2017081400eb537fb1a8e66c40bb38ec0d55650a2.png', '360,360', '360,360', 'upload/goods/2017081400eb537fb1a8e66c40bb38ec0d55650a3.png', '240,240', '240,240', 'upload/goods/2017081400eb537fb1a8e66c40bb38ec0d55650a4.png', '60,60', '60,60', 1502703006, 1, '', '');
INSERT INTO `sys_album_picture` VALUES (192, 0, 30, 0, '22733065_150621981000_21502703125', '22733065_150621981000_2', 'upload/goods/20170814/6e26177571c2e7546b3cd7611f9efd95.jpg', '662,1024', '662,1024', 'upload/goods/20170814/086bb145d7d64588c457d1faf8b12d981.jpg', '700,700', '700,700', 'upload/goods/20170814/086bb145d7d64588c457d1faf8b12d982.jpg', '360,360', '360,360', 'upload/goods/20170814/086bb145d7d64588c457d1faf8b12d983.jpg', '240,240', '240,240', 'upload/goods/20170814/086bb145d7d64588c457d1faf8b12d984.jpg', '60,60', '60,60', 1502703126, 1, '', '');
INSERT INTO `sys_album_picture` VALUES (193, 0, 30, 0, '578c6c44N44e77c1a.jpg!cc_350x4491502703141', '578c6c44N44e77c1a.jpg!cc_350x449', 'upload/goods/20170814/9ac280f54d24c02ce44afa9894c80adb.jpg', '350,449', '350,449', 'upload/goods/20170814/b451920761f3758c54f20f2d479bbef01.jpg', '700,700', '700,700', 'upload/goods/20170814/b451920761f3758c54f20f2d479bbef02.jpg', '360,360', '360,360', 'upload/goods/20170814/b451920761f3758c54f20f2d479bbef03.jpg', '240,240', '240,240', 'upload/goods/20170814/b451920761f3758c54f20f2d479bbef04.jpg', '60,60', '60,60', 1502703141, 1, '', '');
INSERT INTO `sys_album_picture` VALUES (194, 0, 30, 0, 'shouqing1502703141', 'shouqing', 'upload/goods/20170814/edafb629a19c81e9460a3d97545b21fd.png', '95,95', '95,95', 'upload/goods/20170814/d93aa61b480e5f1838d0cf236a1d08c91.png', '700,700', '700,700', 'upload/goods/20170814/d93aa61b480e5f1838d0cf236a1d08c92.png', '360,360', '360,360', 'upload/goods/20170814/d93aa61b480e5f1838d0cf236a1d08c93.png', '240,240', '240,240', 'upload/goods/20170814/d93aa61b480e5f1838d0cf236a1d08c94.png', '60,60', '60,60', 1502703141, 1, '', '');
INSERT INTO `sys_album_picture` VALUES (195, 0, 30, 0, 'TB298eyAYJmpuFjSZFwXXaE4VXa_!!18640743031502703141', 'TB298eyAYJmpuFjSZFwXXaE4VXa_!!1864074303', 'upload/goods/20170814/f7f92d079e1e32bebfa6086a8d0690fc.jpg', '800,800', '800,800', 'upload/goods/20170814/5afce0acf958d805936c04f4ebc2ed521.jpg', '700,700', '700,700', 'upload/goods/20170814/5afce0acf958d805936c04f4ebc2ed522.jpg', '360,360', '360,360', 'upload/goods/20170814/5afce0acf958d805936c04f4ebc2ed523.jpg', '240,240', '240,240', 'upload/goods/20170814/5afce0acf958d805936c04f4ebc2ed524.jpg', '60,60', '60,60', 1502703141, 1, '', '');
INSERT INTO `sys_album_picture` VALUES (196, 0, 30, 0, '22733065_150621981000_21502703141', '22733065_150621981000_2', 'upload/goods/20170814/0afc089012a22f3ab66bd5c93ec0fe2a.jpg', '662,1024', '662,1024', 'upload/goods/20170814/9ec3bfb8a1be7e4fe22d2aed512db8581.jpg', '700,700', '700,700', 'upload/goods/20170814/9ec3bfb8a1be7e4fe22d2aed512db8582.jpg', '360,360', '360,360', 'upload/goods/20170814/9ec3bfb8a1be7e4fe22d2aed512db8583.jpg', '240,240', '240,240', 'upload/goods/20170814/9ec3bfb8a1be7e4fe22d2aed512db8584.jpg', '60,60', '60,60', 1502703142, 1, '', '');
INSERT INTO `sys_album_picture` VALUES (197, 0, 30, 0, '148758575411502791903', '14875857541', 'upload/goods/20170815/80f0489b6953ae31bd1abfda2cb61788.jpg', '800,800', '800,800', 'upload/goods/20170815/5c2263fae426acfd62c3df5f7b394c1f1.jpg', '700,700', '700,700', 'upload/goods/20170815/5c2263fae426acfd62c3df5f7b394c1f2.jpg', '360,360', '360,360', 'upload/goods/20170815/5c2263fae426acfd62c3df5f7b394c1f3.jpg', '240,240', '240,240', 'upload/goods/20170815/5c2263fae426acfd62c3df5f7b394c1f4.jpg', '60,60', '60,60', 1502791904, 1, '', '');
INSERT INTO `sys_album_picture` VALUES (198, 0, 30, 0, 'FiYMBmLfRme2DbOhKAh1z0nBLXrj1502792049', 'FiYMBmLfRme2DbOhKAh1z0nBLXrj', 'upload/goods/20170815/7cb03b05c00a9ccf2c45988b5943d4c1.jpg', '500,500', '500,500', 'upload/goods/20170815/322507d8a36716ace954b6ab552ac2491.jpg', '700,700', '700,700', 'upload/goods/20170815/322507d8a36716ace954b6ab552ac2492.jpg', '360,360', '360,360', 'upload/goods/20170815/322507d8a36716ace954b6ab552ac2493.jpg', '240,240', '240,240', 'upload/goods/20170815/322507d8a36716ace954b6ab552ac2494.jpg', '60,60', '60,60', 1502792049, 1, '', '');
INSERT INTO `sys_album_picture` VALUES (199, 0, 32, 0, '2017081510003588341502852333', '201708151000358834', 'upload/goods/20170816/d1b7e8bc626b59854cc2b3fc91b9b73f.jpg', '100,100', '100,100', 'upload/goods/20170816/d1b7e8bc626b59854cc2b3fc91b9b73f.jpg?imageView2/1/w/700/h/700/q/75|imageslim', '700,700', '700,700', 'upload/goods/20170816/d1b7e8bc626b59854cc2b3fc91b9b73f.jpg?imageView2/1/w/360/h/360/q/75|imageslim', '360,360', '360,360', 'upload/goods/20170816/d1b7e8bc626b59854cc2b3fc91b9b73f.jpg?imageView2/1/w/240/h/240/q/75|imageslim', '240,240', '240,240', 'upload/goods/20170816/d1b7e8bc626b59854cc2b3fc91b9b73f.jpg?imageView2/1/w/60/h/60/q/75|imageslim', '60,60', '60,60', 1502852334, 1, '', '');
INSERT INTO `sys_album_picture` VALUES (200, 0, 32, 0, 'TB1mKsnLVXXXXcjXXXXIpPTHFXX-60-60.jpg_60x601502855991', 'TB1mKsnLVXXXXcjXXXXIpPTHFXX-60-60.jpg_60x60', 'upload/goods/20170816/1ed60b6294f7e9c4bfc50b54b2ab661a.jpg', '60,60', '60,60', 'upload/goods/20170816/1ed60b6294f7e9c4bfc50b54b2ab661a.jpg?imageView2/1/w/700/h/700/q/75|imageslim', '700,700', '700,700', 'upload/goods/20170816/1ed60b6294f7e9c4bfc50b54b2ab661a.jpg?imageView2/1/w/360/h/360/q/75|imageslim', '360,360', '360,360', 'upload/goods/20170816/1ed60b6294f7e9c4bfc50b54b2ab661a.jpg?imageView2/1/w/240/h/240/q/75|imageslim', '240,240', '240,240', 'upload/goods/20170816/1ed60b6294f7e9c4bfc50b54b2ab661a.jpg?imageView2/1/w/60/h/60/q/75|imageslim', '60,60', '60,60', 1502855992, 2, 'http://ouo5ro5lf.bkt.clouddn.com', 'zkf-load');
INSERT INTO `sys_album_picture` VALUES (201, 0, 32, 0, 'TB298eyAYJmpuFjSZFwXXaE4VXa_!!18640743031502856319', 'TB298eyAYJmpuFjSZFwXXaE4VXa_!!1864074303', 'upload/goods/20170816/1502869553.jpg', '800,800', '800,800', 'upload/goods/20170816/1502869553.jpg?imageView2/1/w/700/h/700/q/75|imageslim', '700,700', '700,700', 'upload/goods/20170816/1502869553.jpg?imageView2/1/w/360/h/360/q/75|imageslim', '360,360', '360,360', 'upload/goods/20170816/1502869553.jpg?imageView2/1/w/240/h/240/q/75|imageslim', '240,240', '240,240', 'upload/goods/20170816/1502869553.jpg?imageView2/1/w/60/h/60/q/75|imageslim', '60,60', '60,60', 1502869556, 2, 'http://ouo5ro5lf.bkt.clouddn.com', 'zkf-load');
INSERT INTO `sys_album_picture` VALUES (202, 0, 32, 0, '201708151000358834 (1)1502856425', '201708151000358834 (1)', 'upload/goods/20170816/0fe4bccf23ef31681b1c2d3a01ced43f.jpg', '350,449', '350,449', 'upload/goods/20170816/0fe4bccf23ef31681b1c2d3a01ced43f.jpg?imageView2/1/w/700/h/700/q/75|imageslim', '700,700', '700,700', 'upload/goods/20170816/0fe4bccf23ef31681b1c2d3a01ced43f.jpg?imageView2/1/w/360/h/360/q/75|imageslim', '360,360', '360,360', 'upload/goods/20170816/0fe4bccf23ef31681b1c2d3a01ced43f.jpg?imageView2/1/w/240/h/240/q/75|imageslim', '240,240', '240,240', 'upload/goods/20170816/0fe4bccf23ef31681b1c2d3a01ced43f.jpg?imageView2/1/w/60/h/60/q/75|imageslim', '60,60', '60,60', 1502856426, 2, 'http://ouo5ro5lf.bkt.clouddn.com', 'zkf-load');
INSERT INTO `sys_album_picture` VALUES (203, 0, 32, 0, '22733065_150621981000_21502856828', '22733065_150621981000_2', 'upload/goods/20170816/da6cc867c8a14c4cc2d95e07cc858fd3.jpg', '662,1024', '662,1024', 'upload/goods/20170816/83e46b4ceb312bd5ef1e396cc10612671.jpg', '700,700', '700,700', 'upload/goods/20170816/83e46b4ceb312bd5ef1e396cc10612672.jpg', '360,360', '360,360', 'upload/goods/20170816/83e46b4ceb312bd5ef1e396cc10612673.jpg', '240,240', '240,240', 'upload/goods/20170816/83e46b4ceb312bd5ef1e396cc10612674.jpg', '60,60', '60,60', 1502856829, 1, '', '');
INSERT INTO `sys_album_picture` VALUES (204, 0, 30, 0, '22733065_150621981000_21502932504', '22733065_150621981000_2', 'upload/goods/20170817/05ae36908ec35fed6bffa722fce4ec54.jpg', '662,1024', '662,1024', 'upload/goods/20170817/05ae36908ec35fed6bffa722fce4ec54.jpg?imageView2/1/w/700/h/700/q/75|imageslim', '700,700', '700,700', 'upload/goods/20170817/05ae36908ec35fed6bffa722fce4ec54.jpg?imageView2/1/w/360/h/360/q/75|imageslim', '360,360', '360,360', 'upload/goods/20170817/05ae36908ec35fed6bffa722fce4ec54.jpg?imageView2/1/w/240/h/240/q/75|imageslim', '240,240', '240,240', 'upload/goods/20170817/05ae36908ec35fed6bffa722fce4ec54.jpg?imageView2/1/w/60/h/60/q/75|imageslim', '60,60', '60,60', 1502932509, 2, 'http://ouo5ro5lf.bkt.clouddn.com', 'zkf-load');
INSERT INTO `sys_album_picture` VALUES (205, 0, 30, 0, '201708151000358834 (1)1502961339', '201708151000358834 (1)', 'upload/goods/20170817/245df571c84eb6a44ed06b73997f2833.jpg', '350,449', '350,449', 'upload/goods/20170817/245df571c84eb6a44ed06b73997f2833.jpg?imageView2/1/w/700/h/700/q/75|imageslim', '700,700', '700,700', 'upload/goods/20170817/245df571c84eb6a44ed06b73997f2833.jpg?imageView2/1/w/360/h/360/q/75|imageslim', '360,360', '360,360', 'upload/goods/20170817/245df571c84eb6a44ed06b73997f2833.jpg?imageView2/1/w/240/h/240/q/75|imageslim', '240,240', '240,240', 'upload/goods/20170817/245df571c84eb6a44ed06b73997f2833.jpg?imageView2/1/w/60/h/60/q/75|imageslim', '60,60', '60,60', 1502961341, 2, 'http://ouo5ro5lf.bkt.clouddn.com', 'zkf-load');
INSERT INTO `sys_album_picture` VALUES (206, 0, 30, 0, '2017081510003588341502961631', '201708151000358834', 'upload/goods/20170817/a7562e906477d5de79ba3d2158b8c460.jpg', '100,100', '100,100', 'upload/goods/20170817/a7562e906477d5de79ba3d2158b8c460.jpg?imageView2/1/w/700/h/700/q/75|imageslim', '700,700', '700,700', 'upload/goods/20170817/a7562e906477d5de79ba3d2158b8c460.jpg?imageView2/1/w/360/h/360/q/75|imageslim', '360,360', '360,360', 'upload/goods/20170817/a7562e906477d5de79ba3d2158b8c460.jpg?imageView2/1/w/240/h/240/q/75|imageslim', '240,240', '240,240', 'upload/goods/20170817/a7562e906477d5de79ba3d2158b8c460.jpg?imageView2/1/w/60/h/60/q/75|imageslim', '60,60', '60,60', 1502961631, 2, 'http://ouo5ro5lf.bkt.clouddn.com', 'zkf-load');
INSERT INTO `sys_album_picture` VALUES (207, 0, 30, 0, '2017081510003588341502961733', '201708151000358834', 'upload/goods/20170817/da7da380cd2e5a3c6d82b388239e705c.jpg', '100,100', '100,100', 'upload/goods/20170817/da7da380cd2e5a3c6d82b388239e705c.jpg?imageView2/1/w/700/h/700/q/75|imageslim', '700,700', '700,700', 'upload/goods/20170817/da7da380cd2e5a3c6d82b388239e705c.jpg?imageView2/1/w/360/h/360/q/75|imageslim', '360,360', '360,360', 'upload/goods/20170817/da7da380cd2e5a3c6d82b388239e705c.jpg?imageView2/1/w/240/h/240/q/75|imageslim', '240,240', '240,240', 'upload/goods/20170817/da7da380cd2e5a3c6d82b388239e705c.jpg?imageView2/1/w/60/h/60/q/75|imageslim', '60,60', '60,60', 1502961734, 2, 'http://ouo5ro5lf.bkt.clouddn.com', 'zkf-load');
INSERT INTO `sys_album_picture` VALUES (208, 0, 30, 0, '2017081510003588341502961784', '201708151000358834', 'upload/goods/20170817/dc489e21ef07c2af076086c3de7a2949.jpg', '100,100', '100,100', 'upload/goods/20170817/dc489e21ef07c2af076086c3de7a2949.jpg?imageView2/1/w/700/h/700/q/75|imageslim', '700,700', '700,700', 'upload/goods/20170817/dc489e21ef07c2af076086c3de7a2949.jpg?imageView2/1/w/360/h/360/q/75|imageslim', '360,360', '360,360', 'upload/goods/20170817/dc489e21ef07c2af076086c3de7a2949.jpg?imageView2/1/w/240/h/240/q/75|imageslim', '240,240', '240,240', 'upload/goods/20170817/dc489e21ef07c2af076086c3de7a2949.jpg?imageView2/1/w/60/h/60/q/75|imageslim', '60,60', '60,60', 1502961785, 2, 'http://ouo5ro5lf.bkt.clouddn.com', 'zkf-load');
INSERT INTO `sys_album_picture` VALUES (209, 0, 32, 0, '578c6c44N44e77c1a.jpg!cc_350x4491502967158', '578c6c44N44e77c1a.jpg!cc_350x449', 'http://ouo5ro5lf.bkt.clouddn.com/upload/goods/20170817/b7bacb9175e81753eab6b29a4aaecdb3.jpg', '350,449', '350,449', 'http://ouo5ro5lf.bkt.clouddn.com/upload/goods/20170817/b7bacb9175e81753eab6b29a4aaecdb3.jpg?imageView2/1/w/700/h/700/q/75|imageslim', '700,700', '700,700', 'http://ouo5ro5lf.bkt.clouddn.com/upload/goods/20170817/b7bacb9175e81753eab6b29a4aaecdb3.jpg?imageView2/1/w/360/h/360/q/75|imageslim', '360,360', '360,360', 'http://ouo5ro5lf.bkt.clouddn.com/upload/goods/20170817/b7bacb9175e81753eab6b29a4aaecdb3.jpg?imageView2/1/w/240/h/240/q/75|imageslim', '240,240', '240,240', 'http://ouo5ro5lf.bkt.clouddn.com/upload/goods/20170817/b7bacb9175e81753eab6b29a4aaecdb3.jpg?imageView2/1/w/60/h/60/q/75|imageslim', '60,60', '60,60', 1502967159, 2, 'http://ouo5ro5lf.bkt.clouddn.com', 'zkf-load');
INSERT INTO `sys_album_picture` VALUES (210, 0, 32, 0, '22733065_150621981000_21502967805', '22733065_150621981000_2', 'upload/goods/20170817/70f8e51d0896ec47fe097d6875e3eb53.jpg', '662,1024', '662,1024', 'upload/goods/20170817/70f8e51d0896ec47fe097d6875e3eb53.jpg?imageView2/1/w/700/h/700/q/75|imageslim', '700,700', '700,700', 'upload/goods/20170817/70f8e51d0896ec47fe097d6875e3eb53.jpg?imageView2/1/w/360/h/360/q/75|imageslim', '360,360', '360,360', 'upload/goods/20170817/70f8e51d0896ec47fe097d6875e3eb53.jpg?imageView2/1/w/240/h/240/q/75|imageslim', '240,240', '240,240', 'upload/goods/20170817/70f8e51d0896ec47fe097d6875e3eb53.jpg?imageView2/1/w/60/h/60/q/75|imageslim', '60,60', '60,60', 1502967810, 2, 'http://ouo5ro5lf.bkt.clouddn.com', 'zkf-load');
INSERT INTO `sys_album_picture` VALUES (211, 0, 32, 0, '2017081510003588341502967829', '201708151000358834', 'upload/goods/20170817/3f0cb8220248bfa8d1d9753c40c3c765.jpg', '100,100', '100,100', 'upload/goods/20170817/3f0cb8220248bfa8d1d9753c40c3c765.jpg?imageView2/1/w/700/h/700/q/75|imageslim', '700,700', '700,700', 'upload/goods/20170817/3f0cb8220248bfa8d1d9753c40c3c765.jpg?imageView2/1/w/360/h/360/q/75|imageslim', '360,360', '360,360', 'upload/goods/20170817/3f0cb8220248bfa8d1d9753c40c3c765.jpg?imageView2/1/w/240/h/240/q/75|imageslim', '240,240', '240,240', 'upload/goods/20170817/3f0cb8220248bfa8d1d9753c40c3c765.jpg?imageView2/1/w/60/h/60/q/75|imageslim', '60,60', '60,60', 1502967830, 2, 'http://ouo5ro5lf.bkt.clouddn.com', 'zkf-load');
INSERT INTO `sys_album_picture` VALUES (212, 0, 32, 0, '2017081510003588341502967838', '201708151000358834', 'upload/goods/20170817/2d407a887d0afde52fc5a1d48a81c4cf.jpg', '100,100', '100,100', 'upload/goods/20170817/2d407a887d0afde52fc5a1d48a81c4cf.jpg?imageView2/1/w/700/h/700/q/75|imageslim', '700,700', '700,700', 'upload/goods/20170817/2d407a887d0afde52fc5a1d48a81c4cf.jpg?imageView2/1/w/360/h/360/q/75|imageslim', '360,360', '360,360', 'upload/goods/20170817/2d407a887d0afde52fc5a1d48a81c4cf.jpg?imageView2/1/w/240/h/240/q/75|imageslim', '240,240', '240,240', 'upload/goods/20170817/2d407a887d0afde52fc5a1d48a81c4cf.jpg?imageView2/1/w/60/h/60/q/75|imageslim', '60,60', '60,60', 1502967839, 2, 'http://ouo5ro5lf.bkt.clouddn.com', 'zkf-load');
INSERT INTO `sys_album_picture` VALUES (213, 0, 32, 0, '2017081510003588341502967902', '201708151000358834', 'upload/goods/20170817/43740052a3c0e5f2163226c28938aa10.jpg', '100,100', '100,100', 'upload/goods/20170817/5b8608a3d064ad9873d1ef72a08f531f1.jpg', '700,700', '700,700', 'upload/goods/20170817/5b8608a3d064ad9873d1ef72a08f531f2.jpg', '360,360', '360,360', 'upload/goods/20170817/5b8608a3d064ad9873d1ef72a08f531f3.jpg', '240,240', '240,240', 'upload/goods/20170817/5b8608a3d064ad9873d1ef72a08f531f4.jpg', '60,60', '60,60', 1502967903, 1, '', '');
INSERT INTO `sys_album_picture` VALUES (214, 0, 32, 0, '2017081510003588341502967942', '201708151000358834', 'upload/goods/20170817/dfa3759fec5d24d27856ad99a401f204.jpg', '100,100', '100,100', 'upload/goods/20170817/dfa3759fec5d24d27856ad99a401f204.jpg?imageView2/1/w/700/h/700/q/75|imageslim', '700,700', '700,700', 'upload/goods/20170817/dfa3759fec5d24d27856ad99a401f204.jpg?imageView2/1/w/360/h/360/q/75|imageslim', '360,360', '360,360', 'upload/goods/20170817/dfa3759fec5d24d27856ad99a401f204.jpg?imageView2/1/w/240/h/240/q/75|imageslim', '240,240', '240,240', 'upload/goods/20170817/dfa3759fec5d24d27856ad99a401f204.jpg?imageView2/1/w/60/h/60/q/75|imageslim', '60,60', '60,60', 1502967943, 2, 'http://ouo5ro5lf.bkt.clouddn.com', 'zkf-load');
INSERT INTO `sys_album_picture` VALUES (215, 0, 32, 0, '2017081510003588341502967965', '201708151000358834', 'upload/goods/20170817/84fb1bccf6d999b97641c8883295dccd.jpg', '100,100', '100,100', 'upload/goods/20170817/84fb1bccf6d999b97641c8883295dccd.jpg?imageView2/1/w/700/h/700/q/75|imageslim', '700,700', '700,700', 'upload/goods/20170817/84fb1bccf6d999b97641c8883295dccd.jpg?imageView2/1/w/360/h/360/q/75|imageslim', '360,360', '360,360', 'upload/goods/20170817/84fb1bccf6d999b97641c8883295dccd.jpg?imageView2/1/w/240/h/240/q/75|imageslim', '240,240', '240,240', 'upload/goods/20170817/84fb1bccf6d999b97641c8883295dccd.jpg?imageView2/1/w/60/h/60/q/75|imageslim', '60,60', '60,60', 1502967966, 2, 'http://ouo5ro5lf.bkt.clouddn.com', 'zkf-load');
INSERT INTO `sys_album_picture` VALUES (216, 0, 32, 0, '2017081510003588341502968067', '201708151000358834', 'upload/goods/20170817/c393755dc815f077465294b6c6e4a2ad.jpg', '100,100', '100,100', 'upload/goods/20170817/c393755dc815f077465294b6c6e4a2ad.jpg?imageView2/1/w/700/h/700/q/75|imageslim', '700,700', '700,700', 'upload/goods/20170817/c393755dc815f077465294b6c6e4a2ad.jpg?imageView2/1/w/360/h/360/q/75|imageslim', '360,360', '360,360', 'upload/goods/20170817/c393755dc815f077465294b6c6e4a2ad.jpg?imageView2/1/w/240/h/240/q/75|imageslim', '240,240', '240,240', 'upload/goods/20170817/c393755dc815f077465294b6c6e4a2ad.jpg?imageView2/1/w/60/h/60/q/75|imageslim', '60,60', '60,60', 1502968068, 2, 'http://ouo5ro5lf.bkt.clouddn.com', 'zkf-load');
INSERT INTO `sys_album_picture` VALUES (217, 0, 32, 0, '2017081510003588341502968154', '201708151000358834', 'upload/goods/20170817/df92a8058267cc5a009d769c3ea06c6d.jpg', '100,100', '100,100', 'upload/goods/20170817/df92a8058267cc5a009d769c3ea06c6d.jpg?imageView2/1/w/700/h/700/q/75|imageslim', '700,700', '700,700', 'upload/goods/20170817/df92a8058267cc5a009d769c3ea06c6d.jpg?imageView2/1/w/360/h/360/q/75|imageslim', '360,360', '360,360', 'upload/goods/20170817/df92a8058267cc5a009d769c3ea06c6d.jpg?imageView2/1/w/240/h/240/q/75|imageslim', '240,240', '240,240', 'upload/goods/20170817/df92a8058267cc5a009d769c3ea06c6d.jpg?imageView2/1/w/60/h/60/q/75|imageslim', '60,60', '60,60', 1502968155, 2, 'http://ouo5ro5lf.bkt.clouddn.com', 'zkf-load');
INSERT INTO `sys_album_picture` VALUES (218, 0, 32, 0, '2017081510003588341502968230', '201708151000358834', 'upload/goods/20170817/ad2a5b2111f11dbb3e5d1855eec50624.jpg', '100,100', '100,100', 'upload/goods/20170817/ad2a5b2111f11dbb3e5d1855eec50624.jpg?imageView2/1/w/700/h/700/q/75|imageslim', '700,700', '700,700', 'upload/goods/20170817/ad2a5b2111f11dbb3e5d1855eec50624.jpg?imageView2/1/w/360/h/360/q/75|imageslim', '360,360', '360,360', 'upload/goods/20170817/ad2a5b2111f11dbb3e5d1855eec50624.jpg?imageView2/1/w/240/h/240/q/75|imageslim', '240,240', '240,240', 'upload/goods/20170817/ad2a5b2111f11dbb3e5d1855eec50624.jpg?imageView2/1/w/60/h/60/q/75|imageslim', '60,60', '60,60', 1502968231, 2, 'http://ouo5ro5lf.bkt.clouddn.com', 'zkf-load');
INSERT INTO `sys_album_picture` VALUES (219, 0, 30, 0, '1499334209a21502974019', '1499334209a2', 'upload/goods/20170817/b8c095b8e4666561b2fc41cb96af304f.jpg', '360,360', '360,360', 'upload/goods/20170817/ac39030ba4c24f3bdca2b29c9fd23ca41.jpg', '700,700', '700,700', 'upload/goods/20170817/ac39030ba4c24f3bdca2b29c9fd23ca42.jpg', '360,360', '360,360', 'upload/goods/20170817/ac39030ba4c24f3bdca2b29c9fd23ca43.jpg', '240,240', '240,240', 'upload/goods/20170817/ac39030ba4c24f3bdca2b29c9fd23ca44.jpg', '60,60', '60,60', 1502974020, 1, '', '');
INSERT INTO `sys_album_picture` VALUES (220, 0, 30, 0, '1499335874aa11502974042', '1499335874aa1', 'upload/goods/20170817/a0df640d67bd139ac7bcffd1d56c9e24.jpg', '700,700', '700,700', 'upload/goods/20170817/5dc04ad9beb1928a7ab4dfc3b35c8d611.jpg', '700,700', '700,700', 'upload/goods/20170817/5dc04ad9beb1928a7ab4dfc3b35c8d612.jpg', '360,360', '360,360', 'upload/goods/20170817/5dc04ad9beb1928a7ab4dfc3b35c8d613.jpg', '240,240', '240,240', 'upload/goods/20170817/5dc04ad9beb1928a7ab4dfc3b35c8d614.jpg', '60,60', '60,60', 1502974042, 1, '', '');
INSERT INTO `sys_album_picture` VALUES (221, 0, 30, 0, '1314993344301502974059', '131499334430', 'upload/goods/20170817/ea9ade85479acceda6118688403e05b6.jpg', '800,800', '800,800', 'upload/goods/20170817/5804722c0d53080b2a81e46dd26874ed1.jpg', '700,700', '700,700', 'upload/goods/20170817/5804722c0d53080b2a81e46dd26874ed2.jpg', '360,360', '360,360', 'upload/goods/20170817/5804722c0d53080b2a81e46dd26874ed3.jpg', '240,240', '240,240', 'upload/goods/20170817/5804722c0d53080b2a81e46dd26874ed4.jpg', '60,60', '60,60', 1502974060, 1, '', '');
INSERT INTO `sys_album_picture` VALUES (222, 0, 30, 0, '14993346501431502974079', '1499334650143', 'upload/goods/20170817/17811cd8e091d1b18df2a5276e19a9b0.jpg', '240,240', '240,240', 'upload/goods/20170817/9e88c0c0617c170780d1177341758e3d1.jpg', '700,700', '700,700', 'upload/goods/20170817/9e88c0c0617c170780d1177341758e3d2.jpg', '360,360', '360,360', 'upload/goods/20170817/9e88c0c0617c170780d1177341758e3d3.jpg', '240,240', '240,240', 'upload/goods/20170817/9e88c0c0617c170780d1177341758e3d4.jpg', '60,60', '60,60', 1502974079, 1, '', '');
INSERT INTO `sys_album_picture` VALUES (223, 0, 30, 0, '1499333687121503028950', '149933368712', 'upload/goods/20170818/b69826d3d00c6ffa2ecc05b634cb243d.jpg', '360,360', '360,360', 'upload/goods/20170818/09097061fae9a59b1f4d812da5a2794a1.jpg', '700,700', '700,700', 'upload/goods/20170818/09097061fae9a59b1f4d812da5a2794a2.jpg', '360,360', '360,360', 'upload/goods/20170818/09097061fae9a59b1f4d812da5a2794a3.jpg', '240,240', '240,240', 'upload/goods/20170818/09097061fae9a59b1f4d812da5a2794a4.jpg', '60,60', '60,60', 1503028951, 1, '', '');
INSERT INTO `sys_album_picture` VALUES (224, 0, 32, 0, 'TB1mKsnLVXXXXcjXXXXIpPTHFXX-60-60.jpg_60x601503030951', 'TB1mKsnLVXXXXcjXXXXIpPTHFXX-60-60.jpg_60x60', 'http://ouo5ro5lf.bkt.clouddn.com/upload/goods/20170818/0c16c34924dab49063a1ba94af391780.jpg', '60,60', '60,60', 'http://ouo5ro5lf.bkt.clouddn.com/upload/goods/20170818/0c16c34924dab49063a1ba94af391780.jpg?imageView2/1/w/700/h/700/q/75|imageslim', '700,700', '700,700', 'http://ouo5ro5lf.bkt.clouddn.com/upload/goods/20170818/0c16c34924dab49063a1ba94af391780.jpg?imageView2/1/w/360/h/360/q/75|imageslim', '360,360', '360,360', 'http://ouo5ro5lf.bkt.clouddn.com/upload/goods/20170818/0c16c34924dab49063a1ba94af391780.jpg?imageView2/1/w/240/h/240/q/75|imageslim', '240,240', '240,240', 'http://ouo5ro5lf.bkt.clouddn.com/upload/goods/20170818/0c16c34924dab49063a1ba94af391780.jpg?imageView2/1/w/60/h/60/q/75|imageslim', '60,60', '60,60', 1503030953, 2, 'http://ouo5ro5lf.bkt.clouddn.com', 'zkf-load');
INSERT INTO `sys_album_picture` VALUES (225, 0, 30, 0, 'TB1mKsnLVXXXXcjXXXXIpPTHFXX-60-60.jpg_60x601503030980', 'TB1mKsnLVXXXXcjXXXXIpPTHFXX-60-60.jpg_60x60', 'http://ouo5ro5lf.bkt.clouddn.com/upload/goods/20170818/70f992783c91baeb4933207a86a1e224.jpg', '60,60', '60,60', 'http://ouo5ro5lf.bkt.clouddn.com/upload/goods/20170818/70f992783c91baeb4933207a86a1e224.jpg?imageView2/1/w/700/h/700/q/75|imageslim', '700,700', '700,700', 'http://ouo5ro5lf.bkt.clouddn.com/upload/goods/20170818/70f992783c91baeb4933207a86a1e224.jpg?imageView2/1/w/360/h/360/q/75|imageslim', '360,360', '360,360', 'http://ouo5ro5lf.bkt.clouddn.com/upload/goods/20170818/70f992783c91baeb4933207a86a1e224.jpg?imageView2/1/w/240/h/240/q/75|imageslim', '240,240', '240,240', 'http://ouo5ro5lf.bkt.clouddn.com/upload/goods/20170818/70f992783c91baeb4933207a86a1e224.jpg?imageView2/1/w/60/h/60/q/75|imageslim', '60,60', '60,60', 1503030981, 2, 'http://ouo5ro5lf.bkt.clouddn.com', 'zkf-load');
INSERT INTO `sys_album_picture` VALUES (226, 0, 30, 0, 'TB1mKsnLVXXXXcjXXXXIpPTHFXX-60-60.jpg_60x601503031052', 'TB1mKsnLVXXXXcjXXXXIpPTHFXX-60-60.jpg_60x60', 'http://ouo5ro5lf.bkt.clouddn.com/upload/goods/20170818/9206009afadf2c6377c7c7d461f65cf8.jpg', '60,60', '60,60', 'http://ouo5ro5lf.bkt.clouddn.com/upload/goods/20170818/9206009afadf2c6377c7c7d461f65cf8.jpg?imageView2/1/w/700/h/700/q/75|imageslim', '700,700', '700,700', 'http://ouo5ro5lf.bkt.clouddn.com/upload/goods/20170818/9206009afadf2c6377c7c7d461f65cf8.jpg?imageView2/1/w/360/h/360/q/75|imageslim', '360,360', '360,360', 'http://ouo5ro5lf.bkt.clouddn.com/upload/goods/20170818/9206009afadf2c6377c7c7d461f65cf8.jpg?imageView2/1/w/240/h/240/q/75|imageslim', '240,240', '240,240', 'http://ouo5ro5lf.bkt.clouddn.com/upload/goods/20170818/9206009afadf2c6377c7c7d461f65cf8.jpg?imageView2/1/w/60/h/60/q/75|imageslim', '60,60', '60,60', 1503031053, 2, 'http://ouo5ro5lf.bkt.clouddn.com', 'zkf-load');
INSERT INTO `sys_album_picture` VALUES (227, 0, 30, 0, '578c6c44N44e77c1a.jpg!cc_350x4491503039054', '578c6c44N44e77c1a.jpg!cc_350x449', 'http://ouo5ro5lf.bkt.clouddn.com/upload/goods/20170818/6e1dc843b10995bec3f9bfd6e9758306.jpg', '350,449', '350,449', 'http://ouo5ro5lf.bkt.clouddn.com/upload/goods/20170818/6e1dc843b10995bec3f9bfd6e9758306.jpg?imageView2/1/w/700/h/700/q/75|imageslim', '700,700', '700,700', 'http://ouo5ro5lf.bkt.clouddn.com/upload/goods/20170818/6e1dc843b10995bec3f9bfd6e9758306.jpg?imageView2/1/w/360/h/360/q/75|imageslim', '360,360', '360,360', 'http://ouo5ro5lf.bkt.clouddn.com/upload/goods/20170818/6e1dc843b10995bec3f9bfd6e9758306.jpg?imageView2/1/w/240/h/240/q/75|imageslim', '240,240', '240,240', 'http://ouo5ro5lf.bkt.clouddn.com/upload/goods/20170818/6e1dc843b10995bec3f9bfd6e9758306.jpg?imageView2/1/w/60/h/60/q/75|imageslim', '60,60', '60,60', 1503039055, 2, 'http://ouo5ro5lf.bkt.clouddn.com', 'zkf-load');
INSERT INTO `sys_album_picture` VALUES (228, 0, 30, 0, '22733065_150621981000_21503039078', '22733065_150621981000_2', 'upload/goods/20170818/82877c73c6946033257615a07b7f7014.jpg', '662,1024', '662,1024', 'upload/goods/20170818/36b4a9c6c9db7d47c1a63f3f2f7de49a1.jpg', '700,700', '700,700', 'upload/goods/20170818/36b4a9c6c9db7d47c1a63f3f2f7de49a2.jpg', '360,360', '360,360', 'upload/goods/20170818/36b4a9c6c9db7d47c1a63f3f2f7de49a3.jpg', '240,240', '240,240', 'upload/goods/20170818/36b4a9c6c9db7d47c1a63f3f2f7de49a4.jpg', '60,60', '60,60', 1503039078, 1, '', '');
INSERT INTO `sys_album_picture` VALUES (229, 0, 30, 0, '201708151000358834 (1)1503039246', '201708151000358834 (1)', 'upload/goods/20170818/51f65471e2a4d62a84d1ee2a338927ce.jpg', '350,449', '350,449', 'upload/goods/20170818/e4038f6fc67c7057b1158446cd2c7b661.jpg', '700,700', '700,700', 'upload/goods/20170818/e4038f6fc67c7057b1158446cd2c7b662.jpg', '360,360', '360,360', 'upload/goods/20170818/e4038f6fc67c7057b1158446cd2c7b663.jpg', '240,240', '240,240', 'upload/goods/20170818/e4038f6fc67c7057b1158446cd2c7b664.jpg', '60,60', '60,60', 1503039247, 1, '', '');
INSERT INTO `sys_album_picture` VALUES (230, 0, 30, 0, '2017081510003588341503039306', '201708151000358834', 'upload/goods/20170818/88248944a71d7d59424e9c300c948d1e.jpg', '100,100', '100,100', 'upload/goods/20170818/35d52bd3f26a00bd102c87e4110797d41.jpg', '700,700', '700,700', 'upload/goods/20170818/35d52bd3f26a00bd102c87e4110797d42.jpg', '360,360', '360,360', 'upload/goods/20170818/35d52bd3f26a00bd102c87e4110797d43.jpg', '240,240', '240,240', 'upload/goods/20170818/35d52bd3f26a00bd102c87e4110797d44.jpg', '60,60', '60,60', 1503039307, 1, '', '');
INSERT INTO `sys_album_picture` VALUES (231, 0, 30, 0, '201708151000358834 (1)1503039321', '201708151000358834 (1)', 'http://ouo5ro5lf.bkt.clouddn.com/upload/goods/20170818/1f556ea50dd886fe4fc11f7401de2075.jpg', '350,449', '350,449', 'http://ouo5ro5lf.bkt.clouddn.com/upload/goods/20170818/1f556ea50dd886fe4fc11f7401de2075.jpg?imageView2/1/w/700/h/700/q/75|imageslim', '700,700', '700,700', 'http://ouo5ro5lf.bkt.clouddn.com/upload/goods/20170818/1f556ea50dd886fe4fc11f7401de2075.jpg?imageView2/1/w/360/h/360/q/75|imageslim', '360,360', '360,360', 'http://ouo5ro5lf.bkt.clouddn.com/upload/goods/20170818/1f556ea50dd886fe4fc11f7401de2075.jpg?imageView2/1/w/240/h/240/q/75|imageslim', '240,240', '240,240', 'http://ouo5ro5lf.bkt.clouddn.com/upload/goods/20170818/1f556ea50dd886fe4fc11f7401de2075.jpg?imageView2/1/w/60/h/60/q/75|imageslim', '60,60', '60,60', 1503039322, 2, 'http://ouo5ro5lf.bkt.clouddn.com', 'zkf-load');
INSERT INTO `sys_album_picture` VALUES (232, 0, 30, 0, 'TB1mKsnLVXXXXcjXXXXIpPTHFXX-60-60.jpg_60x601503049145', 'TB1mKsnLVXXXXcjXXXXIpPTHFXX-60-60.jpg_60x60', 'http://ouo5ro5lf.bkt.clouddn.com/upload/goods/20170818/95f4f13f8da78aae6578f8682f33b7f5.jpg', '60,60', '60,60', 'http://ouo5ro5lf.bkt.clouddn.com/upload/goods/20170818/95f4f13f8da78aae6578f8682f33b7f5.jpg?imageView2/1/w/700/h/700/q/75|imageslim', '700,700', '700,700', 'http://ouo5ro5lf.bkt.clouddn.com/upload/goods/20170818/95f4f13f8da78aae6578f8682f33b7f5.jpg?imageView2/1/w/360/h/360/q/75|imageslim', '360,360', '360,360', 'http://ouo5ro5lf.bkt.clouddn.com/upload/goods/20170818/95f4f13f8da78aae6578f8682f33b7f5.jpg?imageView2/1/w/240/h/240/q/75|imageslim', '240,240', '240,240', 'http://ouo5ro5lf.bkt.clouddn.com/upload/goods/20170818/95f4f13f8da78aae6578f8682f33b7f5.jpg?imageView2/1/w/60/h/60/q/75|imageslim', '60,60', '60,60', 1503049146, 2, 'http://ouo5ro5lf.bkt.clouddn.com', 'zkf-load');
INSERT INTO `sys_album_picture` VALUES (233, 0, 30, 0, 'show_case_small_11503111801', 'show_case_small_1', 'upload/goods/20170819/c795a0bda5b821304511d0f48517c0a1.png', '292,286', '292,286', 'upload/goods/20170819/97023c30e86f6af74c1fd3f6a0af1df41.png', '700,700', '700,700', 'upload/goods/20170819/97023c30e86f6af74c1fd3f6a0af1df42.png', '360,360', '360,360', 'upload/goods/20170819/97023c30e86f6af74c1fd3f6a0af1df43.png', '240,240', '240,240', 'upload/goods/20170819/97023c30e86f6af74c1fd3f6a0af1df44.png', '60,60', '60,60', 1503111803, 1, '', '');
INSERT INTO `sys_album_picture` VALUES (234, 0, 30, 0, '图层-6(1)1503111827', '图层-6(1)', 'upload/goods/20170819/a90c23a102e3af18fc14f6acceea8f3b.png', '292,286', '292,286', 'upload/goods/20170819/0bb7bd344232ca81cf3f190732a23e191.png', '700,700', '700,700', 'upload/goods/20170819/0bb7bd344232ca81cf3f190732a23e192.png', '360,360', '360,360', 'upload/goods/20170819/0bb7bd344232ca81cf3f190732a23e193.png', '240,240', '240,240', 'upload/goods/20170819/0bb7bd344232ca81cf3f190732a23e194.png', '60,60', '60,60', 1503111828, 1, '', '');
INSERT INTO `sys_album_picture` VALUES (235, 0, 30, 0, '592f732b21a21831503114085', '592f732b21a2183', 'upload/goods/20170819/5e985f678aaf26b8e59d4382fe108ffd.jpg', '400,400', '400,400', 'upload/goods/20170819/39084592bdd04fca51316af326d757941.jpg', '700,700', '700,700', 'upload/goods/20170819/39084592bdd04fca51316af326d757942.jpg', '360,360', '360,360', 'upload/goods/20170819/39084592bdd04fca51316af326d757943.jpg', '240,240', '240,240', 'upload/goods/20170819/39084592bdd04fca51316af326d757944.jpg', '60,60', '60,60', 1503114086, 1, '', '');
INSERT INTO `sys_album_picture` VALUES (236, 0, 30, 0, '592f732b1d270951503114108', '592f732b1d27095', 'upload/goods/20170819/c8571b50b57d5115fe104347ecac69d0.jpg', '400,400', '400,400', 'upload/goods/20170819/1578b0532042bdd877a8ce54346d722f1.jpg', '700,700', '700,700', 'upload/goods/20170819/1578b0532042bdd877a8ce54346d722f2.jpg', '360,360', '360,360', 'upload/goods/20170819/1578b0532042bdd877a8ce54346d722f3.jpg', '240,240', '240,240', 'upload/goods/20170819/1578b0532042bdd877a8ce54346d722f4.jpg', '60,60', '60,60', 1503114108, 1, '', '');
INSERT INTO `sys_album_picture` VALUES (237, 0, 30, 0, '592fbc2ea5f78971503114108', '592fbc2ea5f7897', 'upload/goods/20170819/7aa10609f082b93edbe9abfbfd14655c.jpg', '400,400', '400,400', 'upload/goods/20170819/699773870b917ff3247a9949c87b00fe1.jpg', '700,700', '700,700', 'upload/goods/20170819/699773870b917ff3247a9949c87b00fe2.jpg', '360,360', '360,360', 'upload/goods/20170819/699773870b917ff3247a9949c87b00fe3.jpg', '240,240', '240,240', 'upload/goods/20170819/699773870b917ff3247a9949c87b00fe4.jpg', '60,60', '60,60', 1503114109, 1, '', '');
INSERT INTO `sys_album_picture` VALUES (238, 0, 30, 0, '592fbc2eaa8e0101503114108', '592fbc2eaa8e010', 'upload/goods/20170819/c55324db34eb9fdd26378a0938d0057b.jpg', '400,400', '400,400', 'upload/goods/20170819/4bc9b99c4492de026345ad483f9ead111.jpg', '700,700', '700,700', 'upload/goods/20170819/4bc9b99c4492de026345ad483f9ead112.jpg', '360,360', '360,360', 'upload/goods/20170819/4bc9b99c4492de026345ad483f9ead113.jpg', '240,240', '240,240', 'upload/goods/20170819/4bc9b99c4492de026345ad483f9ead114.jpg', '60,60', '60,60', 1503114109, 1, '', '');
INSERT INTO `sys_album_picture` VALUES (239, 0, 30, 0, 'TB2b6oqXiHmJKJjy0FfXXb9aVXa_!!163-0-luban.jpg_q501503125357', 'TB2b6oqXiHmJKJjy0FfXXb9aVXa_!!163-0-luban.jpg_q50', 'upload/goods/20170819/00e5721fa9f89ba905873c7c55146384.jpg', '1125,352', '1125,352', 'upload/goods/20170819/6eccdca677b2112ac45c78608b7ae46f1.jpg', '700,700', '700,700', 'upload/goods/20170819/6eccdca677b2112ac45c78608b7ae46f2.jpg', '360,360', '360,360', 'upload/goods/20170819/6eccdca677b2112ac45c78608b7ae46f3.jpg', '240,240', '240,240', 'upload/goods/20170819/6eccdca677b2112ac45c78608b7ae46f4.jpg', '60,60', '60,60', 1503125357, 1, '', '');
INSERT INTO `sys_album_picture` VALUES (240, 0, 30, 0, 'TB1Z9gwSFXXXXayXFXXXXXXXXXX_!!0-item_pic.jpg_210x2101503126131', 'TB1Z9gwSFXXXXayXFXXXXXXXXXX_!!0-item_pic.jpg_210x210', 'upload/goods/20170819/1113714aefd1e5e538c2fc972e67252c.jpg', '210,210', '210,210', 'upload/goods/20170819/bf4fd3917dd6a8e672fd694f049ab8b31.jpg', '700,700', '700,700', 'upload/goods/20170819/bf4fd3917dd6a8e672fd694f049ab8b32.jpg', '360,360', '360,360', 'upload/goods/20170819/bf4fd3917dd6a8e672fd694f049ab8b33.jpg', '240,240', '240,240', 'upload/goods/20170819/bf4fd3917dd6a8e672fd694f049ab8b34.jpg', '60,60', '60,60', 1503126131, 1, '', '');
INSERT INTO `sys_album_picture` VALUES (241, 0, 30, 0, 'TB24mPbaRP8F1JjSspaXXb4ypXa_!!0-saturn_solar.jpg_250x250.jpg_.webp1503126191', 'TB24mPbaRP8F1JjSspaXXb4ypXa_!!0-saturn_solar.jpg_250x250.jpg_.webp', 'upload/goods/20170819/b73bfdfa15e4b3e9d1d1f777693631ff.jpg', '250,250', '250,250', 'upload/goods/20170819/711ed17fb52e6d78d453ed5251b3d60a1.jpg', '700,700', '700,700', 'upload/goods/20170819/711ed17fb52e6d78d453ed5251b3d60a2.jpg', '360,360', '360,360', 'upload/goods/20170819/711ed17fb52e6d78d453ed5251b3d60a3.jpg', '240,240', '240,240', 'upload/goods/20170819/711ed17fb52e6d78d453ed5251b3d60a4.jpg', '60,60', '60,60', 1503126191, 1, '', '');
INSERT INTO `sys_album_picture` VALUES (242, 0, 30, 0, 'TB2mjTbaRP8F1JjSspaXXb4ypXa_!!720853322.jpg_400x400.jpg_.webp1503126221', 'TB2mjTbaRP8F1JjSspaXXb4ypXa_!!720853322.jpg_400x400.jpg_.webp', 'upload/goods/20170819/4e9bf76a226d6132222d6ee5dc5f3b05.jpg', '400,400', '400,400', 'upload/goods/20170819/c7369ac1fbd7fc28c7ed1b8818ca27d71.jpg', '700,700', '700,700', 'upload/goods/20170819/c7369ac1fbd7fc28c7ed1b8818ca27d72.jpg', '360,360', '360,360', 'upload/goods/20170819/c7369ac1fbd7fc28c7ed1b8818ca27d73.jpg', '240,240', '240,240', 'upload/goods/20170819/c7369ac1fbd7fc28c7ed1b8818ca27d74.jpg', '60,60', '60,60', 1503126221, 1, '', '');
INSERT INTO `sys_album_picture` VALUES (243, 0, 30, 0, '0031503128668', '003', 'upload/goods/20170819/8504e26442115d1b4fb6dc8ff5b01aa9.jpg', '1118,858', '1118,858', 'upload/goods/20170819/7578245b5825a905aa8d803800e571b51.jpg', '700,700', '700,700', 'upload/goods/20170819/7578245b5825a905aa8d803800e571b52.jpg', '360,360', '360,360', 'upload/goods/20170819/7578245b5825a905aa8d803800e571b53.jpg', '240,240', '240,240', 'upload/goods/20170819/7578245b5825a905aa8d803800e571b54.jpg', '60,60', '60,60', 1503128669, 1, '', '');
INSERT INTO `sys_album_picture` VALUES (244, 0, 30, 0, 'TB2LlrTb7z_F1JjSZFkXXcCaXXa_!!1794051914.jpg_400x400.jpg_.webp1503129532', 'TB2LlrTb7z_F1JjSZFkXXcCaXXa_!!1794051914.jpg_400x400.jpg_.webp', 'upload/goods/20170819/5f1b12784f70b495fa1a16f06c809bfa.jpg', '400,400', '400,400', 'upload/goods/20170819/97ee8d02d9d78b461859855ea9bfc86a1.jpg', '700,700', '700,700', 'upload/goods/20170819/97ee8d02d9d78b461859855ea9bfc86a2.jpg', '360,360', '360,360', 'upload/goods/20170819/97ee8d02d9d78b461859855ea9bfc86a3.jpg', '240,240', '240,240', 'upload/goods/20170819/97ee8d02d9d78b461859855ea9bfc86a4.jpg', '60,60', '60,60', 1503129532, 1, '', '');
INSERT INTO `sys_album_picture` VALUES (245, 0, 30, 0, '578c6c44N44e77c1a.jpg!cc_350x4491503141503', '578c6c44N44e77c1a.jpg!cc_350x449', 'upload/goods/20170819/dac6879fce6b7bd5b3d3c48e645b8855.jpg', '350,449', '350,449', 'upload/goods/20170819/6f6c0f03b6aea712e776e1ce99b03d1c1.jpg', '700,700', '700,700', 'upload/goods/20170819/6f6c0f03b6aea712e776e1ce99b03d1c2.jpg', '360,360', '360,360', 'upload/goods/20170819/6f6c0f03b6aea712e776e1ce99b03d1c3.jpg', '240,240', '240,240', 'upload/goods/20170819/6f6c0f03b6aea712e776e1ce99b03d1c4.jpg', '60,60', '60,60', 1503141503, 1, '', '');
INSERT INTO `sys_album_picture` VALUES (246, 0, 30, 0, 'TB298eyAYJmpuFjSZFwXXaE4VXa_!!18640743031503141508', 'TB298eyAYJmpuFjSZFwXXaE4VXa_!!1864074303', 'upload/goods/20170819/9c159ddf6b52712cea74a13f9fe3803b.jpg', '800,800', '800,800', 'upload/goods/20170819/7e636f09b72e49b8232a3023013426291.jpg', '700,700', '700,700', 'upload/goods/20170819/7e636f09b72e49b8232a3023013426292.jpg', '360,360', '360,360', 'upload/goods/20170819/7e636f09b72e49b8232a3023013426293.jpg', '240,240', '240,240', 'upload/goods/20170819/7e636f09b72e49b8232a3023013426294.jpg', '60,60', '60,60', 1503141508, 1, '', '');
INSERT INTO `sys_album_picture` VALUES (247, 0, 30, 0, 'c6ce7c23962f8a33d9cd099c36ae8d9321503395434', 'c6ce7c23962f8a33d9cd099c36ae8d932', 'upload/goods/20170822/a0126ea4a6780c82498c1e5f3399f731.jpg', '800,800', '800,800', 'upload/goods/20170822/491635daeaba2a30d646adcb1f11a6511.jpg', '700,700', '700,700', 'upload/goods/20170822/491635daeaba2a30d646adcb1f11a6512.jpg', '360,360', '360,360', 'upload/goods/20170822/491635daeaba2a30d646adcb1f11a6513.jpg', '240,240', '240,240', 'upload/goods/20170822/491635daeaba2a30d646adcb1f11a6514.jpg', '60,60', '60,60', 1503395434, 1, '', '');
INSERT INTO `sys_album_picture` VALUES (248, 0, 30, 0, '图层-581503457496', '图层-58', 'upload/goods/20170823/e25f2a4211edb61a5a20ec45287b2050.png', '130,99', '130,99', 'upload/goods/20170823/1a5be5ddfe4a9f23443977ef451ed43f1.png', '700,700', '700,700', 'upload/goods/20170823/1a5be5ddfe4a9f23443977ef451ed43f2.png', '360,360', '360,360', 'upload/goods/20170823/1a5be5ddfe4a9f23443977ef451ed43f3.png', '240,240', '240,240', 'upload/goods/20170823/1a5be5ddfe4a9f23443977ef451ed43f4.png', '60,60', '60,60', 1503457498, 1, '', '');
INSERT INTO `sys_album_picture` VALUES (249, 0, 30, 0, '图层-65-拷贝1503457524', '图层-65-拷贝', 'upload/goods/20170823/d621076f026a038f53767056a20663ff.png', '92,111', '92,111', 'upload/goods/20170823/8d60c31be1bbd5dbed060750db3adf571.png', '700,700', '700,700', 'upload/goods/20170823/8d60c31be1bbd5dbed060750db3adf572.png', '360,360', '360,360', 'upload/goods/20170823/8d60c31be1bbd5dbed060750db3adf573.png', '240,240', '240,240', 'upload/goods/20170823/8d60c31be1bbd5dbed060750db3adf574.png', '60,60', '60,60', 1503457524, 1, '', '');
INSERT INTO `sys_album_picture` VALUES (250, 0, 30, 0, '201701220808195884a0b3ef0091503642014', '201701220808195884a0b3ef009', 'upload/goods/20170825/c4c4d7bf49235474796153f552e4181a.JPG', '680,680', '680,680', 'upload/goods/20170825/3903a41af050b49f9fbfa5b837ca79261.JPG', '700,700', '700,700', 'upload/goods/20170825/3903a41af050b49f9fbfa5b837ca79262.JPG', '360,360', '360,360', 'upload/goods/20170825/3903a41af050b49f9fbfa5b837ca79263.JPG', '240,240', '240,240', 'upload/goods/20170825/3903a41af050b49f9fbfa5b837ca79264.JPG', '60,60', '60,60', 1503642015, 1, '', '');
INSERT INTO `sys_album_picture` VALUES (251, 0, 30, 0, '201701220808195884a0b3ef0091503642218', '201701220808195884a0b3ef009', 'upload/goods/20170825/616462e73529a0751bb16a5d408121d7.JPG', '680,680', '680,680', 'upload/goods/20170825/dc7749304e559da5de5b38464a8f91c81.JPG', '700,700', '700,700', 'upload/goods/20170825/dc7749304e559da5de5b38464a8f91c82.JPG', '360,360', '360,360', 'upload/goods/20170825/dc7749304e559da5de5b38464a8f91c83.JPG', '240,240', '240,240', 'upload/goods/20170825/dc7749304e559da5de5b38464a8f91c84.JPG', '60,60', '60,60', 1503642219, 1, '', '');
INSERT INTO `sys_album_picture` VALUES (252, 0, 30, 0, '6762426849821799601503902067', '676242684982179960', 'http://ouo5ro5lf.bkt.clouddn.com/upload/goods/20170828/2555adba6d286ba1737422427bbba65d.jpg', '720,1280', '720,1280', 'http://ouo5ro5lf.bkt.clouddn.com/upload/goods/20170828/2555adba6d286ba1737422427bbba65d.jpg?imageView2/1/w/700/h/700/q/75|imageslim', '700,700', '700,700', 'http://ouo5ro5lf.bkt.clouddn.com/upload/goods/20170828/2555adba6d286ba1737422427bbba65d.jpg?imageView2/1/w/360/h/360/q/75|imageslim', '360,360', '360,360', 'http://ouo5ro5lf.bkt.clouddn.com/upload/goods/20170828/2555adba6d286ba1737422427bbba65d.jpg?imageView2/1/w/240/h/240/q/75|imageslim', '240,240', '240,240', 'http://ouo5ro5lf.bkt.clouddn.com/upload/goods/20170828/2555adba6d286ba1737422427bbba65d.jpg?imageView2/1/w/60/h/60/q/75|imageslim', '60,60', '60,60', 1503902069, 2, 'http://ouo5ro5lf.bkt.clouddn.com', 'zkf-load');
INSERT INTO `sys_album_picture` VALUES (253, 0, 30, 0, '5412507412141418181503902123', '541250741214141818', 'http://ouo5ro5lf.bkt.clouddn.com/upload/goods/20170828/db43b2853b280656ae5285d9fa7c5617.jpg', '720,1280', '720,1280', 'http://ouo5ro5lf.bkt.clouddn.com/upload/goods/20170828/db43b2853b280656ae5285d9fa7c5617.jpg?imageView2/1/w/700/h/700/q/75|imageslim', '700,700', '700,700', 'http://ouo5ro5lf.bkt.clouddn.com/upload/goods/20170828/db43b2853b280656ae5285d9fa7c5617.jpg?imageView2/1/w/360/h/360/q/75|imageslim', '360,360', '360,360', 'http://ouo5ro5lf.bkt.clouddn.com/upload/goods/20170828/db43b2853b280656ae5285d9fa7c5617.jpg?imageView2/1/w/240/h/240/q/75|imageslim', '240,240', '240,240', 'http://ouo5ro5lf.bkt.clouddn.com/upload/goods/20170828/db43b2853b280656ae5285d9fa7c5617.jpg?imageView2/1/w/60/h/60/q/75|imageslim', '60,60', '60,60', 1503902124, 2, 'http://ouo5ro5lf.bkt.clouddn.com', 'zkf-load');
INSERT INTO `sys_album_picture` VALUES (254, 0, 30, 0, 'TB2hiX3dNwlyKJjSZFNXXcOlpXa_!!0-0-tbvideo.jpg_460x4601503902317', 'TB2hiX3dNwlyKJjSZFNXXcOlpXa_!!0-0-tbvideo.jpg_460x460', 'http://ouo5ro5lf.bkt.clouddn.com/upload/goods/20170828/de6f392bfe5adeee02cb51b83a28c546.jpg', '460,259', '460,259', 'http://ouo5ro5lf.bkt.clouddn.com/upload/goods/20170828/de6f392bfe5adeee02cb51b83a28c546.jpg?imageView2/1/w/700/h/700/q/75|imageslim', '700,700', '700,700', 'http://ouo5ro5lf.bkt.clouddn.com/upload/goods/20170828/de6f392bfe5adeee02cb51b83a28c546.jpg?imageView2/1/w/360/h/360/q/75|imageslim', '360,360', '360,360', 'http://ouo5ro5lf.bkt.clouddn.com/upload/goods/20170828/de6f392bfe5adeee02cb51b83a28c546.jpg?imageView2/1/w/240/h/240/q/75|imageslim', '240,240', '240,240', 'http://ouo5ro5lf.bkt.clouddn.com/upload/goods/20170828/de6f392bfe5adeee02cb51b83a28c546.jpg?imageView2/1/w/60/h/60/q/75|imageslim', '60,60', '60,60', 1503902318, 2, 'http://ouo5ro5lf.bkt.clouddn.com', 'zkf-load');
INSERT INTO `sys_album_picture` VALUES (255, 0, 30, 0, 'TB2JBCjrYVkpuFjSspcXXbSMVXa_!!2210973214.jpg_430x430q901503902319', 'TB2JBCjrYVkpuFjSspcXXbSMVXa_!!2210973214.jpg_430x430q90', 'http://ouo5ro5lf.bkt.clouddn.com/upload/goods/20170828/f42d3f0cb1d6d4fa07bb310ba52340af.jpg', '430,430', '430,430', 'http://ouo5ro5lf.bkt.clouddn.com/upload/goods/20170828/f42d3f0cb1d6d4fa07bb310ba52340af.jpg?imageView2/1/w/700/h/700/q/75|imageslim', '700,700', '700,700', 'http://ouo5ro5lf.bkt.clouddn.com/upload/goods/20170828/f42d3f0cb1d6d4fa07bb310ba52340af.jpg?imageView2/1/w/360/h/360/q/75|imageslim', '360,360', '360,360', 'http://ouo5ro5lf.bkt.clouddn.com/upload/goods/20170828/f42d3f0cb1d6d4fa07bb310ba52340af.jpg?imageView2/1/w/240/h/240/q/75|imageslim', '240,240', '240,240', 'http://ouo5ro5lf.bkt.clouddn.com/upload/goods/20170828/f42d3f0cb1d6d4fa07bb310ba52340af.jpg?imageView2/1/w/60/h/60/q/75|imageslim', '60,60', '60,60', 1503902319, 2, 'http://ouo5ro5lf.bkt.clouddn.com', 'zkf-load');
INSERT INTO `sys_album_picture` VALUES (256, 0, 30, 0, '14993400468221503906827', '1499340046822', 'http://ouo5ro5lf.bkt.clouddn.com/upload/goods/20170828/e6555ff056d6511e314dbac93d0b602a.jpg', '360,360', '360,360', 'http://ouo5ro5lf.bkt.clouddn.com/upload/goods/20170828/e6555ff056d6511e314dbac93d0b602a.jpg?imageView2/1/w/700/h/700/q/75|imageslim', '700,700', '700,700', 'http://ouo5ro5lf.bkt.clouddn.com/upload/goods/20170828/e6555ff056d6511e314dbac93d0b602a.jpg?imageView2/1/w/360/h/360/q/75|imageslim', '360,360', '360,360', 'http://ouo5ro5lf.bkt.clouddn.com/upload/goods/20170828/e6555ff056d6511e314dbac93d0b602a.jpg?imageView2/1/w/240/h/240/q/75|imageslim', '240,240', '240,240', 'http://ouo5ro5lf.bkt.clouddn.com/upload/goods/20170828/e6555ff056d6511e314dbac93d0b602a.jpg?imageView2/1/w/60/h/60/q/75|imageslim', '60,60', '60,60', 1503906828, 2, 'http://ouo5ro5lf.bkt.clouddn.com', 'zkf-load');
INSERT INTO `sys_album_picture` VALUES (257, 0, 30, 0, '14993400468221503906900', '1499340046822', 'upload/goods/20170828/59a3098e5f3d030cb751f3e0f9d8c3ba.jpg', '360,360', '360,360', 'upload/goods/20170828/ae1958c5bad9825255c5adb21345d0531.jpg', '700,700', '700,700', 'upload/goods/20170828/ae1958c5bad9825255c5adb21345d0532.jpg', '360,360', '360,360', 'upload/goods/20170828/ae1958c5bad9825255c5adb21345d0533.jpg', '240,240', '240,240', 'upload/goods/20170828/ae1958c5bad9825255c5adb21345d0534.jpg', '60,60', '60,60', 1503906900, 1, '', '');
INSERT INTO `sys_album_picture` VALUES (258, 0, 30, 0, 'c6ce7c23962f8a33d9cd099c36ae8d9321503991960', 'c6ce7c23962f8a33d9cd099c36ae8d932', 'http://ouo5ro5lf.bkt.clouddn.com/upload/goods/20170829/219684449c2312d884bfca5e4a340be8.jpg', '800,800', '800,800', 'http://ouo5ro5lf.bkt.clouddn.com/upload/goods/20170829/219684449c2312d884bfca5e4a340be8.jpg?imageView2/1/w/700/h/700/q/75|imageslim', '700,700', '700,700', 'http://ouo5ro5lf.bkt.clouddn.com/upload/goods/20170829/219684449c2312d884bfca5e4a340be8.jpg?imageView2/1/w/360/h/360/q/75|imageslim', '360,360', '360,360', 'http://ouo5ro5lf.bkt.clouddn.com/upload/goods/20170829/219684449c2312d884bfca5e4a340be8.jpg?imageView2/1/w/240/h/240/q/75|imageslim', '240,240', '240,240', 'http://ouo5ro5lf.bkt.clouddn.com/upload/goods/20170829/219684449c2312d884bfca5e4a340be8.jpg?imageView2/1/w/60/h/60/q/75|imageslim', '60,60', '60,60', 1503991966, 2, 'http://ouo5ro5lf.bkt.clouddn.com', 'zkf-load');
INSERT INTO `sys_album_picture` VALUES (259, 0, 30, 0, '18bf93be27a0cabe5bdfa6ef6e0d7f5c_s1503991857', '18bf93be27a0cabe5bdfa6ef6e0d7f5c_s', 'http://ouo5ro5lf.bkt.clouddn.com/upload/goods/20170829/fc0bc5193cee7566cd5c775781ee591e.jpg', '280,280', '280,280', 'http://ouo5ro5lf.bkt.clouddn.com/upload/goods/20170829/fc0bc5193cee7566cd5c775781ee591e.jpg?imageView2/1/w/700/h/700/q/75|imageslim', '700,700', '700,700', 'http://ouo5ro5lf.bkt.clouddn.com/upload/goods/20170829/fc0bc5193cee7566cd5c775781ee591e.jpg?imageView2/1/w/360/h/360/q/75|imageslim', '360,360', '360,360', 'http://ouo5ro5lf.bkt.clouddn.com/upload/goods/20170829/fc0bc5193cee7566cd5c775781ee591e.jpg?imageView2/1/w/240/h/240/q/75|imageslim', '240,240', '240,240', 'http://ouo5ro5lf.bkt.clouddn.com/upload/goods/20170829/fc0bc5193cee7566cd5c775781ee591e.jpg?imageView2/1/w/60/h/60/q/75|imageslim', '60,60', '60,60', 1503991858, 2, 'http://ouo5ro5lf.bkt.clouddn.com', 'zkf-load');
INSERT INTO `sys_album_picture` VALUES (260, 0, 30, 0, '18bf93be27a0cabe5bdfa6ef6e0d7f5c_s1503992007', '18bf93be27a0cabe5bdfa6ef6e0d7f5c_s', 'http://ouo5ro5lf.bkt.clouddn.com/upload/goods/20170829/31742507526f8f1b681f4b69f8187999.jpg', '280,280', '280,280', 'http://ouo5ro5lf.bkt.clouddn.com/upload/goods/20170829/31742507526f8f1b681f4b69f8187999.jpg?imageView2/1/w/700/h/700/q/75|imageslim', '700,700', '700,700', 'http://ouo5ro5lf.bkt.clouddn.com/upload/goods/20170829/31742507526f8f1b681f4b69f8187999.jpg?imageView2/1/w/360/h/360/q/75|imageslim', '360,360', '360,360', 'http://ouo5ro5lf.bkt.clouddn.com/upload/goods/20170829/31742507526f8f1b681f4b69f8187999.jpg?imageView2/1/w/240/h/240/q/75|imageslim', '240,240', '240,240', 'http://ouo5ro5lf.bkt.clouddn.com/upload/goods/20170829/31742507526f8f1b681f4b69f8187999.jpg?imageView2/1/w/60/h/60/q/75|imageslim', '60,60', '60,60', 1503992007, 2, 'http://ouo5ro5lf.bkt.clouddn.com', 'zkf-load');
INSERT INTO `sys_album_picture` VALUES (261, 0, 30, 0, 'c6ce7c23962f8a33d9cd099c36ae8d9321503992417', 'c6ce7c23962f8a33d9cd099c36ae8d932', 'http://ouo5ro5lf.bkt.clouddn.com/upload/goods/20170829/003b9f6257d0b1e2e494d1eff765419b.jpg', '800,800', '800,800', 'http://ouo5ro5lf.bkt.clouddn.com/upload/goods/20170829/003b9f6257d0b1e2e494d1eff765419b.jpg?imageView2/1/w/700/h/700/q/75|imageslim', '700,700', '700,700', 'http://ouo5ro5lf.bkt.clouddn.com/upload/goods/20170829/003b9f6257d0b1e2e494d1eff765419b.jpg?imageView2/1/w/360/h/360/q/75|imageslim', '360,360', '360,360', 'http://ouo5ro5lf.bkt.clouddn.com/upload/goods/20170829/003b9f6257d0b1e2e494d1eff765419b.jpg?imageView2/1/w/240/h/240/q/75|imageslim', '240,240', '240,240', 'http://ouo5ro5lf.bkt.clouddn.com/upload/goods/20170829/003b9f6257d0b1e2e494d1eff765419b.jpg?imageView2/1/w/60/h/60/q/75|imageslim', '60,60', '60,60', 1503992418, 2, 'http://ouo5ro5lf.bkt.clouddn.com', 'zkf-load');
INSERT INTO `sys_album_picture` VALUES (262, 0, 30, 0, '18bf93be27a0cabe5bdfa6ef6e0d7f5c_s1503992565', '18bf93be27a0cabe5bdfa6ef6e0d7f5c_s', 'http://ouo5ro5lf.bkt.clouddn.com/upload/goods/20170829/51a97ad1b3af7c255dbb927269379c6b.jpg', '280,280', '280,280', 'http://ouo5ro5lf.bkt.clouddn.com/upload/goods/20170829/51a97ad1b3af7c255dbb927269379c6b.jpg?imageView2/1/w/700/h/700/q/75|imageslim', '700,700', '700,700', 'http://ouo5ro5lf.bkt.clouddn.com/upload/goods/20170829/51a97ad1b3af7c255dbb927269379c6b.jpg?imageView2/1/w/360/h/360/q/75|imageslim', '360,360', '360,360', 'http://ouo5ro5lf.bkt.clouddn.com/upload/goods/20170829/51a97ad1b3af7c255dbb927269379c6b.jpg?imageView2/1/w/240/h/240/q/75|imageslim', '240,240', '240,240', 'http://ouo5ro5lf.bkt.clouddn.com/upload/goods/20170829/51a97ad1b3af7c255dbb927269379c6b.jpg?imageView2/1/w/60/h/60/q/75|imageslim', '60,60', '60,60', 1503992566, 2, 'http://ouo5ro5lf.bkt.clouddn.com', 'zkf-load');
INSERT INTO `sys_album_picture` VALUES (263, 0, 30, 0, '18bf93be27a0cabe5bdfa6ef6e0d7f5c_s1503992583', '18bf93be27a0cabe5bdfa6ef6e0d7f5c_s', 'http://ouo5ro5lf.bkt.clouddn.com/upload/goods/20170829/dc201e822cbe7e22ac80736b534dcbfa.jpg', '280,280', '280,280', 'http://ouo5ro5lf.bkt.clouddn.com/upload/goods/20170829/dc201e822cbe7e22ac80736b534dcbfa.jpg?imageView2/1/w/700/h/700/q/75|imageslim', '700,700', '700,700', 'http://ouo5ro5lf.bkt.clouddn.com/upload/goods/20170829/dc201e822cbe7e22ac80736b534dcbfa.jpg?imageView2/1/w/360/h/360/q/75|imageslim', '360,360', '360,360', 'http://ouo5ro5lf.bkt.clouddn.com/upload/goods/20170829/dc201e822cbe7e22ac80736b534dcbfa.jpg?imageView2/1/w/240/h/240/q/75|imageslim', '240,240', '240,240', 'http://ouo5ro5lf.bkt.clouddn.com/upload/goods/20170829/dc201e822cbe7e22ac80736b534dcbfa.jpg?imageView2/1/w/60/h/60/q/75|imageslim', '60,60', '60,60', 1503992584, 2, 'http://ouo5ro5lf.bkt.clouddn.com', 'zkf-load');
INSERT INTO `sys_album_picture` VALUES (264, 0, 30, 0, '9666634_182726582000_21504056538', '9666634_182726582000_2', 'http://ouo5ro5lf.bkt.clouddn.com/upload/goods/20170830/e7f0669dd506d93eb4a6c635344746c2.jpg', '1024,683', '1024,683', 'http://ouo5ro5lf.bkt.clouddn.com/upload/goods/20170830/e7f0669dd506d93eb4a6c635344746c2.jpg?imageView2/1/w/700/h/700/q/75|imageslim', '700,700', '700,700', 'http://ouo5ro5lf.bkt.clouddn.com/upload/goods/20170830/e7f0669dd506d93eb4a6c635344746c2.jpg?imageView2/1/w/360/h/360/q/75|imageslim', '360,360', '360,360', 'http://ouo5ro5lf.bkt.clouddn.com/upload/goods/20170830/e7f0669dd506d93eb4a6c635344746c2.jpg?imageView2/1/w/240/h/240/q/75|imageslim', '240,240', '240,240', 'http://ouo5ro5lf.bkt.clouddn.com/upload/goods/20170830/e7f0669dd506d93eb4a6c635344746c2.jpg?imageView2/1/w/60/h/60/q/75|imageslim', '60,60', '60,60', 1504056542, 2, 'http://ouo5ro5lf.bkt.clouddn.com', 'zkf-load');
INSERT INTO `sys_album_picture` VALUES (265, 0, 30, 0, '13423575_104345599144_21504056549', '13423575_104345599144_2', 'http://ouo5ro5lf.bkt.clouddn.com/upload/goods/20170830/bf192c113afd2ff8fec2572e94755ea4.jpg', '1024,683', '1024,683', 'http://ouo5ro5lf.bkt.clouddn.com/upload/goods/20170830/bf192c113afd2ff8fec2572e94755ea4.jpg?imageView2/1/w/700/h/700/q/75|imageslim', '700,700', '700,700', 'http://ouo5ro5lf.bkt.clouddn.com/upload/goods/20170830/bf192c113afd2ff8fec2572e94755ea4.jpg?imageView2/1/w/360/h/360/q/75|imageslim', '360,360', '360,360', 'http://ouo5ro5lf.bkt.clouddn.com/upload/goods/20170830/bf192c113afd2ff8fec2572e94755ea4.jpg?imageView2/1/w/240/h/240/q/75|imageslim', '240,240', '240,240', 'http://ouo5ro5lf.bkt.clouddn.com/upload/goods/20170830/bf192c113afd2ff8fec2572e94755ea4.jpg?imageView2/1/w/60/h/60/q/75|imageslim', '60,60', '60,60', 1504056550, 2, 'http://ouo5ro5lf.bkt.clouddn.com', 'zkf-load');
INSERT INTO `sys_album_picture` VALUES (266, 0, 30, 0, 'tooopen_sy_1237133554131504057722', 'tooopen_sy_123713355413', 'http://ouo5ro5lf.bkt.clouddn.com/upload/goods/20170830/86b22214ca8314690e5e74d61caa67ba.jpg', '1024,1024', '1024,1024', 'http://ouo5ro5lf.bkt.clouddn.com/upload/goods/20170830/86b22214ca8314690e5e74d61caa67ba.jpg?imageView2/1/w/700/h/700/q/75|imageslim', '700,700', '700,700', 'http://ouo5ro5lf.bkt.clouddn.com/upload/goods/20170830/86b22214ca8314690e5e74d61caa67ba.jpg?imageView2/1/w/360/h/360/q/75|imageslim', '360,360', '360,360', 'http://ouo5ro5lf.bkt.clouddn.com/upload/goods/20170830/86b22214ca8314690e5e74d61caa67ba.jpg?imageView2/1/w/240/h/240/q/75|imageslim', '240,240', '240,240', 'http://ouo5ro5lf.bkt.clouddn.com/upload/goods/20170830/86b22214ca8314690e5e74d61caa67ba.jpg?imageView2/1/w/60/h/60/q/75|imageslim', '60,60', '60,60', 1504057734, 2, 'http://ouo5ro5lf.bkt.clouddn.com', 'zkf-load');
INSERT INTO `sys_album_picture` VALUES (267, 0, 30, 0, '62W58PICFAa_10241504057735', '62W58PICFAa_1024', 'http://ouo5ro5lf.bkt.clouddn.com/upload/goods/20170830/f0eedfd9fd99eb1f3a6aac79b93ce42e.jpg', '1024,751', '1024,751', 'http://ouo5ro5lf.bkt.clouddn.com/upload/goods/20170830/f0eedfd9fd99eb1f3a6aac79b93ce42e.jpg?imageView2/1/w/700/h/700/q/75|imageslim', '700,700', '700,700', 'http://ouo5ro5lf.bkt.clouddn.com/upload/goods/20170830/f0eedfd9fd99eb1f3a6aac79b93ce42e.jpg?imageView2/1/w/360/h/360/q/75|imageslim', '360,360', '360,360', 'http://ouo5ro5lf.bkt.clouddn.com/upload/goods/20170830/f0eedfd9fd99eb1f3a6aac79b93ce42e.jpg?imageView2/1/w/240/h/240/q/75|imageslim', '240,240', '240,240', 'http://ouo5ro5lf.bkt.clouddn.com/upload/goods/20170830/f0eedfd9fd99eb1f3a6aac79b93ce42e.jpg?imageView2/1/w/60/h/60/q/75|imageslim', '60,60', '60,60', 1504057752, 2, 'http://ouo5ro5lf.bkt.clouddn.com', 'zkf-load');
INSERT INTO `sys_album_picture` VALUES (268, 0, 30, 0, '51C58PICbxU_10241504057787', '51C58PICbxU_1024', 'http://ouo5ro5lf.bkt.clouddn.com/upload/goods/20170830/fcba3d1cbc579334ee1b57ee348f7cf1.jpg', '1024,625', '1024,625', 'http://ouo5ro5lf.bkt.clouddn.com/upload/goods/20170830/fcba3d1cbc579334ee1b57ee348f7cf1.jpg?imageView2/1/w/700/h/700/q/75|imageslim', '700,700', '700,700', 'http://ouo5ro5lf.bkt.clouddn.com/upload/goods/20170830/fcba3d1cbc579334ee1b57ee348f7cf1.jpg?imageView2/1/w/360/h/360/q/75|imageslim', '360,360', '360,360', 'http://ouo5ro5lf.bkt.clouddn.com/upload/goods/20170830/fcba3d1cbc579334ee1b57ee348f7cf1.jpg?imageView2/1/w/240/h/240/q/75|imageslim', '240,240', '240,240', 'http://ouo5ro5lf.bkt.clouddn.com/upload/goods/20170830/fcba3d1cbc579334ee1b57ee348f7cf1.jpg?imageView2/1/w/60/h/60/q/75|imageslim', '60,60', '60,60', 1504057788, 2, 'http://ouo5ro5lf.bkt.clouddn.com', 'zkf-load');
INSERT INTO `sys_album_picture` VALUES (269, 0, 30, 0, '0031504057790', '003', 'http://ouo5ro5lf.bkt.clouddn.com/upload/goods/20170830/b328f22eab758678726343f7a528640a.jpg', '1118,858', '1118,858', 'http://ouo5ro5lf.bkt.clouddn.com/upload/goods/20170830/b328f22eab758678726343f7a528640a.jpg?imageView2/1/w/700/h/700/q/75|imageslim', '700,700', '700,700', 'http://ouo5ro5lf.bkt.clouddn.com/upload/goods/20170830/b328f22eab758678726343f7a528640a.jpg?imageView2/1/w/360/h/360/q/75|imageslim', '360,360', '360,360', 'http://ouo5ro5lf.bkt.clouddn.com/upload/goods/20170830/b328f22eab758678726343f7a528640a.jpg?imageView2/1/w/240/h/240/q/75|imageslim', '240,240', '240,240', 'http://ouo5ro5lf.bkt.clouddn.com/upload/goods/20170830/b328f22eab758678726343f7a528640a.jpg?imageView2/1/w/60/h/60/q/75|imageslim', '60,60', '60,60', 1504057791, 2, 'http://ouo5ro5lf.bkt.clouddn.com', 'zkf-load');
INSERT INTO `sys_album_picture` VALUES (270, 0, 30, 0, '9666634_182726582000_21504057798', '9666634_182726582000_2', 'http://ouo5ro5lf.bkt.clouddn.com/upload/goods/20170830/551ff39891eccb2e442b21f733e1b612.jpg', '1024,683', '1024,683', 'http://ouo5ro5lf.bkt.clouddn.com/upload/goods/20170830/551ff39891eccb2e442b21f733e1b612.jpg?imageView2/1/w/700/h/700/q/75|imageslim', '700,700', '700,700', 'http://ouo5ro5lf.bkt.clouddn.com/upload/goods/20170830/551ff39891eccb2e442b21f733e1b612.jpg?imageView2/1/w/360/h/360/q/75|imageslim', '360,360', '360,360', 'http://ouo5ro5lf.bkt.clouddn.com/upload/goods/20170830/551ff39891eccb2e442b21f733e1b612.jpg?imageView2/1/w/240/h/240/q/75|imageslim', '240,240', '240,240', 'http://ouo5ro5lf.bkt.clouddn.com/upload/goods/20170830/551ff39891eccb2e442b21f733e1b612.jpg?imageView2/1/w/60/h/60/q/75|imageslim', '60,60', '60,60', 1504057801, 2, 'http://ouo5ro5lf.bkt.clouddn.com', 'zkf-load');
INSERT INTO `sys_album_picture` VALUES (271, 0, 30, 0, '4266814_142328777288_21504057805', '4266814_142328777288_2', 'http://ouo5ro5lf.bkt.clouddn.com/upload/goods/20170830/70ebb51b6fa1f071afd3f3d1d9eb0539.jpg', '1024,683', '1024,683', 'http://ouo5ro5lf.bkt.clouddn.com/upload/goods/20170830/70ebb51b6fa1f071afd3f3d1d9eb0539.jpg?imageView2/1/w/700/h/700/q/75|imageslim', '700,700', '700,700', 'http://ouo5ro5lf.bkt.clouddn.com/upload/goods/20170830/70ebb51b6fa1f071afd3f3d1d9eb0539.jpg?imageView2/1/w/360/h/360/q/75|imageslim', '360,360', '360,360', 'http://ouo5ro5lf.bkt.clouddn.com/upload/goods/20170830/70ebb51b6fa1f071afd3f3d1d9eb0539.jpg?imageView2/1/w/240/h/240/q/75|imageslim', '240,240', '240,240', 'http://ouo5ro5lf.bkt.clouddn.com/upload/goods/20170830/70ebb51b6fa1f071afd3f3d1d9eb0539.jpg?imageView2/1/w/60/h/60/q/75|imageslim', '60,60', '60,60', 1504057806, 2, 'http://ouo5ro5lf.bkt.clouddn.com', 'zkf-load');
INSERT INTO `sys_album_picture` VALUES (272, 0, 30, 0, '3196253_164214281000_21504057814', '3196253_164214281000_2', 'http://ouo5ro5lf.bkt.clouddn.com/upload/goods/20170830/009b1c4b5653c22648bd1fd5eb8d750d.jpg', '1024,570', '1024,570', 'http://ouo5ro5lf.bkt.clouddn.com/upload/goods/20170830/009b1c4b5653c22648bd1fd5eb8d750d.jpg?imageView2/1/w/700/h/700/q/75|imageslim', '700,700', '700,700', 'http://ouo5ro5lf.bkt.clouddn.com/upload/goods/20170830/009b1c4b5653c22648bd1fd5eb8d750d.jpg?imageView2/1/w/360/h/360/q/75|imageslim', '360,360', '360,360', 'http://ouo5ro5lf.bkt.clouddn.com/upload/goods/20170830/009b1c4b5653c22648bd1fd5eb8d750d.jpg?imageView2/1/w/240/h/240/q/75|imageslim', '240,240', '240,240', 'http://ouo5ro5lf.bkt.clouddn.com/upload/goods/20170830/009b1c4b5653c22648bd1fd5eb8d750d.jpg?imageView2/1/w/60/h/60/q/75|imageslim', '60,60', '60,60', 1504057815, 2, 'http://ouo5ro5lf.bkt.clouddn.com', 'zkf-load');
INSERT INTO `sys_album_picture` VALUES (273, 0, 30, 0, '62W58PICFAa_10241504057820', '62W58PICFAa_1024', 'http://ouo5ro5lf.bkt.clouddn.com/upload/goods/20170830/0933c6920e4157e45c7b7d1c80649305.jpg', '1024,751', '1024,751', 'http://ouo5ro5lf.bkt.clouddn.com/upload/goods/20170830/0933c6920e4157e45c7b7d1c80649305.jpg?imageView2/1/w/700/h/700/q/75|imageslim', '700,700', '700,700', 'http://ouo5ro5lf.bkt.clouddn.com/upload/goods/20170830/0933c6920e4157e45c7b7d1c80649305.jpg?imageView2/1/w/360/h/360/q/75|imageslim', '360,360', '360,360', 'http://ouo5ro5lf.bkt.clouddn.com/upload/goods/20170830/0933c6920e4157e45c7b7d1c80649305.jpg?imageView2/1/w/240/h/240/q/75|imageslim', '240,240', '240,240', 'http://ouo5ro5lf.bkt.clouddn.com/upload/goods/20170830/0933c6920e4157e45c7b7d1c80649305.jpg?imageView2/1/w/60/h/60/q/75|imageslim', '60,60', '60,60', 1504057821, 2, 'http://ouo5ro5lf.bkt.clouddn.com', 'zkf-load');
INSERT INTO `sys_album_picture` VALUES (274, 0, 30, 0, '97ee8d02d9d78b461859855ea9bfc86a21504057823', '97ee8d02d9d78b461859855ea9bfc86a2', 'http://ouo5ro5lf.bkt.clouddn.com/upload/goods/20170830/7c452bfe9bceed57984c283f6689e602.jpg', '800,800', '800,800', 'http://ouo5ro5lf.bkt.clouddn.com/upload/goods/20170830/7c452bfe9bceed57984c283f6689e602.jpg?imageView2/1/w/700/h/700/q/75|imageslim', '700,700', '700,700', 'http://ouo5ro5lf.bkt.clouddn.com/upload/goods/20170830/7c452bfe9bceed57984c283f6689e602.jpg?imageView2/1/w/360/h/360/q/75|imageslim', '360,360', '360,360', 'http://ouo5ro5lf.bkt.clouddn.com/upload/goods/20170830/7c452bfe9bceed57984c283f6689e602.jpg?imageView2/1/w/240/h/240/q/75|imageslim', '240,240', '240,240', 'http://ouo5ro5lf.bkt.clouddn.com/upload/goods/20170830/7c452bfe9bceed57984c283f6689e602.jpg?imageView2/1/w/60/h/60/q/75|imageslim', '60,60', '60,60', 1504057824, 2, 'http://ouo5ro5lf.bkt.clouddn.com', 'zkf-load');
INSERT INTO `sys_album_picture` VALUES (275, 0, 30, 0, '0031504057826', '003', 'http://ouo5ro5lf.bkt.clouddn.com/upload/goods/20170830/cebccc99e8a174005c65de47a9fd3e09.jpg', '1118,858', '1118,858', 'http://ouo5ro5lf.bkt.clouddn.com/upload/goods/20170830/cebccc99e8a174005c65de47a9fd3e09.jpg?imageView2/1/w/700/h/700/q/75|imageslim', '700,700', '700,700', 'http://ouo5ro5lf.bkt.clouddn.com/upload/goods/20170830/cebccc99e8a174005c65de47a9fd3e09.jpg?imageView2/1/w/360/h/360/q/75|imageslim', '360,360', '360,360', 'http://ouo5ro5lf.bkt.clouddn.com/upload/goods/20170830/cebccc99e8a174005c65de47a9fd3e09.jpg?imageView2/1/w/240/h/240/q/75|imageslim', '240,240', '240,240', 'http://ouo5ro5lf.bkt.clouddn.com/upload/goods/20170830/cebccc99e8a174005c65de47a9fd3e09.jpg?imageView2/1/w/60/h/60/q/75|imageslim', '60,60', '60,60', 1504057827, 2, 'http://ouo5ro5lf.bkt.clouddn.com', 'zkf-load');
INSERT INTO `sys_album_picture` VALUES (276, 0, 30, 0, '15006235121504057839', '1500623512', 'http://ouo5ro5lf.bkt.clouddn.com/upload/goods/20170830/543082edcdc0d162e9b8d54c852b338f.jpg', '750,500', '750,500', 'http://ouo5ro5lf.bkt.clouddn.com/upload/goods/20170830/543082edcdc0d162e9b8d54c852b338f.jpg?imageView2/1/w/700/h/700/q/75|imageslim', '700,700', '700,700', 'http://ouo5ro5lf.bkt.clouddn.com/upload/goods/20170830/543082edcdc0d162e9b8d54c852b338f.jpg?imageView2/1/w/360/h/360/q/75|imageslim', '360,360', '360,360', 'http://ouo5ro5lf.bkt.clouddn.com/upload/goods/20170830/543082edcdc0d162e9b8d54c852b338f.jpg?imageView2/1/w/240/h/240/q/75|imageslim', '240,240', '240,240', 'http://ouo5ro5lf.bkt.clouddn.com/upload/goods/20170830/543082edcdc0d162e9b8d54c852b338f.jpg?imageView2/1/w/60/h/60/q/75|imageslim', '60,60', '60,60', 1504057840, 2, 'http://ouo5ro5lf.bkt.clouddn.com', 'zkf-load');
INSERT INTO `sys_album_picture` VALUES (277, 0, 30, 0, '20090704_1deb871d7a0e9fcb4ac5zbfeRMxK6UMi1504083214', '20090704_1deb871d7a0e9fcb4ac5zbfeRMxK6UMi', 'http://ouo5ro5lf.bkt.clouddn.com/upload/goods/20170830/c16bdbf5fbd6acd071d35e9764cee9e0.jpg', '729,492', '729,492', 'http://ouo5ro5lf.bkt.clouddn.com/upload/goods/20170830/c16bdbf5fbd6acd071d35e9764cee9e0.jpg?imageView2/1/w/700/h/700/q/75|imageslim', '700,700', '700,700', 'http://ouo5ro5lf.bkt.clouddn.com/upload/goods/20170830/c16bdbf5fbd6acd071d35e9764cee9e0.jpg?imageView2/1/w/360/h/360/q/75|imageslim', '360,360', '360,360', 'http://ouo5ro5lf.bkt.clouddn.com/upload/goods/20170830/c16bdbf5fbd6acd071d35e9764cee9e0.jpg?imageView2/1/w/240/h/240/q/75|imageslim', '240,240', '240,240', 'http://ouo5ro5lf.bkt.clouddn.com/upload/goods/20170830/c16bdbf5fbd6acd071d35e9764cee9e0.jpg?imageView2/1/w/60/h/60/q/75|imageslim', '60,60', '60,60', 1504083216, 2, 'http://ouo5ro5lf.bkt.clouddn.com', 'zkf-load');
INSERT INTO `sys_album_picture` VALUES (278, 0, 30, 0, '1001504088354', '100', 'http://ouo5ro5lf.bkt.clouddn.com/upload/goods/20170830/6b2f2b2401582594feeb10b754ea7d1e.jpg', '100,100', '100,100', 'http://ouo5ro5lf.bkt.clouddn.com/upload/goods/20170830/6b2f2b2401582594feeb10b754ea7d1e.jpg?imageView2/1/w/700/h/700/q/75|imageslim', '700,700', '700,700', 'http://ouo5ro5lf.bkt.clouddn.com/upload/goods/20170830/6b2f2b2401582594feeb10b754ea7d1e.jpg?imageView2/1/w/360/h/360/q/75|imageslim', '360,360', '360,360', 'http://ouo5ro5lf.bkt.clouddn.com/upload/goods/20170830/6b2f2b2401582594feeb10b754ea7d1e.jpg?imageView2/1/w/240/h/240/q/75|imageslim', '240,240', '240,240', 'http://ouo5ro5lf.bkt.clouddn.com/upload/goods/20170830/6b2f2b2401582594feeb10b754ea7d1e.jpg?imageView2/1/w/60/h/60/q/75|imageslim', '60,60', '60,60', 1504088355, 2, 'http://ouo5ro5lf.bkt.clouddn.com', 'zkf-load');
INSERT INTO `sys_album_picture` VALUES (279, 0, 30, 0, '58174160N8b476d061504169036', '58174160N8b476d06', 'http://ouo5ro5lf.bkt.clouddn.com/upload/goods/20170831/067075dae6a1efa09cd7f63b58291061.jpg', '70,35', '70,35', 'http://ouo5ro5lf.bkt.clouddn.com/upload/goods/20170831/067075dae6a1efa09cd7f63b58291061.jpg?imageView2/1/w/700/h/700/q/75|imageslim', '700,700', '700,700', 'http://ouo5ro5lf.bkt.clouddn.com/upload/goods/20170831/067075dae6a1efa09cd7f63b58291061.jpg?imageView2/1/w/360/h/360/q/75|imageslim', '360,360', '360,360', 'http://ouo5ro5lf.bkt.clouddn.com/upload/goods/20170831/067075dae6a1efa09cd7f63b58291061.jpg?imageView2/1/w/240/h/240/q/75|imageslim', '240,240', '240,240', 'http://ouo5ro5lf.bkt.clouddn.com/upload/goods/20170831/067075dae6a1efa09cd7f63b58291061.jpg?imageView2/1/w/60/h/60/q/75|imageslim', '60,60', '60,60', 1504169037, 2, 'http://ouo5ro5lf.bkt.clouddn.com', 'zkf-load');
INSERT INTO `sys_album_picture` VALUES (280, 0, 30, 0, '59812ef4N34736f091504169052', '59812ef4N34736f09', 'http://ouo5ro5lf.bkt.clouddn.com/upload/goods/20170831/2d0e999075b5ab0fe0073c3d578695bc.jpg', '70,35', '70,35', 'http://ouo5ro5lf.bkt.clouddn.com/upload/goods/20170831/2d0e999075b5ab0fe0073c3d578695bc.jpg?imageView2/1/w/700/h/700/q/75|imageslim', '700,700', '700,700', 'http://ouo5ro5lf.bkt.clouddn.com/upload/goods/20170831/2d0e999075b5ab0fe0073c3d578695bc.jpg?imageView2/1/w/360/h/360/q/75|imageslim', '360,360', '360,360', 'http://ouo5ro5lf.bkt.clouddn.com/upload/goods/20170831/2d0e999075b5ab0fe0073c3d578695bc.jpg?imageView2/1/w/240/h/240/q/75|imageslim', '240,240', '240,240', 'http://ouo5ro5lf.bkt.clouddn.com/upload/goods/20170831/2d0e999075b5ab0fe0073c3d578695bc.jpg?imageView2/1/w/60/h/60/q/75|imageslim', '60,60', '60,60', 1504169053, 2, 'http://ouo5ro5lf.bkt.clouddn.com', 'zkf-load');
INSERT INTO `sys_album_picture` VALUES (281, 0, 30, 0, 'QQ图片201709021718261504578767', 'QQ图片20170902171826', 'http://ouo5ro5lf.bkt.clouddn.com/upload/goods/20170905/72b96b8d3fbaff533ebb62ba3645f38f.png', '404,702', '404,702', 'http://ouo5ro5lf.bkt.clouddn.com/upload/goods/20170905/72b96b8d3fbaff533ebb62ba3645f38f.png?imageView2/1/w/700/h/700/q/75|imageslim', '700,700', '700,700', 'http://ouo5ro5lf.bkt.clouddn.com/upload/goods/20170905/72b96b8d3fbaff533ebb62ba3645f38f.png?imageView2/1/w/360/h/360/q/75|imageslim', '360,360', '360,360', 'http://ouo5ro5lf.bkt.clouddn.com/upload/goods/20170905/72b96b8d3fbaff533ebb62ba3645f38f.png?imageView2/1/w/240/h/240/q/75|imageslim', '240,240', '240,240', 'http://ouo5ro5lf.bkt.clouddn.com/upload/goods/20170905/72b96b8d3fbaff533ebb62ba3645f38f.png?imageView2/1/w/60/h/60/q/75|imageslim', '60,60', '60,60', 1504578768, 2, 'http://ouo5ro5lf.bkt.clouddn.com', 'zkf-load');
INSERT INTO `sys_album_picture` VALUES (282, 0, 30, 0, 'TIM图片201709121510241505272957', 'TIM图片20170912151024', 'upload/goods/20170913/fbd53f718ffd74248e6a5377bb1bfe52.png', '60,61', '60,61', 'upload/goods/20170913/209c51c09f98cba034b9748356db723d1.png', '700,700', '700,700', 'upload/goods/20170913/209c51c09f98cba034b9748356db723d2.png', '360,360', '360,360', 'upload/goods/20170913/209c51c09f98cba034b9748356db723d3.png', '240,240', '240,240', 'upload/goods/20170913/209c51c09f98cba034b9748356db723d4.png', '60,60', '60,60', 1505272957, 1, '', '');
INSERT INTO `sys_album_picture` VALUES (283, 0, 30, 0, 'logo1505455890', 'logo', 'upload/goods/20170915/153ba8a6ecb184273d3796eaf1480294.png', '240,70', '240,70', 'upload/goods/20170915/9d7cab7322c7bdf6be2b661acd545bf61.png', '700,700', '700,700', 'upload/goods/20170915/9d7cab7322c7bdf6be2b661acd545bf62.png', '360,360', '360,360', 'upload/goods/20170915/9d7cab7322c7bdf6be2b661acd545bf63.png', '240,240', '240,240', 'upload/goods/20170915/9d7cab7322c7bdf6be2b661acd545bf64.png', '60,60', '60,60', 1505455890, 1, '', '');
INSERT INTO `sys_album_picture` VALUES (284, 0, 30, 0, 'QQ截图201709142000011505455890', 'QQ截图20170914200001', 'upload/goods/20170915/ffd87d02fe6e639057cecfc22efe409e.png', '1238,678', '1238,678', 'upload/goods/20170915/2d4bcb1cf7caff0bf502c14fe934fbe81.png', '700,700', '700,700', 'upload/goods/20170915/2d4bcb1cf7caff0bf502c14fe934fbe82.png', '360,360', '360,360', 'upload/goods/20170915/2d4bcb1cf7caff0bf502c14fe934fbe83.png', '240,240', '240,240', 'upload/goods/20170915/2d4bcb1cf7caff0bf502c14fe934fbe84.png', '60,60', '60,60', 1505455891, 1, '', '');
INSERT INTO `sys_album_picture` VALUES (285, 0, 30, 0, '15041833921505455891', '1504183392', 'upload/goods/20170915/c32f869d7e869daa088e574687544590.png', '750,310', '750,310', 'upload/goods/20170915/5eed6a26519cb7f990050ec6c76032c11.png', '700,700', '700,700', 'upload/goods/20170915/5eed6a26519cb7f990050ec6c76032c12.png', '360,360', '360,360', 'upload/goods/20170915/5eed6a26519cb7f990050ec6c76032c13.png', '240,240', '240,240', 'upload/goods/20170915/5eed6a26519cb7f990050ec6c76032c14.png', '60,60', '60,60', 1505455894, 1, '', '');
INSERT INTO `sys_album_picture` VALUES (286, 0, 30, 0, '15052648351505455894', '1505264835', 'upload/goods/20170915/f2595aa8a62055811d63c0c2bcf3a5ab.jpg', '900,500', '900,500', 'upload/goods/20170915/06c83c6a4350a57562d3bebedf143a7e1.jpg', '700,700', '700,700', 'upload/goods/20170915/06c83c6a4350a57562d3bebedf143a7e2.jpg', '360,360', '360,360', 'upload/goods/20170915/06c83c6a4350a57562d3bebedf143a7e3.jpg', '240,240', '240,240', 'upload/goods/20170915/06c83c6a4350a57562d3bebedf143a7e4.jpg', '60,60', '60,60', 1505455894, 1, '', '');
INSERT INTO `sys_album_picture` VALUES (287, 0, 30, 0, 'QQ截图201709121800431505455894', 'QQ截图20170912180043', 'upload/goods/20170915/787b98fba3d3584171e5c7768119e1a0.png', '1462,583', '1462,583', 'upload/goods/20170915/681de1bf611710541830571497a71e301.png', '700,700', '700,700', 'upload/goods/20170915/681de1bf611710541830571497a71e302.png', '360,360', '360,360', 'upload/goods/20170915/681de1bf611710541830571497a71e303.png', '240,240', '240,240', 'upload/goods/20170915/681de1bf611710541830571497a71e304.png', '60,60', '60,60', 1505455896, 1, '', '');
INSERT INTO `sys_album_picture` VALUES (288, 0, 30, 0, '15041833691505455896', '1504183369', 'upload/goods/20170915/7a9c2a0845388b3c652179a62b8d13fe.png', '750,310', '750,310', 'upload/goods/20170915/32792c595d3b62efd89ec7913c6742df1.png', '700,700', '700,700', 'upload/goods/20170915/32792c595d3b62efd89ec7913c6742df2.png', '360,360', '360,360', 'upload/goods/20170915/32792c595d3b62efd89ec7913c6742df3.png', '240,240', '240,240', 'upload/goods/20170915/32792c595d3b62efd89ec7913c6742df4.png', '60,60', '60,60', 1505455898, 1, '', '');
INSERT INTO `sys_album_picture` VALUES (289, 0, 30, 0, 'QQ图片201709111504281505455898', 'QQ图片20170911150428', 'upload/goods/20170915/8094f0a1f7fc0a05cc2e944fc927bb3c.jpg', '1854,620', '1854,620', 'upload/goods/20170915/a498f65ad7106feb88abc8b424fcb7771.jpg', '700,700', '700,700', 'upload/goods/20170915/a498f65ad7106feb88abc8b424fcb7772.jpg', '360,360', '360,360', 'upload/goods/20170915/a498f65ad7106feb88abc8b424fcb7773.jpg', '240,240', '240,240', 'upload/goods/20170915/a498f65ad7106feb88abc8b424fcb7774.jpg', '60,60', '60,60', 1505455898, 1, '', '');
INSERT INTO `sys_album_picture` VALUES (290, 0, 30, 0, 'QQ截图201709111450471505455898', 'QQ截图20170911145047', 'upload/goods/20170915/ebcf77be1192de6959034e98a47e4732.png', '569,303', '569,303', 'upload/goods/20170915/8d8e9a5a16b01854bba6cb675eb6fa351.png', '700,700', '700,700', 'upload/goods/20170915/8d8e9a5a16b01854bba6cb675eb6fa352.png', '360,360', '360,360', 'upload/goods/20170915/8d8e9a5a16b01854bba6cb675eb6fa353.png', '240,240', '240,240', 'upload/goods/20170915/8d8e9a5a16b01854bba6cb675eb6fa354.png', '60,60', '60,60', 1505455900, 1, '', '');
INSERT INTO `sys_album_picture` VALUES (291, 0, 30, 0, '15041833691505555432', '1504183369', 'upload/goods/20170916/e9fd09a77b957cec5296af011115d314.png', '750,310', '750,310', 'upload/goods/20170916/17c00f963adabf8b5f3c6cbbf0885cc71.png', '700,700', '700,700', 'upload/goods/20170916/17c00f963adabf8b5f3c6cbbf0885cc72.png', '360,360', '360,360', 'upload/goods/20170916/17c00f963adabf8b5f3c6cbbf0885cc73.png', '240,240', '240,240', 'upload/goods/20170916/17c00f963adabf8b5f3c6cbbf0885cc74.png', '60,60', '60,60', 1505555434, 1, '', '');
INSERT INTO `sys_album_picture` VALUES (292, 0, 30, 0, 'logo1505555595', 'logo', 'upload/goods/20170916/928b8e8fed761169805494f9fc043c70.png', '240,70', '240,70', 'upload/goods/20170916/118e8781711426b645314c10f7acb9b51.png', '700,700', '700,700', 'upload/goods/20170916/118e8781711426b645314c10f7acb9b52.png', '360,360', '360,360', 'upload/goods/20170916/118e8781711426b645314c10f7acb9b53.png', '240,240', '240,240', 'upload/goods/20170916/118e8781711426b645314c10f7acb9b54.png', '60,60', '60,60', 1505555596, 1, '', '');
INSERT INTO `sys_album_picture` VALUES (293, 0, 30, 0, '15052648351505555596', '1505264835', 'upload/goods/20170916/b270120e959cd91365bf6e1cced55f0b.jpg', '900,500', '900,500', 'upload/goods/20170916/02ecbe598bf55b714aeee0c01fcd11ae1.jpg', '700,700', '700,700', 'upload/goods/20170916/02ecbe598bf55b714aeee0c01fcd11ae2.jpg', '360,360', '360,360', 'upload/goods/20170916/02ecbe598bf55b714aeee0c01fcd11ae3.jpg', '240,240', '240,240', 'upload/goods/20170916/02ecbe598bf55b714aeee0c01fcd11ae4.jpg', '60,60', '60,60', 1505555596, 1, '', '');
INSERT INTO `sys_album_picture` VALUES (294, 0, 30, 0, '15041833691505555596', '1504183369', 'upload/goods/20170916/60d34af87f5bdbb35f7cafa66e6cab21.png', '750,310', '750,310', 'upload/goods/20170916/7bbf13220e65a36277ff65a7c2c42f9a1.png', '700,700', '700,700', 'upload/goods/20170916/7bbf13220e65a36277ff65a7c2c42f9a2.png', '360,360', '360,360', 'upload/goods/20170916/7bbf13220e65a36277ff65a7c2c42f9a3.png', '240,240', '240,240', 'upload/goods/20170916/7bbf13220e65a36277ff65a7c2c42f9a4.png', '60,60', '60,60', 1505555598, 1, '', '');
INSERT INTO `sys_album_picture` VALUES (295, 0, 30, 0, '15041833921505555598', '1504183392', 'upload/goods/20170916/05a4b90fe9ef7ae064ea28dc1dea7252.png', '750,310', '750,310', 'upload/goods/20170916/064fa4eebac00745d9ec03d3a799f9361.png', '700,700', '700,700', 'upload/goods/20170916/064fa4eebac00745d9ec03d3a799f9362.png', '360,360', '360,360', 'upload/goods/20170916/064fa4eebac00745d9ec03d3a799f9363.png', '240,240', '240,240', 'upload/goods/20170916/064fa4eebac00745d9ec03d3a799f9364.png', '60,60', '60,60', 1505555601, 1, '', '');
INSERT INTO `sys_album_picture` VALUES (296, 0, 30, 0, 'merchandising_label1505704647', 'merchandising_label', 'upload/goods/20170918/b7b93de8317db74c8e1bcee9b8e4ac42.png', '60,61', '60,61', 'upload/goods/20170918/86615943ab85f9a34d0ec60514ee8ecb1.png', '700,700', '700,700', 'upload/goods/20170918/86615943ab85f9a34d0ec60514ee8ecb2.png', '360,360', '360,360', 'upload/goods/20170918/86615943ab85f9a34d0ec60514ee8ecb3.png', '240,240', '240,240', 'upload/goods/20170918/86615943ab85f9a34d0ec60514ee8ecb4.png', '60,60', '60,60', 1505704647, 1, '', '');
INSERT INTO `sys_album_picture` VALUES (297, 0, 30, 0, 'RP14JCD%Y%6FYQOANPJJAPV1505801390', 'RP14JCD%Y%6FYQOANPJJAPV', 'upload/goods/20170919/6a88bf5dfdfa61be40f89800d37fff52.png', '1328,639', '1328,639', 'upload/goods/20170919/400096707eac8755fa7bf43e17063e271.png', '700,700', '700,700', 'upload/goods/20170919/400096707eac8755fa7bf43e17063e272.png', '360,360', '360,360', 'upload/goods/20170919/400096707eac8755fa7bf43e17063e273.png', '240,240', '240,240', 'upload/goods/20170919/400096707eac8755fa7bf43e17063e274.png', '60,60', '60,60', 1505801391, 1, '', '');
INSERT INTO `sys_album_picture` VALUES (298, 0, 30, 0, 'RP14JCD%Y%6FYQOANPJJAPV1505804582', 'RP14JCD%Y%6FYQOANPJJAPV', 'upload/goods/20170919/499b3a80ad96f376e888d741c7b9dad0.png', '1328,639', '1328,639', 'upload/goods/20170919/f133057d4b90322ff6eee0a3634107b21.png', '700,700', '700,700', 'upload/goods/20170919/f133057d4b90322ff6eee0a3634107b22.png', '360,360', '360,360', 'upload/goods/20170919/f133057d4b90322ff6eee0a3634107b23.png', '240,240', '240,240', 'upload/goods/20170919/f133057d4b90322ff6eee0a3634107b24.png', '60,60', '60,60', 1505804583, 1, '', '');
INSERT INTO `sys_album_picture` VALUES (299, 0, 30, 0, '51505804633', '5', 'upload/goods/20170919/89be0b67646a13a35bb76bc9a8eb37b1.jpg', '150,150', '150,150', 'upload/goods/20170919/f44f1b8f1e99a7a81dd44d3adba766a01.jpg', '700,700', '700,700', 'upload/goods/20170919/f44f1b8f1e99a7a81dd44d3adba766a02.jpg', '360,360', '360,360', 'upload/goods/20170919/f44f1b8f1e99a7a81dd44d3adba766a03.jpg', '240,240', '240,240', 'upload/goods/20170919/f44f1b8f1e99a7a81dd44d3adba766a04.jpg', '60,60', '60,60', 1505804633, 1, '', '');
INSERT INTO `sys_album_picture` VALUES (300, 0, 30, 0, '41505804638', '4', 'upload/goods/20170919/43c2d69295e942e4c2627d72f3176f99.jpg', '135,135', '135,135', 'upload/goods/20170919/3959a94cbf910de489dbf470cebb9fe51.jpg', '700,700', '700,700', 'upload/goods/20170919/3959a94cbf910de489dbf470cebb9fe52.jpg', '360,360', '360,360', 'upload/goods/20170919/3959a94cbf910de489dbf470cebb9fe53.jpg', '240,240', '240,240', 'upload/goods/20170919/3959a94cbf910de489dbf470cebb9fe54.jpg', '60,60', '60,60', 1505804639, 1, '', '');
INSERT INTO `sys_album_picture` VALUES (301, 0, 30, 0, '61505804643', '6', 'upload/goods/20170919/604ecea56f60170d8b3bcc5e9e082401.jpg', '150,150', '150,150', 'upload/goods/20170919/0e1caa1e8b870da62e1fb5063df912e91.jpg', '700,700', '700,700', 'upload/goods/20170919/0e1caa1e8b870da62e1fb5063df912e92.jpg', '360,360', '360,360', 'upload/goods/20170919/0e1caa1e8b870da62e1fb5063df912e93.jpg', '240,240', '240,240', 'upload/goods/20170919/0e1caa1e8b870da62e1fb5063df912e94.jpg', '60,60', '60,60', 1505804644, 1, '', '');
INSERT INTO `sys_album_picture` VALUES (302, 0, 30, 0, 'QQ截图201709161804481505805037', 'QQ截图20170916180448', 'upload/goods/20170919/247156d1a1035b9559a3d3d048b74cda.png', '1043,715', '1043,715', 'upload/goods/20170919/8c025aa9b4094de142438b2f11ef316c1.png', '700,700', '700,700', 'upload/goods/20170919/8c025aa9b4094de142438b2f11ef316c2.png', '360,360', '360,360', 'upload/goods/20170919/8c025aa9b4094de142438b2f11ef316c3.png', '240,240', '240,240', 'upload/goods/20170919/8c025aa9b4094de142438b2f11ef316c4.png', '60,60', '60,60', 1505805038, 1, '', '');
INSERT INTO `sys_album_picture` VALUES (303, 0, 30, 0, '15041833921505805043', '1504183392', 'upload/goods/20170919/27e7f25a84c167e84a5b8be7e01953d3.png', '750,310', '750,310', 'upload/goods/20170919/01b2272e958d41cfd2ec6cce1dd4c54b1.png', '700,700', '700,700', 'upload/goods/20170919/01b2272e958d41cfd2ec6cce1dd4c54b2.png', '360,360', '360,360', 'upload/goods/20170919/01b2272e958d41cfd2ec6cce1dd4c54b3.png', '240,240', '240,240', 'upload/goods/20170919/01b2272e958d41cfd2ec6cce1dd4c54b4.png', '60,60', '60,60', 1505805045, 1, '', '');
INSERT INTO `sys_album_picture` VALUES (304, 0, 30, 0, 'logo1505806182', 'logo', 'upload/goods/20170919/0a23ff881861b8fe72848b65388e4039.png', '240,70', '240,70', 'upload/goods/20170919/c50bb1b3968ad7dc57647a1a4e089da71.png', '700,700', '700,700', 'upload/goods/20170919/c50bb1b3968ad7dc57647a1a4e089da72.png', '360,360', '360,360', 'upload/goods/20170919/c50bb1b3968ad7dc57647a1a4e089da73.png', '240,240', '240,240', 'upload/goods/20170919/c50bb1b3968ad7dc57647a1a4e089da74.png', '60,60', '60,60', 1505806183, 1, '', '');
INSERT INTO `sys_album_picture` VALUES (305, 0, 30, 0, 'QQ图片20170927145817 - 副本1506561751', 'QQ图片20170927145817 - 副本', 'upload/goods/20170928/894a182bdc8d2c1ffc7f229cfe5e919a.jpg', '59,58', '59,58', 'upload/goods/20170928/e9303ef14810a809f97b355a4665005a1.jpg', '700,700', '700,700', 'upload/goods/20170928/e9303ef14810a809f97b355a4665005a2.jpg', '360,360', '360,360', 'upload/goods/20170928/e9303ef14810a809f97b355a4665005a3.jpg', '240,240', '240,240', 'upload/goods/20170928/e9303ef14810a809f97b355a4665005a4.jpg', '60,60', '60,60', 1506561751, 1, '', '');
INSERT INTO `sys_album_picture` VALUES (306, 0, 30, 0, 'QQ截图201709271908151506561788', 'QQ截图20170927190815', 'upload/goods/20170928/f493b0f920d7e1c7b7aaf0f06fb32ed2.png', '815,527', '815,527', 'upload/goods/20170928/b9dac1bff535cd095dadba5c30fd68cd1.png', '700,700', '700,700', 'upload/goods/20170928/b9dac1bff535cd095dadba5c30fd68cd2.png', '360,360', '360,360', 'upload/goods/20170928/b9dac1bff535cd095dadba5c30fd68cd3.png', '240,240', '240,240', 'upload/goods/20170928/b9dac1bff535cd095dadba5c30fd68cd4.png', '60,60', '60,60', 1506561789, 1, '', '');
INSERT INTO `sys_album_picture` VALUES (307, 0, 30, 0, 'QQ截图20170927190815 - 副本1506561789', 'QQ截图20170927190815 - 副本', 'upload/goods/20170928/6edb80959a7ffb52f856aa382624a39f.png', '815,527', '815,527', 'upload/goods/20170928/54c38485dfe74505a0d71903e166d60f1.png', '700,700', '700,700', 'upload/goods/20170928/54c38485dfe74505a0d71903e166d60f2.png', '360,360', '360,360', 'upload/goods/20170928/54c38485dfe74505a0d71903e166d60f3.png', '240,240', '240,240', 'upload/goods/20170928/54c38485dfe74505a0d71903e166d60f4.png', '60,60', '60,60', 1506561791, 1, '', '');
INSERT INTO `sys_album_picture` VALUES (308, 0, 30, 0, 'QQ图片20170927145817 - 副本1506561791', 'QQ图片20170927145817 - 副本', 'upload/goods/20170928/a59fdcab5b99ca060c15ff140d8ab0a5.jpg', '59,58', '59,58', 'upload/goods/20170928/eba33ce0deb070b41b200480229db0661.jpg', '700,700', '700,700', 'upload/goods/20170928/eba33ce0deb070b41b200480229db0662.jpg', '360,360', '360,360', 'upload/goods/20170928/eba33ce0deb070b41b200480229db0663.jpg', '240,240', '240,240', 'upload/goods/20170928/eba33ce0deb070b41b200480229db0664.jpg', '60,60', '60,60', 1506561791, 1, '', '');
INSERT INTO `sys_album_picture` VALUES (309, 0, 30, 0, 'QQ图片201709271458171506561791', 'QQ图片20170927145817', 'upload/goods/20170928/efb83c29cda08ed030cb3feeced10edf.jpg', '59,58', '59,58', 'upload/goods/20170928/9cbcb4541fe66361852d6319755a6da41.jpg', '700,700', '700,700', 'upload/goods/20170928/9cbcb4541fe66361852d6319755a6da42.jpg', '360,360', '360,360', 'upload/goods/20170928/9cbcb4541fe66361852d6319755a6da43.jpg', '240,240', '240,240', 'upload/goods/20170928/9cbcb4541fe66361852d6319755a6da44.jpg', '60,60', '60,60', 1506561791, 1, '', '');
INSERT INTO `sys_album_picture` VALUES (310, 0, 30, 0, 'QQ截图20170927144705 - 副本1506561791', 'QQ截图20170927144705 - 副本', 'upload/goods/20170928/79119f7288750db1bf5d77a752e53b02.png', '853,183', '853,183', 'upload/goods/20170928/06deedf772bea69acc4f179804943c7d1.png', '700,700', '700,700', 'upload/goods/20170928/06deedf772bea69acc4f179804943c7d2.png', '360,360', '360,360', 'upload/goods/20170928/06deedf772bea69acc4f179804943c7d3.png', '240,240', '240,240', 'upload/goods/20170928/06deedf772bea69acc4f179804943c7d4.png', '60,60', '60,60', 1506561792, 1, '', '');
INSERT INTO `sys_album_picture` VALUES (311, 0, 30, 0, 'QQ截图201709271447051506561792', 'QQ截图20170927144705', 'upload/goods/20170928/ecf56881669fe1ab5e62ca99f7e0512e.png', '853,183', '853,183', 'upload/goods/20170928/763292e2fd1c9e46cbfb90130de1e5021.png', '700,700', '700,700', 'upload/goods/20170928/763292e2fd1c9e46cbfb90130de1e5022.png', '360,360', '360,360', 'upload/goods/20170928/763292e2fd1c9e46cbfb90130de1e5023.png', '240,240', '240,240', 'upload/goods/20170928/763292e2fd1c9e46cbfb90130de1e5024.png', '60,60', '60,60', 1506561792, 1, '', '');
INSERT INTO `sys_album_picture` VALUES (312, 0, 30, 0, '15058970211506561792', '1505897021', 'upload/goods/20170928/044c1079ac7e09b7198da2cced12c00d.png', '1836,536', '1836,536', 'upload/goods/20170928/62d0399aadfef9b09eed4773ce03709f1.png', '700,700', '700,700', 'upload/goods/20170928/62d0399aadfef9b09eed4773ce03709f2.png', '360,360', '360,360', 'upload/goods/20170928/62d0399aadfef9b09eed4773ce03709f3.png', '240,240', '240,240', 'upload/goods/20170928/62d0399aadfef9b09eed4773ce03709f4.png', '60,60', '60,60', 1506561793, 1, '', '');
INSERT INTO `sys_album_picture` VALUES (313, 0, 30, 0, 'QQ截图201709201538331506561793', 'QQ截图20170920153833', 'upload/goods/20170928/cba6afb66706bfeb0594c3303d03f2c2.png', '764,482', '764,482', 'upload/goods/20170928/7d95358c992584d4e2fb3fd63c94e56f1.png', '700,700', '700,700', 'upload/goods/20170928/7d95358c992584d4e2fb3fd63c94e56f2.png', '360,360', '360,360', 'upload/goods/20170928/7d95358c992584d4e2fb3fd63c94e56f3.png', '240,240', '240,240', 'upload/goods/20170928/7d95358c992584d4e2fb3fd63c94e56f4.png', '60,60', '60,60', 1506561794, 1, '', '');
INSERT INTO `sys_album_picture` VALUES (314, 0, 30, 0, 'QQ截图201709191922511506561794', 'QQ截图20170919192251', 'upload/goods/20170928/2d60bfff4187d6d20bc630f434a7efb8.png', '691,500', '691,500', 'upload/goods/20170928/0e327c295ffe81f602b1309636ebe7511.png', '700,700', '700,700', 'upload/goods/20170928/0e327c295ffe81f602b1309636ebe7512.png', '360,360', '360,360', 'upload/goods/20170928/0e327c295ffe81f602b1309636ebe7513.png', '240,240', '240,240', 'upload/goods/20170928/0e327c295ffe81f602b1309636ebe7514.png', '60,60', '60,60', 1506561794, 1, '', '');
INSERT INTO `sys_album_picture` VALUES (315, 0, 30, 0, '15058970211506561880', '1505897021', 'upload/goods/20170928/db57aa764c052abbf36cfa2c085146b8.png', '1836,536', '1836,536', 'upload/goods/20170928/1f3faa336f6b4658ea15b7f957240d351.png', '700,700', '700,700', 'upload/goods/20170928/1f3faa336f6b4658ea15b7f957240d352.png', '360,360', '360,360', 'upload/goods/20170928/1f3faa336f6b4658ea15b7f957240d353.png', '240,240', '240,240', 'upload/goods/20170928/1f3faa336f6b4658ea15b7f957240d354.png', '60,60', '60,60', 1506561881, 1, '', '');
INSERT INTO `sys_album_picture` VALUES (316, 0, 30, 0, 'QQ图片20170927145817 - 副本1506561972', 'QQ图片20170927145817 - 副本', 'upload/goods/20170928/c0f3acbed00629eb601d7d7140e67f3c.jpg', '59,58', '59,58', 'upload/goods/20170928/1ba8157cec18de287b44802e2eebbda71.jpg', '700,700', '700,700', 'upload/goods/20170928/1ba8157cec18de287b44802e2eebbda72.jpg', '360,360', '360,360', 'upload/goods/20170928/1ba8157cec18de287b44802e2eebbda73.jpg', '240,240', '240,240', 'upload/goods/20170928/1ba8157cec18de287b44802e2eebbda74.jpg', '60,60', '60,60', 1506561972, 1, '', '');
INSERT INTO `sys_album_picture` VALUES (317, 0, 30, 0, 'QQ截图20170927190815 - 副本1506562885', 'QQ截图20170927190815 - 副本', 'upload/goods/20170928/4b907238a7eb8188c23cdad9d2877d07.png', '815,527', '815,527', 'upload/goods/20170928/5b2fbd23994c10efbbdb21c400d9e2b51.png', '700,700', '700,700', 'upload/goods/20170928/5b2fbd23994c10efbbdb21c400d9e2b52.png', '360,360', '360,360', 'upload/goods/20170928/5b2fbd23994c10efbbdb21c400d9e2b53.png', '240,240', '240,240', 'upload/goods/20170928/5b2fbd23994c10efbbdb21c400d9e2b54.png', '60,60', '60,60', 1506562886, 1, '', '');
INSERT INTO `sys_album_picture` VALUES (318, 0, 30, 0, 'QQ图片20170927145817 - 副本1506563326', 'QQ图片20170927145817 - 副本', 'upload/goods/20170928/b51da4d87999df764bb99aecaad3cb24.jpg', '59,58', '59,58', 'upload/goods/20170928/221178d6e41edba86331199f9afbd2d01.jpg', '700,700', '700,700', 'upload/goods/20170928/221178d6e41edba86331199f9afbd2d02.jpg', '360,360', '360,360', 'upload/goods/20170928/221178d6e41edba86331199f9afbd2d03.jpg', '240,240', '240,240', 'upload/goods/20170928/221178d6e41edba86331199f9afbd2d04.jpg', '60,60', '60,60', 1506563326, 1, '', '');
INSERT INTO `sys_album_picture` VALUES (319, 0, 30, 0, 'shouqing1506563445', 'shouqing', 'upload/goods/20170928/4885a5a9c9581323b3bbfec3da9ad9ab.png', '95,95', '95,95', 'upload/goods/20170928/bb8b38de1973c544d31d4320fbdc8fb81.png', '700,700', '700,700', 'upload/goods/20170928/bb8b38de1973c544d31d4320fbdc8fb82.png', '360,360', '360,360', 'upload/goods/20170928/bb8b38de1973c544d31d4320fbdc8fb83.png', '240,240', '240,240', 'upload/goods/20170928/bb8b38de1973c544d31d4320fbdc8fb84.png', '60,60', '60,60', 1506563445, 1, '', '');
INSERT INTO `sys_album_picture` VALUES (320, 0, 30, 0, 'timg1506566944', 'timg', 'upload/goods/20170928/2df7fb1134ca8b470ad0d5cb187e4e41.jpg', '8000,8000', '8000,8000', 'upload/goods/20170928/c0ebfca580ca79a63a23cb2f88d10d0e1.jpg', '700,700', '700,700', 'upload/goods/20170928/c0ebfca580ca79a63a23cb2f88d10d0e2.jpg', '360,360', '360,360', 'upload/goods/20170928/c0ebfca580ca79a63a23cb2f88d10d0e3.jpg', '240,240', '240,240', 'upload/goods/20170928/c0ebfca580ca79a63a23cb2f88d10d0e4.jpg', '60,60', '60,60', 1506566947, 1, '', '');
INSERT INTO `sys_album_picture` VALUES (321, 0, 30, 0, 'QM1YQV3O@]H3TKMFSZ8(CJ81506596116', 'QM1YQV3O@]H3TKMFSZ8(CJ8', 'upload/goods/20170928/40ab4578d7a88e1fa2adcd5df1168948.jpg', '960,1280', '960,1280', 'upload/goods/20170928/65ed12f20ec6c0d851218ea159f73f5d1.jpg', '700,700', '700,700', 'upload/goods/20170928/65ed12f20ec6c0d851218ea159f73f5d2.jpg', '360,360', '360,360', 'upload/goods/20170928/65ed12f20ec6c0d851218ea159f73f5d3.jpg', '240,240', '240,240', 'upload/goods/20170928/65ed12f20ec6c0d851218ea159f73f5d4.jpg', '60,60', '60,60', 1506596116, 1, '', '');
INSERT INTO `sys_album_picture` VALUES (322, 0, 30, 0, '图层-371506596125', '图层-37', 'upload/goods/20170928/e586f3c453543805a4c675e2ac4beb3b.png', '246,330', '246,330', 'upload/goods/20170928/aa02e0062b93c5691605c37aa857b98f1.png', '700,700', '700,700', 'upload/goods/20170928/aa02e0062b93c5691605c37aa857b98f2.png', '360,360', '360,360', 'upload/goods/20170928/aa02e0062b93c5691605c37aa857b98f3.png', '240,240', '240,240', 'upload/goods/20170928/aa02e0062b93c5691605c37aa857b98f4.png', '60,60', '60,60', 1506596127, 1, '', '');
INSERT INTO `sys_album_picture` VALUES (323, 0, 30, 0, '图层-621506596127', '图层-62', 'upload/goods/20170928/bad889376fc3e7bc66805a6bed185975.png', '246,330', '246,330', 'upload/goods/20170928/7b343a705c881027a4acefa8e791eae11.png', '700,700', '700,700', 'upload/goods/20170928/7b343a705c881027a4acefa8e791eae12.png', '360,360', '360,360', 'upload/goods/20170928/7b343a705c881027a4acefa8e791eae13.png', '240,240', '240,240', 'upload/goods/20170928/7b343a705c881027a4acefa8e791eae14.png', '60,60', '60,60', 1506596130, 1, '', '');
INSERT INTO `sys_album_picture` VALUES (324, 0, 30, 0, 'QM1YQV3O@]H3TKMFSZ8(CJ81506596303', 'QM1YQV3O@]H3TKMFSZ8(CJ8', 'upload/goods/20170928/14698127695377641a40f23e7fb6c10c.jpg', '960,1280', '960,1280', 'upload/goods/20170928/dc0550ee78db1a74b477fa79089d9e871.jpg', '700,700', '700,700', 'upload/goods/20170928/dc0550ee78db1a74b477fa79089d9e872.jpg', '360,360', '360,360', 'upload/goods/20170928/dc0550ee78db1a74b477fa79089d9e873.jpg', '240,240', '240,240', 'upload/goods/20170928/dc0550ee78db1a74b477fa79089d9e874.jpg', '60,60', '60,60', 1506596304, 1, '', '');
INSERT INTO `sys_album_picture` VALUES (325, 0, 30, 0, '图层-621506596585', '图层-62', 'upload/goods/20170928/f6c58567a31819c3c1e04c012fd2394b.png', '246,330', '246,330', 'upload/goods/20170928/e19f2011e9b0badf9f385a04f7a545f01.png', '700,700', '700,700', 'upload/goods/20170928/e19f2011e9b0badf9f385a04f7a545f02.png', '360,360', '360,360', 'upload/goods/20170928/e19f2011e9b0badf9f385a04f7a545f03.png', '240,240', '240,240', 'upload/goods/20170928/e19f2011e9b0badf9f385a04f7a545f04.png', '60,60', '60,60', 1506596587, 1, '', '');
INSERT INTO `sys_album_picture` VALUES (326, 0, 30, 0, '图层-621506596847', '图层-62', 'upload/goods/20170928/f94f35cc30e6e2057960007976ad5b7b.png', '246,330', '246,330', 'upload/goods/20170928/6044db9095662bd753a2ed9334bde6101.png', '700,700', '700,700', 'upload/goods/20170928/6044db9095662bd753a2ed9334bde6102.png', '360,360', '360,360', 'upload/goods/20170928/6044db9095662bd753a2ed9334bde6103.png', '240,240', '240,240', 'upload/goods/20170928/6044db9095662bd753a2ed9334bde6104.png', '60,60', '60,60', 1506596847, 1, '', '');
INSERT INTO `sys_album_picture` VALUES (327, 0, 30, 0, 'shouqing1506647691', 'shouqing', 'upload/goods/20170929/372fae4758b222c97f80cfb82f87974c.png', '95,95', '95,95', 'upload/goods/20170929/fa92a407944b4962aafa8189036c73721.png', '700,700', '700,700', 'upload/goods/20170929/fa92a407944b4962aafa8189036c73722.png', '360,360', '360,360', 'upload/goods/20170929/fa92a407944b4962aafa8189036c73723.png', '240,240', '240,240', 'upload/goods/20170929/fa92a407944b4962aafa8189036c73724.png', '60,60', '60,60', 1506647691, 1, '', '');
INSERT INTO `sys_album_picture` VALUES (328, 0, 30, 0, 'shouqing1506648777', 'shouqing', 'upload/goods/20170929/87a09d9fcf4cc8d073e5ea432c66b80a.png', '95,95', '95,95', 'upload/goods/20170929/b740a954ed4c5e17573fe3ef4ace10131.png', '700,700', '700,700', 'upload/goods/20170929/b740a954ed4c5e17573fe3ef4ace10132.png', '360,360', '360,360', 'upload/goods/20170929/b740a954ed4c5e17573fe3ef4ace10133.png', '240,240', '240,240', 'upload/goods/20170929/b740a954ed4c5e17573fe3ef4ace10134.png', '60,60', '60,60', 1506648777, 1, '', '');
INSERT INTO `sys_album_picture` VALUES (329, 0, 30, 0, '22733065_150621981000_21506654239', '22733065_150621981000_2', 'upload/goods/20170929/b995676cbc8151c10875a892659723af.jpg', '662,1024', '662,1024', 'upload/goods/20170929/95f8ff6d4beb702aa005e49420405f451.jpg', '700,700', '700,700', 'upload/goods/20170929/95f8ff6d4beb702aa005e49420405f452.jpg', '360,360', '360,360', 'upload/goods/20170929/95f8ff6d4beb702aa005e49420405f453.jpg', '240,240', '240,240', 'upload/goods/20170929/95f8ff6d4beb702aa005e49420405f454.jpg', '60,60', '60,60', 1506654240, 1, '', '');
INSERT INTO `sys_album_picture` VALUES (330, 0, 30, 0, 'shouyelogo1506654281', 'shouyelogo', 'upload/goods/20170929/6f64c8fb33dc38694b5bd94d6ebe8053.png', '165,22', '165,22', 'upload/goods/20170929/ab826e7e6eddb6562565f66ffc65f1931.png', '700,700', '700,700', 'upload/goods/20170929/ab826e7e6eddb6562565f66ffc65f1932.png', '360,360', '360,360', 'upload/goods/20170929/ab826e7e6eddb6562565f66ffc65f1933.png', '240,240', '240,240', 'upload/goods/20170929/ab826e7e6eddb6562565f66ffc65f1934.png', '60,60', '60,60', 1506654282, 1, '', '');
INSERT INTO `sys_album_picture` VALUES (331, 0, 30, 0, 'shouyelogo1506654325', 'shouyelogo', 'upload/goods/20170929/d9c2d8bf80647ffb89394d5c9221836d.png', '165,22', '165,22', 'upload/goods/20170929/0ff54900d71bfe8687d3944fbd6fb7941.png', '700,700', '700,700', 'upload/goods/20170929/0ff54900d71bfe8687d3944fbd6fb7942.png', '360,360', '360,360', 'upload/goods/20170929/0ff54900d71bfe8687d3944fbd6fb7943.png', '240,240', '240,240', 'upload/goods/20170929/0ff54900d71bfe8687d3944fbd6fb7944.png', '60,60', '60,60', 1506654325, 1, '', '');
INSERT INTO `sys_album_picture` VALUES (332, 0, 30, 0, 'shouyelogo1506654393', 'shouyelogo', 'upload/goods/20170929/a069afa6ef57a1ac114592101c174681.png', '165,22', '165,22', 'upload/goods/20170929/95d3ec5d348aca2e7fb8a04af5d11da11.png', '700,700', '700,700', 'upload/goods/20170929/95d3ec5d348aca2e7fb8a04af5d11da12.png', '360,360', '360,360', 'upload/goods/20170929/95d3ec5d348aca2e7fb8a04af5d11da13.png', '240,240', '240,240', 'upload/goods/20170929/95d3ec5d348aca2e7fb8a04af5d11da14.png', '60,60', '60,60', 1506654393, 1, '', '');
INSERT INTO `sys_album_picture` VALUES (333, 0, 30, 0, 'shouyelogo1506654445', 'shouyelogo', 'upload/goods/20170929/46d0e4be1aeb9bd39d2e94cff667d9eb.png', '165,22', '165,22', 'upload/goods/20170929/e121a77ce4283925b0ae796556a30e871.png', '700,700', '700,700', 'upload/goods/20170929/e121a77ce4283925b0ae796556a30e872.png', '360,360', '360,360', 'upload/goods/20170929/e121a77ce4283925b0ae796556a30e873.png', '240,240', '240,240', 'upload/goods/20170929/e121a77ce4283925b0ae796556a30e874.png', '60,60', '60,60', 1506654446, 1, '', '');
INSERT INTO `sys_album_picture` VALUES (334, 0, 30, 0, 'shouyelogo1506654561', 'shouyelogo', 'upload/goods/20170929/3aac235cadb7ae048eaa295bc8854e0c.png', '165,22', '165,22', 'upload/goods/20170929/bde0a767f6d12f4b3ef0d2fed0734e0c1.png', '700,700', '700,700', 'upload/goods/20170929/bde0a767f6d12f4b3ef0d2fed0734e0c2.png', '360,360', '360,360', 'upload/goods/20170929/bde0a767f6d12f4b3ef0d2fed0734e0c3.png', '240,240', '240,240', 'upload/goods/20170929/bde0a767f6d12f4b3ef0d2fed0734e0c4.png', '60,60', '60,60', 1506654562, 1, '', '');
INSERT INTO `sys_album_picture` VALUES (335, 0, 30, 0, 'shouyelogo1506654619', 'shouyelogo', 'upload/goods/20170929/073b023b789cf20a94076ecfba85428b.png', '165,22', '165,22', 'upload/goods/20170929/0a0d272a8ac091bb93e572ed3c587fb21.png', '700,700', '700,700', 'upload/goods/20170929/0a0d272a8ac091bb93e572ed3c587fb22.png', '360,360', '360,360', 'upload/goods/20170929/0a0d272a8ac091bb93e572ed3c587fb23.png', '240,240', '240,240', 'upload/goods/20170929/0a0d272a8ac091bb93e572ed3c587fb24.png', '60,60', '60,60', 1506654619, 1, '', '');
INSERT INTO `sys_album_picture` VALUES (336, 0, 30, 0, 'shouyelogo1506654720', 'shouyelogo', 'upload/goods/20170929/9cba210b14361ac0c5502dfb63b96bb8.png', '165,22', '165,22', 'upload/goods/20170929/f304cbc0e06cc5686d3f60d5a93d9d7a1.png', '700,700', '700,700', 'upload/goods/20170929/f304cbc0e06cc5686d3f60d5a93d9d7a2.png', '360,360', '360,360', 'upload/goods/20170929/f304cbc0e06cc5686d3f60d5a93d9d7a3.png', '240,240', '240,240', 'upload/goods/20170929/f304cbc0e06cc5686d3f60d5a93d9d7a4.png', '60,60', '60,60', 1506654720, 1, '', '');
INSERT INTO `sys_album_picture` VALUES (337, 0, 30, 0, '图层-621506654781', '图层-62', 'upload/goods/20170929/a74e1861c6e9e16fcdecfcf9733e7863.png', '246,330', '246,330', 'upload/goods/20170929/2cd83ff1feedae4591a3d036f6f5dbd41.png', '700,700', '700,700', 'upload/goods/20170929/2cd83ff1feedae4591a3d036f6f5dbd42.png', '360,360', '360,360', 'upload/goods/20170929/2cd83ff1feedae4591a3d036f6f5dbd43.png', '240,240', '240,240', 'upload/goods/20170929/2cd83ff1feedae4591a3d036f6f5dbd44.png', '60,60', '60,60', 1506654781, 1, '', '');
INSERT INTO `sys_album_picture` VALUES (338, 0, 30, 0, '图层-621506654834', '图层-62', 'upload/goods/20170929/41e8c81b546f25639638c1b52dbbbe8a.png', '246,330', '246,330', 'upload/goods/20170929/3bc439ead23634d3599563b1bcff40061.png', '700,700', '700,700', 'upload/goods/20170929/3bc439ead23634d3599563b1bcff40062.png', '360,360', '360,360', 'upload/goods/20170929/3bc439ead23634d3599563b1bcff40063.png', '240,240', '240,240', 'upload/goods/20170929/3bc439ead23634d3599563b1bcff40064.png', '60,60', '60,60', 1506654835, 1, '', '');
INSERT INTO `sys_album_picture` VALUES (339, 0, 30, 0, '对方水电费p1506655198', '对方水电费p', 'upload/goods/20170929/dc62fbb93699dfbe94c3ee2c33e4c18d.jpg', '280,50', '280,50', 'upload/goods/20170929/fa08e9fbe56ec0ffb980f238ffe73baf1.jpg', '700,700', '700,700', 'upload/goods/20170929/fa08e9fbe56ec0ffb980f238ffe73baf2.jpg', '360,360', '360,360', 'upload/goods/20170929/fa08e9fbe56ec0ffb980f238ffe73baf3.jpg', '240,240', '240,240', 'upload/goods/20170929/fa08e9fbe56ec0ffb980f238ffe73baf4.jpg', '60,60', '60,60', 1506655199, 1, '', '');
INSERT INTO `sys_album_picture` VALUES (340, 0, 30, 0, '对方水电费p1506655218', '对方水电费p', 'upload/goods/20170929/ca50630fd0bad7eb1358a380c5495f64.jpg', '280,50', '280,50', 'upload/goods/20170929/2c7f584262654e5f0a9411bb5ee690141.jpg', '700,700', '700,700', 'upload/goods/20170929/2c7f584262654e5f0a9411bb5ee690142.jpg', '360,360', '360,360', 'upload/goods/20170929/2c7f584262654e5f0a9411bb5ee690143.jpg', '240,240', '240,240', 'upload/goods/20170929/2c7f584262654e5f0a9411bb5ee690144.jpg', '60,60', '60,60', 1506655218, 1, '', '');
INSERT INTO `sys_album_picture` VALUES (341, 0, 30, 0, '对方水电费p1506655229', '对方水电费p', 'upload/goods/20170929/1b60e923d24a50658dde015a40ce8750.jpg', '280,50', '280,50', 'upload/goods/20170929/230d1d6f5f6f17bc1c011cd072477b4b1.jpg', '700,700', '700,700', 'upload/goods/20170929/230d1d6f5f6f17bc1c011cd072477b4b2.jpg', '360,360', '360,360', 'upload/goods/20170929/230d1d6f5f6f17bc1c011cd072477b4b3.jpg', '240,240', '240,240', 'upload/goods/20170929/230d1d6f5f6f17bc1c011cd072477b4b4.jpg', '60,60', '60,60', 1506655229, 1, '', '');
INSERT INTO `sys_album_picture` VALUES (342, 0, 30, 0, 'shouyelogo1506656522', 'shouyelogo', 'upload/goods/20170929/642a9c60b9553c9ececf6f87cea9fed0.png', '165,22', '165,22', 'upload/goods/20170929/639f3bf6df1424e65ad4fca17404ee751.png', '700,700', '700,700', 'upload/goods/20170929/639f3bf6df1424e65ad4fca17404ee752.png', '360,360', '360,360', 'upload/goods/20170929/639f3bf6df1424e65ad4fca17404ee753.png', '240,240', '240,240', 'upload/goods/20170929/639f3bf6df1424e65ad4fca17404ee754.png', '60,60', '60,60', 1506656522, 1, '', '');
INSERT INTO `sys_album_picture` VALUES (343, 0, 30, 0, 'shouqing1506656522', 'shouqing', 'upload/goods/20170929/43b997f8155880fd868dd8e1c8f5abb2.png', '95,95', '95,95', 'upload/goods/20170929/29d344978c5a9d06ffb44b17734a9d6f1.png', '700,700', '700,700', 'upload/goods/20170929/29d344978c5a9d06ffb44b17734a9d6f2.png', '360,360', '360,360', 'upload/goods/20170929/29d344978c5a9d06ffb44b17734a9d6f3.png', '240,240', '240,240', 'upload/goods/20170929/29d344978c5a9d06ffb44b17734a9d6f4.png', '60,60', '60,60', 1506656522, 1, '', '');
INSERT INTO `sys_album_picture` VALUES (344, 0, 30, 0, '对方水电费p1506656522', '对方水电费p', 'upload/goods/20170929/3e2fd17ac275370227bacca25085d1ba.jpg', '280,50', '280,50', 'upload/goods/20170929/1f21b391685191d8d9251b4288be057b1.jpg', '700,700', '700,700', 'upload/goods/20170929/1f21b391685191d8d9251b4288be057b2.jpg', '360,360', '360,360', 'upload/goods/20170929/1f21b391685191d8d9251b4288be057b3.jpg', '240,240', '240,240', 'upload/goods/20170929/1f21b391685191d8d9251b4288be057b4.jpg', '60,60', '60,60', 1506656522, 1, '', '');
INSERT INTO `sys_album_picture` VALUES (345, 0, 30, 0, 'logo1506657551', 'logo', 'upload/goods/20170929/3d948a23786beb3b1ca0c2e79a7c2271.png', '240,70', '240,70', 'upload/goods/20170929/c5ef83b08a147d698c8df1ecd7c494d91.png', '700,700', '700,700', 'upload/goods/20170929/c5ef83b08a147d698c8df1ecd7c494d92.png', '360,360', '360,360', 'upload/goods/20170929/c5ef83b08a147d698c8df1ecd7c494d93.png', '240,240', '240,240', 'upload/goods/20170929/c5ef83b08a147d698c8df1ecd7c494d94.png', '60,60', '60,60', 1506657551, 1, '', '');
INSERT INTO `sys_album_picture` VALUES (346, 0, 30, 0, 'TB1RagkSXXXXXb.XVXXXXXXXXXX_!!0-item_pic.jpg_400x400.jpg_.webp1506657556', 'TB1RagkSXXXXXb.XVXXXXXXXXXX_!!0-item_pic.jpg_400x400.jpg_.webp', 'upload/goods/20170929/2f820669a4c1024795aa315efadba5bd.jpg', '400,400', '400,400', 'upload/goods/20170929/0bd039c12f4ddbbcbc24ef8422486f981.jpg', '700,700', '700,700', 'upload/goods/20170929/0bd039c12f4ddbbcbc24ef8422486f982.jpg', '360,360', '360,360', 'upload/goods/20170929/0bd039c12f4ddbbcbc24ef8422486f983.jpg', '240,240', '240,240', 'upload/goods/20170929/0bd039c12f4ddbbcbc24ef8422486f984.jpg', '60,60', '60,60', 1506657556, 1, '', '');
INSERT INTO `sys_album_picture` VALUES (347, 0, 30, 0, 'TB2j3KBbY_0UKFjy1XaXXbKfXXa_!!79256801.jpg_400x400.jpg_.webp1506657558', 'TB2j3KBbY_0UKFjy1XaXXbKfXXa_!!79256801.jpg_400x400.jpg_.webp', 'upload/goods/20170929/1e8f644814a443bbba340321bbaa58ce.jpg', '400,400', '400,400', 'upload/goods/20170929/746b28aadae1e0669e94ad8cec1273501.jpg', '700,700', '700,700', 'upload/goods/20170929/746b28aadae1e0669e94ad8cec1273502.jpg', '360,360', '360,360', 'upload/goods/20170929/746b28aadae1e0669e94ad8cec1273503.jpg', '240,240', '240,240', 'upload/goods/20170929/746b28aadae1e0669e94ad8cec1273504.jpg', '60,60', '60,60', 1506657558, 1, '', '');
INSERT INTO `sys_album_picture` VALUES (348, 0, 30, 0, '对方水电费p1506657971', '对方水电费p', 'http://ox0v06sib.bkt.clouddn.com/upload/goods/20170929/e31cb8861e78d7e396ffeac68a8ebb62.jpg', '280,50', '280,50', 'http://ox0v06sib.bkt.clouddn.com/upload/goods/20170929/e31cb8861e78d7e396ffeac68a8ebb62.jpg?imageView2/1/w/280/h/50/q/75|imageslim', '700,700', '700,700', 'http://ox0v06sib.bkt.clouddn.com/upload/goods/20170929/e31cb8861e78d7e396ffeac68a8ebb62.jpg?imageView2/1/w/280/h/50/q/75|imageslim', '360,360', '360,360', 'http://ox0v06sib.bkt.clouddn.com/upload/goods/20170929/e31cb8861e78d7e396ffeac68a8ebb62.jpg?imageView2/1/w/240/h/42.857142857143/q/75|imageslim', '240,240', '240,240', 'http://ox0v06sib.bkt.clouddn.com/upload/goods/20170929/e31cb8861e78d7e396ffeac68a8ebb62.jpg?imageView2/1/w/60/h/10.714285714286/q/75|imageslim', '60,60', '60,60', 1506657971, 2, 'http://ox0v06sib.bkt.clouddn.com', 'zkf-test');
INSERT INTO `sys_album_picture` VALUES (349, 0, 30, 0, '对方水电费p1506658310', '对方水电费p', 'http://ox0v06sib.bkt.clouddn.com/upload/goods/20170929/97c86bb9a5f84df7bcdd3b6c04da4ef8.jpg', '280,50', '280,50', 'http://ox0v06sib.bkt.clouddn.com/upload/goods/20170929/97c86bb9a5f84df7bcdd3b6c04da4ef8.jpg?imageView2/1/w/280/h/50/q/75|imageslim', '700,700', '700,700', 'http://ox0v06sib.bkt.clouddn.com/upload/goods/20170929/97c86bb9a5f84df7bcdd3b6c04da4ef8.jpg?imageView2/1/w/280/h/50/q/75|imageslim', '360,360', '360,360', 'http://ox0v06sib.bkt.clouddn.com/upload/goods/20170929/97c86bb9a5f84df7bcdd3b6c04da4ef8.jpg?imageView2/1/w/240/h/42/q/75|imageslim', '240,240', '240,240', 'http://ox0v06sib.bkt.clouddn.com/upload/goods/20170929/97c86bb9a5f84df7bcdd3b6c04da4ef8.jpg?imageView2/1/w/60/h/10/q/75|imageslim', '60,60', '60,60', 1506658311, 2, 'http://ox0v06sib.bkt.clouddn.com', 'zkf-test');
INSERT INTO `sys_album_picture` VALUES (351, 0, 30, 0, '对方水电费p1506675842', '对方水电费p', 'http://ox0v06sib.bkt.clouddn.com/upload/goods/20170929/36986ce09a8364a5c234d1b8b69d2057.jpg', '280,50', '280,50', 'http://ox0v06sib.bkt.clouddn.com/upload/goods/20170929/36986ce09a8364a5c234d1b8b69d2057.jpg?imageMogr2/thumbnail/700x700>/gravity/Center/crop/300x300/blur/1x0/quality/75|imageslim', '700,700', '700,700', 'http://ox0v06sib.bkt.clouddn.com/upload/goods/20170929/36986ce09a8364a5c234d1b8b69d2057.jpg?imageMogr2/thumbnail/360x360>/gravity/Center/crop/300x300/blur/1x0/quality/75|imageslim', '360,360', '360,360', 'http://ox0v06sib.bkt.clouddn.com/upload/goods/20170929/36986ce09a8364a5c234d1b8b69d2057.jpg?imageMogr2/thumbnail/240x240>/gravity/Center/crop/300x300/blur/1x0/quality/75|imageslim', '240,240', '240,240', 'http://ox0v06sib.bkt.clouddn.com/upload/goods/20170929/36986ce09a8364a5c234d1b8b69d2057.jpg?imageMogr2/thumbnail/60x60>/gravity/Center/crop/300x300/blur/1x0/quality/75|imageslim', '60,60', '60,60', 1506675843, 2, 'http://ox0v06sib.bkt.clouddn.com', 'zkf-test');
INSERT INTO `sys_album_picture` VALUES (352, 0, 30, 0, '对方水电费p1506676649', '对方水电费p', 'upload/goods/20170929/d796960401e3e502afa62535add68817.jpg', '280,50', '280,50', 'upload/goods/20170929/206564e89ab8ffa2a4c435c2597f24001.jpg', '700,700', '700,700', 'upload/goods/20170929/206564e89ab8ffa2a4c435c2597f24002.jpg', '360,360', '360,360', 'upload/goods/20170929/206564e89ab8ffa2a4c435c2597f24003.jpg', '240,240', '240,240', 'upload/goods/20170929/206564e89ab8ffa2a4c435c2597f24004.jpg', '60,60', '60,60', 1506676650, 1, '', '');
INSERT INTO `sys_album_picture` VALUES (353, 0, 30, 0, '图层-371506676653', '图层-37', 'upload/goods/20170929/ecfb94ccafb49abe63341c877f0803cc.png', '246,330', '246,330', 'upload/goods/20170929/ae04fa389ffe8ed63ebcd53bd9ba01691.png', '700,700', '700,700', 'upload/goods/20170929/ae04fa389ffe8ed63ebcd53bd9ba01692.png', '360,360', '360,360', 'upload/goods/20170929/ae04fa389ffe8ed63ebcd53bd9ba01693.png', '240,240', '240,240', 'upload/goods/20170929/ae04fa389ffe8ed63ebcd53bd9ba01694.png', '60,60', '60,60', 1506676653, 1, '', '');
INSERT INTO `sys_album_picture` VALUES (354, 0, 30, 0, '对方水电费p1506676962', '对方水电费p', 'upload/goods/20170929/4c6652aba3deec02de706e5060df7685.jpg', '280,50', '280,50', 'upload/goods/20170929/776424483a6d733ed966b876c9ce0cda1.jpg', '700,700', '700,700', 'upload/goods/20170929/776424483a6d733ed966b876c9ce0cda2.jpg', '360,360', '360,360', 'upload/goods/20170929/776424483a6d733ed966b876c9ce0cda3.jpg', '240,240', '240,240', 'upload/goods/20170929/776424483a6d733ed966b876c9ce0cda4.jpg', '60,60', '60,60', 1506676962, 1, '', '');
INSERT INTO `sys_album_picture` VALUES (355, 0, 30, 0, '66358_37964a628e6f0d71c2c6d2b8b5fd562a1506677521', '66358_37964a628e6f0d71c2c6d2b8b5fd562a', 'upload/goods/20170929/6d56ef68e5981ba442192cd82d0f2c34.jpg', '1024,768', '1024,768', 'upload/goods/20170929/cee279f5ebc30bb5b8830eadf2ee4df81.jpg', '700,700', '700,700', 'upload/goods/20170929/cee279f5ebc30bb5b8830eadf2ee4df82.jpg', '360,360', '360,360', 'upload/goods/20170929/cee279f5ebc30bb5b8830eadf2ee4df83.jpg', '240,240', '240,240', 'upload/goods/20170929/cee279f5ebc30bb5b8830eadf2ee4df84.jpg', '60,60', '60,60', 1506677521, 1, '', '');
INSERT INTO `sys_album_picture` VALUES (356, 0, 30, 0, '对方水电费p1506677899', '对方水电费p', 'upload/goods/20170929/090f3286d4d824295634b1e024796cd2.jpg', '280,50', '280,50', 'upload/goods/20170929/a3df46af9e4b9cb7e1409736c176a9681.jpg', '700,700', '700,700', 'upload/goods/20170929/a3df46af9e4b9cb7e1409736c176a9682.jpg', '360,360', '360,360', 'upload/goods/20170929/a3df46af9e4b9cb7e1409736c176a9683.jpg', '240,240', '240,240', 'upload/goods/20170929/a3df46af9e4b9cb7e1409736c176a9684.jpg', '60,60', '60,60', 1506677902, 1, '', '');
INSERT INTO `sys_album_picture` VALUES (357, 0, 30, 0, '对方水电费p1506678043', '对方水电费p', 'upload/goods/20170929/9c48146c2f1ecf43b9bda4a28a0d98c0.jpg', '280,50', '280,50', 'upload/goods/20170929/8b068219226a773e1a50333ee89bfc691.jpg', '700,700', '700,700', 'upload/goods/20170929/8b068219226a773e1a50333ee89bfc692.jpg', '360,360', '360,360', 'upload/goods/20170929/8b068219226a773e1a50333ee89bfc693.jpg', '240,240', '240,240', 'upload/goods/20170929/8b068219226a773e1a50333ee89bfc694.jpg', '60,60', '60,60', 1506678043, 1, '', '');
INSERT INTO `sys_album_picture` VALUES (358, 0, 30, 0, '图层-621506678046', '图层-62', 'upload/goods/20170929/0ec3c016c543e2951519f1e891713b49.png', '246,330', '246,330', 'upload/goods/20170929/4d9f6cba7277795a848584bb49ee8dbf1.png', '700,700', '700,700', 'upload/goods/20170929/4d9f6cba7277795a848584bb49ee8dbf2.png', '360,360', '360,360', 'upload/goods/20170929/4d9f6cba7277795a848584bb49ee8dbf3.png', '240,240', '240,240', 'upload/goods/20170929/4d9f6cba7277795a848584bb49ee8dbf4.png', '60,60', '60,60', 1506678047, 1, '', '');
INSERT INTO `sys_album_picture` VALUES (359, 0, 30, 0, 'QQ图片201709271458171507538241', 'QQ图片20170927145817', 'upload/goods/20171009/5bbc5bc671caaa0deee6bb56c417371f.jpg', '59,58', '59,58', 'upload/goods/20171009/bc3e860b1b525d5c1babd2dd14c616f71.jpg', '700,700', '700,700', 'upload/goods/20171009/bc3e860b1b525d5c1babd2dd14c616f72.jpg', '360,360', '360,360', 'upload/goods/20171009/bc3e860b1b525d5c1babd2dd14c616f73.jpg', '240,240', '240,240', 'upload/goods/20171009/bc3e860b1b525d5c1babd2dd14c616f74.jpg', '60,60', '60,60', 1507538241, 1, '', '');
INSERT INTO `sys_album_picture` VALUES (360, 0, 30, 0, 'timg1507538384', 'timg', 'upload/goods/20171009/7af3a40350b85e93e5895487e06cc82e.gif', '256,256', '256,256', 'upload/goods/20171009/609e477546657cc4e1f36d92e2662fe01.gif', '700,700', '700,700', 'upload/goods/20171009/609e477546657cc4e1f36d92e2662fe02.gif', '360,360', '360,360', 'upload/goods/20171009/609e477546657cc4e1f36d92e2662fe03.gif', '240,240', '240,240', 'upload/goods/20171009/609e477546657cc4e1f36d92e2662fe04.gif', '60,60', '60,60', 1507538390, 1, '', '');
INSERT INTO `sys_album_picture` VALUES (361, 0, 30, 0, 'timg1507538439', 'timg', 'upload/goods/20171009/0418cce867a4be9f87e76e74a17e96e0.gif', '256,256', '256,256', 'upload/goods/20171009/4501ee37e51d2285c4316c669f3de8f81.gif', '700,700', '700,700', 'upload/goods/20171009/4501ee37e51d2285c4316c669f3de8f82.gif', '360,360', '360,360', 'upload/goods/20171009/4501ee37e51d2285c4316c669f3de8f83.gif', '240,240', '240,240', 'upload/goods/20171009/4501ee37e51d2285c4316c669f3de8f84.gif', '60,60', '60,60', 1507538445, 1, '', '');
INSERT INTO `sys_album_picture` VALUES (362, 0, 30, 0, 'timg1507538470', 'timg', 'upload/goods/20171009/5ef22a3adf2668ae15093e9b6a9f3d85.gif', '1280,720', '1280,720', 'upload/goods/20171009/01734b9afc1d184012a9b4ad287712461.gif', '700,700', '700,700', 'upload/goods/20171009/01734b9afc1d184012a9b4ad287712462.gif', '360,360', '360,360', 'upload/goods/20171009/01734b9afc1d184012a9b4ad287712463.gif', '240,240', '240,240', 'upload/goods/20171009/01734b9afc1d184012a9b4ad287712464.gif', '60,60', '60,60', 1507538474, 1, '', '');
INSERT INTO `sys_album_picture` VALUES (363, 0, 30, 0, '图层-621507539916', '图层-62', 'upload/goods/20171009/4f289d93152dc35c3101baaaad528e9b.png', '246,330', '246,330', 'upload/goods/20171009/a1e97c96e7c42d5dbc697a2af10bbb951.png', '700,700', '700,700', 'upload/goods/20171009/a1e97c96e7c42d5dbc697a2af10bbb952.png', '360,360', '360,360', 'upload/goods/20171009/a1e97c96e7c42d5dbc697a2af10bbb953.png', '240,240', '240,240', 'upload/goods/20171009/a1e97c96e7c42d5dbc697a2af10bbb954.png', '60,60', '60,60', 1507539917, 1, '', '');
INSERT INTO `sys_album_picture` VALUES (364, 0, 30, 0, '图层-621507544389', '图层-62', 'upload/goods/20171009/4c5c5e96b3ac9555a7ab26ae9a936020.png', '246,330', '246,330', 'upload/goods/20171009/663243605f828f2f6ea82834fac335601.png', '700,700', '700,700', 'upload/goods/20171009/663243605f828f2f6ea82834fac335602.png', '360,360', '360,360', 'upload/goods/20171009/663243605f828f2f6ea82834fac335603.png', '240,240', '240,240', 'upload/goods/20171009/663243605f828f2f6ea82834fac335604.png', '60,60', '60,60', 1507544390, 1, '', '');
INSERT INTO `sys_album_picture` VALUES (365, 0, 30, 0, 'thumb_templateqrcode_79_01507603225', 'thumb_templateqrcode_79_0', 'upload/goods/20171010/273a9adb60d00bd1e4f7b7b16ceaa596.png', '288,288', '288,288', 'upload/goods/20171010/4a5792e2838f1d9d2a79dbdffb2547ea1.png', '700,700', '700,700', 'upload/goods/20171010/4a5792e2838f1d9d2a79dbdffb2547ea2.png', '360,360', '360,360', 'upload/goods/20171010/4a5792e2838f1d9d2a79dbdffb2547ea3.png', '240,240', '240,240', 'upload/goods/20171010/4a5792e2838f1d9d2a79dbdffb2547ea4.png', '60,60', '60,60', 1507603226, 1, '', '');
INSERT INTO `sys_album_picture` VALUES (366, 0, 30, 0, 'thumb_templateqrcode_79_01507603355', 'thumb_templateqrcode_79_0', 'upload/goods/20171010/72d2b81e6b30e636e21d8c7a7f2cf135.png', '288,288', '288,288', 'upload/goods/20171010/0ec92922e8b1f9634538dd4632fff5d51.png', '700,700', '700,700', 'upload/goods/20171010/0ec92922e8b1f9634538dd4632fff5d52.png', '360,360', '360,360', 'upload/goods/20171010/0ec92922e8b1f9634538dd4632fff5d53.png', '240,240', '240,240', 'upload/goods/20171010/0ec92922e8b1f9634538dd4632fff5d54.png', '60,60', '60,60', 1507603356, 1, '', '');
INSERT INTO `sys_album_picture` VALUES (367, 0, 30, 0, '对方水电费p1507624634', '对方水电费p', 'upload/goods/20171010/f02bdb7facb6bbaa8eb8eda4785eabce.jpg', '280,50', '280,50', 'upload/goods/20171010/2bf089ab8c168653845a628a01ecb4fd1.jpg', '700,700', '700,700', 'upload/goods/20171010/2bf089ab8c168653845a628a01ecb4fd2.jpg', '360,360', '360,360', 'upload/goods/20171010/2bf089ab8c168653845a628a01ecb4fd3.jpg', '240,240', '240,240', 'upload/goods/20171010/2bf089ab8c168653845a628a01ecb4fd4.jpg', '60,60', '60,60', 1507624634, 1, '', '');
INSERT INTO `sys_album_picture` VALUES (368, 0, 30, 0, '图层-621507624639', '图层-62', 'upload/goods/20171010/b88518b817d2d04c8d50110db50a6686.png', '246,330', '246,330', 'upload/goods/20171010/6e36cb867488f7ce781b6097ef181bc31.png', '700,700', '700,700', 'upload/goods/20171010/6e36cb867488f7ce781b6097ef181bc32.png', '360,360', '360,360', 'upload/goods/20171010/6e36cb867488f7ce781b6097ef181bc33.png', '240,240', '240,240', 'upload/goods/20171010/6e36cb867488f7ce781b6097ef181bc34.png', '60,60', '60,60', 1507624641, 1, '', '');
INSERT INTO `sys_album_picture` VALUES (369, 0, 30, 0, '图层-621507624868', '图层-62', 'upload/goods/20171010/d1033a15c55a6d41fb5e805ee60dd711.png', '246,330', '246,330', 'upload/goods/20171010/4db2c825cad9b3e0ecb5bc526933474d1.png', '700,700', '700,700', 'upload/goods/20171010/4db2c825cad9b3e0ecb5bc526933474d2.png', '360,360', '360,360', 'upload/goods/20171010/4db2c825cad9b3e0ecb5bc526933474d3.png', '240,240', '240,240', 'upload/goods/20171010/4db2c825cad9b3e0ecb5bc526933474d4.png', '60,60', '60,60', 1507624869, 1, '', '');
INSERT INTO `sys_album_picture` VALUES (370, 0, 30, 0, '图层-621507624910', '图层-62', 'upload/goods/20171010/f6650858c0c06c0ad0cc70ee640bb8dc.png', '246,330', '246,330', 'upload/goods/20171010/9715bdb107e2c69553abec7d9c3fffab1.png', '700,700', '700,700', 'upload/goods/20171010/9715bdb107e2c69553abec7d9c3fffab2.png', '360,360', '360,360', 'upload/goods/20171010/9715bdb107e2c69553abec7d9c3fffab3.png', '240,240', '240,240', 'upload/goods/20171010/9715bdb107e2c69553abec7d9c3fffab4.png', '60,60', '60,60', 1507624910, 1, '', '');
INSERT INTO `sys_album_picture` VALUES (371, 0, 30, 0, '图层-621507625088', '图层-62', 'upload/goods/20171010/992a8494c4181fb74aeb5000aa5a2666.png', '246,330', '246,330', 'upload/goods/20171010/05164ff53fac3802d04127a5bb41b8831.png', '700,700', '700,700', 'upload/goods/20171010/05164ff53fac3802d04127a5bb41b8832.png', '360,360', '360,360', 'upload/goods/20171010/05164ff53fac3802d04127a5bb41b8833.png', '240,240', '240,240', 'upload/goods/20171010/05164ff53fac3802d04127a5bb41b8834.png', '60,60', '60,60', 1507625090, 1, '', '');
INSERT INTO `sys_album_picture` VALUES (372, 0, 30, 0, '对方水电费p1507625096', '对方水电费p', 'upload/goods/20171010/b4d5d1b157016bd05c523c1a1f2fcca8.jpg', '280,50', '280,50', 'upload/goods/20171010/79a999cbda5a7990b095ee16675c5cfd1.jpg', '700,700', '700,700', 'upload/goods/20171010/79a999cbda5a7990b095ee16675c5cfd2.jpg', '360,360', '360,360', 'upload/goods/20171010/79a999cbda5a7990b095ee16675c5cfd3.jpg', '240,240', '240,240', 'upload/goods/20171010/79a999cbda5a7990b095ee16675c5cfd4.jpg', '60,60', '60,60', 1507625096, 1, '', '');
INSERT INTO `sys_album_picture` VALUES (373, 0, 30, 0, '对方水电费p1507625311', '对方水电费p', 'upload/goods/20171010/d1a256313149a09af3515d3a32d81090.jpg', '280,50', '280,50', 'upload/goods/20171010/5c2fbb2f28286a4c79b8718f9e7b044f1.jpg', '700,700', '700,700', 'upload/goods/20171010/5c2fbb2f28286a4c79b8718f9e7b044f2.jpg', '360,360', '360,360', 'upload/goods/20171010/5c2fbb2f28286a4c79b8718f9e7b044f3.jpg', '240,240', '240,240', 'upload/goods/20171010/5c2fbb2f28286a4c79b8718f9e7b044f4.jpg', '60,60', '60,60', 1507625311, 1, '', '');
INSERT INTO `sys_album_picture` VALUES (374, 0, 30, 0, '对方水电费p1507625346', '对方水电费p', 'upload/goods/20171010/3df11a4799832b62db7a7f6b145138ca.jpg', '280,50', '280,50', 'upload/goods/20171010/67e39930fad930f4a72118cd4c7d582a1.jpg', '700,700', '700,700', 'upload/goods/20171010/67e39930fad930f4a72118cd4c7d582a2.jpg', '360,360', '360,360', 'upload/goods/20171010/67e39930fad930f4a72118cd4c7d582a3.jpg', '240,240', '240,240', 'upload/goods/20171010/67e39930fad930f4a72118cd4c7d582a4.jpg', '60,60', '60,60', 1507625346, 1, '', '');
INSERT INTO `sys_album_picture` VALUES (375, 0, 30, 0, '图层-621507627330', '图层-62', 'upload/goods/20171010/20436768142f7c4e70c9c527d5b06289.png', '246,330', '246,330', 'upload/goods/20171010/5db86bb9f9392c9488ec564bbdd901341.png', '700,700', '700,700', 'upload/goods/20171010/5db86bb9f9392c9488ec564bbdd901342.png', '360,360', '360,360', 'upload/goods/20171010/5db86bb9f9392c9488ec564bbdd901343.png', '240,240', '240,240', 'upload/goods/20171010/5db86bb9f9392c9488ec564bbdd901344.png', '60,60', '60,60', 1507627331, 1, '', '');
INSERT INTO `sys_album_picture` VALUES (376, 0, 30, 0, '对方水电费p1507627445', '对方水电费p', 'upload/goods/20171010/c9ce832df6d68c4319ebd11aa8783803.jpg', '280,50', '280,50', 'upload/goods/20171010/bb9facce6bb64f6963ee92f325f434051.jpg', '700,700', '700,700', 'upload/goods/20171010/bb9facce6bb64f6963ee92f325f434052.jpg', '360,360', '360,360', 'upload/goods/20171010/bb9facce6bb64f6963ee92f325f434053.jpg', '240,240', '240,240', 'upload/goods/20171010/bb9facce6bb64f6963ee92f325f434054.jpg', '60,60', '60,60', 1507627446, 1, '', '');
INSERT INTO `sys_album_picture` VALUES (377, 0, 30, 0, '对方水电费p1507627669', '对方水电费p', 'upload/goods/20171010/7f31850ff5cd3341e3171f22f4a9d999.jpg', '280,50', '280,50', 'upload/goods/20171010/06e08aa37e27cf35d26e1e6a4628cb331.jpg', '700,700', '700,700', 'upload/goods/20171010/06e08aa37e27cf35d26e1e6a4628cb332.jpg', '360,360', '360,360', 'upload/goods/20171010/06e08aa37e27cf35d26e1e6a4628cb333.jpg', '240,240', '240,240', 'upload/goods/20171010/06e08aa37e27cf35d26e1e6a4628cb334.jpg', '60,60', '60,60', 1507627669, 1, '', '');
INSERT INTO `sys_album_picture` VALUES (378, 0, 30, 0, '2017-08-26_0919391507629442', '2017-08-26_091939', 'upload/goods/20171010/aea956a932898b51b4fa051acd09b01b.png', '445,176', '445,176', 'upload/goods/20171010/b4ae1035fd7edb2a84b107862be74b081.png', '700,700', '700,700', 'upload/goods/20171010/b4ae1035fd7edb2a84b107862be74b082.png', '360,360', '360,360', 'upload/goods/20171010/b4ae1035fd7edb2a84b107862be74b083.png', '240,240', '240,240', 'upload/goods/20171010/b4ae1035fd7edb2a84b107862be74b084.png', '60,60', '60,60', 1507629443, 1, '', '');
INSERT INTO `sys_album_picture` VALUES (379, 0, 30, 0, '2017-08-26_0919391507629507', '2017-08-26_091939', 'upload/goods/20171010/89bddd796071486026c3bcdc0020ff54.png', '445,176', '445,176', 'upload/goods/20171010/b8aecd9ec0d31796ab51e2666efff4f01.png', '700,700', '700,700', 'upload/goods/20171010/b8aecd9ec0d31796ab51e2666efff4f02.png', '360,360', '360,360', 'upload/goods/20171010/b8aecd9ec0d31796ab51e2666efff4f03.png', '240,240', '240,240', 'upload/goods/20171010/b8aecd9ec0d31796ab51e2666efff4f04.png', '60,60', '60,60', 1507629507, 1, '', '');
INSERT INTO `sys_album_picture` VALUES (380, 0, 30, 0, '对方水电费p1507690676', '对方水电费p', 'upload/goods/20171011/6032af3815ed6ad78f411e6ab5f0157e.jpg', '280,50', '280,50', 'upload/goods/20171011/0b417257fc7e944b4f95a5fc37c796601.jpg', '700,700', '700,700', 'upload/goods/20171011/0b417257fc7e944b4f95a5fc37c796602.jpg', '360,360', '360,360', 'upload/goods/20171011/0b417257fc7e944b4f95a5fc37c796603.jpg', '240,240', '240,240', 'upload/goods/20171011/0b417257fc7e944b4f95a5fc37c796604.jpg', '60,60', '60,60', 1507690677, 1, '', '');
INSERT INTO `sys_album_picture` VALUES (381, 0, 30, 0, '对方水电费p1507690813', '对方水电费p', 'upload/goods/20171011/78d0a076fb931210385181db61c99508.jpg', '280,50', '280,50', 'upload/goods/20171011/05a0368c86423366b90104f0d34006d21.jpg', '700,700', '700,700', 'upload/goods/20171011/05a0368c86423366b90104f0d34006d22.jpg', '360,360', '360,360', 'upload/goods/20171011/05a0368c86423366b90104f0d34006d23.jpg', '240,240', '240,240', 'upload/goods/20171011/05a0368c86423366b90104f0d34006d24.jpg', '60,60', '60,60', 1507690813, 1, '', '');
INSERT INTO `sys_album_picture` VALUES (382, 0, 30, 0, '对方水电费p1507690865', '对方水电费p', 'upload/goods/20171011/8e25b393c572bdd22e2d3f7ff1f7cb84.jpg', '280,50', '280,50', 'upload/goods/20171011/3862bbc20e545751b25fc6c69a4530771.jpg', '700,700', '700,700', 'upload/goods/20171011/3862bbc20e545751b25fc6c69a4530772.jpg', '360,360', '360,360', 'upload/goods/20171011/3862bbc20e545751b25fc6c69a4530773.jpg', '240,240', '240,240', 'upload/goods/20171011/3862bbc20e545751b25fc6c69a4530774.jpg', '60,60', '60,60', 1507690866, 1, '', '');
INSERT INTO `sys_album_picture` VALUES (383, 0, 30, 0, '对方水电费p1507690975', '对方水电费p', 'upload/goods/20171011/a8c387f21a72a46401c6fc2813b4ef42.jpg', '280,50', '280,50', 'upload/goods/20171011/d4e1eb6119a131b4ccae6c6393bcb0fb1.jpg', '700,700', '700,700', 'upload/goods/20171011/d4e1eb6119a131b4ccae6c6393bcb0fb2.jpg', '360,360', '360,360', 'upload/goods/20171011/d4e1eb6119a131b4ccae6c6393bcb0fb3.jpg', '240,240', '240,240', 'upload/goods/20171011/d4e1eb6119a131b4ccae6c6393bcb0fb4.jpg', '60,60', '60,60', 1507690975, 1, '', '');
INSERT INTO `sys_album_picture` VALUES (384, 0, 30, 0, '对方水电费p1507691431', '对方水电费p', 'upload/goods/20171011/5be8bd90e59c59028828074d8ef2bf83.jpg', '280,50', '280,50', 'upload/goods/20171011/541914c12c444e29915a74792a9e9b871.jpg', '700,700', '700,700', 'upload/goods/20171011/541914c12c444e29915a74792a9e9b872.jpg', '360,360', '360,360', 'upload/goods/20171011/541914c12c444e29915a74792a9e9b873.jpg', '240,240', '240,240', 'upload/goods/20171011/541914c12c444e29915a74792a9e9b874.jpg', '60,60', '60,60', 1507691431, 1, '', '');
INSERT INTO `sys_album_picture` VALUES (385, 0, 30, 0, '对方水电费p1507691616', '对方水电费p', 'upload/goods/20171011/fec3de14c5897afd4d9efbec7a8ff980.jpg', '280,50', '280,50', 'upload/goods/20171011/c9c25591c52745188bad8a4487ba2a751.jpg', '700,700', '700,700', 'upload/goods/20171011/c9c25591c52745188bad8a4487ba2a752.jpg', '360,360', '360,360', 'upload/goods/20171011/c9c25591c52745188bad8a4487ba2a753.jpg', '240,240', '240,240', 'upload/goods/20171011/c9c25591c52745188bad8a4487ba2a754.jpg', '60,60', '60,60', 1507691616, 1, '', '');
INSERT INTO `sys_album_picture` VALUES (386, 0, 30, 0, '对方水电费p1507691643', '对方水电费p', 'upload/goods/20171011/437b6f672a5936b7ddc856039fd15059.jpg', '280,50', '280,50', 'upload/goods/20171011/5849995682e0f9dbad13149488f0deb01.jpg', '700,700', '700,700', 'upload/goods/20171011/5849995682e0f9dbad13149488f0deb02.jpg', '360,360', '360,360', 'upload/goods/20171011/5849995682e0f9dbad13149488f0deb03.jpg', '240,240', '240,240', 'upload/goods/20171011/5849995682e0f9dbad13149488f0deb04.jpg', '60,60', '60,60', 1507691643, 1, '', '');
INSERT INTO `sys_album_picture` VALUES (387, 0, 30, 0, '对方水电费p1507691759', '对方水电费p', 'upload/goods/20171011/3a30083b4265dcd49c14fc6867889b6b.jpg', '280,50', '280,50', 'upload/goods/20171011/633b4e1c5e08f59b6fee161ed65449581.jpg', '700,700', '700,700', 'upload/goods/20171011/633b4e1c5e08f59b6fee161ed65449582.jpg', '360,360', '360,360', 'upload/goods/20171011/633b4e1c5e08f59b6fee161ed65449583.jpg', '240,240', '240,240', 'upload/goods/20171011/633b4e1c5e08f59b6fee161ed65449584.jpg', '60,60', '60,60', 1507691760, 1, '', '');
INSERT INTO `sys_album_picture` VALUES (388, 0, 30, 0, '对方水电费p1507691776', '对方水电费p', 'upload/goods/20171011/bd939f9754ca586106d5415b56b6d587.jpg', '280,50', '280,50', 'upload/goods/20171011/8d37effc2b4bef5272e04788988ebcf41.jpg', '700,700', '700,700', 'upload/goods/20171011/8d37effc2b4bef5272e04788988ebcf42.jpg', '360,360', '360,360', 'upload/goods/20171011/8d37effc2b4bef5272e04788988ebcf43.jpg', '240,240', '240,240', 'upload/goods/20171011/8d37effc2b4bef5272e04788988ebcf44.jpg', '60,60', '60,60', 1507691777, 1, '', '');
INSERT INTO `sys_album_picture` VALUES (389, 0, 30, 0, '对方水电费p1507691865', '对方水电费p', 'upload/goods/20171011/d2aa2fdcf5f05900cb745e378608737c.jpg', '280,50', '280,50', 'upload/goods/20171011/15dc0d5be07077322ca5e08c9606681b1.jpg', '700,700', '700,700', 'upload/goods/20171011/15dc0d5be07077322ca5e08c9606681b2.jpg', '360,360', '360,360', 'upload/goods/20171011/15dc0d5be07077322ca5e08c9606681b3.jpg', '240,240', '240,240', 'upload/goods/20171011/15dc0d5be07077322ca5e08c9606681b4.jpg', '60,60', '60,60', 1507691865, 1, '', '');
INSERT INTO `sys_album_picture` VALUES (390, 0, 30, 0, '对方水电费p1507691925', '对方水电费p', 'upload/goods/20171011/7601ea3522e27faa929e952ff5474d34.jpg', '280,50', '280,50', 'upload/goods/20171011/abbd3fa787a78ffbfdd646db706d0ac41.jpg', '700,700', '700,700', 'upload/goods/20171011/abbd3fa787a78ffbfdd646db706d0ac42.jpg', '360,360', '360,360', 'upload/goods/20171011/abbd3fa787a78ffbfdd646db706d0ac43.jpg', '240,240', '240,240', 'upload/goods/20171011/abbd3fa787a78ffbfdd646db706d0ac44.jpg', '60,60', '60,60', 1507691925, 1, '', '');
INSERT INTO `sys_album_picture` VALUES (391, 0, 30, 0, '对方水电费p1507692107', '对方水电费p', 'upload/goods/20171011/d7eed36b62743dc397737711f730f847.jpg', '280,50', '280,50', 'upload/goods/20171011/66983d66dac0768f22e6ff3d79d061de1png', '700,700', '700,700', 'upload/goods/20171011/66983d66dac0768f22e6ff3d79d061de2png', '360,360', '360,360', 'upload/goods/20171011/66983d66dac0768f22e6ff3d79d061de3png', '240,240', '240,240', 'upload/goods/20171011/66983d66dac0768f22e6ff3d79d061de4png', '60,60', '60,60', 1507692107, 1, '', '');
INSERT INTO `sys_album_picture` VALUES (392, 0, 30, 0, '对方水电费p1507692142', '对方水电费p', 'upload/goods/20171011/aedbc19b432b85254fc917851ad0329f.jpg', '280,50', '280,50', 'upload/goods/20171011/2adb088bba08793d25ca35f65c756f331.png', '700,700', '700,700', 'upload/goods/20171011/2adb088bba08793d25ca35f65c756f332.png', '360,360', '360,360', 'upload/goods/20171011/2adb088bba08793d25ca35f65c756f333.png', '240,240', '240,240', 'upload/goods/20171011/2adb088bba08793d25ca35f65c756f334.png', '60,60', '60,60', 1507692142, 1, '', '');
INSERT INTO `sys_album_picture` VALUES (393, 0, 30, 0, '对方水电费p1507692745', '对方水电费p', 'upload/goods/20171011/314f6b4c5c47f079fdafd9eb2befc6bb.jpg', '280,50', '280,50', 'upload/goods/20171011/2fb0af568710223361f95ef8f7e236801.png', '700,700', '700,700', 'upload/goods/20171011/2fb0af568710223361f95ef8f7e236802.png', '360,360', '360,360', 'upload/goods/20171011/2fb0af568710223361f95ef8f7e236803.png', '240,240', '240,240', 'upload/goods/20171011/2fb0af568710223361f95ef8f7e236804.png', '60,60', '60,60', 1507692745, 1, '', '');
INSERT INTO `sys_album_picture` VALUES (394, 0, 30, 0, '对方水电费p1507692942', '对方水电费p', 'upload/goods/20171011/f344edce99936bca89310fc94b5b1bce.jpg', '280,50', '280,50', 'upload/goods/20171011/3543f549cc95cd1c066c38cd447a21081.png', '700,700', '700,700', 'upload/goods/20171011/3543f549cc95cd1c066c38cd447a21082.png', '360,360', '360,360', 'upload/goods/20171011/3543f549cc95cd1c066c38cd447a21083.png', '240,240', '240,240', 'upload/goods/20171011/3543f549cc95cd1c066c38cd447a21084.png', '60,60', '60,60', 1507692943, 1, '', '');
INSERT INTO `sys_album_picture` VALUES (395, 0, 30, 0, '对方水电费p1507693319', '对方水电费p', 'upload/goods/20171011/300cd28d187b223146764b1989e61e90.jpg', '280,50', '280,50', 'upload/goods/20171011/1fae2c2047f29cc8bc790f051903db1d1.png', '700,700', '700,700', 'upload/goods/20171011/1fae2c2047f29cc8bc790f051903db1d2.png', '360,360', '360,360', 'upload/goods/20171011/1fae2c2047f29cc8bc790f051903db1d3.png', '240,240', '240,240', 'upload/goods/20171011/1fae2c2047f29cc8bc790f051903db1d4.png', '60,60', '60,60', 1507693320, 1, '', '');
INSERT INTO `sys_album_picture` VALUES (396, 0, 30, 0, '对方水电费p1507693381', '对方水电费p', 'upload/goods/20171011/fde6520057f855b3e695548dbba59cfd.jpg', '280,50', '280,50', 'upload/goods/20171011/b54843aaa915f699febcc64ad77374fe1.png', '700,700', '700,700', 'upload/goods/20171011/b54843aaa915f699febcc64ad77374fe2.png', '360,360', '360,360', 'upload/goods/20171011/b54843aaa915f699febcc64ad77374fe3.png', '240,240', '240,240', 'upload/goods/20171011/b54843aaa915f699febcc64ad77374fe4.png', '60,60', '60,60', 1507693381, 1, '', '');
INSERT INTO `sys_album_picture` VALUES (411, 0, 30, 0, '对方水电费p1507699489', '对方水电费p', 'upload/goods/20171011/0b869f9cb935e0a381a67ea631a3c050.jpg', '280,50', '280,50', 'upload/goods/20171011/c4ff7235081c915908db0aaead6f3a291.jpg', '700,700', '700,700', 'upload/goods/20171011/c4ff7235081c915908db0aaead6f3a292.jpg', '360,360', '360,360', 'upload/goods/20171011/c4ff7235081c915908db0aaead6f3a293.jpg', '240,240', '240,240', 'upload/goods/20171011/c4ff7235081c915908db0aaead6f3a294.jpg', '60,60', '60,60', 1507699489, 1, '', '');
INSERT INTO `sys_album_picture` VALUES (412, 0, 30, 0, '对方水电费p1507699547', '对方水电费p', 'upload/goods/20171011/2063fd9da88f4ad7c40f926819195fb3.jpg', '280,50', '280,50', 'upload/goods/20171011/5b2202c4c50a573438f31337917794ea1.jpg', '700,700', '700,700', 'upload/goods/20171011/5b2202c4c50a573438f31337917794ea2.jpg', '360,360', '360,360', 'upload/goods/20171011/5b2202c4c50a573438f31337917794ea3.jpg', '240,240', '240,240', 'upload/goods/20171011/5b2202c4c50a573438f31337917794ea4.jpg', '60,60', '60,60', 1507699547, 1, '', '');
INSERT INTO `sys_album_picture` VALUES (413, 0, 30, 0, '对方水电费p1507699634', '对方水电费p', 'upload/goods/20171011/5a40885edea2633025c63361b9300634.jpg', '280,50', '280,50', 'upload/goods/20171011/255197d0f08779feb2c109384a568f701.jpg', '700,700', '700,700', 'upload/goods/20171011/255197d0f08779feb2c109384a568f702.jpg', '360,360', '360,360', 'upload/goods/20171011/255197d0f08779feb2c109384a568f703.jpg', '240,240', '240,240', 'upload/goods/20171011/255197d0f08779feb2c109384a568f704.jpg', '60,60', '60,60', 1507699634, 1, '', '');
INSERT INTO `sys_album_picture` VALUES (414, 0, 30, 0, '对方水电费p1507699679', '对方水电费p', 'upload/goods/20171011/85a6696459945ce64b45f9d740dd50b5.jpg', '280,50', '280,50', 'upload/goods/20171011/2655411b1c5d9daf7328721bd0d7e8121.jpg', '700,700', '700,700', 'upload/goods/20171011/2655411b1c5d9daf7328721bd0d7e8122.jpg', '360,360', '360,360', 'upload/goods/20171011/2655411b1c5d9daf7328721bd0d7e8123.jpg', '240,240', '240,240', 'upload/goods/20171011/2655411b1c5d9daf7328721bd0d7e8124.jpg', '60,60', '60,60', 1507699679, 1, '', '');
INSERT INTO `sys_album_picture` VALUES (415, 0, 30, 0, '对方水电费p1507702047', '对方水电费p', 'upload/goods/20171011/98fba962e6e0ff8ecd41bc5588367127.jpg', '280,50', '280,50', 'upload/goods/20171011/76c49aa47fb06e23665be1c3f6865c951.jpg', '700,700', '700,700', 'upload/goods/20171011/76c49aa47fb06e23665be1c3f6865c952.jpg', '360,360', '360,360', 'upload/goods/20171011/76c49aa47fb06e23665be1c3f6865c953.jpg', '240,240', '240,240', 'upload/goods/20171011/76c49aa47fb06e23665be1c3f6865c954.jpg', '60,60', '60,60', 1507702047, 1, '', '');
INSERT INTO `sys_album_picture` VALUES (416, 0, 30, 0, '对方水电费p1507703379', '对方水电费p', 'upload/goods/20171011/daaf3d9b2f5dc4222c6e293b50f69cf1.jpg', '280,50', '280,50', 'upload/goods/20171011/3dfd4fdac602e91f0d74f499373746ab1.jpg', '700,700', '700,700', 'upload/goods/20171011/3dfd4fdac602e91f0d74f499373746ab2.jpg', '360,360', '360,360', 'upload/goods/20171011/3dfd4fdac602e91f0d74f499373746ab3.jpg', '240,240', '240,240', 'upload/goods/20171011/3dfd4fdac602e91f0d74f499373746ab4.jpg', '60,60', '60,60', 1507703379, 1, '', '');
INSERT INTO `sys_album_picture` VALUES (417, 0, 30, 0, '图层-371507703392', '图层-37', 'upload/goods/20171011/c2bfcc9005f849f4109c4c5355704c1d.png', '246,330', '246,330', 'upload/goods/20171011/64ae6ed493d6c7873c909d2f4098b9ab1.png', '700,700', '700,700', 'upload/goods/20171011/64ae6ed493d6c7873c909d2f4098b9ab2.png', '360,360', '360,360', 'upload/goods/20171011/64ae6ed493d6c7873c909d2f4098b9ab3.png', '240,240', '240,240', 'upload/goods/20171011/64ae6ed493d6c7873c909d2f4098b9ab4.png', '60,60', '60,60', 1507703392, 1, '', '');
INSERT INTO `sys_album_picture` VALUES (418, 0, 30, 0, '对方水电费p1507703587', '对方水电费p', 'upload/goods/20171011/6a08701517ab9f34fc0a1981dd2a9a59.jpg', '280,50', '280,50', 'upload/goods/20171011/b1138f274403da8632cc5684c255b3261.jpg', '700,700', '700,700', 'upload/goods/20171011/b1138f274403da8632cc5684c255b3262.jpg', '360,360', '360,360', 'upload/goods/20171011/b1138f274403da8632cc5684c255b3263.jpg', '240,240', '240,240', 'upload/goods/20171011/b1138f274403da8632cc5684c255b3264.jpg', '60,60', '60,60', 1507703587, 1, '', '');
INSERT INTO `sys_album_picture` VALUES (419, 0, 30, 0, '图层-371507703592', '图层-37', 'upload/goods/20171011/34b490b2d63abcdeeef5f09271717555.png', '246,330', '246,330', 'upload/goods/20171011/9e1e5d2ff86b7fcdfb532c835df16cdd1.png', '700,700', '700,700', 'upload/goods/20171011/9e1e5d2ff86b7fcdfb532c835df16cdd2.png', '360,360', '360,360', 'upload/goods/20171011/9e1e5d2ff86b7fcdfb532c835df16cdd3.png', '240,240', '240,240', 'upload/goods/20171011/9e1e5d2ff86b7fcdfb532c835df16cdd4.png', '60,60', '60,60', 1507703592, 1, '', '');
INSERT INTO `sys_album_picture` VALUES (420, 0, 30, 0, '图层-621507703957', '图层-62', 'upload/goods/20171011/b6e30721082bf6ff601e27ad53fa4408.png', '246,330', '246,330', 'upload/goods/20171011/a0571e9b0f0e35adcaf00d73dd8750151.png', '700,700', '700,700', 'upload/goods/20171011/a0571e9b0f0e35adcaf00d73dd8750152.png', '360,360', '360,360', 'upload/goods/20171011/a0571e9b0f0e35adcaf00d73dd8750153.png', '240,240', '240,240', 'upload/goods/20171011/a0571e9b0f0e35adcaf00d73dd8750154.png', '60,60', '60,60', 1507703958, 1, '', '');
INSERT INTO `sys_album_picture` VALUES (421, 0, 30, 0, '图层-621507704348', '图层-62', 'upload/goods/20171011/47e83da8c080b4c92d39add4be19462d.png', '246,330', '246,330', 'upload/goods/20171011/489079605aa20384d471c9a6d070cebd1.png', '700,700', '700,700', 'upload/goods/20171011/489079605aa20384d471c9a6d070cebd2.png', '360,360', '360,360', 'upload/goods/20171011/489079605aa20384d471c9a6d070cebd3.png', '240,240', '240,240', 'upload/goods/20171011/489079605aa20384d471c9a6d070cebd4.png', '60,60', '60,60', 1507704350, 1, '', '');
INSERT INTO `sys_album_picture` VALUES (422, 0, 30, 0, '图层-621507704438', '图层-62', 'upload/goods/20171011/820dfbcbe158bbffc6f6fb191e3f943a.png', '246,330', '246,330', 'upload/goods/20171011/9b5bd4e5d8358cb21d884e2c3002b7c31.png', '700,700', '700,700', 'upload/goods/20171011/9b5bd4e5d8358cb21d884e2c3002b7c32.png', '360,360', '360,360', 'upload/goods/20171011/9b5bd4e5d8358cb21d884e2c3002b7c33.png', '240,240', '240,240', 'upload/goods/20171011/9b5bd4e5d8358cb21d884e2c3002b7c34.png', '60,60', '60,60', 1507704438, 1, '', '');
INSERT INTO `sys_album_picture` VALUES (423, 0, 30, 0, '图层-621507704860', '图层-62', 'upload/goods/20171011/882ff5aee41b0721fae91b870334ebee.png', '246,330', '246,330', 'upload/goods/20171011/1bdb201c8f94b3517dcebb3135215cf81.png', '700,700', '700,700', 'upload/goods/20171011/1bdb201c8f94b3517dcebb3135215cf82.png', '360,360', '360,360', 'upload/goods/20171011/1bdb201c8f94b3517dcebb3135215cf83.png', '240,240', '240,240', 'upload/goods/20171011/1bdb201c8f94b3517dcebb3135215cf84.png', '60,60', '60,60', 1507704862, 1, '', '');
INSERT INTO `sys_album_picture` VALUES (424, 0, 30, 0, '图层-621507704953', '图层-62', 'upload/goods/20171011/3e12f36976e2ba4e84c89f4f59002f45.png', '246,330', '246,330', 'upload/goods/20171011/f0c40a5cadf987338901fc4e63729a4c1.png', '700,700', '700,700', 'upload/goods/20171011/f0c40a5cadf987338901fc4e63729a4c2.png', '360,360', '360,360', 'upload/goods/20171011/f0c40a5cadf987338901fc4e63729a4c3.png', '240,240', '240,240', 'upload/goods/20171011/f0c40a5cadf987338901fc4e63729a4c4.png', '60,60', '60,60', 1507704954, 1, '', '');
INSERT INTO `sys_album_picture` VALUES (425, 0, 30, 0, '图层-371507705000', '图层-37', 'upload/goods/20171011/03c35f588e736c7a51361063bc9918cc.png', '246,330', '246,330', 'upload/goods/20171011/7ca527f6c499d9def44844d1652a44e51.png', '700,700', '700,700', 'upload/goods/20171011/7ca527f6c499d9def44844d1652a44e52.png', '360,360', '360,360', 'upload/goods/20171011/7ca527f6c499d9def44844d1652a44e53.png', '240,240', '240,240', 'upload/goods/20171011/7ca527f6c499d9def44844d1652a44e54.png', '60,60', '60,60', 1507705002, 1, '', '');
INSERT INTO `sys_album_picture` VALUES (426, 0, 30, 0, '图层-371507705048', '图层-37', 'upload/goods/20171011/6b43c4c2cc6b772b8328125f410b4bf7.png', '246,330', '246,330', 'upload/goods/20171011/d83a2f9346101ca953baf4291b56a3351.png', '700,700', '700,700', 'upload/goods/20171011/d83a2f9346101ca953baf4291b56a3352.png', '360,360', '360,360', 'upload/goods/20171011/d83a2f9346101ca953baf4291b56a3353.png', '240,240', '240,240', 'upload/goods/20171011/d83a2f9346101ca953baf4291b56a3354.png', '60,60', '60,60', 1507705049, 1, '', '');
INSERT INTO `sys_album_picture` VALUES (427, 0, 30, 0, '图层-621507705211', '图层-62', 'upload/goods/20171011/1bd22ce6aeac3cb62788699df7bb295c.png', '246,330', '246,330', 'upload/goods/20171011/598f0a9b1170dc78a3bfdc58b6047f231.png', '700,700', '700,700', 'upload/goods/20171011/598f0a9b1170dc78a3bfdc58b6047f232.png', '360,360', '360,360', 'upload/goods/20171011/598f0a9b1170dc78a3bfdc58b6047f233.png', '240,240', '240,240', 'upload/goods/20171011/598f0a9b1170dc78a3bfdc58b6047f234.png', '60,60', '60,60', 1507705212, 1, '', '');
INSERT INTO `sys_album_picture` VALUES (428, 0, 30, 0, '对方水电费p1507705222', '对方水电费p', 'upload/goods/20171011/8e3ed71c90dd13533d7469044cf4dcc7.jpg', '280,50', '280,50', 'upload/goods/20171011/2902a5cb5dc400203570959f39d95ffe1.jpg', '700,700', '700,700', 'upload/goods/20171011/2902a5cb5dc400203570959f39d95ffe2.jpg', '360,360', '360,360', 'upload/goods/20171011/2902a5cb5dc400203570959f39d95ffe3.jpg', '240,240', '240,240', 'upload/goods/20171011/2902a5cb5dc400203570959f39d95ffe4.jpg', '60,60', '60,60', 1507705223, 1, '', '');
INSERT INTO `sys_album_picture` VALUES (429, 0, 30, 0, '对方水电费p1507708363', '对方水电费p', 'http://ox0v06sib.bkt.clouddn.com/upload/goods/20171011/c47d9bc0d58cb2d5f0db39b8a6b35071.jpg', '280,50', '280,50', 'http://ox0v06sib.bkt.clouddn.com/upload/goods/20171011/c47d9bc0d58cb2d5f0db39b8a6b35071.jpg?imageView2/1/w/700/h/700/q/75|imageslim', '700,700', '700,700', 'http://ox0v06sib.bkt.clouddn.com/upload/goods/20171011/c47d9bc0d58cb2d5f0db39b8a6b35071.jpg?imageView2/1/w/360/h/360/q/75|imageslim', '360,360', '360,360', 'http://ox0v06sib.bkt.clouddn.com/upload/goods/20171011/c47d9bc0d58cb2d5f0db39b8a6b35071.jpg?imageView2/1/w/240/h/240/q/75|imageslim', '240,240', '240,240', 'http://ox0v06sib.bkt.clouddn.com/upload/goods/20171011/c47d9bc0d58cb2d5f0db39b8a6b35071.jpg?imageView2/1/w/60/h/60/q/75|imageslim', '60,60', '60,60', 1507708365, 2, 'http://ox0v06sib.bkt.clouddn.com', 'zkf-test');
INSERT INTO `sys_album_picture` VALUES (430, 0, 30, 0, 'shouqing1507708402', 'shouqing', 'http://ox0v06sib.bkt.clouddn.com/upload/goods/20171011/20abe4ea10f231aeaf48f9d4632d3da7.png', '95,95', '95,95', 'http://ox0v06sib.bkt.clouddn.com/upload/goods/20171011/20abe4ea10f231aeaf48f9d4632d3da7.png?imageView2/1/w/700/h/700/q/75|imageslim', '700,700', '700,700', 'http://ox0v06sib.bkt.clouddn.com/upload/goods/20171011/20abe4ea10f231aeaf48f9d4632d3da7.png?imageView2/1/w/360/h/360/q/75|imageslim', '360,360', '360,360', 'http://ox0v06sib.bkt.clouddn.com/upload/goods/20171011/20abe4ea10f231aeaf48f9d4632d3da7.png?imageView2/1/w/240/h/240/q/75|imageslim', '240,240', '240,240', 'http://ox0v06sib.bkt.clouddn.com/upload/goods/20171011/20abe4ea10f231aeaf48f9d4632d3da7.png?imageView2/1/w/60/h/60/q/75|imageslim', '60,60', '60,60', 1507708402, 2, 'http://ox0v06sib.bkt.clouddn.com', 'zkf-test');
INSERT INTO `sys_album_picture` VALUES (431, 0, 30, 0, '对方水电费p1507708452', '对方水电费p', 'http://ox0v06sib.bkt.clouddn.com/upload/goods/20171011/77dfcd25fa90045a474d4d2691ad61ff.jpg', '280,50', '280,50', 'http://ox0v06sib.bkt.clouddn.com/upload/goods/20171011/77dfcd25fa90045a474d4d2691ad61ff.jpg?imageView2/1/w/700/h/700/q/75|imageslim', '700,700', '700,700', 'http://ox0v06sib.bkt.clouddn.com/upload/goods/20171011/77dfcd25fa90045a474d4d2691ad61ff.jpg?imageView2/1/w/360/h/360/q/75|imageslim', '360,360', '360,360', 'http://ox0v06sib.bkt.clouddn.com/upload/goods/20171011/77dfcd25fa90045a474d4d2691ad61ff.jpg?imageView2/1/w/240/h/240/q/75|imageslim', '240,240', '240,240', 'http://ox0v06sib.bkt.clouddn.com/upload/goods/20171011/77dfcd25fa90045a474d4d2691ad61ff.jpg?imageView2/1/w/60/h/60/q/75|imageslim', '60,60', '60,60', 1507708453, 2, 'http://ox0v06sib.bkt.clouddn.com', 'zkf-test');
INSERT INTO `sys_album_picture` VALUES (432, 0, 30, 0, '对方水电费p1507708524', '对方水电费p', 'upload/goods/20171011/8184230185f91279871762e61215792e.jpg', '280,50', '280,50', 'upload/goods/20171011/3cc89369d14f274a270b09042a6b88291.jpg', '700,700', '700,700', 'upload/goods/20171011/3cc89369d14f274a270b09042a6b88292.jpg', '360,360', '360,360', 'upload/goods/20171011/3cc89369d14f274a270b09042a6b88293.jpg', '240,240', '240,240', 'upload/goods/20171011/3cc89369d14f274a270b09042a6b88294.jpg', '60,60', '60,60', 1507708525, 1, '', '');
INSERT INTO `sys_album_picture` VALUES (433, 0, 30, 0, '对方水电费p1507708619', '对方水电费p', 'upload/goods/20171011/4f558b6d49657e3a0a14cacfd4863e90.jpg', '280,50', '280,50', 'upload/goods/20171011/028fd248e414d64ac67090c10ab528be1.jpg', '700,700', '700,700', 'upload/goods/20171011/028fd248e414d64ac67090c10ab528be2.jpg', '360,360', '360,360', 'upload/goods/20171011/028fd248e414d64ac67090c10ab528be3.jpg', '240,240', '240,240', 'upload/goods/20171011/028fd248e414d64ac67090c10ab528be4.jpg', '60,60', '60,60', 1507708620, 1, '', '');
INSERT INTO `sys_album_picture` VALUES (434, 0, 30, 0, '图层-371507708644', '图层-37', 'upload/goods/20171011/1f518461f35fd8bfa41aa5fd7e72972e.png', '246,330', '246,330', 'upload/goods/20171011/42ed19bfbcb5676fd95d1f2e94a41c8d1.png', '700,700', '700,700', 'upload/goods/20171011/42ed19bfbcb5676fd95d1f2e94a41c8d2.png', '360,360', '360,360', 'upload/goods/20171011/42ed19bfbcb5676fd95d1f2e94a41c8d3.png', '240,240', '240,240', 'upload/goods/20171011/42ed19bfbcb5676fd95d1f2e94a41c8d4.png', '60,60', '60,60', 1507708646, 1, '', '');
INSERT INTO `sys_album_picture` VALUES (435, 0, 30, 0, '对方水电费p1507708674', '对方水电费p', 'upload/goods/20171011/3079248a033171802d0a5c88ee433d88.jpg', '280,50', '280,50', 'upload/goods/20171011/b86b89a8fc096a0092b8bb6cc14662f51.jpg', '700,700', '700,700', 'upload/goods/20171011/b86b89a8fc096a0092b8bb6cc14662f52.jpg', '360,360', '360,360', 'upload/goods/20171011/b86b89a8fc096a0092b8bb6cc14662f53.jpg', '240,240', '240,240', 'upload/goods/20171011/b86b89a8fc096a0092b8bb6cc14662f54.jpg', '60,60', '60,60', 1507708674, 1, '', '');
INSERT INTO `sys_album_picture` VALUES (436, 0, 30, 0, '对方水电费p1507708916', '对方水电费p', 'upload/goods/20171011/aed0bab9b0987c0b33c3747307187e43.jpg', '280,50', '280,50', 'upload/goods/20171011/85fb8a01ef6ad29a73f34ff96be06a8b1.jpg', '700,700', '700,700', 'upload/goods/20171011/85fb8a01ef6ad29a73f34ff96be06a8b2.jpg', '360,360', '360,360', 'upload/goods/20171011/85fb8a01ef6ad29a73f34ff96be06a8b3.jpg', '240,240', '240,240', 'upload/goods/20171011/85fb8a01ef6ad29a73f34ff96be06a8b4.jpg', '60,60', '60,60', 1507708916, 1, '', '');
INSERT INTO `sys_album_picture` VALUES (437, 0, 30, 0, '对方水电费p1507708990', '对方水电费p', 'upload/goods/20171011/8db7e682e86a02535ce68c90034c183f.jpg', '280,50', '280,50', 'upload/goods/20171011/6ed7dd5a88c4e8fbab6086d4fdb2b06e1.jpg', '700,700', '700,700', 'upload/goods/20171011/6ed7dd5a88c4e8fbab6086d4fdb2b06e2.jpg', '360,360', '360,360', 'upload/goods/20171011/6ed7dd5a88c4e8fbab6086d4fdb2b06e3.jpg', '240,240', '240,240', 'upload/goods/20171011/6ed7dd5a88c4e8fbab6086d4fdb2b06e4.jpg', '60,60', '60,60', 1507708991, 1, '', '');
INSERT INTO `sys_album_picture` VALUES (438, 0, 30, 0, '对方水电费p1507709370', '对方水电费p', 'upload/goods/20171011/9e130bcb821c82aaa8c8b855f5f8bdb3.jpg', '280,50', '280,50', 'upload/goods/20171011/7396eeeb8965a80e9c3d9e5944966bce1.jpg', '700,700', '700,700', 'upload/goods/20171011/7396eeeb8965a80e9c3d9e5944966bce2.jpg', '360,360', '360,360', 'upload/goods/20171011/7396eeeb8965a80e9c3d9e5944966bce3.jpg', '240,240', '240,240', 'upload/goods/20171011/7396eeeb8965a80e9c3d9e5944966bce4.jpg', '60,60', '60,60', 1507709370, 1, '', '');
INSERT INTO `sys_album_picture` VALUES (439, 0, 32, 0, '对方水电费p1507720341', '对方水电费p', 'upload/goods/20171011/d129f2cc57cf28fae0c47601692919dc.jpg', '280,50', '280,50', 'upload/goods/20171011/3caadbbb84a3e11d3f6a07ddb055bc221.jpg', '700,700', '700,700', 'upload/goods/20171011/3caadbbb84a3e11d3f6a07ddb055bc222.jpg', '360,360', '360,360', 'upload/goods/20171011/3caadbbb84a3e11d3f6a07ddb055bc223.jpg', '240,240', '240,240', 'upload/goods/20171011/3caadbbb84a3e11d3f6a07ddb055bc224.jpg', '60,60', '60,60', 1507720342, 2, 'http://ox0v06sib.bkt.clouddn.com', 'zkf-test');
INSERT INTO `sys_album_picture` VALUES (440, 0, 32, 0, '对方水电费p1507720406', '对方水电费p', 'upload/goods/20171011/0fa11e44bed20b6fde74e40895dbc6c9.jpg', '280,50', '280,50', 'upload/goods/20171011/5e00f8767cf810b15810061db087ede11.jpg', '700,700', '700,700', 'upload/goods/20171011/5e00f8767cf810b15810061db087ede12.jpg', '360,360', '360,360', 'upload/goods/20171011/5e00f8767cf810b15810061db087ede13.jpg', '240,240', '240,240', 'upload/goods/20171011/5e00f8767cf810b15810061db087ede14.jpg', '60,60', '60,60', 1507720407, 2, 'http://ox0v06sib.bkt.clouddn.com', 'zkf-test');
INSERT INTO `sys_album_picture` VALUES (441, 0, 33, 0, '对方水电费p1507772534', '对方水电费p', 'upload/goods/20171012/60c2cfa52498b5062594281b81e359ec.jpg', '280,50', '280,50', 'upload/goods/20171012/7fb9e42de38751ddc4a1a2308c3008ec1.jpg', '700,700', '700,700', 'upload/goods/20171012/7fb9e42de38751ddc4a1a2308c3008ec2.jpg', '360,360', '360,360', 'upload/goods/20171012/7fb9e42de38751ddc4a1a2308c3008ec3.jpg', '240,240', '240,240', 'upload/goods/20171012/7fb9e42de38751ddc4a1a2308c3008ec4.jpg', '60,60', '60,60', 1507772536, 2, 'http://ox0v06sib.bkt.clouddn.com', 'zkf-test');
INSERT INTO `sys_album_picture` VALUES (442, 0, 33, 0, '对方水电费p1507776999', '对方水电费p', 'upload/goods/20171012/79964070107d1f8a634eb76abc0c0d78.jpg', '280,50', '280,50', 'http://ox0v06sib.bkt.clouddn.com/upload/goods/20171012/b3c938a5fef6f9f7f1e095fed669d68d1.jpg', '700,700', '700,700', 'http://ox0v06sib.bkt.clouddn.com/upload/goods/20171012/b3c938a5fef6f9f7f1e095fed669d68d2.jpg', '360,360', '360,360', 'http://ox0v06sib.bkt.clouddn.com/upload/goods/20171012/b3c938a5fef6f9f7f1e095fed669d68d3.jpg', '240,240', '240,240', 'http://ox0v06sib.bkt.clouddn.com/upload/goods/20171012/b3c938a5fef6f9f7f1e095fed669d68d4.jpg', '60,60', '60,60', 1507777001, 2, 'http://ox0v06sib.bkt.clouddn.com', 'zkf-test');
INSERT INTO `sys_album_picture` VALUES (443, 0, 33, 0, '对方水电费p1507777048', '对方水电费p', 'upload/goods/20171012/7201d96ac7e42e4d114d102622f357cc.jpg', '280,50', '280,50', 'http://ox0v06sib.bkt.clouddn.com/upload/goods/20171012/ac4e490860ab0afbbb8cc0ef8b4674a21.jpg', '700,700', '700,700', 'http://ox0v06sib.bkt.clouddn.com/upload/goods/20171012/ac4e490860ab0afbbb8cc0ef8b4674a22.jpg', '360,360', '360,360', 'http://ox0v06sib.bkt.clouddn.com/upload/goods/20171012/ac4e490860ab0afbbb8cc0ef8b4674a23.jpg', '240,240', '240,240', 'http://ox0v06sib.bkt.clouddn.com/upload/goods/20171012/ac4e490860ab0afbbb8cc0ef8b4674a24.jpg', '60,60', '60,60', 1507777050, 2, 'http://ox0v06sib.bkt.clouddn.com', 'zkf-test');
INSERT INTO `sys_album_picture` VALUES (444, 0, 33, 0, '对方水电费p1507778078', '对方水电费p', 'upload/goods/20171012/2828d7ef8a25f4cd55f20dc04ed00c26.jpg', '280,50', '280,50', 'http://ox0v06sib.bkt.clouddn.com/upload/goods/20171012/71ed5fc215a7c56f3e70e996f1e857571.jpg', '700,700', '700,700', 'http://ox0v06sib.bkt.clouddn.com/upload/goods/20171012/71ed5fc215a7c56f3e70e996f1e857572.jpg', '360,360', '360,360', 'http://ox0v06sib.bkt.clouddn.com/upload/goods/20171012/71ed5fc215a7c56f3e70e996f1e857573.jpg', '240,240', '240,240', 'http://ox0v06sib.bkt.clouddn.com/upload/goods/20171012/71ed5fc215a7c56f3e70e996f1e857574.jpg', '60,60', '60,60', 1507778081, 2, 'http://ox0v06sib.bkt.clouddn.com', 'zkf-test');
INSERT INTO `sys_album_picture` VALUES (445, 0, 33, 0, '对方水电费p1507778358', '对方水电费p', 'upload/goods/20171012/26a1714887c5a63ec76402af126eda8a.jpg', '280,50', '280,50', 'http://ox0v06sib.bkt.clouddn.com/upload/goods/20171012/92e0bb663c5ed4511c3565db49310f281.jpg', '700,700', '700,700', 'http://ox0v06sib.bkt.clouddn.com/upload/goods/20171012/92e0bb663c5ed4511c3565db49310f282.jpg', '360,360', '360,360', 'http://ox0v06sib.bkt.clouddn.com/upload/goods/20171012/92e0bb663c5ed4511c3565db49310f283.jpg', '240,240', '240,240', 'http://ox0v06sib.bkt.clouddn.com/upload/goods/20171012/92e0bb663c5ed4511c3565db49310f284.jpg', '60,60', '60,60', 1507778361, 2, 'http://ox0v06sib.bkt.clouddn.com', 'zkf-test');
INSERT INTO `sys_album_picture` VALUES (446, 0, 33, 0, '图层-621507778361', '图层-62', 'upload/goods/20171012/486600337e41bc00682b1593b44d07c9.png', '246,330', '246,330', 'http://ox0v06sib.bkt.clouddn.com/upload/goods/20171012/9f4580c5c598c32e5007e448270ad1c21.png', '700,700', '700,700', 'http://ox0v06sib.bkt.clouddn.com/upload/goods/20171012/9f4580c5c598c32e5007e448270ad1c22.png', '360,360', '360,360', 'http://ox0v06sib.bkt.clouddn.com/upload/goods/20171012/9f4580c5c598c32e5007e448270ad1c23.png', '240,240', '240,240', 'http://ox0v06sib.bkt.clouddn.com/upload/goods/20171012/9f4580c5c598c32e5007e448270ad1c24.png', '60,60', '60,60', 1507778366, 2, 'http://ox0v06sib.bkt.clouddn.com', 'zkf-test');
INSERT INTO `sys_album_picture` VALUES (447, 0, 33, 0, '图层-371507778367', '图层-37', 'upload/goods/20171012/a9bbcc3bbbd2d8f35c6757dc46b552e4.png', '246,330', '246,330', 'http://ox0v06sib.bkt.clouddn.com/upload/goods/20171012/97a2f97c987309225ab53c23cb0c17101.png', '700,700', '700,700', 'http://ox0v06sib.bkt.clouddn.com/upload/goods/20171012/97a2f97c987309225ab53c23cb0c17102.png', '360,360', '360,360', 'http://ox0v06sib.bkt.clouddn.com/upload/goods/20171012/97a2f97c987309225ab53c23cb0c17103.png', '240,240', '240,240', 'http://ox0v06sib.bkt.clouddn.com/upload/goods/20171012/97a2f97c987309225ab53c23cb0c17104.png', '60,60', '60,60', 1507778372, 2, 'http://ox0v06sib.bkt.clouddn.com', 'zkf-test');
INSERT INTO `sys_album_picture` VALUES (448, 0, 33, 0, '对方水电费p1507778929', '对方水电费p', 'upload/goods/20171012/9f04b692b9e0a3a956e251327d8b699e.jpg', '280,50', '280,50', 'http://ox0v06sib.bkt.clouddn.com/upload/goods/20171012/da3d335d44f65d4e71ac6474141bd6831.jpg', '700,700', '700,700', 'http://ox0v06sib.bkt.clouddn.com/upload/goods/20171012/da3d335d44f65d4e71ac6474141bd6832.jpg', '360,360', '360,360', 'http://ox0v06sib.bkt.clouddn.com/upload/goods/20171012/da3d335d44f65d4e71ac6474141bd6833.jpg', '240,240', '240,240', 'http://ox0v06sib.bkt.clouddn.com/upload/goods/20171012/da3d335d44f65d4e71ac6474141bd6834.jpg', '60,60', '60,60', 1507778931, 2, 'http://ox0v06sib.bkt.clouddn.com', 'zkf-test');
INSERT INTO `sys_album_picture` VALUES (449, 0, 33, 0, '图层-371507778931', '图层-37', 'upload/goods/20171012/9fa820c0b9b7f7761bb48559b0e53bb7.png', '246,330', '246,330', 'http://ox0v06sib.bkt.clouddn.com/upload/goods/20171012/4014152b9258aecaeca0007aad7bb9341.png', '700,700', '700,700', 'http://ox0v06sib.bkt.clouddn.com/upload/goods/20171012/4014152b9258aecaeca0007aad7bb9342.png', '360,360', '360,360', 'http://ox0v06sib.bkt.clouddn.com/upload/goods/20171012/4014152b9258aecaeca0007aad7bb9343.png', '240,240', '240,240', 'http://ox0v06sib.bkt.clouddn.com/upload/goods/20171012/4014152b9258aecaeca0007aad7bb9344.png', '60,60', '60,60', 1507778936, 2, 'http://ox0v06sib.bkt.clouddn.com', 'zkf-test');
INSERT INTO `sys_album_picture` VALUES (450, 0, 33, 0, '图层-621507778936', '图层-62', 'upload/goods/20171012/0707e07aef4a69a7e26f97dbbdda30bb.png', '246,330', '246,330', 'http://ox0v06sib.bkt.clouddn.com/upload/goods/20171012/1a654a4ec30e2bab8aabd4798d87c9311.png', '700,700', '700,700', 'http://ox0v06sib.bkt.clouddn.com/upload/goods/20171012/1a654a4ec30e2bab8aabd4798d87c9312.png', '360,360', '360,360', 'http://ox0v06sib.bkt.clouddn.com/upload/goods/20171012/1a654a4ec30e2bab8aabd4798d87c9313.png', '240,240', '240,240', 'http://ox0v06sib.bkt.clouddn.com/upload/goods/20171012/1a654a4ec30e2bab8aabd4798d87c9314.png', '60,60', '60,60', 1507778941, 2, 'http://ox0v06sib.bkt.clouddn.com', 'zkf-test');
INSERT INTO `sys_album_picture` VALUES (451, 0, 33, 0, '对方水电费p1507779087', '对方水电费p', 'upload/goods/20171012/c4bc75297f6a36b35e08dcaa1353640a.jpg', '280,50', '280,50', 'http://ox0v06sib.bkt.clouddn.com/upload/goods/20171012/3c4df4f1fbd6ffecd581a2c8edf4deb61.jpg', '700,700', '700,700', 'http://ox0v06sib.bkt.clouddn.com/upload/goods/20171012/3c4df4f1fbd6ffecd581a2c8edf4deb62.jpg', '360,360', '360,360', 'http://ox0v06sib.bkt.clouddn.com/upload/goods/20171012/3c4df4f1fbd6ffecd581a2c8edf4deb63.jpg', '240,240', '240,240', 'http://ox0v06sib.bkt.clouddn.com/upload/goods/20171012/3c4df4f1fbd6ffecd581a2c8edf4deb64.jpg', '60,60', '60,60', 1507779089, 2, 'http://ox0v06sib.bkt.clouddn.com', 'zkf-test');
INSERT INTO `sys_album_picture` VALUES (452, 0, 33, 0, '对方水电费p1507779179', '对方水电费p', 'upload/goods/20171012/b8a069da42bc91d09c6c86acc6a6454b.jpg', '280,50', '280,50', 'http://ox0v06sib.bkt.clouddn.com/upload/goods/20171012/d2c7c1c12b4185bbb3a2818863eaa1c91.jpg', '700,700', '700,700', 'http://ox0v06sib.bkt.clouddn.com/upload/goods/20171012/d2c7c1c12b4185bbb3a2818863eaa1c92.jpg', '360,360', '360,360', 'http://ox0v06sib.bkt.clouddn.com/upload/goods/20171012/d2c7c1c12b4185bbb3a2818863eaa1c93.jpg', '240,240', '240,240', 'http://ox0v06sib.bkt.clouddn.com/upload/goods/20171012/d2c7c1c12b4185bbb3a2818863eaa1c94.jpg', '60,60', '60,60', 1507779181, 2, 'http://ox0v06sib.bkt.clouddn.com', 'zkf-test');
INSERT INTO `sys_album_picture` VALUES (453, 0, 33, 0, '对方水电费p1507779421', '对方水电费p', 'http://ox0v06sib.bkt.clouddn.com/upload/goods/20171012/1507779702.png', '246,330', '246,330', 'http://ox0v06sib.bkt.clouddn.com/upload/goods/20171012/52a0a80d554cc73f69b84ad5a042c2341.png', '700,700', '700,700', 'http://ox0v06sib.bkt.clouddn.com/upload/goods/20171012/52a0a80d554cc73f69b84ad5a042c2342.png', '360,360', '360,360', 'http://ox0v06sib.bkt.clouddn.com/upload/goods/20171012/52a0a80d554cc73f69b84ad5a042c2343.png', '240,240', '240,240', 'http://ox0v06sib.bkt.clouddn.com/upload/goods/20171012/52a0a80d554cc73f69b84ad5a042c2344.png', '60,60', '60,60', 1507779707, 2, 'http://ox0v06sib.bkt.clouddn.com', 'zkf-test');
INSERT INTO `sys_album_picture` VALUES (454, 0, 30, 0, 'TB1Mi3qb_ZRMeJjSspnwnwJdFXa_025629.jpg_40x40q901507943623', 'TB1Mi3qb_ZRMeJjSspnwnwJdFXa_025629.jpg_40x40q90', 'http://ox0v06sib.bkt.clouddn.com/upload/goods/20171014/d4cb07ef25c529b1919b971434f89510.jpg', '40,40', '40,40', 'http://ox0v06sib.bkt.clouddn.com/upload/goods/20171014/3a6ff4533312925664dbab3d9eee82821.jpg', '700,700', '700,700', 'http://ox0v06sib.bkt.clouddn.com/upload/goods/20171014/3a6ff4533312925664dbab3d9eee82822.jpg', '360,360', '360,360', 'http://ox0v06sib.bkt.clouddn.com/upload/goods/20171014/3a6ff4533312925664dbab3d9eee82823.jpg', '240,240', '240,240', 'http://ox0v06sib.bkt.clouddn.com/upload/goods/20171014/3a6ff4533312925664dbab3d9eee82824.jpg', '60,60', '60,60', 1507943625, 2, 'http://ox0v06sib.bkt.clouddn.com', 'zkf-test');
INSERT INTO `sys_album_picture` VALUES (455, 0, 30, 0, 'TB2bJuBbRxRMKJjy0FdXXaifFXa_!!3397746265.jpg_430x430q901507943687', 'TB2bJuBbRxRMKJjy0FdXXaifFXa_!!3397746265.jpg_430x430q90', 'http://ox0v06sib.bkt.clouddn.com/upload/goods/20171014/a272639f363f8108aa8740d39d12411f.jpg', '430,430', '430,430', 'http://ox0v06sib.bkt.clouddn.com/upload/goods/20171014/4d02b682f14a9abbcfd08badd9a215ec1.jpg', '700,700', '700,700', 'http://ox0v06sib.bkt.clouddn.com/upload/goods/20171014/4d02b682f14a9abbcfd08badd9a215ec2.jpg', '360,360', '360,360', 'http://ox0v06sib.bkt.clouddn.com/upload/goods/20171014/4d02b682f14a9abbcfd08badd9a215ec3.jpg', '240,240', '240,240', 'http://ox0v06sib.bkt.clouddn.com/upload/goods/20171014/4d02b682f14a9abbcfd08badd9a215ec4.jpg', '60,60', '60,60', 1507943690, 2, 'http://ox0v06sib.bkt.clouddn.com', 'zkf-test');
INSERT INTO `sys_album_picture` VALUES (456, 0, 30, 0, 'TB1P20DbYsTMeJjy1zbXXchlVXa_!!0-item_pic.jpg_430x430q901507943690', 'TB1P20DbYsTMeJjy1zbXXchlVXa_!!0-item_pic.jpg_430x430q90', 'http://ox0v06sib.bkt.clouddn.com/upload/goods/20171014/35043980e83ba3fc34535f0da30da9b9.jpg', '430,430', '430,430', 'http://ox0v06sib.bkt.clouddn.com/upload/goods/20171014/2939d4dd03c6e29b98c7d27e079644481.jpg', '700,700', '700,700', 'http://ox0v06sib.bkt.clouddn.com/upload/goods/20171014/2939d4dd03c6e29b98c7d27e079644482.jpg', '360,360', '360,360', 'http://ox0v06sib.bkt.clouddn.com/upload/goods/20171014/2939d4dd03c6e29b98c7d27e079644483.jpg', '240,240', '240,240', 'http://ox0v06sib.bkt.clouddn.com/upload/goods/20171014/2939d4dd03c6e29b98c7d27e079644484.jpg', '60,60', '60,60', 1507943694, 2, 'http://ox0v06sib.bkt.clouddn.com', 'zkf-test');
INSERT INTO `sys_album_picture` VALUES (457, 0, 30, 0, 'TB2ovdHbYsTMeJjSsziXXcdwXXa_!!3397746265.jpg_430x430q901507943694', 'TB2ovdHbYsTMeJjSsziXXcdwXXa_!!3397746265.jpg_430x430q90', 'http://ox0v06sib.bkt.clouddn.com/upload/goods/20171014/07b3eb977d1fa49dd2d9fc898364cd72.jpg', '430,430', '430,430', 'http://ox0v06sib.bkt.clouddn.com/upload/goods/20171014/88278613d70fb14a77f470f340b9d4291.jpg', '700,700', '700,700', 'http://ox0v06sib.bkt.clouddn.com/upload/goods/20171014/88278613d70fb14a77f470f340b9d4292.jpg', '360,360', '360,360', 'http://ox0v06sib.bkt.clouddn.com/upload/goods/20171014/88278613d70fb14a77f470f340b9d4293.jpg', '240,240', '240,240', 'http://ox0v06sib.bkt.clouddn.com/upload/goods/20171014/88278613d70fb14a77f470f340b9d4294.jpg', '60,60', '60,60', 1507943698, 2, 'http://ox0v06sib.bkt.clouddn.com', 'zkf-test');
INSERT INTO `sys_album_picture` VALUES (458, 0, 30, 0, 'TB2RHpIb3oQMeJjy1XaXXcSsFXa_!!3397746265.jpg_430x430q901507943698', 'TB2RHpIb3oQMeJjy1XaXXcSsFXa_!!3397746265.jpg_430x430q90', 'http://ox0v06sib.bkt.clouddn.com/upload/goods/20171014/80094afa48accad5af26996af3d1755e.jpg', '430,430', '430,430', 'http://ox0v06sib.bkt.clouddn.com/upload/goods/20171014/39d35c91df93f9507a8b56fa52b74f491.jpg', '700,700', '700,700', 'http://ox0v06sib.bkt.clouddn.com/upload/goods/20171014/39d35c91df93f9507a8b56fa52b74f492.jpg', '360,360', '360,360', 'http://ox0v06sib.bkt.clouddn.com/upload/goods/20171014/39d35c91df93f9507a8b56fa52b74f493.jpg', '240,240', '240,240', 'http://ox0v06sib.bkt.clouddn.com/upload/goods/20171014/39d35c91df93f9507a8b56fa52b74f494.jpg', '60,60', '60,60', 1507943702, 2, 'http://ox0v06sib.bkt.clouddn.com', 'zkf-test');
INSERT INTO `sys_album_picture` VALUES (459, 0, 30, 0, 'bluequestion1508325441', 'bluequestion', 'http://img.bctdyf.com/upload/goods/20171018/475831dd7b63d07bb4e068407774ae2a.png', '26,30', '26,30', 'http://img.bctdyf.com/upload/goods/20171018/d9e75e9b4c01893c663dc37185c237a01.png', '700,700', '700,700', 'http://img.bctdyf.com/upload/goods/20171018/d9e75e9b4c01893c663dc37185c237a02.png', '360,360', '360,360', 'http://img.bctdyf.com/upload/goods/20171018/d9e75e9b4c01893c663dc37185c237a03.png', '240,240', '240,240', 'http://img.bctdyf.com/upload/goods/20171018/d9e75e9b4c01893c663dc37185c237a04.png', '60,60', '60,60', 1508325444, 2, 'http://img.bctdyf.com', 'img-bctdyf-com');
INSERT INTO `sys_album_picture` VALUES (460, 0, 30, 0, 'login_banner_11508325526', 'login_banner_1', 'http://img.bctdyf.com/upload/goods/20171018/93bdf6e59f69f0d3cb21b7a38ab3c1bb.jpg', '1000,475', '1000,475', 'http://img.bctdyf.com/upload/goods/20171018/572a6ae66e31fe92b7cd2d9f77b7b8d61.jpg', '700,700', '700,700', 'http://img.bctdyf.com/upload/goods/20171018/572a6ae66e31fe92b7cd2d9f77b7b8d62.jpg', '360,360', '360,360', 'http://img.bctdyf.com/upload/goods/20171018/572a6ae66e31fe92b7cd2d9f77b7b8d63.jpg', '240,240', '240,240', 'http://img.bctdyf.com/upload/goods/20171018/572a6ae66e31fe92b7cd2d9f77b7b8d64.jpg', '60,60', '60,60', 1508325532, 2, 'http://img.bctdyf.com', 'img-bctdyf-com');
INSERT INTO `sys_album_picture` VALUES (461, 0, 30, 0, 'shouyelogo1508398810', 'shouyelogo', 'http://img.bctdyf.com/upload/goods/20171019/f417ab7e707d78455f14792f70c0441c.png', '165,22', '165,22', 'http://img.bctdyf.com/upload/goods/20171019/68950c92fa94c3f007a465f9e2a573c11.png', '700,700', '700,700', 'http://img.bctdyf.com/upload/goods/20171019/68950c92fa94c3f007a465f9e2a573c12.png', '360,360', '360,360', 'http://img.bctdyf.com/upload/goods/20171019/68950c92fa94c3f007a465f9e2a573c13.png', '240,240', '240,240', 'http://img.bctdyf.com/upload/goods/20171019/68950c92fa94c3f007a465f9e2a573c14.png', '60,60', '60,60', 1508398813, 2, 'http://img.bctdyf.com', 'img-bctdyf-com');
INSERT INTO `sys_album_picture` VALUES (462, 0, 30, 0, 'shouyelogo1508398928', 'shouyelogo', 'http://img.bctdyf.com/upload/goods/20171019/0dfe07700cc49345debd29e1b96bf2d1.png', '165,22', '165,22', 'http://img.bctdyf.com/upload/goods/20171019/ed7ba431ef4f7eef347983d13bc7a0891.png', '700,700', '700,700', 'http://img.bctdyf.com/upload/goods/20171019/ed7ba431ef4f7eef347983d13bc7a0892.png', '360,360', '360,360', 'http://img.bctdyf.com/upload/goods/20171019/ed7ba431ef4f7eef347983d13bc7a0893.png', '240,240', '240,240', 'http://img.bctdyf.com/upload/goods/20171019/ed7ba431ef4f7eef347983d13bc7a0894.png', '60,60', '60,60', 1508398930, 2, 'http://img.bctdyf.com', 'img-bctdyf-com');
INSERT INTO `sys_album_picture` VALUES (463, 0, 30, 0, 'QQ图片201710191544451508399102', 'QQ图片20171019154445', 'http://img.bctdyf.com/upload/goods/20171019/7b7ef1922ba6b13fa453b9dec18e3d91.png', '175,31', '175,31', 'http://img.bctdyf.com/upload/goods/20171019/0138e6e52cb4c4e24a363f753e8f400e1.png', '700,700', '700,700', 'http://img.bctdyf.com/upload/goods/20171019/0138e6e52cb4c4e24a363f753e8f400e2.png', '360,360', '360,360', 'http://img.bctdyf.com/upload/goods/20171019/0138e6e52cb4c4e24a363f753e8f400e3.png', '240,240', '240,240', 'http://img.bctdyf.com/upload/goods/20171019/0138e6e52cb4c4e24a363f753e8f400e4.png', '60,60', '60,60', 1508399103, 2, 'http://img.bctdyf.com', 'img-bctdyf-com');
INSERT INTO `sys_album_picture` VALUES (464, 0, 30, 0, 'QQ图片201710191544451508400023', 'QQ图片20171019154445', 'upload/goods/20171019/07f70a24d0e81e914794627878bc4c8b.png', '175,31', '175,31', 'upload/goods/20171019/7e7083ff2afa7bdb69764b5d82e8c5981.png', '700,700', '700,700', 'upload/goods/20171019/7e7083ff2afa7bdb69764b5d82e8c5982.png', '360,360', '360,360', 'upload/goods/20171019/7e7083ff2afa7bdb69764b5d82e8c5983.png', '240,240', '240,240', 'upload/goods/20171019/7e7083ff2afa7bdb69764b5d82e8c5984.png', '60,60', '60,60', 1508400024, 1, '', '');
INSERT INTO `sys_album_picture` VALUES (465, 0, 30, 0, '2017-07-24_1206111508399990', '2017-07-24_120611', 'upload/goods/20171019/cb24bba181c419ca7745762db1a8ddaa.png', '175,31', '175,31', 'upload/goods/20171019/1d39b04637d24c2ce5575f178c51490b1.png', '700,700', '700,700', 'upload/goods/20171019/1d39b04637d24c2ce5575f178c51490b2.png', '360,360', '360,360', 'upload/goods/20171019/1d39b04637d24c2ce5575f178c51490b3.png', '240,240', '240,240', 'upload/goods/20171019/1d39b04637d24c2ce5575f178c51490b4.png', '60,60', '60,60', 1508399990, 1, '', '');
INSERT INTO `sys_album_picture` VALUES (466, 0, 30, 0, '2017-07-24_1206111508400052', '2017-07-24_120611', 'http://img.bctdyf.com/upload/goods/20171019/776568feb9f04bf5527c077a51be730d.png', '175,31', '175,31', 'http://img.bctdyf.com/upload/goods/20171019/bafb7e35bff509c77753945a5a7e17b61.png', '700,700', '700,700', 'http://img.bctdyf.com/upload/goods/20171019/bafb7e35bff509c77753945a5a7e17b62.png', '360,360', '360,360', 'http://img.bctdyf.com/upload/goods/20171019/bafb7e35bff509c77753945a5a7e17b63.png', '240,240', '240,240', 'http://img.bctdyf.com/upload/goods/20171019/bafb7e35bff509c77753945a5a7e17b64.png', '60,60', '60,60', 1508400054, 2, 'http://img.bctdyf.com', 'img-bctdyf-com');
INSERT INTO `sys_album_picture` VALUES (467, 0, 30, 0, 'QQ图片201710191716021508404574', 'QQ图片20171019171602', 'http://img.bctdyf.com/upload/goods/20171019/a3b8bbc28953332f2b368fe5d2ac7a76.png', '175,31', '175,31', 'http://img.bctdyf.com/upload/goods/20171019/29ff8ebf3c6ee65679b161dd1800b1321.png', '700,700', '700,700', 'http://img.bctdyf.com/upload/goods/20171019/29ff8ebf3c6ee65679b161dd1800b1322.png', '360,360', '360,360', 'http://img.bctdyf.com/upload/goods/20171019/29ff8ebf3c6ee65679b161dd1800b1323.png', '240,240', '240,240', 'http://img.bctdyf.com/upload/goods/20171019/29ff8ebf3c6ee65679b161dd1800b1324.png', '60,60', '60,60', 1508404576, 2, 'http://img.bctdyf.com', 'img-bctdyf-com');
INSERT INTO `sys_album_picture` VALUES (468, 0, 30, 0, 'QQ图片201710191811591508413299', 'QQ图片20171019181159', 'http://img.bctdyf.com/upload/goods/20171019/3be134fb43c66b03255d6532d84b65d4.png', '264,471', '264,471', 'http://img.bctdyf.com/upload/goods/20171019/baf41da362d617d34efa25361e05d91b1.png', '700,700', '700,700', 'http://img.bctdyf.com/upload/goods/20171019/baf41da362d617d34efa25361e05d91b2.png', '360,360', '360,360', 'http://img.bctdyf.com/upload/goods/20171019/baf41da362d617d34efa25361e05d91b3.png', '240,240', '240,240', 'http://img.bctdyf.com/upload/goods/20171019/baf41da362d617d34efa25361e05d91b4.png', '60,60', '60,60', 1508413304, 2, 'http://img.bctdyf.com', 'img-bctdyf-com');
INSERT INTO `sys_album_picture` VALUES (469, 0, 30, 0, 'QQ图片201710191812041508413333', 'QQ图片20171019181204', 'http://img.bctdyf.com/upload/goods/20171019/6401cb5c5a3828eb59c96b095d53be48.png', '264,471', '264,471', 'http://img.bctdyf.com/upload/goods/20171019/40346972ca6f4d9e436fe271b6110a3d1.png', '700,700', '700,700', 'http://img.bctdyf.com/upload/goods/20171019/40346972ca6f4d9e436fe271b6110a3d2.png', '360,360', '360,360', 'http://img.bctdyf.com/upload/goods/20171019/40346972ca6f4d9e436fe271b6110a3d3.png', '240,240', '240,240', 'http://img.bctdyf.com/upload/goods/20171019/40346972ca6f4d9e436fe271b6110a3d4.png', '60,60', '60,60', 1508413339, 2, 'http://img.bctdyf.com', 'img-bctdyf-com');
INSERT INTO `sys_album_picture` VALUES (470, 0, 30, 0, 'QQ图片201710191811591508413348', 'QQ图片20171019181159', 'http://img.bctdyf.com/upload/goods/20171019/c7c0d5d62a00e0a7b2cf54e7e5fdd431.png', '264,471', '264,471', 'http://img.bctdyf.com/upload/goods/20171019/5433ffb9c915d0cb6c4efdaf688221f51.png', '700,700', '700,700', 'http://img.bctdyf.com/upload/goods/20171019/5433ffb9c915d0cb6c4efdaf688221f52.png', '360,360', '360,360', 'http://img.bctdyf.com/upload/goods/20171019/5433ffb9c915d0cb6c4efdaf688221f53.png', '240,240', '240,240', 'http://img.bctdyf.com/upload/goods/20171019/5433ffb9c915d0cb6c4efdaf688221f54.png', '60,60', '60,60', 1508413353, 2, 'http://img.bctdyf.com', 'img-bctdyf-com');
INSERT INTO `sys_album_picture` VALUES (471, 0, 30, 0, 'QQ图片201710191811591508413382', 'QQ图片20171019181159', 'http://img.bctdyf.com/upload/goods/20171019/070b7ef2044e68f47572872e3c2c46a0.png', '264,471', '264,471', 'http://img.bctdyf.com/upload/goods/20171019/17cf136917d3b9ca644bc6f3605b3f331.png', '700,700', '700,700', 'http://img.bctdyf.com/upload/goods/20171019/17cf136917d3b9ca644bc6f3605b3f332.png', '360,360', '360,360', 'http://img.bctdyf.com/upload/goods/20171019/17cf136917d3b9ca644bc6f3605b3f333.png', '240,240', '240,240', 'http://img.bctdyf.com/upload/goods/20171019/17cf136917d3b9ca644bc6f3605b3f334.png', '60,60', '60,60', 1508413387, 2, 'http://img.bctdyf.com', 'img-bctdyf-com');
INSERT INTO `sys_album_picture` VALUES (472, 0, 30, 0, '2017-08-26_0924191508491040', '2017-08-26_092419', 'http://img.bctdyf.com/upload/goods/20171020/5272a71041bf053a2078ef16aed7cd9a.png', '392,228', '392,228', 'http://img.bctdyf.com/upload/goods/20171020/879c887cdf988ba9a0e530a01e5bdbc11.png', '700,700', '700,700', 'http://img.bctdyf.com/upload/goods/20171020/879c887cdf988ba9a0e530a01e5bdbc12.png', '360,360', '360,360', 'http://img.bctdyf.com/upload/goods/20171020/879c887cdf988ba9a0e530a01e5bdbc13.png', '240,240', '240,240', 'http://img.bctdyf.com/upload/goods/20171020/879c887cdf988ba9a0e530a01e5bdbc14.png', '60,60', '60,60', 1508491043, 2, 'http://img.bctdyf.com', 'img-bctdyf-com');
INSERT INTO `sys_album_picture` VALUES (473, 0, 30, 0, '2017-08-26_0922001508492694', '2017-08-26_092200', 'http://img.bctdyf.com/upload/goods/20171020/1dc9c6b435bc80ee41880fe951722c48.png', '447,226', '447,226', 'http://img.bctdyf.com/upload/goods/20171020/a2483c696133964e90ae276ec0640e171.png', '700,700', '700,700', 'http://img.bctdyf.com/upload/goods/20171020/a2483c696133964e90ae276ec0640e172.png', '360,360', '360,360', 'http://img.bctdyf.com/upload/goods/20171020/a2483c696133964e90ae276ec0640e173.png', '240,240', '240,240', 'http://img.bctdyf.com/upload/goods/20171020/a2483c696133964e90ae276ec0640e174.png', '60,60', '60,60', 1508492697, 2, 'http://img.bctdyf.com', 'img-bctdyf-com');
INSERT INTO `sys_album_picture` VALUES (474, 0, 30, 0, '2017-08-26_0922001508492703', '2017-08-26_092200', 'http://img.bctdyf.com/upload/goods/20171020/6829d82ec8eb96ff91e8f5de598a1982.png', '447,226', '447,226', 'http://img.bctdyf.com/upload/goods/20171020/ce4076cf04466c91b0412a80357352871.png', '700,700', '700,700', 'http://img.bctdyf.com/upload/goods/20171020/ce4076cf04466c91b0412a80357352872.png', '360,360', '360,360', 'http://img.bctdyf.com/upload/goods/20171020/ce4076cf04466c91b0412a80357352873.png', '240,240', '240,240', 'http://img.bctdyf.com/upload/goods/20171020/ce4076cf04466c91b0412a80357352874.png', '60,60', '60,60', 1508492706, 2, 'http://img.bctdyf.com', 'img-bctdyf-com');
INSERT INTO `sys_album_picture` VALUES (475, 0, 30, 0, '2017-08-26_0922001508492838', '2017-08-26_092200', 'http://img.bctdyf.com/upload/goods/20171020/fe45f7f9913597e81f631e57cc731430.png', '447,226', '447,226', 'http://img.bctdyf.com/upload/goods/20171020/5b2d050e64cc9275e2695e7e14e111f01.png', '700,700', '700,700', 'http://img.bctdyf.com/upload/goods/20171020/5b2d050e64cc9275e2695e7e14e111f02.png', '360,360', '360,360', 'http://img.bctdyf.com/upload/goods/20171020/5b2d050e64cc9275e2695e7e14e111f03.png', '240,240', '240,240', 'http://img.bctdyf.com/upload/goods/20171020/5b2d050e64cc9275e2695e7e14e111f04.png', '60,60', '60,60', 1508492846, 2, 'http://img.bctdyf.com', 'img-bctdyf-com');
INSERT INTO `sys_album_picture` VALUES (476, 0, 30, 0, '2017-08-26_0924191508492846', '2017-08-26_092419', 'http://img.bctdyf.com/upload/goods/20171020/82bb5996b5ad94d4e4bd21363f0b10f1.png', '392,228', '392,228', 'http://img.bctdyf.com/upload/goods/20171020/81394234b4ba769c59a894dd225cd64f1.png', '700,700', '700,700', 'http://img.bctdyf.com/upload/goods/20171020/81394234b4ba769c59a894dd225cd64f2.png', '360,360', '360,360', 'http://img.bctdyf.com/upload/goods/20171020/81394234b4ba769c59a894dd225cd64f3.png', '240,240', '240,240', 'http://img.bctdyf.com/upload/goods/20171020/81394234b4ba769c59a894dd225cd64f4.png', '60,60', '60,60', 1508492859, 2, 'http://img.bctdyf.com', 'img-bctdyf-com');
INSERT INTO `sys_album_picture` VALUES (477, 0, 30, 0, '2017-08-26_0921291508493022', '2017-08-26_092129', 'http://img.bctdyf.com/upload/goods/20171020/cb19d64c15d7fbaec4e6cf46efae4f9e.png', '235,123', '235,123', 'http://img.bctdyf.com/upload/goods/20171020/39e21342e4357168bffbe218cf4eb5ee1.png', '700,700', '700,700', 'http://img.bctdyf.com/upload/goods/20171020/39e21342e4357168bffbe218cf4eb5ee2.png', '360,360', '360,360', 'http://img.bctdyf.com/upload/goods/20171020/39e21342e4357168bffbe218cf4eb5ee3.png', '240,240', '240,240', 'http://img.bctdyf.com/upload/goods/20171020/39e21342e4357168bffbe218cf4eb5ee4.png', '60,60', '60,60', 1508493024, 2, 'http://img.bctdyf.com', 'img-bctdyf-com');
INSERT INTO `sys_album_picture` VALUES (478, 0, 30, 0, '2017-08-26_0924191508493077', '2017-08-26_092419', 'http://img.bctdyf.com/upload/goods/20171020/83e21b405b8c4b46fad1103a802155ce.png', '392,228', '392,228', 'http://img.bctdyf.com/upload/goods/20171020/79837350703f18ea30b428e093e9edad1.png', '700,700', '700,700', 'http://img.bctdyf.com/upload/goods/20171020/79837350703f18ea30b428e093e9edad2.png', '360,360', '360,360', 'http://img.bctdyf.com/upload/goods/20171020/79837350703f18ea30b428e093e9edad3.png', '240,240', '240,240', 'http://img.bctdyf.com/upload/goods/20171020/79837350703f18ea30b428e093e9edad4.png', '60,60', '60,60', 1508493079, 2, 'http://img.bctdyf.com', 'img-bctdyf-com');
INSERT INTO `sys_album_picture` VALUES (479, 0, 30, 0, '2017-07-24_1206111508581825', '2017-07-24_120611', 'http://img.bctdyf.com/upload/goods/20171021/ef61a9d2348dafe752f18638025cb707.png', '175,31', '175,31', 'http://img.bctdyf.com/upload/goods/20171021/3b0dba1caf5d410f41ae3b87712995181.png', '700,700', '700,700', 'http://img.bctdyf.com/upload/goods/20171021/3b0dba1caf5d410f41ae3b87712995182.png', '360,360', '360,360', 'http://img.bctdyf.com/upload/goods/20171021/3b0dba1caf5d410f41ae3b87712995183.png', '240,240', '240,240', 'http://img.bctdyf.com/upload/goods/20171021/3b0dba1caf5d410f41ae3b87712995184.png', '60,60', '60,60', 1508581827, 2, 'http://img.bctdyf.com', 'img-bctdyf-com');
INSERT INTO `sys_album_picture` VALUES (480, 0, 30, 0, '146084261508828870', '14608426', 'upload/goods/20171024/ce8af41bbe981970d7bc6e150e167c72.jpg', '500,500', '500,500', 'upload/goods/20171024/caf1f01ba2b19d8aecb899ba17d818881.jpg', '700,700', '700,700', 'upload/goods/20171024/caf1f01ba2b19d8aecb899ba17d818882.jpg', '360,360', '360,360', 'upload/goods/20171024/caf1f01ba2b19d8aecb899ba17d818883.jpg', '240,240', '240,240', 'upload/goods/20171024/caf1f01ba2b19d8aecb899ba17d818884.jpg', '60,60', '60,60', 1508828872, 1, '', '');
INSERT INTO `sys_album_picture` VALUES (481, 0, 30, 0, '000-TjLQmvPaVtcY1508828872', '000-TjLQmvPaVtcY', 'upload/goods/20171024/1f41d40086b198fcee8e03493e775dba.jpg', '560,560', '560,560', 'upload/goods/20171024/5ba49ecc596652d15cad50d8a5d9db781.jpg', '700,700', '700,700', 'upload/goods/20171024/5ba49ecc596652d15cad50d8a5d9db782.jpg', '360,360', '360,360', 'upload/goods/20171024/5ba49ecc596652d15cad50d8a5d9db783.jpg', '240,240', '240,240', 'upload/goods/20171024/5ba49ecc596652d15cad50d8a5d9db784.jpg', '60,60', '60,60', 1508828874, 1, '', '');
INSERT INTO `sys_album_picture` VALUES (482, 0, 30, 0, 'o9542810012669519641508828874', 'o954281001266951964', 'upload/goods/20171024/2e95323c62622599f1a93c0633c53150.jpg', '667,920', '667,920', 'upload/goods/20171024/2c0cbd1f6aaac3d5a63835835ae8fe671.jpg', '700,700', '700,700', 'upload/goods/20171024/2c0cbd1f6aaac3d5a63835835ae8fe672.jpg', '360,360', '360,360', 'upload/goods/20171024/2c0cbd1f6aaac3d5a63835835ae8fe673.jpg', '240,240', '240,240', 'upload/goods/20171024/2c0cbd1f6aaac3d5a63835835ae8fe674.jpg', '60,60', '60,60', 1508828875, 1, '', '');
INSERT INTO `sys_album_picture` VALUES (483, 0, 0, 0, 'Penguins1509162527', 'Penguins', 'upload/goods/20171028/a995565e41eefd98e6f6e053ed835e18.jpg', '1024,768', '1024,768', 'upload/goods/20171028/23efed1f05dbcc452fe2a9a4a8eb128f1.jpg', '700,700', '700,700', 'upload/goods/20171028/23efed1f05dbcc452fe2a9a4a8eb128f2.jpg', '360,360', '360,360', 'upload/goods/20171028/23efed1f05dbcc452fe2a9a4a8eb128f3.jpg', '240,240', '240,240', 'upload/goods/20171028/23efed1f05dbcc452fe2a9a4a8eb128f4.jpg', '60,60', '60,60', 1509162529, 1, '', '');
INSERT INTO `sys_album_picture` VALUES (484, 0, 30, 0, 'Koala1510298819', 'Koala', 'http://oz54h6dg5.bkt.clouddn.com/upload/goods/20171110/5fbee77211d8d20f47316158e9051592.jpg', '1024,768', '1024,768', 'http://oz54h6dg5.bkt.clouddn.com/upload/goods/20171110/9695c381b9d4b2e188e61976dddc091f1.jpg', '700,700', '700,700', 'http://oz54h6dg5.bkt.clouddn.com/upload/goods/20171110/9695c381b9d4b2e188e61976dddc091f2.jpg', '360,360', '360,360', 'http://oz54h6dg5.bkt.clouddn.com/upload/goods/20171110/9695c381b9d4b2e188e61976dddc091f3.jpg', '240,240', '240,240', 'http://oz54h6dg5.bkt.clouddn.com/upload/goods/20171110/9695c381b9d4b2e188e61976dddc091f4.jpg', '60,60', '60,60', 1510298825, 2, 'http://oz54h6dg5.bkt.clouddn.com', 'lzw-test-01');

-- ----------------------------
-- Table structure for sys_area
-- ----------------------------
DROP TABLE IF EXISTS `sys_area`;
CREATE TABLE `sys_area`  (
  `area_id` int(11) NOT NULL AUTO_INCREMENT,
  `area_name` varchar(50) CHARACTER SET utf8 COLLATE utf8_general_ci NOT NULL DEFAULT '',
  `sort` int(11) NULL DEFAULT NULL,
  PRIMARY KEY (`area_id`) USING BTREE
) ENGINE = InnoDB AUTO_INCREMENT = 9 AVG_ROW_LENGTH = 2048 CHARACTER SET = utf8 COLLATE = utf8_general_ci COMMENT = '全部区域表' ROW_FORMAT = Compact;

-- ----------------------------
-- Records of sys_area
-- ----------------------------
INSERT INTO `sys_area` VALUES (1, '华东', 0);
INSERT INTO `sys_area` VALUES (2, '华北', 0);
INSERT INTO `sys_area` VALUES (3, '华南', 0);
INSERT INTO `sys_area` VALUES (4, '华中', 0);
INSERT INTO `sys_area` VALUES (5, '东北', 0);
INSERT INTO `sys_area` VALUES (6, '西北', 0);
INSERT INTO `sys_area` VALUES (7, '西南', 0);
INSERT INTO `sys_area` VALUES (8, '港澳台', 0);

-- ----------------------------
-- Table structure for sys_city
-- ----------------------------
DROP TABLE IF EXISTS `sys_city`;
CREATE TABLE `sys_city`  (
  `city_id` int(11) NOT NULL AUTO_INCREMENT,
  `province_id` int(11) NOT NULL DEFAULT 0,
  `city_name` varchar(255) CHARACTER SET utf8 COLLATE utf8_general_ci NOT NULL DEFAULT '',
  `zipcode` varchar(6) CHARACTER SET utf8 COLLATE utf8_general_ci NOT NULL DEFAULT '',
  `sort` int(10) NOT NULL DEFAULT 0,
  PRIMARY KEY (`city_id`) USING BTREE,
  INDEX `IDX_g_city_CityName`(`city_name`) USING BTREE
) ENGINE = InnoDB AUTO_INCREMENT = 346 AVG_ROW_LENGTH = 135 CHARACTER SET = utf8 COLLATE = utf8_general_ci ROW_FORMAT = Compact;

-- ----------------------------
-- Records of sys_city
-- ----------------------------
INSERT INTO `sys_city` VALUES (1, 1, '北京市', '100000', 1);
INSERT INTO `sys_city` VALUES (2, 2, '天津市', '100000', 0);
INSERT INTO `sys_city` VALUES (3, 3, '石家庄市', '050000', 0);
INSERT INTO `sys_city` VALUES (4, 3, '唐山市', '063000', 0);
INSERT INTO `sys_city` VALUES (5, 3, '秦皇岛市', '066000', 0);
INSERT INTO `sys_city` VALUES (6, 3, '邯郸市', '056000', 0);
INSERT INTO `sys_city` VALUES (7, 3, '邢台市', '054000', 0);
INSERT INTO `sys_city` VALUES (8, 3, '保定市', '071000', 0);
INSERT INTO `sys_city` VALUES (9, 3, '张家口市', '075000', 0);
INSERT INTO `sys_city` VALUES (10, 3, '承德市', '067000', 0);
INSERT INTO `sys_city` VALUES (11, 3, '沧州市', '061000', 0);
INSERT INTO `sys_city` VALUES (12, 3, '廊坊市', '065000', 0);
INSERT INTO `sys_city` VALUES (13, 3, '衡水市', '053000', 0);
INSERT INTO `sys_city` VALUES (14, 4, '太原市', '030000', 0);
INSERT INTO `sys_city` VALUES (15, 4, '大同市', '037000', 0);
INSERT INTO `sys_city` VALUES (16, 4, '阳泉市', '045000', 0);
INSERT INTO `sys_city` VALUES (17, 4, '长治市', '046000', 0);
INSERT INTO `sys_city` VALUES (18, 4, '晋城市', '048000', 0);
INSERT INTO `sys_city` VALUES (19, 4, '朔州市', '036000', 0);
INSERT INTO `sys_city` VALUES (20, 4, '晋中市', '030600', 0);
INSERT INTO `sys_city` VALUES (21, 4, '运城市', '044000', 0);
INSERT INTO `sys_city` VALUES (22, 4, '忻州市', '034000', 0);
INSERT INTO `sys_city` VALUES (23, 4, '临汾市', '041000', 0);
INSERT INTO `sys_city` VALUES (24, 4, '吕梁市', '030500', 0);
INSERT INTO `sys_city` VALUES (25, 5, '呼和浩特市', '010000', 0);
INSERT INTO `sys_city` VALUES (26, 5, '包头市', '014000', 0);
INSERT INTO `sys_city` VALUES (27, 5, '乌海市', '016000', 0);
INSERT INTO `sys_city` VALUES (28, 5, '赤峰市', '024000', 0);
INSERT INTO `sys_city` VALUES (29, 5, '通辽市', '028000', 0);
INSERT INTO `sys_city` VALUES (30, 5, '鄂尔多斯市', '010300', 0);
INSERT INTO `sys_city` VALUES (31, 5, '呼伦贝尔市', '021000', 0);
INSERT INTO `sys_city` VALUES (32, 5, '巴彦淖尔市', '014400', 0);
INSERT INTO `sys_city` VALUES (33, 5, '乌兰察布市', '011800', 0);
INSERT INTO `sys_city` VALUES (34, 5, '兴安盟', '137500', 0);
INSERT INTO `sys_city` VALUES (35, 5, '锡林郭勒盟', '011100', 0);
INSERT INTO `sys_city` VALUES (36, 5, '阿拉善盟', '016000', 0);
INSERT INTO `sys_city` VALUES (37, 6, '沈阳市', '110000', 0);
INSERT INTO `sys_city` VALUES (38, 6, '大连市', '116000', 0);
INSERT INTO `sys_city` VALUES (39, 6, '鞍山市', '114000', 0);
INSERT INTO `sys_city` VALUES (40, 6, '抚顺市', '113000', 0);
INSERT INTO `sys_city` VALUES (41, 6, '本溪市', '117000', 0);
INSERT INTO `sys_city` VALUES (42, 6, '丹东市', '118000', 0);
INSERT INTO `sys_city` VALUES (43, 6, '锦州市', '121000', 0);
INSERT INTO `sys_city` VALUES (44, 6, '营口市', '115000', 0);
INSERT INTO `sys_city` VALUES (45, 6, '阜新市', '123000', 0);
INSERT INTO `sys_city` VALUES (46, 6, '辽阳市', '111000', 0);
INSERT INTO `sys_city` VALUES (47, 6, '盘锦市', '124000', 0);
INSERT INTO `sys_city` VALUES (48, 6, '铁岭市', '112000', 0);
INSERT INTO `sys_city` VALUES (49, 6, '朝阳市', '122000', 0);
INSERT INTO `sys_city` VALUES (50, 6, '葫芦岛市', '125000', 0);
INSERT INTO `sys_city` VALUES (51, 7, '长春市', '130000', 0);
INSERT INTO `sys_city` VALUES (52, 7, '吉林市', '132000', 0);
INSERT INTO `sys_city` VALUES (53, 7, '四平市', '136000', 0);
INSERT INTO `sys_city` VALUES (54, 7, '辽源市', '136200', 0);
INSERT INTO `sys_city` VALUES (55, 7, '通化市', '134000', 0);
INSERT INTO `sys_city` VALUES (56, 7, '白山市', '134300', 0);
INSERT INTO `sys_city` VALUES (57, 7, '松原市', '131100', 0);
INSERT INTO `sys_city` VALUES (58, 7, '白城市', '137000', 0);
INSERT INTO `sys_city` VALUES (59, 7, '延边朝鲜族自治州', '133000', 0);
INSERT INTO `sys_city` VALUES (60, 8, '哈尔滨市', '150000', 0);
INSERT INTO `sys_city` VALUES (61, 8, '齐齐哈尔市', '161000', 0);
INSERT INTO `sys_city` VALUES (62, 8, '鸡西市', '158100', 0);
INSERT INTO `sys_city` VALUES (63, 8, '鹤岗市', '154100', 0);
INSERT INTO `sys_city` VALUES (64, 8, '双鸭山市', '155100', 0);
INSERT INTO `sys_city` VALUES (65, 8, '大庆市', '163000', 0);
INSERT INTO `sys_city` VALUES (66, 8, '伊春市', '152300', 0);
INSERT INTO `sys_city` VALUES (67, 8, '佳木斯市', '154000', 0);
INSERT INTO `sys_city` VALUES (68, 8, '七台河市', '154600', 0);
INSERT INTO `sys_city` VALUES (69, 8, '牡丹江市', '157000', 0);
INSERT INTO `sys_city` VALUES (70, 8, '黑河市', '164300', 0);
INSERT INTO `sys_city` VALUES (71, 8, '绥化市', '152000', 0);
INSERT INTO `sys_city` VALUES (72, 8, '大兴安岭地区', '165000', 0);
INSERT INTO `sys_city` VALUES (73, 9, '上海市', '200000', 0);
INSERT INTO `sys_city` VALUES (74, 10, '南京市', '210000', 0);
INSERT INTO `sys_city` VALUES (75, 10, '无锡市', '214000', 0);
INSERT INTO `sys_city` VALUES (76, 10, '徐州市', '221000', 0);
INSERT INTO `sys_city` VALUES (77, 10, '常州市', '213000', 0);
INSERT INTO `sys_city` VALUES (78, 10, '苏州市', '215000', 0);
INSERT INTO `sys_city` VALUES (79, 10, '南通市', '226000', 0);
INSERT INTO `sys_city` VALUES (80, 10, '连云港市', '222000', 0);
INSERT INTO `sys_city` VALUES (81, 10, '淮安市', '223200', 0);
INSERT INTO `sys_city` VALUES (82, 10, '盐城市', '224000', 0);
INSERT INTO `sys_city` VALUES (83, 10, '扬州市', '225000', 0);
INSERT INTO `sys_city` VALUES (84, 10, '镇江市', '212000', 0);
INSERT INTO `sys_city` VALUES (85, 10, '泰州市', '225300', 0);
INSERT INTO `sys_city` VALUES (86, 10, '宿迁市', '223800', 0);
INSERT INTO `sys_city` VALUES (87, 11, '杭州市', '310000', 0);
INSERT INTO `sys_city` VALUES (88, 11, '宁波市', '315000', 0);
INSERT INTO `sys_city` VALUES (89, 11, '温州市', '325000', 0);
INSERT INTO `sys_city` VALUES (90, 11, '嘉兴市', '314000', 0);
INSERT INTO `sys_city` VALUES (91, 11, '湖州市', '313000', 0);
INSERT INTO `sys_city` VALUES (92, 11, '绍兴市', '312000', 0);
INSERT INTO `sys_city` VALUES (93, 11, '金华市', '321000', 0);
INSERT INTO `sys_city` VALUES (94, 11, '衢州市', '324000', 0);
INSERT INTO `sys_city` VALUES (95, 11, '舟山市', '316000', 0);
INSERT INTO `sys_city` VALUES (96, 11, '台州市', '318000', 0);
INSERT INTO `sys_city` VALUES (97, 11, '丽水市', '323000', 0);
INSERT INTO `sys_city` VALUES (98, 12, '合肥市', '230000', 0);
INSERT INTO `sys_city` VALUES (99, 12, '芜湖市', '241000', 0);
INSERT INTO `sys_city` VALUES (100, 12, '蚌埠市', '233000', 0);
INSERT INTO `sys_city` VALUES (101, 12, '淮南市', '232000', 0);
INSERT INTO `sys_city` VALUES (102, 12, '马鞍山市', '243000', 0);
INSERT INTO `sys_city` VALUES (103, 12, '淮北市', '235000', 0);
INSERT INTO `sys_city` VALUES (104, 12, '铜陵市', '244000', 0);
INSERT INTO `sys_city` VALUES (105, 12, '安庆市', '246000', 0);
INSERT INTO `sys_city` VALUES (106, 12, '黄山市', '242700', 0);
INSERT INTO `sys_city` VALUES (107, 12, '滁州市', '239000', 0);
INSERT INTO `sys_city` VALUES (108, 12, '阜阳市', '236100', 0);
INSERT INTO `sys_city` VALUES (109, 12, '宿州市', '234100', 0);
INSERT INTO `sys_city` VALUES (110, 12, '巢湖市', '238000', 0);
INSERT INTO `sys_city` VALUES (111, 12, '六安市', '237000', 0);
INSERT INTO `sys_city` VALUES (112, 12, '亳州市', '236800', 0);
INSERT INTO `sys_city` VALUES (113, 12, '池州市', '247100', 0);
INSERT INTO `sys_city` VALUES (114, 12, '宣城市', '366000', 0);
INSERT INTO `sys_city` VALUES (115, 13, '福州市', '350000', 0);
INSERT INTO `sys_city` VALUES (116, 13, '厦门市', '361000', 0);
INSERT INTO `sys_city` VALUES (117, 13, '莆田市', '351100', 0);
INSERT INTO `sys_city` VALUES (118, 13, '三明市', '365000', 0);
INSERT INTO `sys_city` VALUES (119, 13, '泉州市', '362000', 0);
INSERT INTO `sys_city` VALUES (120, 13, '漳州市', '363000', 0);
INSERT INTO `sys_city` VALUES (121, 13, '南平市', '353000', 0);
INSERT INTO `sys_city` VALUES (122, 13, '龙岩市', '364000', 0);
INSERT INTO `sys_city` VALUES (123, 13, '宁德市', '352100', 0);
INSERT INTO `sys_city` VALUES (124, 14, '南昌市', '330000', 0);
INSERT INTO `sys_city` VALUES (125, 14, '景德镇市', '333000', 0);
INSERT INTO `sys_city` VALUES (126, 14, '萍乡市', '337000', 0);
INSERT INTO `sys_city` VALUES (127, 14, '九江市', '332000', 0);
INSERT INTO `sys_city` VALUES (128, 14, '新余市', '338000', 0);
INSERT INTO `sys_city` VALUES (129, 14, '鹰潭市', '335000', 0);
INSERT INTO `sys_city` VALUES (130, 14, '赣州市', '341000', 0);
INSERT INTO `sys_city` VALUES (131, 14, '吉安市', '343000', 0);
INSERT INTO `sys_city` VALUES (132, 14, '宜春市', '336000', 0);
INSERT INTO `sys_city` VALUES (133, 14, '抚州市', '332900', 0);
INSERT INTO `sys_city` VALUES (134, 14, '上饶市', '334000', 0);
INSERT INTO `sys_city` VALUES (135, 15, '济南市', '250000', 0);
INSERT INTO `sys_city` VALUES (136, 15, '青岛市', '266000', 0);
INSERT INTO `sys_city` VALUES (137, 15, '淄博市', '255000', 0);
INSERT INTO `sys_city` VALUES (138, 15, '枣庄市', '277100', 0);
INSERT INTO `sys_city` VALUES (139, 15, '东营市', '257000', 0);
INSERT INTO `sys_city` VALUES (140, 15, '烟台市', '264000', 0);
INSERT INTO `sys_city` VALUES (141, 15, '潍坊市', '261000', 0);
INSERT INTO `sys_city` VALUES (142, 15, '济宁市', '272100', 0);
INSERT INTO `sys_city` VALUES (143, 15, '泰安市', '271000', 0);
INSERT INTO `sys_city` VALUES (144, 15, '威海市', '265700', 0);
INSERT INTO `sys_city` VALUES (145, 15, '日照市', '276800', 0);
INSERT INTO `sys_city` VALUES (146, 15, '莱芜市', '271100', 0);
INSERT INTO `sys_city` VALUES (147, 15, '临沂市', '276000', 0);
INSERT INTO `sys_city` VALUES (148, 15, '德州市', '253000', 0);
INSERT INTO `sys_city` VALUES (149, 15, '聊城市', '252000', 0);
INSERT INTO `sys_city` VALUES (150, 15, '滨州市', '256600', 0);
INSERT INTO `sys_city` VALUES (151, 15, '荷泽市', '255000', 0);
INSERT INTO `sys_city` VALUES (152, 16, '郑州市', '450000', 0);
INSERT INTO `sys_city` VALUES (153, 16, '开封市', '475000', 0);
INSERT INTO `sys_city` VALUES (154, 16, '洛阳市', '471000', 0);
INSERT INTO `sys_city` VALUES (155, 16, '平顶山市', '467000', 0);
INSERT INTO `sys_city` VALUES (156, 16, '安阳市', '454900', 0);
INSERT INTO `sys_city` VALUES (157, 16, '鹤壁市', '456600', 0);
INSERT INTO `sys_city` VALUES (158, 16, '新乡市', '453000', 0);
INSERT INTO `sys_city` VALUES (159, 16, '焦作市', '454100', 0);
INSERT INTO `sys_city` VALUES (160, 16, '濮阳市', '457000', 0);
INSERT INTO `sys_city` VALUES (161, 16, '许昌市', '461000', 0);
INSERT INTO `sys_city` VALUES (162, 16, '漯河市', '462000', 0);
INSERT INTO `sys_city` VALUES (163, 16, '三门峡市', '472000', 0);
INSERT INTO `sys_city` VALUES (164, 16, '南阳市', '473000', 0);
INSERT INTO `sys_city` VALUES (165, 16, '商丘市', '476000', 0);
INSERT INTO `sys_city` VALUES (166, 16, '信阳市', '464000', 0);
INSERT INTO `sys_city` VALUES (167, 16, '周口市', '466000', 0);
INSERT INTO `sys_city` VALUES (168, 16, '驻马店市', '463000', 0);
INSERT INTO `sys_city` VALUES (169, 17, '武汉市', '430000', 0);
INSERT INTO `sys_city` VALUES (170, 17, '黄石市', '435000', 0);
INSERT INTO `sys_city` VALUES (171, 17, '十堰市', '442000', 0);
INSERT INTO `sys_city` VALUES (172, 17, '宜昌市', '443000', 0);
INSERT INTO `sys_city` VALUES (173, 17, '襄樊市', '441000', 0);
INSERT INTO `sys_city` VALUES (174, 17, '鄂州市', '436000', 0);
INSERT INTO `sys_city` VALUES (175, 17, '荆门市', '448000', 0);
INSERT INTO `sys_city` VALUES (176, 17, '孝感市', '432100', 0);
INSERT INTO `sys_city` VALUES (177, 17, '荆州市', '434000', 0);
INSERT INTO `sys_city` VALUES (178, 17, '黄冈市', '438000', 0);
INSERT INTO `sys_city` VALUES (179, 17, '咸宁市', '437000', 0);
INSERT INTO `sys_city` VALUES (180, 17, '随州市', '441300', 0);
INSERT INTO `sys_city` VALUES (181, 17, '恩施土家族苗族自治州', '445000', 0);
INSERT INTO `sys_city` VALUES (182, 17, '神农架', '442400', 0);
INSERT INTO `sys_city` VALUES (183, 18, '长沙市', '410000', 0);
INSERT INTO `sys_city` VALUES (184, 18, '株洲市', '412000', 0);
INSERT INTO `sys_city` VALUES (185, 18, '湘潭市', '411100', 0);
INSERT INTO `sys_city` VALUES (186, 18, '衡阳市', '421000', 0);
INSERT INTO `sys_city` VALUES (187, 18, '邵阳市', '422000', 0);
INSERT INTO `sys_city` VALUES (188, 18, '岳阳市', '414000', 0);
INSERT INTO `sys_city` VALUES (189, 18, '常德市', '415000', 0);
INSERT INTO `sys_city` VALUES (190, 18, '张家界市', '427000', 0);
INSERT INTO `sys_city` VALUES (191, 18, '益阳市', '413000', 0);
INSERT INTO `sys_city` VALUES (192, 18, '郴州市', '423000', 0);
INSERT INTO `sys_city` VALUES (193, 18, '永州市', '425000', 0);
INSERT INTO `sys_city` VALUES (194, 18, '怀化市', '418000', 0);
INSERT INTO `sys_city` VALUES (195, 18, '娄底市', '417000', 0);
INSERT INTO `sys_city` VALUES (196, 18, '湘西土家族苗族自治州', '416000', 0);
INSERT INTO `sys_city` VALUES (197, 19, '广州市', '510000', 0);
INSERT INTO `sys_city` VALUES (198, 19, '韶关市', '521000', 0);
INSERT INTO `sys_city` VALUES (199, 19, '深圳市', '518000', 0);
INSERT INTO `sys_city` VALUES (200, 19, '珠海市', '519000', 0);
INSERT INTO `sys_city` VALUES (201, 19, '汕头市', '515000', 0);
INSERT INTO `sys_city` VALUES (202, 19, '佛山市', '528000', 0);
INSERT INTO `sys_city` VALUES (203, 19, '江门市', '529000', 0);
INSERT INTO `sys_city` VALUES (204, 19, '湛江市', '524000', 0);
INSERT INTO `sys_city` VALUES (205, 19, '茂名市', '525000', 0);
INSERT INTO `sys_city` VALUES (206, 19, '肇庆市', '526000', 0);
INSERT INTO `sys_city` VALUES (207, 19, '惠州市', '516000', 0);
INSERT INTO `sys_city` VALUES (208, 19, '梅州市', '514000', 0);
INSERT INTO `sys_city` VALUES (209, 19, '汕尾市', '516600', 1);
INSERT INTO `sys_city` VALUES (210, 19, '河源市', '517000', 0);
INSERT INTO `sys_city` VALUES (211, 19, '阳江市', '529500', 0);
INSERT INTO `sys_city` VALUES (212, 19, '清远市', '511500', 0);
INSERT INTO `sys_city` VALUES (213, 19, '东莞市', '511700', 0);
INSERT INTO `sys_city` VALUES (214, 19, '中山市', '528400', 0);
INSERT INTO `sys_city` VALUES (215, 19, '潮州市', '515600', 0);
INSERT INTO `sys_city` VALUES (216, 19, '揭阳市', '522000', 0);
INSERT INTO `sys_city` VALUES (217, 19, '云浮市', '527300', 0);
INSERT INTO `sys_city` VALUES (218, 20, '南宁市', '530000', 0);
INSERT INTO `sys_city` VALUES (219, 20, '柳州市', '545000', 0);
INSERT INTO `sys_city` VALUES (220, 20, '桂林市', '541000', 0);
INSERT INTO `sys_city` VALUES (221, 20, '梧州市', '543000', 0);
INSERT INTO `sys_city` VALUES (222, 20, '北海市', '536000', 0);
INSERT INTO `sys_city` VALUES (223, 20, '防城港市', '538000', 0);
INSERT INTO `sys_city` VALUES (224, 20, '钦州市', '535000', 0);
INSERT INTO `sys_city` VALUES (225, 20, '贵港市', '537100', 0);
INSERT INTO `sys_city` VALUES (226, 20, '玉林市', '537000', 0);
INSERT INTO `sys_city` VALUES (227, 20, '百色市', '533000', 0);
INSERT INTO `sys_city` VALUES (228, 20, '贺州市', '542800', 0);
INSERT INTO `sys_city` VALUES (229, 20, '河池市', '547000', 0);
INSERT INTO `sys_city` VALUES (230, 20, '来宾市', '546100', 0);
INSERT INTO `sys_city` VALUES (231, 20, '崇左市', '532200', 0);
INSERT INTO `sys_city` VALUES (232, 21, '海口市', '570000', 0);
INSERT INTO `sys_city` VALUES (233, 21, '三亚市', '572000', 0);
INSERT INTO `sys_city` VALUES (234, 22, '重庆市', '400000', 0);
INSERT INTO `sys_city` VALUES (235, 23, '成都市', '610000', 0);
INSERT INTO `sys_city` VALUES (236, 23, '自贡市', '643000', 0);
INSERT INTO `sys_city` VALUES (237, 23, '攀枝花市', '617000', 0);
INSERT INTO `sys_city` VALUES (238, 23, '泸州市', '646100', 0);
INSERT INTO `sys_city` VALUES (239, 23, '德阳市', '618000', 0);
INSERT INTO `sys_city` VALUES (240, 23, '绵阳市', '621000', 0);
INSERT INTO `sys_city` VALUES (241, 23, '广元市', '628000', 0);
INSERT INTO `sys_city` VALUES (242, 23, '遂宁市', '629000', 0);
INSERT INTO `sys_city` VALUES (243, 23, '内江市', '641000', 0);
INSERT INTO `sys_city` VALUES (244, 23, '乐山市', '614000', 0);
INSERT INTO `sys_city` VALUES (245, 23, '南充市', '637000', 0);
INSERT INTO `sys_city` VALUES (246, 23, '眉山市', '612100', 0);
INSERT INTO `sys_city` VALUES (247, 23, '宜宾市', '644000', 0);
INSERT INTO `sys_city` VALUES (248, 23, '广安市', '638000', 0);
INSERT INTO `sys_city` VALUES (249, 23, '达州市', '635000', 0);
INSERT INTO `sys_city` VALUES (250, 23, '雅安市', '625000', 0);
INSERT INTO `sys_city` VALUES (251, 23, '巴中市', '635500', 0);
INSERT INTO `sys_city` VALUES (252, 23, '资阳市', '641300', 0);
INSERT INTO `sys_city` VALUES (253, 23, '阿坝藏族羌族自治州', '624600', 0);
INSERT INTO `sys_city` VALUES (254, 23, '甘孜藏族自治州', '626000', 0);
INSERT INTO `sys_city` VALUES (255, 23, '凉山彝族自治州', '615000', 0);
INSERT INTO `sys_city` VALUES (256, 24, '贵阳市', '55000', 0);
INSERT INTO `sys_city` VALUES (257, 24, '六盘水市', '553000', 0);
INSERT INTO `sys_city` VALUES (258, 24, '遵义市', '563000', 0);
INSERT INTO `sys_city` VALUES (259, 24, '安顺市', '561000', 0);
INSERT INTO `sys_city` VALUES (260, 24, '铜仁地区', '554300', 0);
INSERT INTO `sys_city` VALUES (261, 24, '黔西南布依族苗族自治州', '551500', 0);
INSERT INTO `sys_city` VALUES (262, 24, '毕节地区', '551700', 0);
INSERT INTO `sys_city` VALUES (263, 24, '黔东南苗族侗族自治州', '551500', 0);
INSERT INTO `sys_city` VALUES (264, 24, '黔南布依族苗族自治州', '550100', 0);
INSERT INTO `sys_city` VALUES (265, 25, '昆明市', '650000', 0);
INSERT INTO `sys_city` VALUES (266, 25, '曲靖市', '655000', 0);
INSERT INTO `sys_city` VALUES (267, 25, '玉溪市', '653100', 0);
INSERT INTO `sys_city` VALUES (268, 25, '保山市', '678000', 0);
INSERT INTO `sys_city` VALUES (269, 25, '昭通市', '657000', 0);
INSERT INTO `sys_city` VALUES (270, 25, '丽江市', '674100', 0);
INSERT INTO `sys_city` VALUES (271, 25, '思茅市', '665000', 0);
INSERT INTO `sys_city` VALUES (272, 25, '临沧市', '677000', 0);
INSERT INTO `sys_city` VALUES (273, 25, '楚雄彝族自治州', '675000', 0);
INSERT INTO `sys_city` VALUES (274, 25, '红河哈尼族彝族自治州', '654400', 0);
INSERT INTO `sys_city` VALUES (275, 25, '文山壮族苗族自治州', '663000', 0);
INSERT INTO `sys_city` VALUES (276, 25, '西双版纳傣族自治州', '666200', 0);
INSERT INTO `sys_city` VALUES (277, 25, '大理白族自治州', '671000', 0);
INSERT INTO `sys_city` VALUES (278, 25, '德宏傣族景颇族自治州', '678400', 0);
INSERT INTO `sys_city` VALUES (279, 25, '怒江傈僳族自治州', '671400', 0);
INSERT INTO `sys_city` VALUES (280, 25, '迪庆藏族自治州', '674400', 0);
INSERT INTO `sys_city` VALUES (281, 26, '拉萨市', '850000', 0);
INSERT INTO `sys_city` VALUES (282, 26, '昌都地区', '854000', 0);
INSERT INTO `sys_city` VALUES (283, 26, '山南地区', '856000', 0);
INSERT INTO `sys_city` VALUES (284, 26, '日喀则地区', '857000', 0);
INSERT INTO `sys_city` VALUES (285, 26, '那曲地区', '852000', 0);
INSERT INTO `sys_city` VALUES (286, 26, '阿里地区', '859100', 0);
INSERT INTO `sys_city` VALUES (287, 26, '林芝地区', '860100', 0);
INSERT INTO `sys_city` VALUES (288, 27, '西安市', '710000', 0);
INSERT INTO `sys_city` VALUES (289, 27, '铜川市', '727000', 0);
INSERT INTO `sys_city` VALUES (290, 27, '宝鸡市', '721000', 0);
INSERT INTO `sys_city` VALUES (291, 27, '咸阳市', '712000', 0);
INSERT INTO `sys_city` VALUES (292, 27, '渭南市', '714000', 0);
INSERT INTO `sys_city` VALUES (293, 27, '延安市', '716000', 0);
INSERT INTO `sys_city` VALUES (294, 27, '汉中市', '723000', 0);
INSERT INTO `sys_city` VALUES (295, 27, '榆林市', '719000', 0);
INSERT INTO `sys_city` VALUES (296, 27, '安康市', '725000', 0);
INSERT INTO `sys_city` VALUES (297, 27, '商洛市', '711500', 0);
INSERT INTO `sys_city` VALUES (298, 28, '兰州市', '730000', 0);
INSERT INTO `sys_city` VALUES (299, 28, '嘉峪关市', '735100', 0);
INSERT INTO `sys_city` VALUES (300, 28, '金昌市', '737100', 0);
INSERT INTO `sys_city` VALUES (301, 28, '白银市', '730900', 0);
INSERT INTO `sys_city` VALUES (302, 28, '天水市', '741000', 0);
INSERT INTO `sys_city` VALUES (303, 28, '武威市', '733000', 0);
INSERT INTO `sys_city` VALUES (304, 28, '张掖市', '734000', 0);
INSERT INTO `sys_city` VALUES (305, 28, '平凉市', '744000', 0);
INSERT INTO `sys_city` VALUES (306, 28, '酒泉市', '735000', 0);
INSERT INTO `sys_city` VALUES (307, 28, '庆阳市', '744500', 0);
INSERT INTO `sys_city` VALUES (308, 28, '定西市', '743000', 0);
INSERT INTO `sys_city` VALUES (309, 28, '陇南市', '742100', 0);
INSERT INTO `sys_city` VALUES (310, 28, '临夏回族自治州', '731100', 0);
INSERT INTO `sys_city` VALUES (311, 28, '甘南藏族自治州', '747000', 0);
INSERT INTO `sys_city` VALUES (312, 29, '西宁市', '810000', 0);
INSERT INTO `sys_city` VALUES (313, 29, '海东地区', '810600', 0);
INSERT INTO `sys_city` VALUES (314, 29, '海北藏族自治州', '810300', 0);
INSERT INTO `sys_city` VALUES (315, 29, '黄南藏族自治州', '811300', 0);
INSERT INTO `sys_city` VALUES (316, 29, '海南藏族自治州', '813000', 0);
INSERT INTO `sys_city` VALUES (317, 29, '果洛藏族自治州', '814000', 0);
INSERT INTO `sys_city` VALUES (318, 29, '玉树藏族自治州', '815000', 0);
INSERT INTO `sys_city` VALUES (319, 29, '海西蒙古族藏族自治州', '817000', 0);
INSERT INTO `sys_city` VALUES (320, 30, '银川市', '750000', 0);
INSERT INTO `sys_city` VALUES (321, 30, '石嘴山市', '753000', 0);
INSERT INTO `sys_city` VALUES (322, 30, '吴忠市', '751100', 0);
INSERT INTO `sys_city` VALUES (323, 30, '固原市', '756000', 0);
INSERT INTO `sys_city` VALUES (324, 30, '中卫市', '751700', 0);
INSERT INTO `sys_city` VALUES (325, 31, '乌鲁木齐市', '830000', 0);
INSERT INTO `sys_city` VALUES (326, 31, '克拉玛依市', '834000', 0);
INSERT INTO `sys_city` VALUES (327, 31, '吐鲁番地区', '838000', 0);
INSERT INTO `sys_city` VALUES (328, 31, '哈密地区', '839000', 0);
INSERT INTO `sys_city` VALUES (329, 31, '昌吉回族自治州', '831100', 0);
INSERT INTO `sys_city` VALUES (330, 31, '博尔塔拉蒙古自治州', '833400', 0);
INSERT INTO `sys_city` VALUES (331, 31, '巴音郭楞蒙古自治州', '841000', 0);
INSERT INTO `sys_city` VALUES (332, 31, '阿克苏地区', '843000', 0);
INSERT INTO `sys_city` VALUES (333, 31, '克孜勒苏柯尔克孜自治州', '835600', 0);
INSERT INTO `sys_city` VALUES (334, 31, '喀什地区', '844000', 0);
INSERT INTO `sys_city` VALUES (335, 31, '和田地区', '848000', 0);
INSERT INTO `sys_city` VALUES (336, 31, '伊犁哈萨克自治州', '833200', 0);
INSERT INTO `sys_city` VALUES (337, 31, '塔城地区', '834700', 0);
INSERT INTO `sys_city` VALUES (338, 31, '阿勒泰地区', '836500', 0);
INSERT INTO `sys_city` VALUES (339, 31, '石河子市', '832000', 0);
INSERT INTO `sys_city` VALUES (340, 31, '阿拉尔市', '843300', 0);
INSERT INTO `sys_city` VALUES (341, 31, '图木舒克市', '843900', 0);
INSERT INTO `sys_city` VALUES (342, 31, '五家渠市', '831300', 0);
INSERT INTO `sys_city` VALUES (343, 32, '香港特别行政区', '000000', 0);
INSERT INTO `sys_city` VALUES (344, 33, '澳门特别行政区', '000000', 0);
INSERT INTO `sys_city` VALUES (345, 34, '台湾省', '000000', 0);

-- ----------------------------
-- Table structure for sys_config
-- ----------------------------
DROP TABLE IF EXISTS `sys_config`;
CREATE TABLE `sys_config`  (
  `id` int(10) UNSIGNED NOT NULL AUTO_INCREMENT COMMENT '主键',
  `instance_id` int(11) NOT NULL DEFAULT 1 COMMENT '实例ID',
  `key` varchar(255) CHARACTER SET utf8 COLLATE utf8_general_ci NOT NULL DEFAULT '' COMMENT '配置项WCHAT,QQ,WPAY,ALIPAY...',
  `value` varchar(1000) CHARACTER SET utf8 COLLATE utf8_general_ci NOT NULL DEFAULT '' COMMENT '配置值json',
  `desc` varchar(1000) CHARACTER SET utf8 COLLATE utf8_general_ci NOT NULL DEFAULT '' COMMENT '描述',
  `is_use` tinyint(4) NOT NULL DEFAULT 0 COMMENT '是否启用 1启用 0不启用',
  `create_time` int(11) NULL DEFAULT 0 COMMENT '创建时间',
  `modify_time` int(11) NULL DEFAULT 0 COMMENT '修改时间',
  PRIMARY KEY (`id`) USING BTREE
) ENGINE = InnoDB AUTO_INCREMENT = 191 AVG_ROW_LENGTH = 963 CHARACTER SET = utf8 COLLATE = utf8_general_ci COMMENT = '第三方配置表' ROW_FORMAT = Compact;

-- ----------------------------
-- Records of sys_config
-- ----------------------------
INSERT INTO `sys_config` VALUES (12, 0, 'USERNOTICE', '\"\\u4e5d\\u4e00\\u516b\\u4e8b\\u53d886\\u5468\\u5e74\\uff0c\\u52ff\\u5fd8\\u56fd\\u803b\\uff0c\\u5174\\u6211\\u4e2d\\u534e\"', '', 1, 1487830081, 1506408831);
INSERT INTO `sys_config` VALUES (13, 0, 'HOTKEY', '[]', '', 1, 1487831749, 1505879334);
INSERT INTO `sys_config` VALUES (14, 0, 'DEFAULTKEY', '\"\\u641c\\u7d22\"', '', 1, 1487831788, 1503634954);
INSERT INTO `sys_config` VALUES (17, 0, 'QQLOGIN', '{\"APP_KEY\":\"test\",\"APP_SECRET\":\"q\",\"AUTHORIZE\":\"http:\\/\\/localhost\",\"CALLBACK\":\"http:\\/\\/localhost\\/niushop_b2c_demo\\/wap\\/login\\/callback\"}', 'qq', 1, 1488350925, 1514858432);
INSERT INTO `sys_config` VALUES (18, 0, 'WCHAT', '{\"APP_KEY\":\"test33\",\"APP_SECRET\":\"t\",\"AUTHORIZE\":\"http:\\/\\/localhost\",\"CALLBACK\":\"http:\\/\\/localhost\\/niushop_b2c_demo\\/niushop_b2c_demo\\/wap\\/login\\/callback\"}', '微信', 1, 1488350947, 1514858429);
INSERT INTO `sys_config` VALUES (21, 0, 'ALIPAY', '{\"ali_partnerid\":\"2088521118676432\",\"ali_seller\":\"2812789576@qq.com\",\"ali_key\":\"6czc43k6fqt2jiujtodbs46qgw0lhox7\"}', '', 1, 1488442697, 1510907719);
INSERT INTO `sys_config` VALUES (22, 0, 'EMAILMESSAGE', '{\"email_host\":\"smtp.163.com\",\"email_port\":\"465\",\"email_addr\":\"18634373642@163.com\",\"email_id\":\"18634373642\",\"email_pass\":\"zkf6927189\",\"email_is_security\":\"true\"}', '', 1, 1488524450, 1507529022);
INSERT INTO `sys_config` VALUES (27, 0, 'WXOPENPLATFORM', '', '', 1, 1490845979, 1496903672);
INSERT INTO `sys_config` VALUES (28, 0, 'LOGINVERIFYCODE', '{\"platform\":0,\"admin\":\"0\",\"pc\":\"0\"}', '', 1, 1491014899, 1510305545);
INSERT INTO `sys_config` VALUES (31, 0, 'COIN_CONFIG', '', '购物币现金转化关系', 1, 1492396593, 1496903672);
INSERT INTO `sys_config` VALUES (38, 0, 'ORDER_BUY_CLOSE_TIME', '50', '订单自动关闭时间', 1, 1499391774, 1508830810);
INSERT INTO `sys_config` VALUES (39, 0, 'ORDER_DELIVERY_COMPLETE_TIME', '0', '收货后多长时间自动完成', 1, 1499391779, 1508830810);
INSERT INTO `sys_config` VALUES (40, 0, 'ORDER_AUTO_DELIVERY', '14', '订单多长时间自动完成', 1, 1499391781, 1508830810);
INSERT INTO `sys_config` VALUES (41, 0, 'ORDER_BALANCE_PAY', '1', '是否开启余额支付', 1, 1499391784, 1508830810);
INSERT INTO `sys_config` VALUES (42, 0, 'ORDER_INVOICE_TAX', '0', '发票税率', 1, 1499391786, 1508830810);
INSERT INTO `sys_config` VALUES (43, 0, 'ORDER_INVOICE_CONTENT', '购物', '发票内容', 1, 1499391789, 1508830810);
INSERT INTO `sys_config` VALUES (44, 0, 'ORDER_SHOW_BUY_RECORD', '1', '是否显示购买记录', 1, 1499391791, 1508830810);
INSERT INTO `sys_config` VALUES (107, 0, 'ORDER_DELIVERY_PAY', '1', '是否开启货到付款', 1, 1496825466, 1508830810);
INSERT INTO `sys_config` VALUES (108, 0, 'WITHDRAW_BALANCE', '{\"withdraw_cash_min\":\"11\",\"withdraw_multiple\":\"11\",\"withdraw_poundage\":0,\"withdraw_message\":\"111\"}', '会员余额提现设置', 1, 1496830716, 1502938735);
INSERT INTO `sys_config` VALUES (109, 0, 'REGISTER_INTEGRAL', '1', '注册送积分', 1, 1496981877, 1507788740);
INSERT INTO `sys_config` VALUES (111, 0, 'SHARE_INTEGRAL', '0', '分享送积分', 1, 1496981877, 1507788740);
INSERT INTO `sys_config` VALUES (112, 0, 'SIGN_INTEGRAL', '1', '签到送积分', 1, 1496983370, 1507788740);
INSERT INTO `sys_config` VALUES (116, 0, 'LOGINVERIFYCODE', '{\"platform\":0,\"admin\":\"0\",\"pc\":\"0\"}', '', 1, 1497085371, 1510305545);
INSERT INTO `sys_config` VALUES (122, 0, 'HOTKEY', '[]', '', 1, 1497087566, 1505879334);
INSERT INTO `sys_config` VALUES (123, 0, 'DEFAULTKEY', '\"\\u641c\\u7d22\"', '', 1, 1497087582, 1503634954);
INSERT INTO `sys_config` VALUES (125, 0, 'WPAY', '{\"appid\":\"1\",\"appkey\":\"appse\",\"mch_id\":\"mchid\",\"mch_key\":\"signkey\"}', '', 1, 1497087123, 1508375814);
INSERT INTO `sys_config` VALUES (127, 0, 'SHOPWCHAT', '{\"appid\":\"\",\"appsecret\":\"\"}', '', 1, 1497088090, 1607935427);
INSERT INTO `sys_config` VALUES (128, 0, 'BUYER_SELF_LIFTING', '1', '是否开启买家自提', 1, 1498730475, 1508830810);
INSERT INTO `sys_config` VALUES (129, 0, 'ORDER_SELLER_DISPATCHING', '1', '是否开启商家配送', 1, 1498730475, 1508830810);
INSERT INTO `sys_config` VALUES (130, 0, 'SHOPPING_BACK_POINTS', '3', '购物返积分设置', 1, 1498730475, 1508830810);
INSERT INTO `sys_config` VALUES (136, 0, 'MOBILEMESSAGE', '{\"appKey\":\"LTAIiHHv46KtGETk\",\"secretKey\":\"2djZKFW4Zz2usIWunGCSwa7oXOwWsf\",\"freeSignName\":\"niushop\\u5546\\u57ce\",\"user_type\":\"1\"}', '', 1, 1498894954, 1508749042);
INSERT INTO `sys_config` VALUES (138, 0, 'ORDER_EXPRESS_MESSAGE', '{\"appid\":\"1292843\",\"appkey\":\"9a2a7c02-1e14-42f2-b3d0-fb131eb47692\",\"back_url\":\"\"}', '物流跟踪配置信息', 1, 1500275426, 1508739174);
INSERT INTO `sys_config` VALUES (144, 0, 'USE_WAP_TEMPLATE', 'default_new', '当前使用的手机模板文件夹', 1, 1500963540, 1511170298);
INSERT INTO `sys_config` VALUES (145, 0, 'PICKUPPOINT_FREIGHT', '{\"is_enable\":\"1\",\"pickup_freight\":\"10\",\"manjian_freight\":\"360\"}', '自提点运费菜单配置', 1, 1501054797, 1501923231);
INSERT INTO `sys_config` VALUES (146, 0, 'COPYRIGHT_LOGO', 'upload/common/1607912970.png', '版权logo', 1, 1501730723, 1607927731);
INSERT INTO `sys_config` VALUES (147, 0, 'COPYRIGHT_META', '', '备案号', 1, 1501730723, 1607927731);
INSERT INTO `sys_config` VALUES (148, 0, 'COPYRIGHT_DESC', 'Copyright © 2015-2025 NIUSHOP开源商城', '版权信息', 1, 1501730723, 1607927731);
INSERT INTO `sys_config` VALUES (149, 0, 'COPYRIGHT_COMPANYNAME', '上海牛之云网络科技有限公司', '公司名称', 1, 1501730723, 1607927731);
INSERT INTO `sys_config` VALUES (150, 0, 'COPYRIGHT_LINK', 'http://shop.niuxiaoke.com/works_admin/config/copyrightinfo.html', '版权链接', 1, 1501811620, 1607927731);
INSERT INTO `sys_config` VALUES (151, 0, 'ORDER_IS_LOGISTICS', '1', '是否允许选择物流', 1, 1501844082, 1508830810);
INSERT INTO `sys_config` VALUES (152, 0, 'SERVICE_ADDR', '{\"service_addr\":\"https:\\/\\/static.meiqia.com\\/dist\\/standalone.html?_=t&eid=69845\"}', '美洽客服链接地址', 0, 1502252163, 1508480019);
INSERT INTO `sys_config` VALUES (155, 0, 'IS_RECOMMEND', '{\"is_recommend\":\"0\"}', '首页商品促销版块是否显示设置', 1, 1502534595, 1504493801);
INSERT INTO `sys_config` VALUES (156, 0, 'IS_CATEGORY', '{\"is_category\":\"1\"}', '首页商品分类是否显示设置', 1, 1502534595, 1503721301);
INSERT INTO `sys_config` VALUES (158, 0, 'UPLOAD_TYPE', '1', '上传方式 1 本地  2 七牛', 1, 1502783190, 0);
INSERT INTO `sys_config` VALUES (160, 0, 'QINIU_CONFIG', '{\"Accesskey\":\"4-AV0MdzoybIlr6DdVF3yZ_bl0TFSPitXBnM-Doq\",\"Secretkey\":\"YAnCGcAG-AzpzBac1hfryA685CKmpo1cGQAzzSST\",\"Bucket\":\"ywt-01\",\"QiniuUrl\":\"http:\\/\\/p0bntmyzp.bkt.clouddn.com\"}', '七牛云存储参数配置', 1, 1502788645, 0);
INSERT INTO `sys_config` VALUES (162, 0, 'REGISTERANDVISIT', '{\"is_register\":\"1\",\"register_info\":\"plain\",\"name_keyword\":\"\",\"pwd_len\":\"5\",\"pwd_complexity\":\"\",\"is_requiretel\":\"1\",\"terms_of_service\":\"\"}', '', 1, 1502961335, 1510106721);
INSERT INTO `sys_config` VALUES (164, 0, 'ORDER_REMIND_SMS', 'niushop:13546422891', '订单提醒短信接收人设置', 1, 1504491309, 0);
INSERT INTO `sys_config` VALUES (165, 0, 'ORDER_REMIND_EMAIL', 'niushop:1518248472@qq.com,xkl:445503375@qq.com', '订单提醒邮箱接收人设置', 1, 1504491309, 0);
INSERT INTO `sys_config` VALUES (166, 0, 'ORDER_REMIND_WCHAT', '', '订单提醒微信接收人设置', 1, 1504491309, 0);
INSERT INTO `sys_config` VALUES (173, 0, 'USE_PC_TEMPLATE', 'default', '当前使用的PC端模板文件夹', 1, 1509957629, 1509957629);
INSERT INTO `sys_config` VALUES (178, 0, 'WAP_CUSTOM_TEMPLATE_IS_ENABLE', '0', '', 1, 1505894653, 1509703359);
INSERT INTO `sys_config` VALUES (179, 0, 'SEO_TITLE', 'seoaaa', '标题附加字', 1, 1506136071, 1506136348);
INSERT INTO `sys_config` VALUES (180, 0, 'SEO_META', '牛牛牛牛牛', '商城关键词', 1, 1506136071, 1506136348);
INSERT INTO `sys_config` VALUES (181, 0, 'SEO_DESC', '牛牛啊xxxxx', '关键词描述', 1, 1506136071, 1506136348);
INSERT INTO `sys_config` VALUES (182, 0, 'SEO_OTHER', '牛牛牛牛牛牛牛牛牛牛', '其他页头信息', 1, 1506136071, 1506136348);
INSERT INTO `sys_config` VALUES (183, 0, 'IMG_THUMB', '{\"thumb_type\":\"2\",\"upload_size\":\"0\",\"upload_ext\":\"gif,jpg,jpeg,bmp,png\"}', '图片生成缩略图参数配置 1 等比例缩放 2 居中裁剪 3 缩放后填充 4 左上角裁剪 5 右下角裁剪 6 固定尺寸缩放', 1, 1506652984, 0);
INSERT INTO `sys_config` VALUES (188, 0, 'ORIGINAL_ROAD_REFUND_SETTING_ALIPAY', '{\"is_use\":0}', '', 1, 1508227670, 1508494937);
INSERT INTO `sys_config` VALUES (189, 0, 'ORIGINAL_ROAD_REFUND_SETTING_WECHAT', '{\"is_use\":0,\"apiclient_cert\":\"1\",\"apiclient_key\":\"1\"}', '', 1, 1508228252, 1508494933);
INSERT INTO `sys_config` VALUES (190, 0, 'YWT_QC', '{\"cus_qrcode\":\"upload\\/common\\/1511513498.png\",\"cus_phone\":\"15866668888\",\"cus_email\":\"1234567@139.cn\",\"cus_qq\":\"33334444\",\"cus_weixin\":\"15866668888\"}', '宜文堂客服二维码', 1, 1511508080, 1512033945);

-- ----------------------------
-- Table structure for sys_custom_template
-- ----------------------------
DROP TABLE IF EXISTS `sys_custom_template`;
CREATE TABLE `sys_custom_template`  (
  `id` int(11) NOT NULL AUTO_INCREMENT COMMENT '主键',
  `shop_id` int(11) NOT NULL DEFAULT 0 COMMENT '店铺id',
  `template_name` varchar(250) CHARACTER SET utf8 COLLATE utf8_general_ci NULL DEFAULT '' COMMENT '自定义模板名称（暂时预留）',
  `template_data` longtext CHARACTER SET utf8 COLLATE utf8_general_ci NULL COMMENT '模板数据（JSON格式）',
  `create_time` int(11) NOT NULL DEFAULT 0 COMMENT '创建时间戳',
  `modify_time` int(11) NULL DEFAULT 0 COMMENT '修改时间戳',
  `is_enable` int(11) NOT NULL DEFAULT 1 COMMENT '是否启用 0 不启用 1 启用',
  `is_default` int(11) NULL DEFAULT 0 COMMENT '是否为默认模板 0 不是 1 是',
  PRIMARY KEY (`id`) USING BTREE
) ENGINE = InnoDB AUTO_INCREMENT = 20 AVG_ROW_LENGTH = 8192 CHARACTER SET = utf8 COLLATE = utf8_general_ci COMMENT = '手机端自定义模板' ROW_FORMAT = Compact;

-- ----------------------------
-- Records of sys_custom_template
-- ----------------------------
INSERT INTO `sys_custom_template` VALUES (18, 0, '新版本', '[{\"sort\":1,\"control_name\":\"GoodsSearch\",\"control_data\":\"{\\\"font_size\\\":\\\"14\\\",\\\"text_color\\\":\\\"#333333\\\",\\\"placeholder\\\":\\\"商品搜索\\\",\\\"bg_color\\\":\\\"#ffffff\\\",\\\"input_bg_color\\\":\\\"#f4f4f4\\\"}\"},{\"sort\":2,\"control_name\":\"Title\",\"control_data\":\"{\\\"title\\\":\\\"『标题名』\\\",\\\"subtitle\\\":\\\"\\\",\\\"text_align\\\":\\\"1\\\",\\\"href\\\":\\\"javascript:;\\\",\\\"text_color\\\":\\\"#333333\\\",\\\"bg_color\\\":\\\"#ffffff\\\"}\"},{\"sort\":3,\"control_name\":\"NavText\",\"control_data\":\"{\\\"nav_text\\\":\\\"『文本导航』\\\",\\\"font_size\\\":\\\"14\\\",\\\"text_color\\\":\\\"#333333\\\",\\\"href\\\":\\\"javascript:;\\\"}\"},{\"sort\":4,\"control_name\":\"RichText\",\"control_data\":\"{\\\"rich_text\\\":\\\"<p>『富文本』1</p>\\\"}\"},{\"sort\":5,\"control_name\":\"RichText\",\"control_data\":\"{\\\"rich_text\\\":\\\"<p>『富文本』2</p>\\\"}\"},{\"sort\":6,\"control_name\":\"Footer\",\"control_data\":\"{\\\"footer\\\":\\\"[{\\\\\\\"menu_name\\\\\\\":\\\\\\\"首页\\\\\\\",\\\\\\\"color\\\\\\\":\\\\\\\"#333333\\\\\\\",\\\\\\\"color_hover\\\\\\\":\\\\\\\"#0072D2\\\\\\\",\\\\\\\"href\\\\\\\":\\\\\\\"http://localhost/niushop_b2c_demo/index.php?s=/wap/index/index\\\\\\\",\\\\\\\"img_src\\\\\\\":\\\\\\\"upload/custom_template/control_footer_home.png\\\\\\\",\\\\\\\"img_src_hover\\\\\\\":\\\\\\\"upload/custom_template/control_footer_home_selected.png\\\\\\\"},{\\\\\\\"menu_name\\\\\\\":\\\\\\\"商品分类\\\\\\\",\\\\\\\"color\\\\\\\":\\\\\\\"#333333\\\\\\\",\\\\\\\"color_hover\\\\\\\":\\\\\\\"#0072D2\\\\\\\",\\\\\\\"href\\\\\\\":\\\\\\\"http://localhost/niushop_b2c_demo/index.php?s=/wap/goods/goodsclassificationlist\\\\\\\",\\\\\\\"img_src\\\\\\\":\\\\\\\"upload/custom_template/control_footer_classify.png\\\\\\\",\\\\\\\"img_src_hover\\\\\\\":\\\\\\\"upload/custom_template/control_footer_classify_selected.png\\\\\\\"},{\\\\\\\"menu_name\\\\\\\":\\\\\\\"购物车\\\\\\\",\\\\\\\"color\\\\\\\":\\\\\\\"#333333\\\\\\\",\\\\\\\"color_hover\\\\\\\":\\\\\\\"#0072D2\\\\\\\",\\\\\\\"href\\\\\\\":\\\\\\\"http://localhost/niushop_b2c_demo/index.php?s=/wap/goods/cart\\\\\\\",\\\\\\\"img_src\\\\\\\":\\\\\\\"upload/custom_template/control_footer_cart.png\\\\\\\",\\\\\\\"img_src_hover\\\\\\\":\\\\\\\"upload/custom_template/control_footer_cart_selected.png\\\\\\\"},{\\\\\\\"menu_name\\\\\\\":\\\\\\\"会员中心\\\\\\\",\\\\\\\"color\\\\\\\":\\\\\\\"#333333\\\\\\\",\\\\\\\"color_hover\\\\\\\":\\\\\\\"#0072D2\\\\\\\",\\\\\\\"href\\\\\\\":\\\\\\\"http://localhost/niushop_b2c_demo/index.php?s=/wap/member/index\\\\\\\",\\\\\\\"img_src\\\\\\\":\\\\\\\"upload/custom_template/control_footer_user.png\\\\\\\",\\\\\\\"img_src_hover\\\\\\\":\\\\\\\"upload/custom_template/control_footer_user_selected.png\\\\\\\"}]\\\"}\"},{\"sort\":7,\"control_name\":\"Footer\",\"control_data\":\"{\\\"footer\\\":\\\"[{\\\\\\\"menu_name\\\\\\\":\\\\\\\"首页\\\\\\\",\\\\\\\"color\\\\\\\":\\\\\\\"#333333\\\\\\\",\\\\\\\"color_hover\\\\\\\":\\\\\\\"#0072D2\\\\\\\",\\\\\\\"href\\\\\\\":\\\\\\\"http://localhost/niushop_b2c_demo/index.php?s=/wap/index/index\\\\\\\",\\\\\\\"img_src\\\\\\\":\\\\\\\"upload/custom_template/control_footer_home.png\\\\\\\",\\\\\\\"img_src_hover\\\\\\\":\\\\\\\"upload/custom_template/control_footer_home_selected.png\\\\\\\"},{\\\\\\\"menu_name\\\\\\\":\\\\\\\"商品分类\\\\\\\",\\\\\\\"color\\\\\\\":\\\\\\\"#333333\\\\\\\",\\\\\\\"color_hover\\\\\\\":\\\\\\\"#0072D2\\\\\\\",\\\\\\\"href\\\\\\\":\\\\\\\"http://localhost/niushop_b2c_demo/index.php?s=/wap/goods/goodsclassificationlist\\\\\\\",\\\\\\\"img_src\\\\\\\":\\\\\\\"upload/custom_template/control_footer_classify.png\\\\\\\",\\\\\\\"img_src_hover\\\\\\\":\\\\\\\"upload/custom_template/control_footer_classify_selected.png\\\\\\\"},{\\\\\\\"menu_name\\\\\\\":\\\\\\\"购物车\\\\\\\",\\\\\\\"color\\\\\\\":\\\\\\\"#333333\\\\\\\",\\\\\\\"color_hover\\\\\\\":\\\\\\\"#0072D2\\\\\\\",\\\\\\\"href\\\\\\\":\\\\\\\"http://localhost/niushop_b2c_demo/index.php?s=/wap/goods/cart\\\\\\\",\\\\\\\"img_src\\\\\\\":\\\\\\\"upload/custom_template/control_footer_cart.png\\\\\\\",\\\\\\\"img_src_hover\\\\\\\":\\\\\\\"upload/custom_template/control_footer_cart_selected.png\\\\\\\"},{\\\\\\\"menu_name\\\\\\\":\\\\\\\"会员中心\\\\\\\",\\\\\\\"color\\\\\\\":\\\\\\\"#333333\\\\\\\",\\\\\\\"color_hover\\\\\\\":\\\\\\\"#0072D2\\\\\\\",\\\\\\\"href\\\\\\\":\\\\\\\"http://localhost/niushop_b2c_demo/index.php?s=/wap/member/index\\\\\\\",\\\\\\\"img_src\\\\\\\":\\\\\\\"upload/custom_template/control_footer_user.png\\\\\\\",\\\\\\\"img_src_hover\\\\\\\":\\\\\\\"upload/custom_template/control_footer_user_selected.png\\\\\\\"}]\\\"}\"},{\"sort\":8,\"control_name\":\"Footer\",\"control_data\":\"{\\\"footer\\\":\\\"[{\\\\\\\"menu_name\\\\\\\":\\\\\\\"首页\\\\\\\",\\\\\\\"color\\\\\\\":\\\\\\\"#333333\\\\\\\",\\\\\\\"color_hover\\\\\\\":\\\\\\\"#0072D2\\\\\\\",\\\\\\\"href\\\\\\\":\\\\\\\"http://localhost/niushop_b2c_demo/index.php?s=/wap/index/index\\\\\\\",\\\\\\\"img_src\\\\\\\":\\\\\\\"upload/custom_template/control_footer_home.png\\\\\\\",\\\\\\\"img_src_hover\\\\\\\":\\\\\\\"upload/custom_template/control_footer_home_selected.png\\\\\\\"},{\\\\\\\"menu_name\\\\\\\":\\\\\\\"商品分类\\\\\\\",\\\\\\\"color\\\\\\\":\\\\\\\"#333333\\\\\\\",\\\\\\\"color_hover\\\\\\\":\\\\\\\"#0072D2\\\\\\\",\\\\\\\"href\\\\\\\":\\\\\\\"http://localhost/niushop_b2c_demo/index.php?s=/wap/goods/goodsclassificationlist\\\\\\\",\\\\\\\"img_src\\\\\\\":\\\\\\\"upload/custom_template/control_footer_classify.png\\\\\\\",\\\\\\\"img_src_hover\\\\\\\":\\\\\\\"upload/custom_template/control_footer_classify_selected.png\\\\\\\"},{\\\\\\\"menu_name\\\\\\\":\\\\\\\"购物车\\\\\\\",\\\\\\\"color\\\\\\\":\\\\\\\"#333333\\\\\\\",\\\\\\\"color_hover\\\\\\\":\\\\\\\"#0072D2\\\\\\\",\\\\\\\"href\\\\\\\":\\\\\\\"http://localhost/niushop_b2c_demo/index.php?s=/wap/goods/cart\\\\\\\",\\\\\\\"img_src\\\\\\\":\\\\\\\"upload/custom_template/control_footer_cart.png\\\\\\\",\\\\\\\"img_src_hover\\\\\\\":\\\\\\\"upload/custom_template/control_footer_cart_selected.png\\\\\\\"},{\\\\\\\"menu_name\\\\\\\":\\\\\\\"会员中心\\\\\\\",\\\\\\\"color\\\\\\\":\\\\\\\"#333333\\\\\\\",\\\\\\\"color_hover\\\\\\\":\\\\\\\"#0072D2\\\\\\\",\\\\\\\"href\\\\\\\":\\\\\\\"http://localhost/niushop_b2c_demo/index.php?s=/wap/member/index\\\\\\\",\\\\\\\"img_src\\\\\\\":\\\\\\\"upload/custom_template/control_footer_user.png\\\\\\\",\\\\\\\"img_src_hover\\\\\\\":\\\\\\\"upload/custom_template/control_footer_user_selected.png\\\\\\\"}]\\\"}\"},{\"sort\":9,\"control_name\":\"Footer\",\"control_data\":\"{\\\"footer\\\":\\\"[{\\\\\\\"menu_name\\\\\\\":\\\\\\\"首页\\\\\\\",\\\\\\\"color\\\\\\\":\\\\\\\"#333333\\\\\\\",\\\\\\\"color_hover\\\\\\\":\\\\\\\"#0072D2\\\\\\\",\\\\\\\"href\\\\\\\":\\\\\\\"http://localhost/niushop_b2c_demo/index.php?s=/wap/index/index\\\\\\\",\\\\\\\"img_src\\\\\\\":\\\\\\\"upload/custom_template/control_footer_home.png\\\\\\\",\\\\\\\"img_src_hover\\\\\\\":\\\\\\\"upload/custom_template/control_footer_home_selected.png\\\\\\\"},{\\\\\\\"menu_name\\\\\\\":\\\\\\\"商品分类\\\\\\\",\\\\\\\"color\\\\\\\":\\\\\\\"#333333\\\\\\\",\\\\\\\"color_hover\\\\\\\":\\\\\\\"#0072D2\\\\\\\",\\\\\\\"href\\\\\\\":\\\\\\\"http://localhost/niushop_b2c_demo/index.php?s=/wap/goods/goodsclassificationlist\\\\\\\",\\\\\\\"img_src\\\\\\\":\\\\\\\"upload/custom_template/control_footer_classify.png\\\\\\\",\\\\\\\"img_src_hover\\\\\\\":\\\\\\\"upload/custom_template/control_footer_classify_selected.png\\\\\\\"},{\\\\\\\"menu_name\\\\\\\":\\\\\\\"购物车\\\\\\\",\\\\\\\"color\\\\\\\":\\\\\\\"#333333\\\\\\\",\\\\\\\"color_hover\\\\\\\":\\\\\\\"#0072D2\\\\\\\",\\\\\\\"href\\\\\\\":\\\\\\\"http://localhost/niushop_b2c_demo/index.php?s=/wap/goods/cart\\\\\\\",\\\\\\\"img_src\\\\\\\":\\\\\\\"upload/custom_template/control_footer_cart.png\\\\\\\",\\\\\\\"img_src_hover\\\\\\\":\\\\\\\"upload/custom_template/control_footer_cart_selected.png\\\\\\\"},{\\\\\\\"menu_name\\\\\\\":\\\\\\\"会员中心\\\\\\\",\\\\\\\"color\\\\\\\":\\\\\\\"#333333\\\\\\\",\\\\\\\"color_hover\\\\\\\":\\\\\\\"#0072D2\\\\\\\",\\\\\\\"href\\\\\\\":\\\\\\\"http://localhost/niushop_b2c_demo/index.php?s=/wap/member/index\\\\\\\",\\\\\\\"img_src\\\\\\\":\\\\\\\"upload/custom_template/control_footer_user.png\\\\\\\",\\\\\\\"img_src_hover\\\\\\\":\\\\\\\"upload/custom_template/control_footer_user_selected.png\\\\\\\"}]\\\"}\"},{\"sort\":10,\"control_name\":\"GoodsList\",\"control_data\":\"{\\\"goods_list\\\":\\\"{\\\\\\\"goods_source\\\\\\\":\\\\\\\"1\\\\\\\",\\\\\\\"goods_limit_count\\\\\\\":\\\\\\\"6\\\\\\\",\\\\\\\"goods_list_type\\\\\\\":\\\\\\\"1\\\\\\\",\\\\\\\"goods_show_goods_name\\\\\\\":1,\\\\\\\"goods_show_goods_price\\\\\\\":1,\\\\\\\"goods_show_buy_button\\\\\\\":1,\\\\\\\"goods_buy_button_style\\\\\\\":\\\\\\\"1\\\\\\\",\\\\\\\"goods_buy_button_src\\\\\\\":\\\\\\\"upload/custom_template/goods_buy_button_style1.png\\\\\\\"}\\\"}\"}]', 1503454041, 1503721512, 0, 0);
INSERT INTO `sys_custom_template` VALUES (19, 0, '自定义模块', '[{\"sort\":1,\"control_name\":\"Title\",\"control_data\":\"{\\\"title\\\":\\\"『标题名』\\\",\\\"subtitle\\\":\\\"\\\",\\\"text_align\\\":\\\"1\\\",\\\"href\\\":\\\"http://localhost/niushop_b2c_demo/index.php?s=/wap/index/customtemplatecontrol&id=18\\\",\\\"text_color\\\":\\\"#333333\\\",\\\"bg_color\\\":\\\"#ffffff\\\"}\"},{\"sort\":2,\"control_name\":\"Footer\",\"control_data\":\"{\\\"footer\\\":\\\"[{\\\\\\\"menu_name\\\\\\\":\\\\\\\"首页\\\\\\\",\\\\\\\"color\\\\\\\":\\\\\\\"#333333\\\\\\\",\\\\\\\"color_hover\\\\\\\":\\\\\\\"#0072D2\\\\\\\",\\\\\\\"href\\\\\\\":\\\\\\\"http://localhost/niushop_b2c_demo/index.php?s=/wap/index/index\\\\\\\",\\\\\\\"img_src\\\\\\\":\\\\\\\"upload/custom_template/control_footer_home.png\\\\\\\",\\\\\\\"img_src_hover\\\\\\\":\\\\\\\"upload/custom_template/control_footer_home_selected.png\\\\\\\"},{\\\\\\\"menu_name\\\\\\\":\\\\\\\"商品分类\\\\\\\",\\\\\\\"color\\\\\\\":\\\\\\\"#333333\\\\\\\",\\\\\\\"color_hover\\\\\\\":\\\\\\\"#0072D2\\\\\\\",\\\\\\\"href\\\\\\\":\\\\\\\"http://localhost/niushop_b2c_demo/index.php?s=/wap/goods/goodsclassificationlist\\\\\\\",\\\\\\\"img_src\\\\\\\":\\\\\\\"upload/custom_template/control_footer_classify.png\\\\\\\",\\\\\\\"img_src_hover\\\\\\\":\\\\\\\"upload/custom_template/control_footer_classify_selected.png\\\\\\\"},{\\\\\\\"menu_name\\\\\\\":\\\\\\\"购物车\\\\\\\",\\\\\\\"color\\\\\\\":\\\\\\\"#333333\\\\\\\",\\\\\\\"color_hover\\\\\\\":\\\\\\\"#0072D2\\\\\\\",\\\\\\\"href\\\\\\\":\\\\\\\"http://localhost/niushop_b2c_demo/index.php?s=/wap/goods/cart\\\\\\\",\\\\\\\"img_src\\\\\\\":\\\\\\\"upload/custom_template/control_footer_cart.png\\\\\\\",\\\\\\\"img_src_hover\\\\\\\":\\\\\\\"upload/custom_template/control_footer_cart_selected.png\\\\\\\"},{\\\\\\\"menu_name\\\\\\\":\\\\\\\"会员中心\\\\\\\",\\\\\\\"color\\\\\\\":\\\\\\\"#333333\\\\\\\",\\\\\\\"color_hover\\\\\\\":\\\\\\\"#0072D2\\\\\\\",\\\\\\\"href\\\\\\\":\\\\\\\"http://localhost/niushop_b2c_demo/index.php?s=/wap/member/index\\\\\\\",\\\\\\\"img_src\\\\\\\":\\\\\\\"upload/custom_template/control_footer_user.png\\\\\\\",\\\\\\\"img_src_hover\\\\\\\":\\\\\\\"upload/custom_template/control_footer_user_selected.png\\\\\\\"}]\\\"}\"}]', 1503536146, 1503721512, 0, 0);

-- ----------------------------
-- Table structure for sys_district
-- ----------------------------
DROP TABLE IF EXISTS `sys_district`;
CREATE TABLE `sys_district`  (
  `district_id` int(11) NOT NULL AUTO_INCREMENT,
  `city_id` int(11) NULL DEFAULT 0,
  `district_name` varchar(255) CHARACTER SET utf8 COLLATE utf8_general_ci NOT NULL DEFAULT '',
  `sort` int(10) NOT NULL DEFAULT 0,
  PRIMARY KEY (`district_id`) USING BTREE,
  INDEX `IDX_g_district_DistrictName`(`district_name`) USING BTREE
) ENGINE = InnoDB AUTO_INCREMENT = 2870 AVG_ROW_LENGTH = 50 CHARACTER SET = utf8 COLLATE = utf8_general_ci ROW_FORMAT = Compact;

-- ----------------------------
-- Records of sys_district
-- ----------------------------
INSERT INTO `sys_district` VALUES (1, 1, '东城区', 0);
INSERT INTO `sys_district` VALUES (2, 1, '西城区', 0);
INSERT INTO `sys_district` VALUES (3, 1, '崇文区', 0);
INSERT INTO `sys_district` VALUES (4, 1, '宣武区', 0);
INSERT INTO `sys_district` VALUES (5, 1, '朝阳区', 0);
INSERT INTO `sys_district` VALUES (6, 1, '丰台区', 0);
INSERT INTO `sys_district` VALUES (7, 1, '石景山区', 0);
INSERT INTO `sys_district` VALUES (8, 1, '海淀区', 0);
INSERT INTO `sys_district` VALUES (9, 1, '门头沟区', 0);
INSERT INTO `sys_district` VALUES (10, 1, '房山区', 0);
INSERT INTO `sys_district` VALUES (11, 1, '通州区', 0);
INSERT INTO `sys_district` VALUES (12, 1, '顺义区', 0);
INSERT INTO `sys_district` VALUES (13, 1, '昌平区', 0);
INSERT INTO `sys_district` VALUES (14, 1, '大兴区', 0);
INSERT INTO `sys_district` VALUES (15, 1, '怀柔区', 0);
INSERT INTO `sys_district` VALUES (16, 1, '平谷区', 0);
INSERT INTO `sys_district` VALUES (17, 1, '密云县', 0);
INSERT INTO `sys_district` VALUES (18, 1, '延庆县', 0);
INSERT INTO `sys_district` VALUES (19, 2, '和平区', 0);
INSERT INTO `sys_district` VALUES (20, 2, '河东区', 0);
INSERT INTO `sys_district` VALUES (21, 2, '河西区', 0);
INSERT INTO `sys_district` VALUES (22, 2, '南开区', 0);
INSERT INTO `sys_district` VALUES (23, 2, '河北区', 0);
INSERT INTO `sys_district` VALUES (24, 2, '红桥区', 0);
INSERT INTO `sys_district` VALUES (25, 2, '塘沽区', 0);
INSERT INTO `sys_district` VALUES (26, 2, '汉沽区', 0);
INSERT INTO `sys_district` VALUES (27, 2, '大港区', 0);
INSERT INTO `sys_district` VALUES (28, 2, '东丽区', 0);
INSERT INTO `sys_district` VALUES (29, 2, '西青区', 0);
INSERT INTO `sys_district` VALUES (30, 2, '津南区', 0);
INSERT INTO `sys_district` VALUES (31, 2, '北辰区', 0);
INSERT INTO `sys_district` VALUES (32, 2, '武清区', 0);
INSERT INTO `sys_district` VALUES (33, 2, '宝坻区', 0);
INSERT INTO `sys_district` VALUES (34, 2, '宁河县', 0);
INSERT INTO `sys_district` VALUES (35, 2, '静海县', 0);
INSERT INTO `sys_district` VALUES (36, 2, '蓟县', 0);
INSERT INTO `sys_district` VALUES (37, 3, '长安区', 0);
INSERT INTO `sys_district` VALUES (38, 3, '桥东区', 0);
INSERT INTO `sys_district` VALUES (39, 3, '桥西区', 0);
INSERT INTO `sys_district` VALUES (40, 3, '新华区', 0);
INSERT INTO `sys_district` VALUES (41, 3, '井陉矿区', 0);
INSERT INTO `sys_district` VALUES (42, 3, '裕华区', 0);
INSERT INTO `sys_district` VALUES (43, 3, '井陉县', 0);
INSERT INTO `sys_district` VALUES (44, 3, '正定县', 0);
INSERT INTO `sys_district` VALUES (45, 3, '栾城县', 0);
INSERT INTO `sys_district` VALUES (46, 3, '行唐县', 0);
INSERT INTO `sys_district` VALUES (47, 3, '灵寿县', 0);
INSERT INTO `sys_district` VALUES (48, 3, '高邑县', 0);
INSERT INTO `sys_district` VALUES (49, 3, '深泽县', 0);
INSERT INTO `sys_district` VALUES (50, 3, '赞皇县', 0);
INSERT INTO `sys_district` VALUES (51, 3, '无极县', 0);
INSERT INTO `sys_district` VALUES (52, 3, '平山县', 0);
INSERT INTO `sys_district` VALUES (53, 3, '元氏县', 0);
INSERT INTO `sys_district` VALUES (54, 3, '赵县', 0);
INSERT INTO `sys_district` VALUES (55, 3, '辛集市', 0);
INSERT INTO `sys_district` VALUES (56, 3, '藁城市', 0);
INSERT INTO `sys_district` VALUES (57, 3, '晋州市', 0);
INSERT INTO `sys_district` VALUES (58, 3, '新乐市', 0);
INSERT INTO `sys_district` VALUES (59, 3, '鹿泉市', 0);
INSERT INTO `sys_district` VALUES (60, 4, '路南区', 0);
INSERT INTO `sys_district` VALUES (61, 4, '路北区', 0);
INSERT INTO `sys_district` VALUES (62, 4, '古冶区', 0);
INSERT INTO `sys_district` VALUES (63, 4, '开平区', 0);
INSERT INTO `sys_district` VALUES (64, 4, '丰南区', 0);
INSERT INTO `sys_district` VALUES (65, 4, '丰润区', 0);
INSERT INTO `sys_district` VALUES (66, 4, '滦县', 0);
INSERT INTO `sys_district` VALUES (67, 4, '滦南县', 0);
INSERT INTO `sys_district` VALUES (68, 4, '乐亭县', 0);
INSERT INTO `sys_district` VALUES (69, 4, '迁西县', 0);
INSERT INTO `sys_district` VALUES (70, 4, '玉田县', 0);
INSERT INTO `sys_district` VALUES (71, 4, '唐海县', 0);
INSERT INTO `sys_district` VALUES (72, 4, '遵化市', 0);
INSERT INTO `sys_district` VALUES (73, 4, '迁安市', 0);
INSERT INTO `sys_district` VALUES (74, 5, '海港区', 0);
INSERT INTO `sys_district` VALUES (75, 5, '山海关区', 0);
INSERT INTO `sys_district` VALUES (76, 5, '北戴河区', 0);
INSERT INTO `sys_district` VALUES (77, 5, '青龙满族自治县', 0);
INSERT INTO `sys_district` VALUES (78, 5, '昌黎县', 0);
INSERT INTO `sys_district` VALUES (79, 5, '抚宁县', 0);
INSERT INTO `sys_district` VALUES (80, 5, '卢龙县', 0);
INSERT INTO `sys_district` VALUES (81, 6, '邯山区', 0);
INSERT INTO `sys_district` VALUES (82, 6, '丛台区', 0);
INSERT INTO `sys_district` VALUES (83, 6, '复兴区', 0);
INSERT INTO `sys_district` VALUES (84, 6, '峰峰矿区', 0);
INSERT INTO `sys_district` VALUES (85, 6, '邯郸县', 0);
INSERT INTO `sys_district` VALUES (86, 6, '临漳县', 0);
INSERT INTO `sys_district` VALUES (87, 6, '成安县', 0);
INSERT INTO `sys_district` VALUES (88, 6, '大名县', 0);
INSERT INTO `sys_district` VALUES (89, 6, '涉县', 0);
INSERT INTO `sys_district` VALUES (90, 6, '磁县', 0);
INSERT INTO `sys_district` VALUES (91, 6, '肥乡县', 0);
INSERT INTO `sys_district` VALUES (92, 6, '永年县', 0);
INSERT INTO `sys_district` VALUES (93, 6, '邱县', 0);
INSERT INTO `sys_district` VALUES (94, 6, '鸡泽县', 0);
INSERT INTO `sys_district` VALUES (95, 6, '广平县', 0);
INSERT INTO `sys_district` VALUES (96, 6, '馆陶县', 0);
INSERT INTO `sys_district` VALUES (97, 6, '魏县', 0);
INSERT INTO `sys_district` VALUES (98, 6, '曲周县', 0);
INSERT INTO `sys_district` VALUES (99, 6, '武安市', 0);
INSERT INTO `sys_district` VALUES (100, 7, '桥东区', 0);
INSERT INTO `sys_district` VALUES (101, 7, '桥西区', 0);
INSERT INTO `sys_district` VALUES (102, 7, '邢台县', 0);
INSERT INTO `sys_district` VALUES (103, 7, '临城县', 0);
INSERT INTO `sys_district` VALUES (104, 7, '内丘县', 0);
INSERT INTO `sys_district` VALUES (105, 7, '柏乡县', 0);
INSERT INTO `sys_district` VALUES (106, 7, '隆尧县', 0);
INSERT INTO `sys_district` VALUES (107, 7, '任县', 0);
INSERT INTO `sys_district` VALUES (108, 7, '南和县', 0);
INSERT INTO `sys_district` VALUES (109, 7, '宁晋县', 0);
INSERT INTO `sys_district` VALUES (110, 7, '巨鹿县', 0);
INSERT INTO `sys_district` VALUES (111, 7, '新河县', 0);
INSERT INTO `sys_district` VALUES (112, 7, '广宗县', 0);
INSERT INTO `sys_district` VALUES (113, 7, '平乡县', 0);
INSERT INTO `sys_district` VALUES (114, 7, '威县', 0);
INSERT INTO `sys_district` VALUES (115, 7, '清河县', 0);
INSERT INTO `sys_district` VALUES (116, 7, '临西县', 0);
INSERT INTO `sys_district` VALUES (117, 7, '南宫市', 0);
INSERT INTO `sys_district` VALUES (118, 7, '沙河市', 0);
INSERT INTO `sys_district` VALUES (119, 8, '新市区', 0);
INSERT INTO `sys_district` VALUES (120, 8, '北市区', 0);
INSERT INTO `sys_district` VALUES (121, 8, '南市区', 0);
INSERT INTO `sys_district` VALUES (122, 8, '满城县', 0);
INSERT INTO `sys_district` VALUES (123, 8, '清苑县', 0);
INSERT INTO `sys_district` VALUES (124, 8, '涞水县', 0);
INSERT INTO `sys_district` VALUES (125, 8, '阜平县', 0);
INSERT INTO `sys_district` VALUES (126, 8, '徐水县', 0);
INSERT INTO `sys_district` VALUES (127, 8, '定兴县', 0);
INSERT INTO `sys_district` VALUES (128, 8, '唐县', 0);
INSERT INTO `sys_district` VALUES (129, 8, '高阳县', 0);
INSERT INTO `sys_district` VALUES (130, 8, '容城县', 0);
INSERT INTO `sys_district` VALUES (131, 8, '涞源县', 0);
INSERT INTO `sys_district` VALUES (132, 8, '望都县', 0);
INSERT INTO `sys_district` VALUES (133, 8, '安新县', 0);
INSERT INTO `sys_district` VALUES (134, 8, '易县', 0);
INSERT INTO `sys_district` VALUES (135, 8, '曲阳县', 0);
INSERT INTO `sys_district` VALUES (136, 8, '蠡县', 0);
INSERT INTO `sys_district` VALUES (137, 8, '顺平县', 0);
INSERT INTO `sys_district` VALUES (138, 8, '博野县', 0);
INSERT INTO `sys_district` VALUES (139, 8, '雄县', 0);
INSERT INTO `sys_district` VALUES (140, 8, '涿州市', 0);
INSERT INTO `sys_district` VALUES (141, 8, '定州市', 0);
INSERT INTO `sys_district` VALUES (142, 8, '安国市', 0);
INSERT INTO `sys_district` VALUES (143, 8, '高碑店市', 0);
INSERT INTO `sys_district` VALUES (144, 9, '桥东区', 0);
INSERT INTO `sys_district` VALUES (145, 9, '桥西区', 0);
INSERT INTO `sys_district` VALUES (146, 9, '宣化区', 0);
INSERT INTO `sys_district` VALUES (147, 9, '下花园区', 0);
INSERT INTO `sys_district` VALUES (148, 9, '宣化县', 0);
INSERT INTO `sys_district` VALUES (149, 9, '张北县', 0);
INSERT INTO `sys_district` VALUES (150, 9, '康保县', 0);
INSERT INTO `sys_district` VALUES (151, 9, '沽源县', 0);
INSERT INTO `sys_district` VALUES (152, 9, '尚义县', 0);
INSERT INTO `sys_district` VALUES (153, 9, '蔚县', 0);
INSERT INTO `sys_district` VALUES (154, 9, '阳原县', 0);
INSERT INTO `sys_district` VALUES (155, 9, '怀安县', 0);
INSERT INTO `sys_district` VALUES (156, 9, '万全县', 0);
INSERT INTO `sys_district` VALUES (157, 9, '怀来县', 0);
INSERT INTO `sys_district` VALUES (158, 9, '涿鹿县', 0);
INSERT INTO `sys_district` VALUES (159, 9, '赤城县', 0);
INSERT INTO `sys_district` VALUES (160, 9, '崇礼县', 0);
INSERT INTO `sys_district` VALUES (161, 10, '双桥区', 0);
INSERT INTO `sys_district` VALUES (162, 10, '双滦区', 0);
INSERT INTO `sys_district` VALUES (163, 10, '鹰手营子矿区', 0);
INSERT INTO `sys_district` VALUES (164, 10, '承德县', 0);
INSERT INTO `sys_district` VALUES (165, 10, '兴隆县', 0);
INSERT INTO `sys_district` VALUES (166, 10, '平泉县', 0);
INSERT INTO `sys_district` VALUES (167, 10, '滦平县', 0);
INSERT INTO `sys_district` VALUES (168, 10, '隆化县', 0);
INSERT INTO `sys_district` VALUES (169, 10, '丰宁满族自治县', 0);
INSERT INTO `sys_district` VALUES (170, 10, '宽城满族自治县', 0);
INSERT INTO `sys_district` VALUES (171, 10, '围场满族蒙古族自治县', 0);
INSERT INTO `sys_district` VALUES (172, 11, '新华区', 0);
INSERT INTO `sys_district` VALUES (173, 11, '运河区', 0);
INSERT INTO `sys_district` VALUES (174, 11, '沧县', 0);
INSERT INTO `sys_district` VALUES (175, 11, '青县', 0);
INSERT INTO `sys_district` VALUES (176, 11, '东光县', 0);
INSERT INTO `sys_district` VALUES (177, 11, '海兴县', 0);
INSERT INTO `sys_district` VALUES (178, 11, '盐山县', 0);
INSERT INTO `sys_district` VALUES (179, 11, '肃宁县', 0);
INSERT INTO `sys_district` VALUES (180, 11, '南皮县', 0);
INSERT INTO `sys_district` VALUES (181, 11, '吴桥县', 0);
INSERT INTO `sys_district` VALUES (182, 11, '献县', 0);
INSERT INTO `sys_district` VALUES (183, 11, '孟村回族自治县', 0);
INSERT INTO `sys_district` VALUES (184, 11, '泊头市', 0);
INSERT INTO `sys_district` VALUES (185, 11, '任丘市', 0);
INSERT INTO `sys_district` VALUES (186, 11, '黄骅市', 0);
INSERT INTO `sys_district` VALUES (187, 11, '河间市', 0);
INSERT INTO `sys_district` VALUES (188, 12, '安次区', 0);
INSERT INTO `sys_district` VALUES (189, 12, '广阳区', 0);
INSERT INTO `sys_district` VALUES (190, 12, '固安县', 0);
INSERT INTO `sys_district` VALUES (191, 12, '永清县', 0);
INSERT INTO `sys_district` VALUES (192, 12, '香河县', 0);
INSERT INTO `sys_district` VALUES (193, 12, '大城县', 0);
INSERT INTO `sys_district` VALUES (194, 12, '文安县', 0);
INSERT INTO `sys_district` VALUES (195, 12, '大厂回族自治县', 0);
INSERT INTO `sys_district` VALUES (196, 12, '霸州市', 0);
INSERT INTO `sys_district` VALUES (197, 12, '三河市', 0);
INSERT INTO `sys_district` VALUES (198, 13, '桃城区', 0);
INSERT INTO `sys_district` VALUES (199, 13, '枣强县', 0);
INSERT INTO `sys_district` VALUES (200, 13, '武邑县', 0);
INSERT INTO `sys_district` VALUES (201, 13, '武强县', 0);
INSERT INTO `sys_district` VALUES (202, 13, '饶阳县', 0);
INSERT INTO `sys_district` VALUES (203, 13, '安平县', 0);
INSERT INTO `sys_district` VALUES (204, 13, '故城县', 0);
INSERT INTO `sys_district` VALUES (205, 13, '景县', 0);
INSERT INTO `sys_district` VALUES (206, 13, '阜城县', 0);
INSERT INTO `sys_district` VALUES (207, 13, '冀州市', 0);
INSERT INTO `sys_district` VALUES (208, 13, '深州市', 0);
INSERT INTO `sys_district` VALUES (209, 14, '小店区', 0);
INSERT INTO `sys_district` VALUES (210, 14, '迎泽区', 0);
INSERT INTO `sys_district` VALUES (211, 14, '杏花岭区', 0);
INSERT INTO `sys_district` VALUES (212, 14, '尖草坪区', 0);
INSERT INTO `sys_district` VALUES (213, 14, '万柏林区', 0);
INSERT INTO `sys_district` VALUES (214, 14, '晋源区', 0);
INSERT INTO `sys_district` VALUES (215, 14, '清徐县', 0);
INSERT INTO `sys_district` VALUES (216, 14, '阳曲县', 0);
INSERT INTO `sys_district` VALUES (217, 14, '娄烦县', 0);
INSERT INTO `sys_district` VALUES (218, 14, '古交市', 0);
INSERT INTO `sys_district` VALUES (219, 15, '城区', 0);
INSERT INTO `sys_district` VALUES (220, 15, '矿区', 0);
INSERT INTO `sys_district` VALUES (221, 15, '南郊区', 0);
INSERT INTO `sys_district` VALUES (222, 15, '新荣区', 0);
INSERT INTO `sys_district` VALUES (223, 15, '阳高县', 0);
INSERT INTO `sys_district` VALUES (224, 15, '天镇县', 0);
INSERT INTO `sys_district` VALUES (225, 15, '广灵县', 0);
INSERT INTO `sys_district` VALUES (226, 15, '灵丘县', 0);
INSERT INTO `sys_district` VALUES (227, 15, '浑源县', 0);
INSERT INTO `sys_district` VALUES (228, 15, '左云县', 0);
INSERT INTO `sys_district` VALUES (229, 15, '大同县', 0);
INSERT INTO `sys_district` VALUES (230, 16, '城区', 0);
INSERT INTO `sys_district` VALUES (231, 16, '矿区', 0);
INSERT INTO `sys_district` VALUES (232, 16, '郊区', 0);
INSERT INTO `sys_district` VALUES (233, 16, '平定县', 0);
INSERT INTO `sys_district` VALUES (234, 16, '盂县', 0);
INSERT INTO `sys_district` VALUES (235, 17, '城区', 0);
INSERT INTO `sys_district` VALUES (236, 17, '郊区', 0);
INSERT INTO `sys_district` VALUES (237, 17, '长治县', 0);
INSERT INTO `sys_district` VALUES (238, 17, '襄垣县', 0);
INSERT INTO `sys_district` VALUES (239, 17, '屯留县', 0);
INSERT INTO `sys_district` VALUES (240, 17, '平顺县', 0);
INSERT INTO `sys_district` VALUES (241, 17, '黎城县', 0);
INSERT INTO `sys_district` VALUES (242, 17, '壶关县', 0);
INSERT INTO `sys_district` VALUES (243, 17, '长子县', 0);
INSERT INTO `sys_district` VALUES (244, 17, '武乡县', 0);
INSERT INTO `sys_district` VALUES (245, 17, '沁县', 0);
INSERT INTO `sys_district` VALUES (246, 17, '沁源县', 0);
INSERT INTO `sys_district` VALUES (247, 17, '潞城市', 0);
INSERT INTO `sys_district` VALUES (248, 18, '城区', 0);
INSERT INTO `sys_district` VALUES (249, 18, '沁水县', 0);
INSERT INTO `sys_district` VALUES (250, 18, '阳城县', 0);
INSERT INTO `sys_district` VALUES (251, 18, '陵川县', 0);
INSERT INTO `sys_district` VALUES (252, 18, '泽州县', 0);
INSERT INTO `sys_district` VALUES (253, 18, '高平市', 0);
INSERT INTO `sys_district` VALUES (254, 19, '朔城区', 0);
INSERT INTO `sys_district` VALUES (255, 19, '平鲁区', 0);
INSERT INTO `sys_district` VALUES (256, 19, '山阴县', 0);
INSERT INTO `sys_district` VALUES (257, 19, '应县', 0);
INSERT INTO `sys_district` VALUES (258, 19, '右玉县', 0);
INSERT INTO `sys_district` VALUES (259, 19, '怀仁县', 0);
INSERT INTO `sys_district` VALUES (260, 20, '榆次区', 0);
INSERT INTO `sys_district` VALUES (261, 20, '榆社县', 0);
INSERT INTO `sys_district` VALUES (262, 20, '左权县', 0);
INSERT INTO `sys_district` VALUES (263, 20, '和顺县', 0);
INSERT INTO `sys_district` VALUES (264, 20, '昔阳县', 0);
INSERT INTO `sys_district` VALUES (265, 20, '寿阳县', 0);
INSERT INTO `sys_district` VALUES (266, 20, '太谷县', 0);
INSERT INTO `sys_district` VALUES (267, 20, '祁县', 0);
INSERT INTO `sys_district` VALUES (268, 20, '平遥县', 0);
INSERT INTO `sys_district` VALUES (269, 20, '灵石县', 0);
INSERT INTO `sys_district` VALUES (270, 20, '介休市', 0);
INSERT INTO `sys_district` VALUES (271, 21, '盐湖区', 0);
INSERT INTO `sys_district` VALUES (272, 21, '临猗县', 0);
INSERT INTO `sys_district` VALUES (273, 21, '万荣县', 0);
INSERT INTO `sys_district` VALUES (274, 21, '闻喜县', 0);
INSERT INTO `sys_district` VALUES (275, 21, '稷山县', 0);
INSERT INTO `sys_district` VALUES (276, 21, '新绛县', 0);
INSERT INTO `sys_district` VALUES (277, 21, '绛县', 0);
INSERT INTO `sys_district` VALUES (278, 21, '垣曲县', 0);
INSERT INTO `sys_district` VALUES (279, 21, '夏县', 0);
INSERT INTO `sys_district` VALUES (280, 21, '平陆县', 0);
INSERT INTO `sys_district` VALUES (281, 21, '芮城县', 0);
INSERT INTO `sys_district` VALUES (282, 21, '永济市', 0);
INSERT INTO `sys_district` VALUES (283, 21, '河津市', 0);
INSERT INTO `sys_district` VALUES (284, 22, '忻府区', 0);
INSERT INTO `sys_district` VALUES (285, 22, '定襄县', 0);
INSERT INTO `sys_district` VALUES (286, 22, '五台县', 0);
INSERT INTO `sys_district` VALUES (287, 22, '代县', 0);
INSERT INTO `sys_district` VALUES (288, 22, '繁峙县', 0);
INSERT INTO `sys_district` VALUES (289, 22, '宁武县', 0);
INSERT INTO `sys_district` VALUES (290, 22, '静乐县', 0);
INSERT INTO `sys_district` VALUES (291, 22, '神池县', 0);
INSERT INTO `sys_district` VALUES (292, 22, '五寨县', 0);
INSERT INTO `sys_district` VALUES (293, 22, '岢岚县', 0);
INSERT INTO `sys_district` VALUES (294, 22, '河曲县', 0);
INSERT INTO `sys_district` VALUES (295, 22, '保德县', 0);
INSERT INTO `sys_district` VALUES (296, 22, '偏关县', 0);
INSERT INTO `sys_district` VALUES (297, 22, '原平市', 0);
INSERT INTO `sys_district` VALUES (298, 23, '尧都区', 0);
INSERT INTO `sys_district` VALUES (299, 23, '曲沃县', 0);
INSERT INTO `sys_district` VALUES (300, 23, '翼城县', 0);
INSERT INTO `sys_district` VALUES (301, 23, '襄汾县', 0);
INSERT INTO `sys_district` VALUES (302, 23, '洪洞县', 0);
INSERT INTO `sys_district` VALUES (303, 23, '古县', 0);
INSERT INTO `sys_district` VALUES (304, 23, '安泽县', 0);
INSERT INTO `sys_district` VALUES (305, 23, '浮山县', 0);
INSERT INTO `sys_district` VALUES (306, 23, '吉县', 0);
INSERT INTO `sys_district` VALUES (307, 23, '乡宁县', 0);
INSERT INTO `sys_district` VALUES (308, 23, '大宁县', 0);
INSERT INTO `sys_district` VALUES (309, 23, '隰县', 0);
INSERT INTO `sys_district` VALUES (310, 23, '永和县', 0);
INSERT INTO `sys_district` VALUES (311, 23, '蒲县', 0);
INSERT INTO `sys_district` VALUES (312, 23, '汾西县', 0);
INSERT INTO `sys_district` VALUES (313, 23, '侯马市', 0);
INSERT INTO `sys_district` VALUES (314, 23, '霍州市', 0);
INSERT INTO `sys_district` VALUES (315, 24, '离石区', 0);
INSERT INTO `sys_district` VALUES (316, 24, '文水县', 0);
INSERT INTO `sys_district` VALUES (317, 24, '交城县', 0);
INSERT INTO `sys_district` VALUES (318, 24, '兴县', 0);
INSERT INTO `sys_district` VALUES (319, 24, '临县', 0);
INSERT INTO `sys_district` VALUES (320, 24, '柳林县', 0);
INSERT INTO `sys_district` VALUES (321, 24, '石楼县', 0);
INSERT INTO `sys_district` VALUES (322, 24, '岚县', 0);
INSERT INTO `sys_district` VALUES (323, 24, '方山县', 0);
INSERT INTO `sys_district` VALUES (324, 24, '中阳县', 0);
INSERT INTO `sys_district` VALUES (325, 24, '交口县', 0);
INSERT INTO `sys_district` VALUES (326, 24, '孝义市', 0);
INSERT INTO `sys_district` VALUES (327, 24, '汾阳市', 0);
INSERT INTO `sys_district` VALUES (328, 25, '新城区', 0);
INSERT INTO `sys_district` VALUES (329, 25, '回民区', 0);
INSERT INTO `sys_district` VALUES (330, 25, '玉泉区', 0);
INSERT INTO `sys_district` VALUES (331, 25, '赛罕区', 0);
INSERT INTO `sys_district` VALUES (332, 25, '土默特左旗', 0);
INSERT INTO `sys_district` VALUES (333, 25, '托克托县', 0);
INSERT INTO `sys_district` VALUES (334, 25, '和林格尔县', 0);
INSERT INTO `sys_district` VALUES (335, 25, '清水河县', 0);
INSERT INTO `sys_district` VALUES (336, 25, '武川县', 0);
INSERT INTO `sys_district` VALUES (337, 26, '东河区', 0);
INSERT INTO `sys_district` VALUES (338, 26, '昆都仑区', 0);
INSERT INTO `sys_district` VALUES (339, 26, '青山区', 0);
INSERT INTO `sys_district` VALUES (340, 26, '石拐区', 0);
INSERT INTO `sys_district` VALUES (341, 26, '白云矿区', 0);
INSERT INTO `sys_district` VALUES (342, 26, '九原区', 0);
INSERT INTO `sys_district` VALUES (343, 26, '土默特右旗', 0);
INSERT INTO `sys_district` VALUES (344, 26, '固阳县', 0);
INSERT INTO `sys_district` VALUES (345, 26, '达尔罕茂明安联合旗', 0);
INSERT INTO `sys_district` VALUES (346, 27, '海勃湾区', 0);
INSERT INTO `sys_district` VALUES (347, 27, '海南区', 0);
INSERT INTO `sys_district` VALUES (348, 27, '乌达区', 0);
INSERT INTO `sys_district` VALUES (349, 28, '红山区', 0);
INSERT INTO `sys_district` VALUES (350, 28, '元宝山区', 0);
INSERT INTO `sys_district` VALUES (351, 28, '松山区', 0);
INSERT INTO `sys_district` VALUES (352, 28, '阿鲁科尔沁旗', 0);
INSERT INTO `sys_district` VALUES (353, 28, '巴林左旗', 0);
INSERT INTO `sys_district` VALUES (354, 28, '巴林右旗', 0);
INSERT INTO `sys_district` VALUES (355, 28, '林西县', 0);
INSERT INTO `sys_district` VALUES (356, 28, '克什克腾旗', 0);
INSERT INTO `sys_district` VALUES (357, 28, '翁牛特旗', 0);
INSERT INTO `sys_district` VALUES (358, 28, '喀喇沁旗', 0);
INSERT INTO `sys_district` VALUES (359, 28, '宁城县', 0);
INSERT INTO `sys_district` VALUES (360, 28, '敖汉旗', 0);
INSERT INTO `sys_district` VALUES (361, 29, '科尔沁区', 0);
INSERT INTO `sys_district` VALUES (362, 29, '科尔沁左翼中旗', 0);
INSERT INTO `sys_district` VALUES (363, 29, '科尔沁左翼后旗', 0);
INSERT INTO `sys_district` VALUES (364, 29, '开鲁县', 0);
INSERT INTO `sys_district` VALUES (365, 29, '库伦旗', 0);
INSERT INTO `sys_district` VALUES (366, 29, '奈曼旗', 0);
INSERT INTO `sys_district` VALUES (367, 29, '扎鲁特旗', 0);
INSERT INTO `sys_district` VALUES (368, 29, '霍林郭勒市', 0);
INSERT INTO `sys_district` VALUES (369, 30, '东胜区', 0);
INSERT INTO `sys_district` VALUES (370, 30, '达拉特旗', 0);
INSERT INTO `sys_district` VALUES (371, 30, '准格尔旗', 0);
INSERT INTO `sys_district` VALUES (372, 30, '鄂托克前旗', 0);
INSERT INTO `sys_district` VALUES (373, 30, '鄂托克旗', 0);
INSERT INTO `sys_district` VALUES (374, 30, '杭锦旗', 0);
INSERT INTO `sys_district` VALUES (375, 30, '乌审旗', 0);
INSERT INTO `sys_district` VALUES (376, 30, '伊金霍洛旗', 0);
INSERT INTO `sys_district` VALUES (377, 31, '海拉尔区', 0);
INSERT INTO `sys_district` VALUES (378, 31, '阿荣旗', 0);
INSERT INTO `sys_district` VALUES (379, 31, '莫力达瓦达斡尔族自治旗', 0);
INSERT INTO `sys_district` VALUES (380, 31, '鄂伦春自治旗', 0);
INSERT INTO `sys_district` VALUES (381, 31, '鄂温克族自治旗', 0);
INSERT INTO `sys_district` VALUES (382, 31, '陈巴尔虎旗', 0);
INSERT INTO `sys_district` VALUES (383, 31, '新巴尔虎左旗', 0);
INSERT INTO `sys_district` VALUES (384, 31, '新巴尔虎右旗', 0);
INSERT INTO `sys_district` VALUES (385, 31, '满洲里市', 0);
INSERT INTO `sys_district` VALUES (386, 31, '牙克石市', 0);
INSERT INTO `sys_district` VALUES (387, 31, '扎兰屯市', 0);
INSERT INTO `sys_district` VALUES (388, 31, '额尔古纳市', 0);
INSERT INTO `sys_district` VALUES (389, 31, '根河市', 0);
INSERT INTO `sys_district` VALUES (390, 32, '临河区', 0);
INSERT INTO `sys_district` VALUES (391, 32, '五原县', 0);
INSERT INTO `sys_district` VALUES (392, 32, '磴口县', 0);
INSERT INTO `sys_district` VALUES (393, 32, '乌拉特前旗', 0);
INSERT INTO `sys_district` VALUES (394, 32, '乌拉特中旗', 0);
INSERT INTO `sys_district` VALUES (395, 32, '乌拉特后旗', 0);
INSERT INTO `sys_district` VALUES (396, 32, '杭锦后旗', 0);
INSERT INTO `sys_district` VALUES (397, 33, '集宁区', 0);
INSERT INTO `sys_district` VALUES (398, 33, '卓资县', 0);
INSERT INTO `sys_district` VALUES (399, 33, '化德县', 0);
INSERT INTO `sys_district` VALUES (400, 33, '商都县', 0);
INSERT INTO `sys_district` VALUES (401, 33, '兴和县', 0);
INSERT INTO `sys_district` VALUES (402, 33, '凉城县', 0);
INSERT INTO `sys_district` VALUES (403, 33, '察哈尔右翼前旗', 0);
INSERT INTO `sys_district` VALUES (404, 33, '察哈尔右翼中旗', 0);
INSERT INTO `sys_district` VALUES (405, 33, '察哈尔右翼后旗', 0);
INSERT INTO `sys_district` VALUES (406, 33, '四子王旗', 0);
INSERT INTO `sys_district` VALUES (407, 33, '丰镇市', 0);
INSERT INTO `sys_district` VALUES (408, 34, '乌兰浩特市', 0);
INSERT INTO `sys_district` VALUES (409, 34, '阿尔山市', 0);
INSERT INTO `sys_district` VALUES (410, 34, '科尔沁右翼前旗', 0);
INSERT INTO `sys_district` VALUES (411, 34, '科尔沁右翼中旗', 0);
INSERT INTO `sys_district` VALUES (412, 34, '扎赉特旗', 0);
INSERT INTO `sys_district` VALUES (413, 34, '突泉县', 0);
INSERT INTO `sys_district` VALUES (414, 35, '二连浩特市', 0);
INSERT INTO `sys_district` VALUES (415, 35, '锡林浩特市', 0);
INSERT INTO `sys_district` VALUES (416, 35, '阿巴嘎旗', 0);
INSERT INTO `sys_district` VALUES (417, 35, '苏尼特左旗', 0);
INSERT INTO `sys_district` VALUES (418, 35, '苏尼特右旗', 0);
INSERT INTO `sys_district` VALUES (419, 35, '东乌珠穆沁旗', 0);
INSERT INTO `sys_district` VALUES (420, 35, '西乌珠穆沁旗', 0);
INSERT INTO `sys_district` VALUES (421, 35, '太仆寺旗', 0);
INSERT INTO `sys_district` VALUES (422, 35, '镶黄旗', 0);
INSERT INTO `sys_district` VALUES (423, 35, '正镶白旗', 0);
INSERT INTO `sys_district` VALUES (424, 35, '正蓝旗', 0);
INSERT INTO `sys_district` VALUES (425, 35, '多伦县', 0);
INSERT INTO `sys_district` VALUES (426, 36, '阿拉善左旗', 0);
INSERT INTO `sys_district` VALUES (427, 36, '阿拉善右旗', 0);
INSERT INTO `sys_district` VALUES (428, 36, '额济纳旗', 0);
INSERT INTO `sys_district` VALUES (429, 37, '和平区', 0);
INSERT INTO `sys_district` VALUES (430, 37, '沈河区', 0);
INSERT INTO `sys_district` VALUES (431, 37, '大东区', 0);
INSERT INTO `sys_district` VALUES (432, 37, '皇姑区', 0);
INSERT INTO `sys_district` VALUES (433, 37, '铁西区', 0);
INSERT INTO `sys_district` VALUES (434, 37, '苏家屯区', 0);
INSERT INTO `sys_district` VALUES (435, 37, '东陵区', 0);
INSERT INTO `sys_district` VALUES (436, 37, '新城子区', 0);
INSERT INTO `sys_district` VALUES (437, 37, '于洪区', 0);
INSERT INTO `sys_district` VALUES (438, 37, '辽中县', 0);
INSERT INTO `sys_district` VALUES (439, 37, '康平县', 0);
INSERT INTO `sys_district` VALUES (440, 37, '法库县', 0);
INSERT INTO `sys_district` VALUES (441, 37, '新民市', 0);
INSERT INTO `sys_district` VALUES (442, 38, '中山区', 0);
INSERT INTO `sys_district` VALUES (443, 38, '西岗区', 0);
INSERT INTO `sys_district` VALUES (444, 38, '沙河口区', 0);
INSERT INTO `sys_district` VALUES (445, 38, '甘井子区', 0);
INSERT INTO `sys_district` VALUES (446, 38, '旅顺口区', 0);
INSERT INTO `sys_district` VALUES (447, 38, '金州区', 0);
INSERT INTO `sys_district` VALUES (448, 38, '长海县', 0);
INSERT INTO `sys_district` VALUES (449, 38, '瓦房店市', 0);
INSERT INTO `sys_district` VALUES (450, 38, '普兰店市', 0);
INSERT INTO `sys_district` VALUES (451, 38, '庄河市', 0);
INSERT INTO `sys_district` VALUES (452, 39, '铁东区', 0);
INSERT INTO `sys_district` VALUES (453, 39, '铁西区', 0);
INSERT INTO `sys_district` VALUES (454, 39, '立山区', 0);
INSERT INTO `sys_district` VALUES (455, 39, '千山区', 0);
INSERT INTO `sys_district` VALUES (456, 39, '台安县', 0);
INSERT INTO `sys_district` VALUES (457, 39, '岫岩满族自治县', 0);
INSERT INTO `sys_district` VALUES (458, 39, '海城市', 0);
INSERT INTO `sys_district` VALUES (459, 40, '新抚区', 0);
INSERT INTO `sys_district` VALUES (460, 40, '东洲区', 0);
INSERT INTO `sys_district` VALUES (461, 40, '望花区', 0);
INSERT INTO `sys_district` VALUES (462, 40, '顺城区', 0);
INSERT INTO `sys_district` VALUES (463, 40, '抚顺县', 0);
INSERT INTO `sys_district` VALUES (464, 40, '新宾满族自治县', 0);
INSERT INTO `sys_district` VALUES (465, 40, '清原满族自治县', 0);
INSERT INTO `sys_district` VALUES (466, 41, '平山区', 0);
INSERT INTO `sys_district` VALUES (467, 41, '溪湖区', 0);
INSERT INTO `sys_district` VALUES (468, 41, '明山区', 0);
INSERT INTO `sys_district` VALUES (469, 41, '南芬区', 0);
INSERT INTO `sys_district` VALUES (470, 41, '本溪满族自治县', 0);
INSERT INTO `sys_district` VALUES (471, 41, '桓仁满族自治县', 0);
INSERT INTO `sys_district` VALUES (472, 42, '元宝区', 0);
INSERT INTO `sys_district` VALUES (473, 42, '振兴区', 0);
INSERT INTO `sys_district` VALUES (474, 42, '振安区', 0);
INSERT INTO `sys_district` VALUES (475, 42, '宽甸满族自治县', 0);
INSERT INTO `sys_district` VALUES (476, 42, '东港市', 0);
INSERT INTO `sys_district` VALUES (477, 42, '凤城市', 0);
INSERT INTO `sys_district` VALUES (478, 43, '古塔区', 0);
INSERT INTO `sys_district` VALUES (479, 43, '凌河区', 0);
INSERT INTO `sys_district` VALUES (480, 43, '太和区', 0);
INSERT INTO `sys_district` VALUES (481, 43, '黑山县', 0);
INSERT INTO `sys_district` VALUES (482, 43, '义县', 0);
INSERT INTO `sys_district` VALUES (483, 43, '凌海市', 0);
INSERT INTO `sys_district` VALUES (484, 43, '北宁市', 0);
INSERT INTO `sys_district` VALUES (485, 44, '站前区', 0);
INSERT INTO `sys_district` VALUES (486, 44, '西市区', 0);
INSERT INTO `sys_district` VALUES (487, 44, '鲅鱼圈区', 0);
INSERT INTO `sys_district` VALUES (488, 44, '老边区', 0);
INSERT INTO `sys_district` VALUES (489, 44, '盖州市', 0);
INSERT INTO `sys_district` VALUES (490, 44, '大石桥市', 0);
INSERT INTO `sys_district` VALUES (491, 45, '海州区', 0);
INSERT INTO `sys_district` VALUES (492, 45, '新邱区', 0);
INSERT INTO `sys_district` VALUES (493, 45, '太平区', 0);
INSERT INTO `sys_district` VALUES (494, 45, '清河门区', 0);
INSERT INTO `sys_district` VALUES (495, 45, '细河区', 0);
INSERT INTO `sys_district` VALUES (496, 45, '阜新蒙古族自治县', 0);
INSERT INTO `sys_district` VALUES (497, 45, '彰武县', 0);
INSERT INTO `sys_district` VALUES (498, 46, '白塔区', 0);
INSERT INTO `sys_district` VALUES (499, 46, '文圣区', 0);
INSERT INTO `sys_district` VALUES (500, 46, '宏伟区', 0);
INSERT INTO `sys_district` VALUES (501, 46, '弓长岭区', 0);
INSERT INTO `sys_district` VALUES (502, 46, '太子河区', 0);
INSERT INTO `sys_district` VALUES (503, 46, '辽阳县', 0);
INSERT INTO `sys_district` VALUES (504, 46, '灯塔市', 0);
INSERT INTO `sys_district` VALUES (505, 47, '双台子区', 0);
INSERT INTO `sys_district` VALUES (506, 47, '兴隆台区', 0);
INSERT INTO `sys_district` VALUES (507, 47, '大洼县', 0);
INSERT INTO `sys_district` VALUES (508, 47, '盘山县', 0);
INSERT INTO `sys_district` VALUES (509, 48, '银州区', 0);
INSERT INTO `sys_district` VALUES (510, 48, '清河区', 0);
INSERT INTO `sys_district` VALUES (511, 48, '铁岭县', 0);
INSERT INTO `sys_district` VALUES (512, 48, '西丰县', 0);
INSERT INTO `sys_district` VALUES (513, 48, '昌图县', 0);
INSERT INTO `sys_district` VALUES (514, 48, '调兵山市', 0);
INSERT INTO `sys_district` VALUES (515, 48, '开原市', 0);
INSERT INTO `sys_district` VALUES (516, 49, '双塔区', 0);
INSERT INTO `sys_district` VALUES (517, 49, '龙城区', 0);
INSERT INTO `sys_district` VALUES (518, 49, '朝阳县', 0);
INSERT INTO `sys_district` VALUES (519, 49, '建平县', 0);
INSERT INTO `sys_district` VALUES (520, 49, '喀喇沁左翼蒙古族自治县', 0);
INSERT INTO `sys_district` VALUES (521, 49, '北票市', 0);
INSERT INTO `sys_district` VALUES (522, 49, '凌源市', 0);
INSERT INTO `sys_district` VALUES (523, 50, '连山区', 0);
INSERT INTO `sys_district` VALUES (524, 50, '龙港区', 0);
INSERT INTO `sys_district` VALUES (525, 50, '南票区', 0);
INSERT INTO `sys_district` VALUES (526, 50, '绥中县', 0);
INSERT INTO `sys_district` VALUES (527, 50, '建昌县', 0);
INSERT INTO `sys_district` VALUES (528, 50, '兴城市', 0);
INSERT INTO `sys_district` VALUES (529, 51, '南关区', 0);
INSERT INTO `sys_district` VALUES (530, 51, '宽城区', 0);
INSERT INTO `sys_district` VALUES (531, 51, '朝阳区', 0);
INSERT INTO `sys_district` VALUES (532, 51, '二道区', 0);
INSERT INTO `sys_district` VALUES (533, 51, '绿园区', 0);
INSERT INTO `sys_district` VALUES (534, 51, '双阳区', 0);
INSERT INTO `sys_district` VALUES (535, 51, '农安县', 0);
INSERT INTO `sys_district` VALUES (536, 51, '九台市', 0);
INSERT INTO `sys_district` VALUES (537, 51, '榆树市', 0);
INSERT INTO `sys_district` VALUES (538, 51, '德惠市', 0);
INSERT INTO `sys_district` VALUES (539, 52, '昌邑区', 0);
INSERT INTO `sys_district` VALUES (540, 52, '龙潭区', 0);
INSERT INTO `sys_district` VALUES (541, 52, '船营区', 0);
INSERT INTO `sys_district` VALUES (542, 52, '丰满区', 0);
INSERT INTO `sys_district` VALUES (543, 52, '永吉县', 0);
INSERT INTO `sys_district` VALUES (544, 52, '蛟河市', 0);
INSERT INTO `sys_district` VALUES (545, 52, '桦甸市', 0);
INSERT INTO `sys_district` VALUES (546, 52, '舒兰市', 0);
INSERT INTO `sys_district` VALUES (547, 52, '磐石市', 0);
INSERT INTO `sys_district` VALUES (548, 53, '铁西区', 0);
INSERT INTO `sys_district` VALUES (549, 53, '铁东区', 0);
INSERT INTO `sys_district` VALUES (550, 53, '梨树县', 0);
INSERT INTO `sys_district` VALUES (551, 53, '伊通满族自治县', 0);
INSERT INTO `sys_district` VALUES (552, 53, '公主岭市', 0);
INSERT INTO `sys_district` VALUES (553, 53, '双辽市', 0);
INSERT INTO `sys_district` VALUES (554, 54, '龙山区', 0);
INSERT INTO `sys_district` VALUES (555, 54, '西安区', 0);
INSERT INTO `sys_district` VALUES (556, 54, '东丰县', 0);
INSERT INTO `sys_district` VALUES (557, 54, '东辽县', 0);
INSERT INTO `sys_district` VALUES (558, 55, '东昌区', 0);
INSERT INTO `sys_district` VALUES (559, 55, '二道江区', 0);
INSERT INTO `sys_district` VALUES (560, 55, '通化县', 0);
INSERT INTO `sys_district` VALUES (561, 55, '辉南县', 0);
INSERT INTO `sys_district` VALUES (562, 55, '柳河县', 0);
INSERT INTO `sys_district` VALUES (563, 55, '梅河口市', 0);
INSERT INTO `sys_district` VALUES (564, 55, '集安市', 0);
INSERT INTO `sys_district` VALUES (565, 56, '八道江区', 0);
INSERT INTO `sys_district` VALUES (566, 56, '抚松县', 0);
INSERT INTO `sys_district` VALUES (567, 56, '靖宇县', 0);
INSERT INTO `sys_district` VALUES (568, 56, '长白朝鲜族自治县', 0);
INSERT INTO `sys_district` VALUES (569, 56, '江源县', 0);
INSERT INTO `sys_district` VALUES (570, 56, '临江市', 0);
INSERT INTO `sys_district` VALUES (571, 57, '宁江区', 0);
INSERT INTO `sys_district` VALUES (572, 57, '前郭尔罗斯蒙古族自治县', 0);
INSERT INTO `sys_district` VALUES (573, 57, '长岭县', 0);
INSERT INTO `sys_district` VALUES (574, 57, '乾安县', 0);
INSERT INTO `sys_district` VALUES (575, 57, '扶余县', 0);
INSERT INTO `sys_district` VALUES (576, 58, '洮北区', 0);
INSERT INTO `sys_district` VALUES (577, 58, '镇赉县', 0);
INSERT INTO `sys_district` VALUES (578, 58, '通榆县', 0);
INSERT INTO `sys_district` VALUES (579, 58, '洮南市', 0);
INSERT INTO `sys_district` VALUES (580, 58, '大安市', 0);
INSERT INTO `sys_district` VALUES (581, 59, '延吉市', 0);
INSERT INTO `sys_district` VALUES (582, 59, '图们市', 0);
INSERT INTO `sys_district` VALUES (583, 59, '敦化市', 0);
INSERT INTO `sys_district` VALUES (584, 59, '珲春市', 0);
INSERT INTO `sys_district` VALUES (585, 59, '龙井市', 0);
INSERT INTO `sys_district` VALUES (586, 59, '和龙市', 0);
INSERT INTO `sys_district` VALUES (587, 59, '汪清县', 0);
INSERT INTO `sys_district` VALUES (588, 59, '安图县', 0);
INSERT INTO `sys_district` VALUES (589, 60, '道里区', 0);
INSERT INTO `sys_district` VALUES (590, 60, '南岗区', 0);
INSERT INTO `sys_district` VALUES (591, 60, '道外区', 0);
INSERT INTO `sys_district` VALUES (592, 60, '香坊区', 0);
INSERT INTO `sys_district` VALUES (593, 60, '动力区', 0);
INSERT INTO `sys_district` VALUES (594, 60, '平房区', 0);
INSERT INTO `sys_district` VALUES (595, 60, '松北区', 0);
INSERT INTO `sys_district` VALUES (596, 60, '呼兰区', 0);
INSERT INTO `sys_district` VALUES (597, 60, '依兰县', 0);
INSERT INTO `sys_district` VALUES (598, 60, '方正县', 0);
INSERT INTO `sys_district` VALUES (599, 60, '宾县', 0);
INSERT INTO `sys_district` VALUES (600, 60, '巴彦县', 0);
INSERT INTO `sys_district` VALUES (601, 60, '木兰县', 0);
INSERT INTO `sys_district` VALUES (602, 60, '通河县', 0);
INSERT INTO `sys_district` VALUES (603, 60, '延寿县', 0);
INSERT INTO `sys_district` VALUES (604, 60, '阿城市', 0);
INSERT INTO `sys_district` VALUES (605, 60, '双城市', 0);
INSERT INTO `sys_district` VALUES (606, 60, '尚志市', 0);
INSERT INTO `sys_district` VALUES (607, 60, '五常市', 0);
INSERT INTO `sys_district` VALUES (608, 61, '龙沙区', 0);
INSERT INTO `sys_district` VALUES (609, 61, '建华区', 0);
INSERT INTO `sys_district` VALUES (610, 61, '铁锋区', 0);
INSERT INTO `sys_district` VALUES (611, 61, '昂昂溪区', 0);
INSERT INTO `sys_district` VALUES (612, 61, '富拉尔基区', 0);
INSERT INTO `sys_district` VALUES (613, 61, '碾子山区', 0);
INSERT INTO `sys_district` VALUES (614, 61, '梅里斯达斡尔族区', 0);
INSERT INTO `sys_district` VALUES (615, 61, '龙江县', 0);
INSERT INTO `sys_district` VALUES (616, 61, '依安县', 0);
INSERT INTO `sys_district` VALUES (617, 61, '泰来县', 0);
INSERT INTO `sys_district` VALUES (618, 61, '甘南县', 0);
INSERT INTO `sys_district` VALUES (619, 61, '富裕县', 0);
INSERT INTO `sys_district` VALUES (620, 61, '克山县', 0);
INSERT INTO `sys_district` VALUES (621, 61, '克东县', 0);
INSERT INTO `sys_district` VALUES (622, 61, '拜泉县', 0);
INSERT INTO `sys_district` VALUES (623, 61, '讷河市', 0);
INSERT INTO `sys_district` VALUES (624, 62, '鸡冠区', 0);
INSERT INTO `sys_district` VALUES (625, 62, '恒山区', 0);
INSERT INTO `sys_district` VALUES (626, 62, '滴道区', 0);
INSERT INTO `sys_district` VALUES (627, 62, '梨树区', 0);
INSERT INTO `sys_district` VALUES (628, 62, '城子河区', 0);
INSERT INTO `sys_district` VALUES (629, 62, '麻山区', 0);
INSERT INTO `sys_district` VALUES (630, 62, '鸡东县', 0);
INSERT INTO `sys_district` VALUES (631, 62, '虎林市', 0);
INSERT INTO `sys_district` VALUES (632, 62, '密山市', 0);
INSERT INTO `sys_district` VALUES (633, 63, '向阳区', 0);
INSERT INTO `sys_district` VALUES (634, 63, '工农区', 0);
INSERT INTO `sys_district` VALUES (635, 63, '南山区', 0);
INSERT INTO `sys_district` VALUES (636, 63, '兴安区', 0);
INSERT INTO `sys_district` VALUES (637, 63, '东山区', 0);
INSERT INTO `sys_district` VALUES (638, 63, '兴山区', 0);
INSERT INTO `sys_district` VALUES (639, 63, '萝北县', 0);
INSERT INTO `sys_district` VALUES (640, 63, '绥滨县', 0);
INSERT INTO `sys_district` VALUES (641, 64, '尖山区', 0);
INSERT INTO `sys_district` VALUES (642, 64, '岭东区', 0);
INSERT INTO `sys_district` VALUES (643, 64, '四方台区', 0);
INSERT INTO `sys_district` VALUES (644, 64, '宝山区', 0);
INSERT INTO `sys_district` VALUES (645, 64, '集贤县', 0);
INSERT INTO `sys_district` VALUES (646, 64, '友谊县', 0);
INSERT INTO `sys_district` VALUES (647, 64, '宝清县', 0);
INSERT INTO `sys_district` VALUES (648, 64, '饶河县', 0);
INSERT INTO `sys_district` VALUES (649, 65, '萨尔图区', 0);
INSERT INTO `sys_district` VALUES (650, 65, '龙凤区', 0);
INSERT INTO `sys_district` VALUES (651, 65, '让胡路区', 0);
INSERT INTO `sys_district` VALUES (652, 65, '红岗区', 0);
INSERT INTO `sys_district` VALUES (653, 65, '大同区', 0);
INSERT INTO `sys_district` VALUES (654, 65, '肇州县', 0);
INSERT INTO `sys_district` VALUES (655, 65, '肇源县', 0);
INSERT INTO `sys_district` VALUES (656, 65, '林甸县', 0);
INSERT INTO `sys_district` VALUES (657, 65, '杜尔伯特蒙古族自治县', 0);
INSERT INTO `sys_district` VALUES (658, 66, '伊春区', 0);
INSERT INTO `sys_district` VALUES (659, 66, '南岔区', 0);
INSERT INTO `sys_district` VALUES (660, 66, '友好区', 0);
INSERT INTO `sys_district` VALUES (661, 66, '西林区', 0);
INSERT INTO `sys_district` VALUES (662, 66, '翠峦区', 0);
INSERT INTO `sys_district` VALUES (663, 66, '新青区', 0);
INSERT INTO `sys_district` VALUES (664, 66, '美溪区', 0);
INSERT INTO `sys_district` VALUES (665, 66, '金山屯区', 0);
INSERT INTO `sys_district` VALUES (666, 66, '五营区', 0);
INSERT INTO `sys_district` VALUES (667, 66, '乌马河区', 0);
INSERT INTO `sys_district` VALUES (668, 66, '汤旺河区', 0);
INSERT INTO `sys_district` VALUES (669, 66, '带岭区', 0);
INSERT INTO `sys_district` VALUES (670, 66, '乌伊岭区', 0);
INSERT INTO `sys_district` VALUES (671, 66, '红星区', 0);
INSERT INTO `sys_district` VALUES (672, 66, '上甘岭区', 0);
INSERT INTO `sys_district` VALUES (673, 66, '嘉荫县', 0);
INSERT INTO `sys_district` VALUES (674, 66, '铁力市', 0);
INSERT INTO `sys_district` VALUES (675, 67, '永红区', 0);
INSERT INTO `sys_district` VALUES (676, 67, '向阳区', 0);
INSERT INTO `sys_district` VALUES (677, 67, '前进区', 0);
INSERT INTO `sys_district` VALUES (678, 67, '东风区', 0);
INSERT INTO `sys_district` VALUES (679, 67, '郊区', 0);
INSERT INTO `sys_district` VALUES (680, 67, '桦南县', 0);
INSERT INTO `sys_district` VALUES (681, 67, '桦川县', 0);
INSERT INTO `sys_district` VALUES (682, 67, '汤原县', 0);
INSERT INTO `sys_district` VALUES (683, 67, '抚远县', 0);
INSERT INTO `sys_district` VALUES (684, 67, '同江市', 0);
INSERT INTO `sys_district` VALUES (685, 67, '富锦市', 0);
INSERT INTO `sys_district` VALUES (686, 68, '新兴区', 0);
INSERT INTO `sys_district` VALUES (687, 68, '桃山区', 0);
INSERT INTO `sys_district` VALUES (688, 68, '茄子河区', 0);
INSERT INTO `sys_district` VALUES (689, 68, '勃利县', 0);
INSERT INTO `sys_district` VALUES (690, 69, '东安区', 0);
INSERT INTO `sys_district` VALUES (691, 69, '阳明区', 0);
INSERT INTO `sys_district` VALUES (692, 69, '爱民区', 0);
INSERT INTO `sys_district` VALUES (693, 69, '西安区', 0);
INSERT INTO `sys_district` VALUES (694, 69, '东宁县', 0);
INSERT INTO `sys_district` VALUES (695, 69, '林口县', 0);
INSERT INTO `sys_district` VALUES (696, 69, '绥芬河市', 0);
INSERT INTO `sys_district` VALUES (697, 69, '海林市', 0);
INSERT INTO `sys_district` VALUES (698, 69, '宁安市', 0);
INSERT INTO `sys_district` VALUES (699, 69, '穆棱市', 0);
INSERT INTO `sys_district` VALUES (700, 70, '爱辉区', 0);
INSERT INTO `sys_district` VALUES (701, 70, '嫩江县', 0);
INSERT INTO `sys_district` VALUES (702, 70, '逊克县', 0);
INSERT INTO `sys_district` VALUES (703, 70, '孙吴县', 0);
INSERT INTO `sys_district` VALUES (704, 70, '北安市', 0);
INSERT INTO `sys_district` VALUES (705, 70, '五大连池市', 0);
INSERT INTO `sys_district` VALUES (706, 71, '北林区', 0);
INSERT INTO `sys_district` VALUES (707, 71, '望奎县', 0);
INSERT INTO `sys_district` VALUES (708, 71, '兰西县', 0);
INSERT INTO `sys_district` VALUES (709, 71, '青冈县', 0);
INSERT INTO `sys_district` VALUES (710, 71, '庆安县', 0);
INSERT INTO `sys_district` VALUES (711, 71, '明水县', 0);
INSERT INTO `sys_district` VALUES (712, 71, '绥棱县', 0);
INSERT INTO `sys_district` VALUES (713, 71, '安达市', 0);
INSERT INTO `sys_district` VALUES (714, 71, '肇东市', 0);
INSERT INTO `sys_district` VALUES (715, 71, '海伦市', 0);
INSERT INTO `sys_district` VALUES (716, 72, '呼玛县', 0);
INSERT INTO `sys_district` VALUES (717, 72, '塔河县', 0);
INSERT INTO `sys_district` VALUES (718, 72, '漠河县', 0);
INSERT INTO `sys_district` VALUES (719, 73, '黄浦区', 0);
INSERT INTO `sys_district` VALUES (720, 73, '卢湾区', 0);
INSERT INTO `sys_district` VALUES (721, 73, '徐汇区', 0);
INSERT INTO `sys_district` VALUES (722, 73, '长宁区', 0);
INSERT INTO `sys_district` VALUES (723, 73, '静安区', 0);
INSERT INTO `sys_district` VALUES (724, 73, '普陀区', 0);
INSERT INTO `sys_district` VALUES (725, 73, '闸北区', 0);
INSERT INTO `sys_district` VALUES (726, 73, '虹口区', 0);
INSERT INTO `sys_district` VALUES (727, 73, '杨浦区', 0);
INSERT INTO `sys_district` VALUES (728, 73, '闵行区', 0);
INSERT INTO `sys_district` VALUES (729, 73, '宝山区', 0);
INSERT INTO `sys_district` VALUES (730, 73, '嘉定区', 0);
INSERT INTO `sys_district` VALUES (731, 73, '浦东新区', 0);
INSERT INTO `sys_district` VALUES (732, 73, '金山区', 0);
INSERT INTO `sys_district` VALUES (733, 73, '松江区', 0);
INSERT INTO `sys_district` VALUES (734, 73, '青浦区', 0);
INSERT INTO `sys_district` VALUES (735, 73, '南汇区', 0);
INSERT INTO `sys_district` VALUES (736, 73, '奉贤区', 0);
INSERT INTO `sys_district` VALUES (737, 73, '崇明县', 0);
INSERT INTO `sys_district` VALUES (738, 74, '玄武区', 0);
INSERT INTO `sys_district` VALUES (739, 74, '白下区', 0);
INSERT INTO `sys_district` VALUES (740, 74, '秦淮区', 0);
INSERT INTO `sys_district` VALUES (741, 74, '建邺区', 0);
INSERT INTO `sys_district` VALUES (742, 74, '鼓楼区', 0);
INSERT INTO `sys_district` VALUES (743, 74, '下关区', 0);
INSERT INTO `sys_district` VALUES (744, 74, '浦口区', 0);
INSERT INTO `sys_district` VALUES (745, 74, '栖霞区', 0);
INSERT INTO `sys_district` VALUES (746, 74, '雨花台区', 0);
INSERT INTO `sys_district` VALUES (747, 74, '江宁区', 0);
INSERT INTO `sys_district` VALUES (748, 74, '六合区', 0);
INSERT INTO `sys_district` VALUES (749, 74, '溧水县', 0);
INSERT INTO `sys_district` VALUES (750, 74, '高淳县', 0);
INSERT INTO `sys_district` VALUES (751, 75, '崇安区', 0);
INSERT INTO `sys_district` VALUES (752, 75, '南长区', 0);
INSERT INTO `sys_district` VALUES (753, 75, '北塘区', 0);
INSERT INTO `sys_district` VALUES (754, 75, '锡山区', 0);
INSERT INTO `sys_district` VALUES (755, 75, '惠山区', 0);
INSERT INTO `sys_district` VALUES (756, 75, '滨湖区', 0);
INSERT INTO `sys_district` VALUES (757, 75, '江阴市', 0);
INSERT INTO `sys_district` VALUES (758, 75, '宜兴市', 0);
INSERT INTO `sys_district` VALUES (759, 76, '鼓楼区', 0);
INSERT INTO `sys_district` VALUES (760, 76, '云龙区', 0);
INSERT INTO `sys_district` VALUES (761, 76, '九里区', 0);
INSERT INTO `sys_district` VALUES (762, 76, '贾汪区', 0);
INSERT INTO `sys_district` VALUES (763, 76, '泉山区', 0);
INSERT INTO `sys_district` VALUES (764, 76, '丰县', 0);
INSERT INTO `sys_district` VALUES (765, 76, '沛县', 0);
INSERT INTO `sys_district` VALUES (766, 76, '铜山县', 0);
INSERT INTO `sys_district` VALUES (767, 76, '睢宁县', 0);
INSERT INTO `sys_district` VALUES (768, 76, '新沂市', 0);
INSERT INTO `sys_district` VALUES (769, 76, '邳州市', 0);
INSERT INTO `sys_district` VALUES (770, 77, '天宁区', 0);
INSERT INTO `sys_district` VALUES (771, 77, '钟楼区', 0);
INSERT INTO `sys_district` VALUES (772, 77, '戚墅堰区', 0);
INSERT INTO `sys_district` VALUES (773, 77, '新北区', 0);
INSERT INTO `sys_district` VALUES (774, 77, '武进区', 0);
INSERT INTO `sys_district` VALUES (775, 77, '溧阳市', 0);
INSERT INTO `sys_district` VALUES (776, 77, '金坛市', 0);
INSERT INTO `sys_district` VALUES (777, 78, '沧浪区', 0);
INSERT INTO `sys_district` VALUES (778, 78, '平江区', 0);
INSERT INTO `sys_district` VALUES (779, 78, '金阊区', 0);
INSERT INTO `sys_district` VALUES (780, 78, '虎丘区', 0);
INSERT INTO `sys_district` VALUES (781, 78, '吴中区', 0);
INSERT INTO `sys_district` VALUES (782, 78, '相城区', 0);
INSERT INTO `sys_district` VALUES (783, 78, '常熟市', 0);
INSERT INTO `sys_district` VALUES (784, 78, '张家港市', 0);
INSERT INTO `sys_district` VALUES (785, 78, '昆山市', 0);
INSERT INTO `sys_district` VALUES (786, 78, '吴江市', 0);
INSERT INTO `sys_district` VALUES (787, 78, '太仓市', 0);
INSERT INTO `sys_district` VALUES (788, 79, '崇川区', 0);
INSERT INTO `sys_district` VALUES (789, 79, '港闸区', 0);
INSERT INTO `sys_district` VALUES (790, 79, '海安县', 0);
INSERT INTO `sys_district` VALUES (791, 79, '如东县', 0);
INSERT INTO `sys_district` VALUES (792, 79, '启东市', 0);
INSERT INTO `sys_district` VALUES (793, 79, '如皋市', 0);
INSERT INTO `sys_district` VALUES (794, 79, '通州市', 0);
INSERT INTO `sys_district` VALUES (795, 79, '海门市', 0);
INSERT INTO `sys_district` VALUES (796, 80, '连云区', 0);
INSERT INTO `sys_district` VALUES (797, 80, '新浦区', 0);
INSERT INTO `sys_district` VALUES (798, 80, '海州区', 0);
INSERT INTO `sys_district` VALUES (799, 80, '赣榆县', 0);
INSERT INTO `sys_district` VALUES (800, 80, '东海县', 0);
INSERT INTO `sys_district` VALUES (801, 80, '灌云县', 0);
INSERT INTO `sys_district` VALUES (802, 80, '灌南县', 0);
INSERT INTO `sys_district` VALUES (803, 81, '清河区', 0);
INSERT INTO `sys_district` VALUES (804, 81, '楚州区', 0);
INSERT INTO `sys_district` VALUES (805, 81, '淮阴区', 0);
INSERT INTO `sys_district` VALUES (806, 81, '清浦区', 0);
INSERT INTO `sys_district` VALUES (807, 81, '涟水县', 0);
INSERT INTO `sys_district` VALUES (808, 81, '洪泽县', 0);
INSERT INTO `sys_district` VALUES (809, 81, '盱眙县', 0);
INSERT INTO `sys_district` VALUES (810, 81, '金湖县', 0);
INSERT INTO `sys_district` VALUES (811, 82, '亭湖区', 0);
INSERT INTO `sys_district` VALUES (812, 82, '盐都区', 0);
INSERT INTO `sys_district` VALUES (813, 82, '响水县', 0);
INSERT INTO `sys_district` VALUES (814, 82, '滨海县', 0);
INSERT INTO `sys_district` VALUES (815, 82, '阜宁县', 0);
INSERT INTO `sys_district` VALUES (816, 82, '射阳县', 0);
INSERT INTO `sys_district` VALUES (817, 82, '建湖县', 0);
INSERT INTO `sys_district` VALUES (818, 82, '东台市', 0);
INSERT INTO `sys_district` VALUES (819, 82, '大丰市', 0);
INSERT INTO `sys_district` VALUES (820, 83, '广陵区', 0);
INSERT INTO `sys_district` VALUES (821, 83, '邗江区', 0);
INSERT INTO `sys_district` VALUES (822, 83, '维扬区', 0);
INSERT INTO `sys_district` VALUES (823, 83, '宝应县', 0);
INSERT INTO `sys_district` VALUES (824, 83, '仪征市', 0);
INSERT INTO `sys_district` VALUES (825, 83, '高邮市', 0);
INSERT INTO `sys_district` VALUES (826, 83, '江都市', 0);
INSERT INTO `sys_district` VALUES (827, 84, '京口区', 0);
INSERT INTO `sys_district` VALUES (828, 84, '润州区', 0);
INSERT INTO `sys_district` VALUES (829, 84, '丹徒区', 0);
INSERT INTO `sys_district` VALUES (830, 84, '丹阳市', 0);
INSERT INTO `sys_district` VALUES (831, 84, '扬中市', 0);
INSERT INTO `sys_district` VALUES (832, 84, '句容市', 0);
INSERT INTO `sys_district` VALUES (833, 85, '海陵区', 0);
INSERT INTO `sys_district` VALUES (834, 85, '高港区', 0);
INSERT INTO `sys_district` VALUES (835, 85, '兴化市', 0);
INSERT INTO `sys_district` VALUES (836, 85, '靖江市', 0);
INSERT INTO `sys_district` VALUES (837, 85, '泰兴市', 0);
INSERT INTO `sys_district` VALUES (838, 85, '姜堰市', 0);
INSERT INTO `sys_district` VALUES (839, 86, '宿城区', 0);
INSERT INTO `sys_district` VALUES (840, 86, '宿豫区', 0);
INSERT INTO `sys_district` VALUES (841, 86, '沭阳县', 0);
INSERT INTO `sys_district` VALUES (842, 86, '泗阳县', 0);
INSERT INTO `sys_district` VALUES (843, 86, '泗洪县', 0);
INSERT INTO `sys_district` VALUES (844, 87, '上城区', 0);
INSERT INTO `sys_district` VALUES (845, 87, '下城区', 0);
INSERT INTO `sys_district` VALUES (846, 87, '江干区', 0);
INSERT INTO `sys_district` VALUES (847, 87, '拱墅区', 0);
INSERT INTO `sys_district` VALUES (848, 87, '西湖区', 0);
INSERT INTO `sys_district` VALUES (849, 87, '滨江区', 0);
INSERT INTO `sys_district` VALUES (850, 87, '萧山区', 0);
INSERT INTO `sys_district` VALUES (851, 87, '余杭区', 0);
INSERT INTO `sys_district` VALUES (852, 87, '桐庐县', 0);
INSERT INTO `sys_district` VALUES (853, 87, '淳安县', 0);
INSERT INTO `sys_district` VALUES (854, 87, '建德市', 0);
INSERT INTO `sys_district` VALUES (855, 87, '富阳市', 0);
INSERT INTO `sys_district` VALUES (856, 87, '临安市', 0);
INSERT INTO `sys_district` VALUES (857, 88, '海曙区', 0);
INSERT INTO `sys_district` VALUES (858, 88, '江东区', 0);
INSERT INTO `sys_district` VALUES (859, 88, '江北区', 0);
INSERT INTO `sys_district` VALUES (860, 88, '北仑区', 0);
INSERT INTO `sys_district` VALUES (861, 88, '镇海区', 0);
INSERT INTO `sys_district` VALUES (862, 88, '鄞州区', 0);
INSERT INTO `sys_district` VALUES (863, 88, '象山县', 0);
INSERT INTO `sys_district` VALUES (864, 88, '宁海县', 0);
INSERT INTO `sys_district` VALUES (865, 88, '余姚市', 0);
INSERT INTO `sys_district` VALUES (866, 88, '慈溪市', 0);
INSERT INTO `sys_district` VALUES (867, 88, '奉化市', 0);
INSERT INTO `sys_district` VALUES (868, 89, '鹿城区', 0);
INSERT INTO `sys_district` VALUES (869, 89, '龙湾区', 0);
INSERT INTO `sys_district` VALUES (870, 89, '瓯海区', 0);
INSERT INTO `sys_district` VALUES (871, 89, '洞头县', 0);
INSERT INTO `sys_district` VALUES (872, 89, '永嘉县', 0);
INSERT INTO `sys_district` VALUES (873, 89, '平阳县', 0);
INSERT INTO `sys_district` VALUES (874, 89, '苍南县', 0);
INSERT INTO `sys_district` VALUES (875, 89, '文成县', 0);
INSERT INTO `sys_district` VALUES (876, 89, '泰顺县', 0);
INSERT INTO `sys_district` VALUES (877, 89, '瑞安市', 0);
INSERT INTO `sys_district` VALUES (878, 89, '乐清市', 0);
INSERT INTO `sys_district` VALUES (879, 90, '秀城区', 0);
INSERT INTO `sys_district` VALUES (880, 90, '秀洲区', 0);
INSERT INTO `sys_district` VALUES (881, 90, '嘉善县', 0);
INSERT INTO `sys_district` VALUES (882, 90, '海盐县', 0);
INSERT INTO `sys_district` VALUES (883, 90, '海宁市', 0);
INSERT INTO `sys_district` VALUES (884, 90, '平湖市', 0);
INSERT INTO `sys_district` VALUES (885, 90, '桐乡市', 0);
INSERT INTO `sys_district` VALUES (886, 91, '吴兴区', 0);
INSERT INTO `sys_district` VALUES (887, 91, '南浔区', 0);
INSERT INTO `sys_district` VALUES (888, 91, '德清县', 0);
INSERT INTO `sys_district` VALUES (889, 91, '长兴县', 0);
INSERT INTO `sys_district` VALUES (890, 91, '安吉县', 0);
INSERT INTO `sys_district` VALUES (891, 92, '越城区', 0);
INSERT INTO `sys_district` VALUES (892, 92, '绍兴县', 0);
INSERT INTO `sys_district` VALUES (893, 92, '新昌县', 0);
INSERT INTO `sys_district` VALUES (894, 92, '诸暨市', 0);
INSERT INTO `sys_district` VALUES (895, 92, '上虞市', 0);
INSERT INTO `sys_district` VALUES (896, 92, '嵊州市', 0);
INSERT INTO `sys_district` VALUES (897, 93, '婺城区', 0);
INSERT INTO `sys_district` VALUES (898, 93, '金东区', 0);
INSERT INTO `sys_district` VALUES (899, 93, '武义县', 0);
INSERT INTO `sys_district` VALUES (900, 93, '浦江县', 0);
INSERT INTO `sys_district` VALUES (901, 93, '磐安县', 0);
INSERT INTO `sys_district` VALUES (902, 93, '兰溪市', 0);
INSERT INTO `sys_district` VALUES (903, 93, '义乌市', 0);
INSERT INTO `sys_district` VALUES (904, 93, '东阳市', 0);
INSERT INTO `sys_district` VALUES (905, 93, '永康市', 0);
INSERT INTO `sys_district` VALUES (906, 94, '柯城区', 0);
INSERT INTO `sys_district` VALUES (907, 94, '衢江区', 0);
INSERT INTO `sys_district` VALUES (908, 94, '常山县', 0);
INSERT INTO `sys_district` VALUES (909, 94, '开化县', 0);
INSERT INTO `sys_district` VALUES (910, 94, '龙游县', 0);
INSERT INTO `sys_district` VALUES (911, 94, '江山市', 0);
INSERT INTO `sys_district` VALUES (912, 95, '定海区', 0);
INSERT INTO `sys_district` VALUES (913, 95, '普陀区', 0);
INSERT INTO `sys_district` VALUES (914, 95, '岱山县', 0);
INSERT INTO `sys_district` VALUES (915, 95, '嵊泗县', 0);
INSERT INTO `sys_district` VALUES (916, 96, '椒江区', 0);
INSERT INTO `sys_district` VALUES (917, 96, '黄岩区', 0);
INSERT INTO `sys_district` VALUES (918, 96, '路桥区', 0);
INSERT INTO `sys_district` VALUES (919, 96, '玉环县', 0);
INSERT INTO `sys_district` VALUES (920, 96, '三门县', 0);
INSERT INTO `sys_district` VALUES (921, 96, '天台县', 0);
INSERT INTO `sys_district` VALUES (922, 96, '仙居县', 0);
INSERT INTO `sys_district` VALUES (923, 96, '温岭市', 0);
INSERT INTO `sys_district` VALUES (924, 96, '临海市', 0);
INSERT INTO `sys_district` VALUES (925, 97, '莲都区', 0);
INSERT INTO `sys_district` VALUES (926, 97, '青田县', 0);
INSERT INTO `sys_district` VALUES (927, 97, '缙云县', 0);
INSERT INTO `sys_district` VALUES (928, 97, '遂昌县', 0);
INSERT INTO `sys_district` VALUES (929, 97, '松阳县', 0);
INSERT INTO `sys_district` VALUES (930, 97, '云和县', 0);
INSERT INTO `sys_district` VALUES (931, 97, '庆元县', 0);
INSERT INTO `sys_district` VALUES (932, 97, '景宁畲族自治县', 0);
INSERT INTO `sys_district` VALUES (933, 97, '龙泉市', 0);
INSERT INTO `sys_district` VALUES (934, 98, '瑶海区', 0);
INSERT INTO `sys_district` VALUES (935, 98, '庐阳区', 0);
INSERT INTO `sys_district` VALUES (936, 98, '蜀山区', 0);
INSERT INTO `sys_district` VALUES (937, 98, '包河区', 0);
INSERT INTO `sys_district` VALUES (938, 98, '长丰县', 0);
INSERT INTO `sys_district` VALUES (939, 98, '肥东县', 0);
INSERT INTO `sys_district` VALUES (940, 98, '肥西县', 0);
INSERT INTO `sys_district` VALUES (941, 99, '镜湖区', 0);
INSERT INTO `sys_district` VALUES (942, 99, '马塘区', 0);
INSERT INTO `sys_district` VALUES (943, 99, '新芜区', 0);
INSERT INTO `sys_district` VALUES (944, 99, '鸠江区', 0);
INSERT INTO `sys_district` VALUES (945, 99, '芜湖县', 0);
INSERT INTO `sys_district` VALUES (946, 99, '繁昌县', 0);
INSERT INTO `sys_district` VALUES (947, 99, '南陵县', 0);
INSERT INTO `sys_district` VALUES (948, 100, '龙子湖区', 0);
INSERT INTO `sys_district` VALUES (949, 100, '蚌山区', 0);
INSERT INTO `sys_district` VALUES (950, 100, '禹会区', 0);
INSERT INTO `sys_district` VALUES (951, 100, '淮上区', 0);
INSERT INTO `sys_district` VALUES (952, 100, '怀远县', 0);
INSERT INTO `sys_district` VALUES (953, 100, '五河县', 0);
INSERT INTO `sys_district` VALUES (954, 100, '固镇县', 0);
INSERT INTO `sys_district` VALUES (955, 101, '大通区', 0);
INSERT INTO `sys_district` VALUES (956, 101, '田家庵区', 0);
INSERT INTO `sys_district` VALUES (957, 101, '谢家集区', 0);
INSERT INTO `sys_district` VALUES (958, 101, '八公山区', 0);
INSERT INTO `sys_district` VALUES (959, 101, '潘集区', 0);
INSERT INTO `sys_district` VALUES (960, 101, '凤台县', 0);
INSERT INTO `sys_district` VALUES (961, 102, '金家庄区', 0);
INSERT INTO `sys_district` VALUES (962, 102, '花山区', 0);
INSERT INTO `sys_district` VALUES (963, 102, '雨山区', 0);
INSERT INTO `sys_district` VALUES (964, 102, '当涂县', 0);
INSERT INTO `sys_district` VALUES (965, 103, '杜集区', 0);
INSERT INTO `sys_district` VALUES (966, 103, '相山区', 0);
INSERT INTO `sys_district` VALUES (967, 103, '烈山区', 0);
INSERT INTO `sys_district` VALUES (968, 103, '濉溪县', 0);
INSERT INTO `sys_district` VALUES (969, 104, '铜官山区', 0);
INSERT INTO `sys_district` VALUES (970, 104, '狮子山区', 0);
INSERT INTO `sys_district` VALUES (971, 104, '郊区', 0);
INSERT INTO `sys_district` VALUES (972, 104, '铜陵县', 0);
INSERT INTO `sys_district` VALUES (973, 105, '迎江区', 0);
INSERT INTO `sys_district` VALUES (974, 105, '大观区', 0);
INSERT INTO `sys_district` VALUES (975, 105, '郊区', 0);
INSERT INTO `sys_district` VALUES (976, 105, '怀宁县', 0);
INSERT INTO `sys_district` VALUES (977, 105, '枞阳县', 0);
INSERT INTO `sys_district` VALUES (978, 105, '潜山县', 0);
INSERT INTO `sys_district` VALUES (979, 105, '太湖县', 0);
INSERT INTO `sys_district` VALUES (980, 105, '宿松县', 0);
INSERT INTO `sys_district` VALUES (981, 105, '望江县', 0);
INSERT INTO `sys_district` VALUES (982, 105, '岳西县', 0);
INSERT INTO `sys_district` VALUES (983, 105, '桐城市', 0);
INSERT INTO `sys_district` VALUES (984, 106, '屯溪区', 0);
INSERT INTO `sys_district` VALUES (985, 106, '黄山区', 0);
INSERT INTO `sys_district` VALUES (986, 106, '徽州区', 0);
INSERT INTO `sys_district` VALUES (987, 106, '歙县', 0);
INSERT INTO `sys_district` VALUES (988, 106, '休宁县', 0);
INSERT INTO `sys_district` VALUES (989, 106, '黟县', 0);
INSERT INTO `sys_district` VALUES (990, 106, '祁门县', 0);
INSERT INTO `sys_district` VALUES (991, 107, '琅琊区', 0);
INSERT INTO `sys_district` VALUES (992, 107, '南谯区', 0);
INSERT INTO `sys_district` VALUES (993, 107, '来安县', 0);
INSERT INTO `sys_district` VALUES (994, 107, '全椒县', 0);
INSERT INTO `sys_district` VALUES (995, 107, '定远县', 0);
INSERT INTO `sys_district` VALUES (996, 107, '凤阳县', 0);
INSERT INTO `sys_district` VALUES (997, 107, '天长市', 0);
INSERT INTO `sys_district` VALUES (998, 107, '明光市', 0);
INSERT INTO `sys_district` VALUES (999, 108, '颍州区', 0);
INSERT INTO `sys_district` VALUES (1000, 108, '颍东区', 0);
INSERT INTO `sys_district` VALUES (1001, 108, '颍泉区', 0);
INSERT INTO `sys_district` VALUES (1002, 108, '临泉县', 0);
INSERT INTO `sys_district` VALUES (1003, 108, '太和县', 0);
INSERT INTO `sys_district` VALUES (1004, 108, '阜南县', 0);
INSERT INTO `sys_district` VALUES (1005, 108, '颍上县', 0);
INSERT INTO `sys_district` VALUES (1006, 108, '界首市', 0);
INSERT INTO `sys_district` VALUES (1007, 109, '埇桥区', 0);
INSERT INTO `sys_district` VALUES (1008, 109, '砀山县', 0);
INSERT INTO `sys_district` VALUES (1009, 109, '萧县', 0);
INSERT INTO `sys_district` VALUES (1010, 109, '灵璧县', 0);
INSERT INTO `sys_district` VALUES (1011, 109, '泗县', 0);
INSERT INTO `sys_district` VALUES (1012, 110, '居巢区', 0);
INSERT INTO `sys_district` VALUES (1013, 110, '庐江县', 0);
INSERT INTO `sys_district` VALUES (1014, 110, '无为县', 0);
INSERT INTO `sys_district` VALUES (1015, 110, '含山县', 0);
INSERT INTO `sys_district` VALUES (1016, 110, '和县', 0);
INSERT INTO `sys_district` VALUES (1017, 111, '金安区', 0);
INSERT INTO `sys_district` VALUES (1018, 111, '裕安区', 0);
INSERT INTO `sys_district` VALUES (1019, 111, '寿县', 0);
INSERT INTO `sys_district` VALUES (1020, 111, '霍邱县', 0);
INSERT INTO `sys_district` VALUES (1021, 111, '舒城县', 0);
INSERT INTO `sys_district` VALUES (1022, 111, '金寨县', 0);
INSERT INTO `sys_district` VALUES (1023, 111, '霍山县', 0);
INSERT INTO `sys_district` VALUES (1024, 112, '谯城区', 0);
INSERT INTO `sys_district` VALUES (1025, 112, '涡阳县', 0);
INSERT INTO `sys_district` VALUES (1026, 112, '蒙城县', 0);
INSERT INTO `sys_district` VALUES (1027, 112, '利辛县', 0);
INSERT INTO `sys_district` VALUES (1028, 113, '贵池区', 0);
INSERT INTO `sys_district` VALUES (1029, 113, '东至县', 0);
INSERT INTO `sys_district` VALUES (1030, 113, '石台县', 0);
INSERT INTO `sys_district` VALUES (1031, 113, '青阳县', 0);
INSERT INTO `sys_district` VALUES (1032, 114, '宣州区', 0);
INSERT INTO `sys_district` VALUES (1033, 114, '郎溪县', 0);
INSERT INTO `sys_district` VALUES (1034, 114, '广德县', 0);
INSERT INTO `sys_district` VALUES (1035, 114, '泾县', 0);
INSERT INTO `sys_district` VALUES (1036, 114, '绩溪县', 0);
INSERT INTO `sys_district` VALUES (1037, 114, '旌德县', 0);
INSERT INTO `sys_district` VALUES (1038, 114, '宁国市', 0);
INSERT INTO `sys_district` VALUES (1039, 115, '鼓楼区', 0);
INSERT INTO `sys_district` VALUES (1040, 115, '台江区', 0);
INSERT INTO `sys_district` VALUES (1041, 115, '仓山区', 0);
INSERT INTO `sys_district` VALUES (1042, 115, '马尾区', 0);
INSERT INTO `sys_district` VALUES (1043, 115, '晋安区', 0);
INSERT INTO `sys_district` VALUES (1044, 115, '闽侯县', 0);
INSERT INTO `sys_district` VALUES (1045, 115, '连江县', 0);
INSERT INTO `sys_district` VALUES (1046, 115, '罗源县', 0);
INSERT INTO `sys_district` VALUES (1047, 115, '闽清县', 0);
INSERT INTO `sys_district` VALUES (1048, 115, '永泰县', 0);
INSERT INTO `sys_district` VALUES (1049, 115, '平潭县', 0);
INSERT INTO `sys_district` VALUES (1050, 115, '福清市', 0);
INSERT INTO `sys_district` VALUES (1051, 115, '长乐市', 0);
INSERT INTO `sys_district` VALUES (1052, 116, '思明区', 0);
INSERT INTO `sys_district` VALUES (1053, 116, '海沧区', 0);
INSERT INTO `sys_district` VALUES (1054, 116, '湖里区', 0);
INSERT INTO `sys_district` VALUES (1055, 116, '集美区', 0);
INSERT INTO `sys_district` VALUES (1056, 116, '同安区', 0);
INSERT INTO `sys_district` VALUES (1057, 116, '翔安区', 0);
INSERT INTO `sys_district` VALUES (1058, 117, '城厢区', 0);
INSERT INTO `sys_district` VALUES (1059, 117, '涵江区', 0);
INSERT INTO `sys_district` VALUES (1060, 117, '荔城区', 0);
INSERT INTO `sys_district` VALUES (1061, 117, '秀屿区', 0);
INSERT INTO `sys_district` VALUES (1062, 117, '仙游县', 0);
INSERT INTO `sys_district` VALUES (1063, 118, '梅列区', 0);
INSERT INTO `sys_district` VALUES (1064, 118, '三元区', 0);
INSERT INTO `sys_district` VALUES (1065, 118, '明溪县', 0);
INSERT INTO `sys_district` VALUES (1066, 118, '清流县', 0);
INSERT INTO `sys_district` VALUES (1067, 118, '宁化县', 0);
INSERT INTO `sys_district` VALUES (1068, 118, '大田县', 0);
INSERT INTO `sys_district` VALUES (1069, 118, '尤溪县', 0);
INSERT INTO `sys_district` VALUES (1070, 118, '沙县', 0);
INSERT INTO `sys_district` VALUES (1071, 118, '将乐县', 0);
INSERT INTO `sys_district` VALUES (1072, 118, '泰宁县', 0);
INSERT INTO `sys_district` VALUES (1073, 118, '建宁县', 0);
INSERT INTO `sys_district` VALUES (1074, 118, '永安市', 0);
INSERT INTO `sys_district` VALUES (1075, 119, '鲤城区', 0);
INSERT INTO `sys_district` VALUES (1076, 119, '丰泽区', 0);
INSERT INTO `sys_district` VALUES (1077, 119, '洛江区', 0);
INSERT INTO `sys_district` VALUES (1078, 119, '泉港区', 0);
INSERT INTO `sys_district` VALUES (1079, 119, '惠安县', 0);
INSERT INTO `sys_district` VALUES (1080, 119, '安溪县', 0);
INSERT INTO `sys_district` VALUES (1081, 119, '永春县', 0);
INSERT INTO `sys_district` VALUES (1082, 119, '德化县', 0);
INSERT INTO `sys_district` VALUES (1083, 119, '金门县', 0);
INSERT INTO `sys_district` VALUES (1084, 119, '石狮市', 0);
INSERT INTO `sys_district` VALUES (1085, 119, '晋江市', 0);
INSERT INTO `sys_district` VALUES (1086, 119, '南安市', 0);
INSERT INTO `sys_district` VALUES (1087, 120, '芗城区', 0);
INSERT INTO `sys_district` VALUES (1088, 120, '龙文区', 0);
INSERT INTO `sys_district` VALUES (1089, 120, '云霄县', 0);
INSERT INTO `sys_district` VALUES (1090, 120, '漳浦县', 0);
INSERT INTO `sys_district` VALUES (1091, 120, '诏安县', 0);
INSERT INTO `sys_district` VALUES (1092, 120, '长泰县', 0);
INSERT INTO `sys_district` VALUES (1093, 120, '东山县', 0);
INSERT INTO `sys_district` VALUES (1094, 120, '南靖县', 0);
INSERT INTO `sys_district` VALUES (1095, 120, '平和县', 0);
INSERT INTO `sys_district` VALUES (1096, 120, '华安县', 0);
INSERT INTO `sys_district` VALUES (1097, 120, '龙海市', 0);
INSERT INTO `sys_district` VALUES (1098, 121, '延平区', 0);
INSERT INTO `sys_district` VALUES (1099, 121, '顺昌县', 0);
INSERT INTO `sys_district` VALUES (1100, 121, '浦城县', 0);
INSERT INTO `sys_district` VALUES (1101, 121, '光泽县', 0);
INSERT INTO `sys_district` VALUES (1102, 121, '松溪县', 0);
INSERT INTO `sys_district` VALUES (1103, 121, '政和县', 0);
INSERT INTO `sys_district` VALUES (1104, 121, '邵武市', 0);
INSERT INTO `sys_district` VALUES (1105, 121, '武夷山市', 0);
INSERT INTO `sys_district` VALUES (1106, 121, '建瓯市', 0);
INSERT INTO `sys_district` VALUES (1107, 121, '建阳市', 0);
INSERT INTO `sys_district` VALUES (1108, 122, '新罗区', 0);
INSERT INTO `sys_district` VALUES (1109, 122, '长汀县', 0);
INSERT INTO `sys_district` VALUES (1110, 122, '永定县', 0);
INSERT INTO `sys_district` VALUES (1111, 122, '上杭县', 0);
INSERT INTO `sys_district` VALUES (1112, 122, '武平县', 0);
INSERT INTO `sys_district` VALUES (1113, 122, '连城县', 0);
INSERT INTO `sys_district` VALUES (1114, 122, '漳平市', 0);
INSERT INTO `sys_district` VALUES (1115, 123, '蕉城区', 0);
INSERT INTO `sys_district` VALUES (1116, 123, '霞浦县', 0);
INSERT INTO `sys_district` VALUES (1117, 123, '古田县', 0);
INSERT INTO `sys_district` VALUES (1118, 123, '屏南县', 0);
INSERT INTO `sys_district` VALUES (1119, 123, '寿宁县', 0);
INSERT INTO `sys_district` VALUES (1120, 123, '周宁县', 0);
INSERT INTO `sys_district` VALUES (1121, 123, '柘荣县', 0);
INSERT INTO `sys_district` VALUES (1122, 123, '福安市', 0);
INSERT INTO `sys_district` VALUES (1123, 123, '福鼎市', 0);
INSERT INTO `sys_district` VALUES (1124, 124, '东湖区', 0);
INSERT INTO `sys_district` VALUES (1125, 124, '西湖区', 0);
INSERT INTO `sys_district` VALUES (1126, 124, '青云谱区', 0);
INSERT INTO `sys_district` VALUES (1127, 124, '湾里区', 0);
INSERT INTO `sys_district` VALUES (1128, 124, '青山湖区', 0);
INSERT INTO `sys_district` VALUES (1129, 124, '南昌县', 0);
INSERT INTO `sys_district` VALUES (1130, 124, '新建县', 0);
INSERT INTO `sys_district` VALUES (1131, 124, '安义县', 0);
INSERT INTO `sys_district` VALUES (1132, 124, '进贤县', 0);
INSERT INTO `sys_district` VALUES (1133, 125, '昌江区', 0);
INSERT INTO `sys_district` VALUES (1134, 125, '珠山区', 0);
INSERT INTO `sys_district` VALUES (1135, 125, '浮梁县', 0);
INSERT INTO `sys_district` VALUES (1136, 125, '乐平市', 0);
INSERT INTO `sys_district` VALUES (1137, 126, '安源区', 0);
INSERT INTO `sys_district` VALUES (1138, 126, '湘东区', 0);
INSERT INTO `sys_district` VALUES (1139, 126, '莲花县', 0);
INSERT INTO `sys_district` VALUES (1140, 126, '上栗县', 0);
INSERT INTO `sys_district` VALUES (1141, 126, '芦溪县', 0);
INSERT INTO `sys_district` VALUES (1142, 127, '庐山区', 0);
INSERT INTO `sys_district` VALUES (1143, 127, '浔阳区', 0);
INSERT INTO `sys_district` VALUES (1144, 127, '九江县', 0);
INSERT INTO `sys_district` VALUES (1145, 127, '武宁县', 0);
INSERT INTO `sys_district` VALUES (1146, 127, '修水县', 0);
INSERT INTO `sys_district` VALUES (1147, 127, '永修县', 0);
INSERT INTO `sys_district` VALUES (1148, 127, '德安县', 0);
INSERT INTO `sys_district` VALUES (1149, 127, '星子县', 0);
INSERT INTO `sys_district` VALUES (1150, 127, '都昌县', 0);
INSERT INTO `sys_district` VALUES (1151, 127, '湖口县', 0);
INSERT INTO `sys_district` VALUES (1152, 127, '彭泽县', 0);
INSERT INTO `sys_district` VALUES (1153, 127, '瑞昌市', 0);
INSERT INTO `sys_district` VALUES (1154, 128, '渝水区', 0);
INSERT INTO `sys_district` VALUES (1155, 128, '分宜县', 0);
INSERT INTO `sys_district` VALUES (1156, 129, '月湖区', 0);
INSERT INTO `sys_district` VALUES (1157, 129, '余江县', 0);
INSERT INTO `sys_district` VALUES (1158, 129, '贵溪市', 0);
INSERT INTO `sys_district` VALUES (1159, 130, '章贡区', 0);
INSERT INTO `sys_district` VALUES (1160, 130, '赣县', 0);
INSERT INTO `sys_district` VALUES (1161, 130, '信丰县', 0);
INSERT INTO `sys_district` VALUES (1162, 130, '大余县', 0);
INSERT INTO `sys_district` VALUES (1163, 130, '上犹县', 0);
INSERT INTO `sys_district` VALUES (1164, 130, '崇义县', 0);
INSERT INTO `sys_district` VALUES (1165, 130, '安远县', 0);
INSERT INTO `sys_district` VALUES (1166, 130, '龙南县', 0);
INSERT INTO `sys_district` VALUES (1167, 130, '定南县', 0);
INSERT INTO `sys_district` VALUES (1168, 130, '全南县', 0);
INSERT INTO `sys_district` VALUES (1169, 130, '宁都县', 0);
INSERT INTO `sys_district` VALUES (1170, 130, '于都县', 0);
INSERT INTO `sys_district` VALUES (1171, 130, '兴国县', 0);
INSERT INTO `sys_district` VALUES (1172, 130, '会昌县', 0);
INSERT INTO `sys_district` VALUES (1173, 130, '寻乌县', 0);
INSERT INTO `sys_district` VALUES (1174, 130, '石城县', 0);
INSERT INTO `sys_district` VALUES (1175, 130, '瑞金市', 0);
INSERT INTO `sys_district` VALUES (1176, 130, '南康市', 0);
INSERT INTO `sys_district` VALUES (1177, 131, '吉州区', 0);
INSERT INTO `sys_district` VALUES (1178, 131, '青原区', 0);
INSERT INTO `sys_district` VALUES (1179, 131, '吉安县', 0);
INSERT INTO `sys_district` VALUES (1180, 131, '吉水县', 0);
INSERT INTO `sys_district` VALUES (1181, 131, '峡江县', 0);
INSERT INTO `sys_district` VALUES (1182, 131, '新干县', 0);
INSERT INTO `sys_district` VALUES (1183, 131, '永丰县', 0);
INSERT INTO `sys_district` VALUES (1184, 131, '泰和县', 0);
INSERT INTO `sys_district` VALUES (1185, 131, '遂川县', 0);
INSERT INTO `sys_district` VALUES (1186, 131, '万安县', 0);
INSERT INTO `sys_district` VALUES (1187, 131, '安福县', 0);
INSERT INTO `sys_district` VALUES (1188, 131, '永新县', 0);
INSERT INTO `sys_district` VALUES (1189, 131, '井冈山市', 0);
INSERT INTO `sys_district` VALUES (1190, 132, '袁州区', 0);
INSERT INTO `sys_district` VALUES (1191, 132, '奉新县', 0);
INSERT INTO `sys_district` VALUES (1192, 132, '万载县', 0);
INSERT INTO `sys_district` VALUES (1193, 132, '上高县', 0);
INSERT INTO `sys_district` VALUES (1194, 132, '宜丰县', 0);
INSERT INTO `sys_district` VALUES (1195, 132, '靖安县', 0);
INSERT INTO `sys_district` VALUES (1196, 132, '铜鼓县', 0);
INSERT INTO `sys_district` VALUES (1197, 132, '丰城市', 0);
INSERT INTO `sys_district` VALUES (1198, 132, '樟树市', 0);
INSERT INTO `sys_district` VALUES (1199, 132, '高安市', 0);
INSERT INTO `sys_district` VALUES (1200, 133, '临川区', 0);
INSERT INTO `sys_district` VALUES (1201, 133, '南城县', 0);
INSERT INTO `sys_district` VALUES (1202, 133, '黎川县', 0);
INSERT INTO `sys_district` VALUES (1203, 133, '南丰县', 0);
INSERT INTO `sys_district` VALUES (1204, 133, '崇仁县', 0);
INSERT INTO `sys_district` VALUES (1205, 133, '乐安县', 0);
INSERT INTO `sys_district` VALUES (1206, 133, '宜黄县', 0);
INSERT INTO `sys_district` VALUES (1207, 133, '金溪县', 0);
INSERT INTO `sys_district` VALUES (1208, 133, '资溪县', 0);
INSERT INTO `sys_district` VALUES (1209, 133, '东乡县', 0);
INSERT INTO `sys_district` VALUES (1210, 133, '广昌县', 0);
INSERT INTO `sys_district` VALUES (1211, 134, '信州区', 0);
INSERT INTO `sys_district` VALUES (1212, 134, '上饶县', 0);
INSERT INTO `sys_district` VALUES (1213, 134, '广丰县', 0);
INSERT INTO `sys_district` VALUES (1214, 134, '玉山县', 0);
INSERT INTO `sys_district` VALUES (1215, 134, '铅山县', 0);
INSERT INTO `sys_district` VALUES (1216, 134, '横峰县', 0);
INSERT INTO `sys_district` VALUES (1217, 134, '弋阳县', 0);
INSERT INTO `sys_district` VALUES (1218, 134, '余干县', 0);
INSERT INTO `sys_district` VALUES (1219, 134, '鄱阳县', 0);
INSERT INTO `sys_district` VALUES (1220, 134, '万年县', 0);
INSERT INTO `sys_district` VALUES (1221, 134, '婺源县', 0);
INSERT INTO `sys_district` VALUES (1222, 134, '德兴市', 0);
INSERT INTO `sys_district` VALUES (1223, 135, '历下区', 0);
INSERT INTO `sys_district` VALUES (1224, 135, '市中区', 0);
INSERT INTO `sys_district` VALUES (1225, 135, '槐荫区', 0);
INSERT INTO `sys_district` VALUES (1226, 135, '天桥区', 0);
INSERT INTO `sys_district` VALUES (1227, 135, '历城区', 0);
INSERT INTO `sys_district` VALUES (1228, 135, '长清区', 0);
INSERT INTO `sys_district` VALUES (1229, 135, '平阴县', 0);
INSERT INTO `sys_district` VALUES (1230, 135, '济阳县', 0);
INSERT INTO `sys_district` VALUES (1231, 135, '商河县', 0);
INSERT INTO `sys_district` VALUES (1232, 135, '章丘市', 0);
INSERT INTO `sys_district` VALUES (1233, 136, '市南区', 0);
INSERT INTO `sys_district` VALUES (1234, 136, '市北区', 0);
INSERT INTO `sys_district` VALUES (1235, 136, '四方区', 0);
INSERT INTO `sys_district` VALUES (1236, 136, '黄岛区', 0);
INSERT INTO `sys_district` VALUES (1237, 136, '崂山区', 0);
INSERT INTO `sys_district` VALUES (1238, 136, '李沧区', 0);
INSERT INTO `sys_district` VALUES (1239, 136, '城阳区', 0);
INSERT INTO `sys_district` VALUES (1240, 136, '胶州市', 0);
INSERT INTO `sys_district` VALUES (1241, 136, '即墨市', 0);
INSERT INTO `sys_district` VALUES (1242, 136, '平度市', 0);
INSERT INTO `sys_district` VALUES (1243, 136, '胶南市', 0);
INSERT INTO `sys_district` VALUES (1244, 136, '莱西市', 0);
INSERT INTO `sys_district` VALUES (1245, 137, '淄川区', 0);
INSERT INTO `sys_district` VALUES (1246, 137, '张店区', 0);
INSERT INTO `sys_district` VALUES (1247, 137, '博山区', 0);
INSERT INTO `sys_district` VALUES (1248, 137, '临淄区', 0);
INSERT INTO `sys_district` VALUES (1249, 137, '周村区', 0);
INSERT INTO `sys_district` VALUES (1250, 137, '桓台县', 0);
INSERT INTO `sys_district` VALUES (1251, 137, '高青县', 0);
INSERT INTO `sys_district` VALUES (1252, 137, '沂源县', 0);
INSERT INTO `sys_district` VALUES (1253, 138, '市中区', 0);
INSERT INTO `sys_district` VALUES (1254, 138, '薛城区', 0);
INSERT INTO `sys_district` VALUES (1255, 138, '峄城区', 0);
INSERT INTO `sys_district` VALUES (1256, 138, '台儿庄区', 0);
INSERT INTO `sys_district` VALUES (1257, 138, '山亭区', 0);
INSERT INTO `sys_district` VALUES (1258, 138, '滕州市', 0);
INSERT INTO `sys_district` VALUES (1259, 139, '东营区', 0);
INSERT INTO `sys_district` VALUES (1260, 139, '河口区', 0);
INSERT INTO `sys_district` VALUES (1261, 139, '垦利县', 0);
INSERT INTO `sys_district` VALUES (1262, 139, '利津县', 0);
INSERT INTO `sys_district` VALUES (1263, 139, '广饶县', 0);
INSERT INTO `sys_district` VALUES (1264, 140, '芝罘区', 0);
INSERT INTO `sys_district` VALUES (1265, 140, '福山区', 0);
INSERT INTO `sys_district` VALUES (1266, 140, '牟平区', 0);
INSERT INTO `sys_district` VALUES (1267, 140, '莱山区', 0);
INSERT INTO `sys_district` VALUES (1268, 140, '长岛县', 0);
INSERT INTO `sys_district` VALUES (1269, 140, '龙口市', 0);
INSERT INTO `sys_district` VALUES (1270, 140, '莱阳市', 0);
INSERT INTO `sys_district` VALUES (1271, 140, '莱州市', 0);
INSERT INTO `sys_district` VALUES (1272, 140, '蓬莱市', 0);
INSERT INTO `sys_district` VALUES (1273, 140, '招远市', 0);
INSERT INTO `sys_district` VALUES (1274, 140, '栖霞市', 0);
INSERT INTO `sys_district` VALUES (1275, 140, '海阳市', 0);
INSERT INTO `sys_district` VALUES (1276, 141, '潍城区', 0);
INSERT INTO `sys_district` VALUES (1277, 141, '寒亭区', 0);
INSERT INTO `sys_district` VALUES (1278, 141, '坊子区', 0);
INSERT INTO `sys_district` VALUES (1279, 141, '奎文区', 0);
INSERT INTO `sys_district` VALUES (1280, 141, '临朐县', 0);
INSERT INTO `sys_district` VALUES (1281, 141, '昌乐县', 0);
INSERT INTO `sys_district` VALUES (1282, 141, '青州市', 0);
INSERT INTO `sys_district` VALUES (1283, 141, '诸城市', 0);
INSERT INTO `sys_district` VALUES (1284, 141, '寿光市', 0);
INSERT INTO `sys_district` VALUES (1285, 141, '安丘市', 0);
INSERT INTO `sys_district` VALUES (1286, 141, '高密市', 0);
INSERT INTO `sys_district` VALUES (1287, 141, '昌邑市', 0);
INSERT INTO `sys_district` VALUES (1288, 142, '市中区', 0);
INSERT INTO `sys_district` VALUES (1289, 142, '任城区', 0);
INSERT INTO `sys_district` VALUES (1290, 142, '微山县', 0);
INSERT INTO `sys_district` VALUES (1291, 142, '鱼台县', 0);
INSERT INTO `sys_district` VALUES (1292, 142, '金乡县', 0);
INSERT INTO `sys_district` VALUES (1293, 142, '嘉祥县', 0);
INSERT INTO `sys_district` VALUES (1294, 142, '汶上县', 0);
INSERT INTO `sys_district` VALUES (1295, 142, '泗水县', 0);
INSERT INTO `sys_district` VALUES (1296, 142, '梁山县', 0);
INSERT INTO `sys_district` VALUES (1297, 142, '曲阜市', 0);
INSERT INTO `sys_district` VALUES (1298, 142, '兖州市', 0);
INSERT INTO `sys_district` VALUES (1299, 142, '邹城市', 0);
INSERT INTO `sys_district` VALUES (1300, 143, '泰山区', 0);
INSERT INTO `sys_district` VALUES (1301, 143, '岱岳区', 0);
INSERT INTO `sys_district` VALUES (1302, 143, '宁阳县', 0);
INSERT INTO `sys_district` VALUES (1303, 143, '东平县', 0);
INSERT INTO `sys_district` VALUES (1304, 143, '新泰市', 0);
INSERT INTO `sys_district` VALUES (1305, 143, '肥城市', 0);
INSERT INTO `sys_district` VALUES (1306, 144, '环翠区', 0);
INSERT INTO `sys_district` VALUES (1307, 144, '文登市', 0);
INSERT INTO `sys_district` VALUES (1308, 144, '荣成市', 0);
INSERT INTO `sys_district` VALUES (1309, 144, '乳山市', 0);
INSERT INTO `sys_district` VALUES (1310, 145, '东港区', 0);
INSERT INTO `sys_district` VALUES (1311, 145, '岚山区', 0);
INSERT INTO `sys_district` VALUES (1312, 145, '五莲县', 0);
INSERT INTO `sys_district` VALUES (1313, 145, '莒县', 0);
INSERT INTO `sys_district` VALUES (1314, 146, '莱城区', 0);
INSERT INTO `sys_district` VALUES (1315, 146, '钢城区', 0);
INSERT INTO `sys_district` VALUES (1316, 147, '兰山区', 0);
INSERT INTO `sys_district` VALUES (1317, 147, '罗庄区', 0);
INSERT INTO `sys_district` VALUES (1318, 147, '河东区', 0);
INSERT INTO `sys_district` VALUES (1319, 147, '沂南县', 0);
INSERT INTO `sys_district` VALUES (1320, 147, '郯城县', 0);
INSERT INTO `sys_district` VALUES (1321, 147, '沂水县', 0);
INSERT INTO `sys_district` VALUES (1322, 147, '苍山县', 0);
INSERT INTO `sys_district` VALUES (1323, 147, '费县', 0);
INSERT INTO `sys_district` VALUES (1324, 147, '平邑县', 0);
INSERT INTO `sys_district` VALUES (1325, 147, '莒南县', 0);
INSERT INTO `sys_district` VALUES (1326, 147, '蒙阴县', 0);
INSERT INTO `sys_district` VALUES (1327, 147, '临沭县', 0);
INSERT INTO `sys_district` VALUES (1328, 148, '德城区', 0);
INSERT INTO `sys_district` VALUES (1329, 148, '陵县', 0);
INSERT INTO `sys_district` VALUES (1330, 148, '宁津县', 0);
INSERT INTO `sys_district` VALUES (1331, 148, '庆云县', 0);
INSERT INTO `sys_district` VALUES (1332, 148, '临邑县', 0);
INSERT INTO `sys_district` VALUES (1333, 148, '齐河县', 0);
INSERT INTO `sys_district` VALUES (1334, 148, '平原县', 0);
INSERT INTO `sys_district` VALUES (1335, 148, '夏津县', 0);
INSERT INTO `sys_district` VALUES (1336, 148, '武城县', 0);
INSERT INTO `sys_district` VALUES (1337, 148, '乐陵市', 0);
INSERT INTO `sys_district` VALUES (1338, 148, '禹城市', 0);
INSERT INTO `sys_district` VALUES (1339, 149, '东昌府区', 0);
INSERT INTO `sys_district` VALUES (1340, 149, '阳谷县', 0);
INSERT INTO `sys_district` VALUES (1341, 149, '莘县', 0);
INSERT INTO `sys_district` VALUES (1342, 149, '茌平县', 0);
INSERT INTO `sys_district` VALUES (1343, 149, '东阿县', 0);
INSERT INTO `sys_district` VALUES (1344, 149, '冠县', 0);
INSERT INTO `sys_district` VALUES (1345, 149, '高唐县', 0);
INSERT INTO `sys_district` VALUES (1346, 149, '临清市', 0);
INSERT INTO `sys_district` VALUES (1347, 150, '滨城区', 0);
INSERT INTO `sys_district` VALUES (1348, 150, '惠民县', 0);
INSERT INTO `sys_district` VALUES (1349, 150, '阳信县', 0);
INSERT INTO `sys_district` VALUES (1350, 150, '无棣县', 0);
INSERT INTO `sys_district` VALUES (1351, 150, '沾化县', 0);
INSERT INTO `sys_district` VALUES (1352, 150, '博兴县', 0);
INSERT INTO `sys_district` VALUES (1353, 150, '邹平县', 0);
INSERT INTO `sys_district` VALUES (1354, 151, '牡丹区', 0);
INSERT INTO `sys_district` VALUES (1355, 151, '曹县', 0);
INSERT INTO `sys_district` VALUES (1356, 151, '单县', 0);
INSERT INTO `sys_district` VALUES (1357, 151, '成武县', 0);
INSERT INTO `sys_district` VALUES (1358, 151, '巨野县', 0);
INSERT INTO `sys_district` VALUES (1359, 151, '郓城县', 0);
INSERT INTO `sys_district` VALUES (1360, 151, '鄄城县', 0);
INSERT INTO `sys_district` VALUES (1361, 151, '定陶县', 0);
INSERT INTO `sys_district` VALUES (1362, 151, '东明县', 0);
INSERT INTO `sys_district` VALUES (1363, 152, '中原区', 0);
INSERT INTO `sys_district` VALUES (1364, 152, '二七区', 0);
INSERT INTO `sys_district` VALUES (1365, 152, '管城回族区', 0);
INSERT INTO `sys_district` VALUES (1366, 152, '金水区', 0);
INSERT INTO `sys_district` VALUES (1367, 152, '上街区', 0);
INSERT INTO `sys_district` VALUES (1368, 152, '惠济区', 0);
INSERT INTO `sys_district` VALUES (1369, 152, '中牟县', 0);
INSERT INTO `sys_district` VALUES (1370, 152, '巩义市', 0);
INSERT INTO `sys_district` VALUES (1371, 152, '荥阳市', 0);
INSERT INTO `sys_district` VALUES (1372, 152, '新密市', 0);
INSERT INTO `sys_district` VALUES (1373, 152, '新郑市', 0);
INSERT INTO `sys_district` VALUES (1374, 152, '登封市', 0);
INSERT INTO `sys_district` VALUES (1375, 153, '龙亭区', 0);
INSERT INTO `sys_district` VALUES (1376, 153, '顺河回族区', 0);
INSERT INTO `sys_district` VALUES (1377, 153, '鼓楼区', 0);
INSERT INTO `sys_district` VALUES (1378, 153, '南关区', 0);
INSERT INTO `sys_district` VALUES (1379, 153, '郊区', 0);
INSERT INTO `sys_district` VALUES (1380, 153, '杞县', 0);
INSERT INTO `sys_district` VALUES (1381, 153, '通许县', 0);
INSERT INTO `sys_district` VALUES (1382, 153, '尉氏县', 0);
INSERT INTO `sys_district` VALUES (1383, 153, '开封县', 0);
INSERT INTO `sys_district` VALUES (1384, 153, '兰考县', 0);
INSERT INTO `sys_district` VALUES (1385, 154, '老城区', 0);
INSERT INTO `sys_district` VALUES (1386, 154, '西工区', 0);
INSERT INTO `sys_district` VALUES (1387, 154, '廛河回族区', 0);
INSERT INTO `sys_district` VALUES (1388, 154, '涧西区', 0);
INSERT INTO `sys_district` VALUES (1389, 154, '吉利区', 0);
INSERT INTO `sys_district` VALUES (1390, 154, '洛龙区', 0);
INSERT INTO `sys_district` VALUES (1391, 154, '孟津县', 0);
INSERT INTO `sys_district` VALUES (1392, 154, '新安县', 0);
INSERT INTO `sys_district` VALUES (1393, 154, '栾川县', 0);
INSERT INTO `sys_district` VALUES (1394, 154, '嵩县', 0);
INSERT INTO `sys_district` VALUES (1395, 154, '汝阳县', 0);
INSERT INTO `sys_district` VALUES (1396, 154, '宜阳县', 0);
INSERT INTO `sys_district` VALUES (1397, 154, '洛宁县', 0);
INSERT INTO `sys_district` VALUES (1398, 154, '伊川县', 0);
INSERT INTO `sys_district` VALUES (1399, 154, '偃师市', 0);
INSERT INTO `sys_district` VALUES (1400, 155, '新华区', 0);
INSERT INTO `sys_district` VALUES (1401, 155, '卫东区', 0);
INSERT INTO `sys_district` VALUES (1402, 155, '石龙区', 0);
INSERT INTO `sys_district` VALUES (1403, 155, '湛河区', 0);
INSERT INTO `sys_district` VALUES (1404, 155, '宝丰县', 0);
INSERT INTO `sys_district` VALUES (1405, 155, '叶县', 0);
INSERT INTO `sys_district` VALUES (1406, 155, '鲁山县', 0);
INSERT INTO `sys_district` VALUES (1407, 155, '郏县', 0);
INSERT INTO `sys_district` VALUES (1408, 155, '舞钢市', 0);
INSERT INTO `sys_district` VALUES (1409, 155, '汝州市', 0);
INSERT INTO `sys_district` VALUES (1410, 156, '文峰区', 0);
INSERT INTO `sys_district` VALUES (1411, 156, '北关区', 0);
INSERT INTO `sys_district` VALUES (1412, 156, '殷都区', 0);
INSERT INTO `sys_district` VALUES (1413, 156, '龙安区', 0);
INSERT INTO `sys_district` VALUES (1414, 156, '安阳县', 0);
INSERT INTO `sys_district` VALUES (1415, 156, '汤阴县', 0);
INSERT INTO `sys_district` VALUES (1416, 156, '滑县', 0);
INSERT INTO `sys_district` VALUES (1417, 156, '内黄县', 0);
INSERT INTO `sys_district` VALUES (1418, 156, '林州市', 0);
INSERT INTO `sys_district` VALUES (1419, 157, '鹤山区', 0);
INSERT INTO `sys_district` VALUES (1420, 157, '山城区', 0);
INSERT INTO `sys_district` VALUES (1421, 157, '淇滨区', 0);
INSERT INTO `sys_district` VALUES (1422, 157, '浚县', 0);
INSERT INTO `sys_district` VALUES (1423, 157, '淇县', 0);
INSERT INTO `sys_district` VALUES (1424, 158, '红旗区', 0);
INSERT INTO `sys_district` VALUES (1425, 158, '卫滨区', 0);
INSERT INTO `sys_district` VALUES (1426, 158, '凤泉区', 0);
INSERT INTO `sys_district` VALUES (1427, 158, '牧野区', 0);
INSERT INTO `sys_district` VALUES (1428, 158, '新乡县', 0);
INSERT INTO `sys_district` VALUES (1429, 158, '获嘉县', 0);
INSERT INTO `sys_district` VALUES (1430, 158, '原阳县', 0);
INSERT INTO `sys_district` VALUES (1431, 158, '延津县', 0);
INSERT INTO `sys_district` VALUES (1432, 158, '封丘县', 0);
INSERT INTO `sys_district` VALUES (1433, 158, '长垣县', 0);
INSERT INTO `sys_district` VALUES (1434, 158, '卫辉市', 0);
INSERT INTO `sys_district` VALUES (1435, 158, '辉县市', 0);
INSERT INTO `sys_district` VALUES (1436, 159, '解放区', 0);
INSERT INTO `sys_district` VALUES (1437, 159, '中站区', 0);
INSERT INTO `sys_district` VALUES (1438, 159, '马村区', 0);
INSERT INTO `sys_district` VALUES (1439, 159, '山阳区', 0);
INSERT INTO `sys_district` VALUES (1440, 159, '修武县', 0);
INSERT INTO `sys_district` VALUES (1441, 159, '博爱县', 0);
INSERT INTO `sys_district` VALUES (1442, 159, '武陟县', 0);
INSERT INTO `sys_district` VALUES (1443, 159, '温县', 0);
INSERT INTO `sys_district` VALUES (1444, 159, '济源市', 0);
INSERT INTO `sys_district` VALUES (1445, 159, '沁阳市', 0);
INSERT INTO `sys_district` VALUES (1446, 159, '孟州市', 0);
INSERT INTO `sys_district` VALUES (1447, 160, '华龙区', 0);
INSERT INTO `sys_district` VALUES (1448, 160, '清丰县', 0);
INSERT INTO `sys_district` VALUES (1449, 160, '南乐县', 0);
INSERT INTO `sys_district` VALUES (1450, 160, '范县', 0);
INSERT INTO `sys_district` VALUES (1451, 160, '台前县', 0);
INSERT INTO `sys_district` VALUES (1452, 160, '濮阳县', 0);
INSERT INTO `sys_district` VALUES (1453, 161, '魏都区', 0);
INSERT INTO `sys_district` VALUES (1454, 161, '许昌县', 0);
INSERT INTO `sys_district` VALUES (1455, 161, '鄢陵县', 0);
INSERT INTO `sys_district` VALUES (1456, 161, '襄城县', 0);
INSERT INTO `sys_district` VALUES (1457, 161, '禹州市', 0);
INSERT INTO `sys_district` VALUES (1458, 161, '长葛市', 0);
INSERT INTO `sys_district` VALUES (1459, 162, '源汇区', 0);
INSERT INTO `sys_district` VALUES (1460, 162, '郾城区', 0);
INSERT INTO `sys_district` VALUES (1461, 162, '召陵区', 0);
INSERT INTO `sys_district` VALUES (1462, 162, '舞阳县', 0);
INSERT INTO `sys_district` VALUES (1463, 162, '临颍县', 0);
INSERT INTO `sys_district` VALUES (1464, 163, '市辖区', 0);
INSERT INTO `sys_district` VALUES (1465, 163, '湖滨区', 0);
INSERT INTO `sys_district` VALUES (1466, 163, '渑池县', 0);
INSERT INTO `sys_district` VALUES (1467, 163, '陕县', 0);
INSERT INTO `sys_district` VALUES (1468, 163, '卢氏县', 0);
INSERT INTO `sys_district` VALUES (1469, 163, '义马市', 0);
INSERT INTO `sys_district` VALUES (1470, 163, '灵宝市', 0);
INSERT INTO `sys_district` VALUES (1471, 164, '宛城区', 0);
INSERT INTO `sys_district` VALUES (1472, 164, '卧龙区', 0);
INSERT INTO `sys_district` VALUES (1473, 164, '南召县', 0);
INSERT INTO `sys_district` VALUES (1474, 164, '方城县', 0);
INSERT INTO `sys_district` VALUES (1475, 164, '西峡县', 0);
INSERT INTO `sys_district` VALUES (1476, 164, '镇平县', 0);
INSERT INTO `sys_district` VALUES (1477, 164, '内乡县', 0);
INSERT INTO `sys_district` VALUES (1478, 164, '淅川县', 0);
INSERT INTO `sys_district` VALUES (1479, 164, '社旗县', 0);
INSERT INTO `sys_district` VALUES (1480, 164, '唐河县', 0);
INSERT INTO `sys_district` VALUES (1481, 164, '新野县', 0);
INSERT INTO `sys_district` VALUES (1482, 164, '桐柏县', 0);
INSERT INTO `sys_district` VALUES (1483, 164, '邓州市', 0);
INSERT INTO `sys_district` VALUES (1484, 165, '梁园区', 0);
INSERT INTO `sys_district` VALUES (1485, 165, '睢阳区', 0);
INSERT INTO `sys_district` VALUES (1486, 165, '民权县', 0);
INSERT INTO `sys_district` VALUES (1487, 165, '睢县', 0);
INSERT INTO `sys_district` VALUES (1488, 165, '宁陵县', 0);
INSERT INTO `sys_district` VALUES (1489, 165, '柘城县', 0);
INSERT INTO `sys_district` VALUES (1490, 165, '虞城县', 0);
INSERT INTO `sys_district` VALUES (1491, 165, '夏邑县', 0);
INSERT INTO `sys_district` VALUES (1492, 165, '永城市', 0);
INSERT INTO `sys_district` VALUES (1493, 166, '浉河区', 0);
INSERT INTO `sys_district` VALUES (1494, 166, '平桥区', 0);
INSERT INTO `sys_district` VALUES (1495, 166, '罗山县', 0);
INSERT INTO `sys_district` VALUES (1496, 166, '光山县', 0);
INSERT INTO `sys_district` VALUES (1497, 166, '新县', 0);
INSERT INTO `sys_district` VALUES (1498, 166, '商城县', 0);
INSERT INTO `sys_district` VALUES (1499, 166, '固始县', 0);
INSERT INTO `sys_district` VALUES (1500, 166, '潢川县', 0);
INSERT INTO `sys_district` VALUES (1501, 166, '淮滨县', 0);
INSERT INTO `sys_district` VALUES (1502, 166, '息县', 0);
INSERT INTO `sys_district` VALUES (1503, 167, '川汇区', 0);
INSERT INTO `sys_district` VALUES (1504, 167, '扶沟县', 0);
INSERT INTO `sys_district` VALUES (1505, 167, '西华县', 0);
INSERT INTO `sys_district` VALUES (1506, 167, '商水县', 0);
INSERT INTO `sys_district` VALUES (1507, 167, '沈丘县', 0);
INSERT INTO `sys_district` VALUES (1508, 167, '郸城县', 0);
INSERT INTO `sys_district` VALUES (1509, 167, '淮阳县', 0);
INSERT INTO `sys_district` VALUES (1510, 167, '太康县', 0);
INSERT INTO `sys_district` VALUES (1511, 167, '鹿邑县', 0);
INSERT INTO `sys_district` VALUES (1512, 167, '项城市', 0);
INSERT INTO `sys_district` VALUES (1513, 168, '驿城区', 0);
INSERT INTO `sys_district` VALUES (1514, 168, '西平县', 0);
INSERT INTO `sys_district` VALUES (1515, 168, '上蔡县', 0);
INSERT INTO `sys_district` VALUES (1516, 168, '平舆县', 0);
INSERT INTO `sys_district` VALUES (1517, 168, '正阳县', 0);
INSERT INTO `sys_district` VALUES (1518, 168, '确山县', 0);
INSERT INTO `sys_district` VALUES (1519, 168, '泌阳县', 0);
INSERT INTO `sys_district` VALUES (1520, 168, '汝南县', 0);
INSERT INTO `sys_district` VALUES (1521, 168, '遂平县', 0);
INSERT INTO `sys_district` VALUES (1522, 168, '新蔡县', 0);
INSERT INTO `sys_district` VALUES (1523, 169, '江岸区', 0);
INSERT INTO `sys_district` VALUES (1524, 169, '江汉区', 0);
INSERT INTO `sys_district` VALUES (1525, 169, '硚口区', 0);
INSERT INTO `sys_district` VALUES (1526, 169, '汉阳区', 0);
INSERT INTO `sys_district` VALUES (1527, 169, '武昌区', 0);
INSERT INTO `sys_district` VALUES (1528, 169, '青山区', 0);
INSERT INTO `sys_district` VALUES (1529, 169, '洪山区', 0);
INSERT INTO `sys_district` VALUES (1530, 169, '东西湖区', 0);
INSERT INTO `sys_district` VALUES (1531, 169, '汉南区', 0);
INSERT INTO `sys_district` VALUES (1532, 169, '蔡甸区', 0);
INSERT INTO `sys_district` VALUES (1533, 169, '江夏区', 0);
INSERT INTO `sys_district` VALUES (1534, 169, '黄陂区', 0);
INSERT INTO `sys_district` VALUES (1535, 169, '新洲区', 0);
INSERT INTO `sys_district` VALUES (1536, 170, '黄石港区', 0);
INSERT INTO `sys_district` VALUES (1537, 170, '西塞山区', 0);
INSERT INTO `sys_district` VALUES (1538, 170, '下陆区', 0);
INSERT INTO `sys_district` VALUES (1539, 170, '铁山区', 0);
INSERT INTO `sys_district` VALUES (1540, 170, '阳新县', 0);
INSERT INTO `sys_district` VALUES (1541, 170, '大冶市', 0);
INSERT INTO `sys_district` VALUES (1542, 171, '茅箭区', 0);
INSERT INTO `sys_district` VALUES (1543, 171, '张湾区', 0);
INSERT INTO `sys_district` VALUES (1544, 171, '郧县', 0);
INSERT INTO `sys_district` VALUES (1545, 171, '郧西县', 0);
INSERT INTO `sys_district` VALUES (1546, 171, '竹山县', 0);
INSERT INTO `sys_district` VALUES (1547, 171, '竹溪县', 0);
INSERT INTO `sys_district` VALUES (1548, 171, '房县', 0);
INSERT INTO `sys_district` VALUES (1549, 171, '丹江口市', 0);
INSERT INTO `sys_district` VALUES (1550, 172, '西陵区', 0);
INSERT INTO `sys_district` VALUES (1551, 172, '伍家岗区', 0);
INSERT INTO `sys_district` VALUES (1552, 172, '点军区', 0);
INSERT INTO `sys_district` VALUES (1553, 172, '猇亭区', 0);
INSERT INTO `sys_district` VALUES (1554, 172, '夷陵区', 0);
INSERT INTO `sys_district` VALUES (1555, 172, '远安县', 0);
INSERT INTO `sys_district` VALUES (1556, 172, '兴山县', 0);
INSERT INTO `sys_district` VALUES (1557, 172, '秭归县', 0);
INSERT INTO `sys_district` VALUES (1558, 172, '长阳土家族自治县', 0);
INSERT INTO `sys_district` VALUES (1559, 172, '五峰土家族自治县', 0);
INSERT INTO `sys_district` VALUES (1560, 172, '宜都市', 0);
INSERT INTO `sys_district` VALUES (1561, 172, '当阳市', 0);
INSERT INTO `sys_district` VALUES (1562, 172, '枝江市', 0);
INSERT INTO `sys_district` VALUES (1563, 173, '襄城区', 0);
INSERT INTO `sys_district` VALUES (1564, 173, '樊城区', 0);
INSERT INTO `sys_district` VALUES (1565, 173, '襄阳区', 0);
INSERT INTO `sys_district` VALUES (1566, 173, '南漳县', 0);
INSERT INTO `sys_district` VALUES (1567, 173, '谷城县', 0);
INSERT INTO `sys_district` VALUES (1568, 173, '保康县', 0);
INSERT INTO `sys_district` VALUES (1569, 173, '老河口市', 0);
INSERT INTO `sys_district` VALUES (1570, 173, '枣阳市', 0);
INSERT INTO `sys_district` VALUES (1571, 173, '宜城市', 0);
INSERT INTO `sys_district` VALUES (1572, 174, '梁子湖区', 0);
INSERT INTO `sys_district` VALUES (1573, 174, '华容区', 0);
INSERT INTO `sys_district` VALUES (1574, 174, '鄂城区', 0);
INSERT INTO `sys_district` VALUES (1575, 175, '东宝区', 0);
INSERT INTO `sys_district` VALUES (1576, 175, '掇刀区', 0);
INSERT INTO `sys_district` VALUES (1577, 175, '京山县', 0);
INSERT INTO `sys_district` VALUES (1578, 175, '沙洋县', 0);
INSERT INTO `sys_district` VALUES (1579, 175, '钟祥市', 0);
INSERT INTO `sys_district` VALUES (1580, 176, '孝南区', 0);
INSERT INTO `sys_district` VALUES (1581, 176, '孝昌县', 0);
INSERT INTO `sys_district` VALUES (1582, 176, '大悟县', 0);
INSERT INTO `sys_district` VALUES (1583, 176, '云梦县', 0);
INSERT INTO `sys_district` VALUES (1584, 176, '应城市', 0);
INSERT INTO `sys_district` VALUES (1585, 176, '安陆市', 0);
INSERT INTO `sys_district` VALUES (1586, 176, '汉川市', 0);
INSERT INTO `sys_district` VALUES (1587, 177, '沙市区', 0);
INSERT INTO `sys_district` VALUES (1588, 177, '荆州区', 0);
INSERT INTO `sys_district` VALUES (1589, 177, '公安县', 0);
INSERT INTO `sys_district` VALUES (1590, 177, '监利县', 0);
INSERT INTO `sys_district` VALUES (1591, 177, '江陵县', 0);
INSERT INTO `sys_district` VALUES (1592, 177, '石首市', 0);
INSERT INTO `sys_district` VALUES (1593, 177, '洪湖市', 0);
INSERT INTO `sys_district` VALUES (1594, 177, '松滋市', 0);
INSERT INTO `sys_district` VALUES (1595, 178, '黄州区', 0);
INSERT INTO `sys_district` VALUES (1596, 178, '团风县', 0);
INSERT INTO `sys_district` VALUES (1597, 178, '红安县', 0);
INSERT INTO `sys_district` VALUES (1598, 178, '罗田县', 0);
INSERT INTO `sys_district` VALUES (1599, 178, '英山县', 0);
INSERT INTO `sys_district` VALUES (1600, 178, '浠水县', 0);
INSERT INTO `sys_district` VALUES (1601, 178, '蕲春县', 0);
INSERT INTO `sys_district` VALUES (1602, 178, '黄梅县', 0);
INSERT INTO `sys_district` VALUES (1603, 178, '麻城市', 0);
INSERT INTO `sys_district` VALUES (1604, 178, '武穴市', 0);
INSERT INTO `sys_district` VALUES (1605, 179, '咸安区', 0);
INSERT INTO `sys_district` VALUES (1606, 179, '嘉鱼县', 0);
INSERT INTO `sys_district` VALUES (1607, 179, '通城县', 0);
INSERT INTO `sys_district` VALUES (1608, 179, '崇阳县', 0);
INSERT INTO `sys_district` VALUES (1609, 179, '通山县', 0);
INSERT INTO `sys_district` VALUES (1610, 179, '赤壁市', 0);
INSERT INTO `sys_district` VALUES (1611, 180, '曾都区', 0);
INSERT INTO `sys_district` VALUES (1612, 180, '广水市', 0);
INSERT INTO `sys_district` VALUES (1613, 181, '恩施市', 0);
INSERT INTO `sys_district` VALUES (1614, 181, '利川市', 0);
INSERT INTO `sys_district` VALUES (1615, 181, '建始县', 0);
INSERT INTO `sys_district` VALUES (1616, 181, '巴东县', 0);
INSERT INTO `sys_district` VALUES (1617, 181, '宣恩县', 0);
INSERT INTO `sys_district` VALUES (1618, 181, '咸丰县', 0);
INSERT INTO `sys_district` VALUES (1619, 181, '来凤县', 0);
INSERT INTO `sys_district` VALUES (1620, 181, '鹤峰县', 0);
INSERT INTO `sys_district` VALUES (1621, 182, '仙桃市', 0);
INSERT INTO `sys_district` VALUES (1622, 182, '潜江市', 0);
INSERT INTO `sys_district` VALUES (1623, 182, '天门市', 0);
INSERT INTO `sys_district` VALUES (1624, 182, '神农架林区', 0);
INSERT INTO `sys_district` VALUES (1625, 183, '芙蓉区', 0);
INSERT INTO `sys_district` VALUES (1626, 183, '天心区', 0);
INSERT INTO `sys_district` VALUES (1627, 183, '岳麓区', 0);
INSERT INTO `sys_district` VALUES (1628, 183, '开福区', 0);
INSERT INTO `sys_district` VALUES (1629, 183, '雨花区', 0);
INSERT INTO `sys_district` VALUES (1630, 183, '长沙县', 0);
INSERT INTO `sys_district` VALUES (1631, 183, '望城县', 0);
INSERT INTO `sys_district` VALUES (1632, 183, '宁乡县', 0);
INSERT INTO `sys_district` VALUES (1633, 183, '浏阳市', 0);
INSERT INTO `sys_district` VALUES (1634, 184, '荷塘区', 0);
INSERT INTO `sys_district` VALUES (1635, 184, '芦淞区', 0);
INSERT INTO `sys_district` VALUES (1636, 184, '石峰区', 0);
INSERT INTO `sys_district` VALUES (1637, 184, '天元区', 0);
INSERT INTO `sys_district` VALUES (1638, 184, '株洲县', 0);
INSERT INTO `sys_district` VALUES (1639, 184, '攸县', 0);
INSERT INTO `sys_district` VALUES (1640, 184, '茶陵县', 0);
INSERT INTO `sys_district` VALUES (1641, 184, '炎陵县', 0);
INSERT INTO `sys_district` VALUES (1642, 184, '醴陵市', 0);
INSERT INTO `sys_district` VALUES (1643, 185, '雨湖区', 0);
INSERT INTO `sys_district` VALUES (1644, 185, '岳塘区', 0);
INSERT INTO `sys_district` VALUES (1645, 185, '湘潭县', 0);
INSERT INTO `sys_district` VALUES (1646, 185, '湘乡市', 0);
INSERT INTO `sys_district` VALUES (1647, 185, '韶山市', 0);
INSERT INTO `sys_district` VALUES (1648, 186, '珠晖区', 0);
INSERT INTO `sys_district` VALUES (1649, 186, '雁峰区', 0);
INSERT INTO `sys_district` VALUES (1650, 186, '石鼓区', 0);
INSERT INTO `sys_district` VALUES (1651, 186, '蒸湘区', 0);
INSERT INTO `sys_district` VALUES (1652, 186, '南岳区', 0);
INSERT INTO `sys_district` VALUES (1653, 186, '衡阳县', 0);
INSERT INTO `sys_district` VALUES (1654, 186, '衡南县', 0);
INSERT INTO `sys_district` VALUES (1655, 186, '衡山县', 0);
INSERT INTO `sys_district` VALUES (1656, 186, '衡东县', 0);
INSERT INTO `sys_district` VALUES (1657, 186, '祁东县', 0);
INSERT INTO `sys_district` VALUES (1658, 186, '耒阳市', 0);
INSERT INTO `sys_district` VALUES (1659, 186, '常宁市', 0);
INSERT INTO `sys_district` VALUES (1660, 187, '双清区', 0);
INSERT INTO `sys_district` VALUES (1661, 187, '大祥区', 0);
INSERT INTO `sys_district` VALUES (1662, 187, '北塔区', 0);
INSERT INTO `sys_district` VALUES (1663, 187, '邵东县', 0);
INSERT INTO `sys_district` VALUES (1664, 187, '新邵县', 0);
INSERT INTO `sys_district` VALUES (1665, 187, '邵阳县', 0);
INSERT INTO `sys_district` VALUES (1666, 187, '隆回县', 0);
INSERT INTO `sys_district` VALUES (1667, 187, '洞口县', 0);
INSERT INTO `sys_district` VALUES (1668, 187, '绥宁县', 0);
INSERT INTO `sys_district` VALUES (1669, 187, '新宁县', 0);
INSERT INTO `sys_district` VALUES (1670, 187, '城步苗族自治县', 0);
INSERT INTO `sys_district` VALUES (1671, 187, '武冈市', 0);
INSERT INTO `sys_district` VALUES (1672, 188, '岳阳楼区', 0);
INSERT INTO `sys_district` VALUES (1673, 188, '云溪区', 0);
INSERT INTO `sys_district` VALUES (1674, 188, '君山区', 0);
INSERT INTO `sys_district` VALUES (1675, 188, '岳阳县', 0);
INSERT INTO `sys_district` VALUES (1676, 188, '华容县', 0);
INSERT INTO `sys_district` VALUES (1677, 188, '湘阴县', 0);
INSERT INTO `sys_district` VALUES (1678, 188, '平江县', 0);
INSERT INTO `sys_district` VALUES (1679, 188, '汨罗市', 0);
INSERT INTO `sys_district` VALUES (1680, 188, '临湘市', 0);
INSERT INTO `sys_district` VALUES (1681, 189, '武陵区', 0);
INSERT INTO `sys_district` VALUES (1682, 189, '鼎城区', 0);
INSERT INTO `sys_district` VALUES (1683, 189, '安乡县', 0);
INSERT INTO `sys_district` VALUES (1684, 189, '汉寿县', 0);
INSERT INTO `sys_district` VALUES (1685, 189, '澧县', 0);
INSERT INTO `sys_district` VALUES (1686, 189, '临澧县', 0);
INSERT INTO `sys_district` VALUES (1687, 189, '桃源县', 0);
INSERT INTO `sys_district` VALUES (1688, 189, '石门县', 0);
INSERT INTO `sys_district` VALUES (1689, 189, '津市市', 0);
INSERT INTO `sys_district` VALUES (1690, 190, '永定区', 0);
INSERT INTO `sys_district` VALUES (1691, 190, '武陵源区', 0);
INSERT INTO `sys_district` VALUES (1692, 190, '慈利县', 0);
INSERT INTO `sys_district` VALUES (1693, 190, '桑植县', 0);
INSERT INTO `sys_district` VALUES (1694, 191, '资阳区', 0);
INSERT INTO `sys_district` VALUES (1695, 191, '赫山区', 0);
INSERT INTO `sys_district` VALUES (1696, 191, '南县', 0);
INSERT INTO `sys_district` VALUES (1697, 191, '桃江县', 0);
INSERT INTO `sys_district` VALUES (1698, 191, '安化县', 0);
INSERT INTO `sys_district` VALUES (1699, 191, '沅江市', 0);
INSERT INTO `sys_district` VALUES (1700, 192, '北湖区', 0);
INSERT INTO `sys_district` VALUES (1701, 192, '苏仙区', 0);
INSERT INTO `sys_district` VALUES (1702, 192, '桂阳县', 0);
INSERT INTO `sys_district` VALUES (1703, 192, '宜章县', 0);
INSERT INTO `sys_district` VALUES (1704, 192, '永兴县', 0);
INSERT INTO `sys_district` VALUES (1705, 192, '嘉禾县', 0);
INSERT INTO `sys_district` VALUES (1706, 192, '临武县', 0);
INSERT INTO `sys_district` VALUES (1707, 192, '汝城县', 0);
INSERT INTO `sys_district` VALUES (1708, 192, '桂东县', 0);
INSERT INTO `sys_district` VALUES (1709, 192, '安仁县', 0);
INSERT INTO `sys_district` VALUES (1710, 192, '资兴市', 0);
INSERT INTO `sys_district` VALUES (1711, 193, '芝山区', 0);
INSERT INTO `sys_district` VALUES (1712, 193, '冷水滩区', 0);
INSERT INTO `sys_district` VALUES (1713, 193, '祁阳县', 0);
INSERT INTO `sys_district` VALUES (1714, 193, '东安县', 0);
INSERT INTO `sys_district` VALUES (1715, 193, '双牌县', 0);
INSERT INTO `sys_district` VALUES (1716, 193, '道县', 0);
INSERT INTO `sys_district` VALUES (1717, 193, '江永县', 0);
INSERT INTO `sys_district` VALUES (1718, 193, '宁远县', 0);
INSERT INTO `sys_district` VALUES (1719, 193, '蓝山县', 0);
INSERT INTO `sys_district` VALUES (1720, 193, '新田县', 0);
INSERT INTO `sys_district` VALUES (1721, 193, '江华瑶族自治县', 0);
INSERT INTO `sys_district` VALUES (1722, 194, '鹤城区', 0);
INSERT INTO `sys_district` VALUES (1723, 194, '中方县', 0);
INSERT INTO `sys_district` VALUES (1724, 194, '沅陵县', 0);
INSERT INTO `sys_district` VALUES (1725, 194, '辰溪县', 0);
INSERT INTO `sys_district` VALUES (1726, 194, '溆浦县', 0);
INSERT INTO `sys_district` VALUES (1727, 194, '会同县', 0);
INSERT INTO `sys_district` VALUES (1728, 194, '麻阳苗族自治县', 0);
INSERT INTO `sys_district` VALUES (1729, 194, '新晃侗族自治县', 0);
INSERT INTO `sys_district` VALUES (1730, 194, '芷江侗族自治县', 0);
INSERT INTO `sys_district` VALUES (1731, 194, '靖州苗族侗族自治县', 0);
INSERT INTO `sys_district` VALUES (1732, 194, '通道侗族自治县', 0);
INSERT INTO `sys_district` VALUES (1733, 194, '洪江市', 0);
INSERT INTO `sys_district` VALUES (1734, 195, '娄星区', 0);
INSERT INTO `sys_district` VALUES (1735, 195, '双峰县', 0);
INSERT INTO `sys_district` VALUES (1736, 195, '新化县', 0);
INSERT INTO `sys_district` VALUES (1737, 195, '冷水江市', 0);
INSERT INTO `sys_district` VALUES (1738, 195, '涟源市', 0);
INSERT INTO `sys_district` VALUES (1739, 196, '吉首市', 0);
INSERT INTO `sys_district` VALUES (1740, 196, '泸溪县', 0);
INSERT INTO `sys_district` VALUES (1741, 196, '凤凰县', 0);
INSERT INTO `sys_district` VALUES (1742, 196, '花垣县', 0);
INSERT INTO `sys_district` VALUES (1743, 196, '保靖县', 0);
INSERT INTO `sys_district` VALUES (1744, 196, '古丈县', 0);
INSERT INTO `sys_district` VALUES (1745, 196, '永顺县', 0);
INSERT INTO `sys_district` VALUES (1746, 196, '龙山县', 0);
INSERT INTO `sys_district` VALUES (1747, 197, '东山区', 0);
INSERT INTO `sys_district` VALUES (1748, 197, '荔湾区', 0);
INSERT INTO `sys_district` VALUES (1749, 197, '越秀区', 0);
INSERT INTO `sys_district` VALUES (1750, 197, '海珠区', 0);
INSERT INTO `sys_district` VALUES (1751, 197, '天河区', 0);
INSERT INTO `sys_district` VALUES (1752, 197, '芳村区', 0);
INSERT INTO `sys_district` VALUES (1753, 197, '白云区', 0);
INSERT INTO `sys_district` VALUES (1754, 197, '黄埔区', 0);
INSERT INTO `sys_district` VALUES (1755, 197, '番禺区', 0);
INSERT INTO `sys_district` VALUES (1756, 197, '花都区', 0);
INSERT INTO `sys_district` VALUES (1757, 197, '增城市', 0);
INSERT INTO `sys_district` VALUES (1759, 198, '武江区', 0);
INSERT INTO `sys_district` VALUES (1760, 198, '浈江区', 0);
INSERT INTO `sys_district` VALUES (1761, 198, '曲江区', 0);
INSERT INTO `sys_district` VALUES (1762, 198, '始兴县', 0);
INSERT INTO `sys_district` VALUES (1763, 198, '仁化县', 0);
INSERT INTO `sys_district` VALUES (1764, 198, '翁源县', 0);
INSERT INTO `sys_district` VALUES (1765, 198, '乳源瑶族自治县', 0);
INSERT INTO `sys_district` VALUES (1766, 198, '新丰县', 0);
INSERT INTO `sys_district` VALUES (1767, 198, '乐昌市', 0);
INSERT INTO `sys_district` VALUES (1768, 198, '南雄市', 0);
INSERT INTO `sys_district` VALUES (1769, 199, '罗湖区', 0);
INSERT INTO `sys_district` VALUES (1770, 199, '福田区', 0);
INSERT INTO `sys_district` VALUES (1771, 199, '南山区', 0);
INSERT INTO `sys_district` VALUES (1772, 199, '宝安区', 0);
INSERT INTO `sys_district` VALUES (1773, 199, '龙岗区', 0);
INSERT INTO `sys_district` VALUES (1774, 199, '盐田区', 0);
INSERT INTO `sys_district` VALUES (1775, 200, '香洲区', 0);
INSERT INTO `sys_district` VALUES (1776, 200, '斗门区', 0);
INSERT INTO `sys_district` VALUES (1777, 200, '金湾区', 0);
INSERT INTO `sys_district` VALUES (1778, 201, '龙湖区', 0);
INSERT INTO `sys_district` VALUES (1779, 201, '金平区', 0);
INSERT INTO `sys_district` VALUES (1780, 201, '濠江区', 0);
INSERT INTO `sys_district` VALUES (1781, 201, '潮阳区', 0);
INSERT INTO `sys_district` VALUES (1782, 201, '潮南区', 0);
INSERT INTO `sys_district` VALUES (1783, 201, '澄海区', 0);
INSERT INTO `sys_district` VALUES (1784, 201, '南澳县', 0);
INSERT INTO `sys_district` VALUES (1785, 202, '禅城区', 0);
INSERT INTO `sys_district` VALUES (1786, 202, '南海区', 0);
INSERT INTO `sys_district` VALUES (1787, 202, '顺德区', 0);
INSERT INTO `sys_district` VALUES (1788, 202, '三水区', 0);
INSERT INTO `sys_district` VALUES (1789, 202, '高明区', 0);
INSERT INTO `sys_district` VALUES (1790, 203, '蓬江区', 0);
INSERT INTO `sys_district` VALUES (1791, 203, '江海区', 0);
INSERT INTO `sys_district` VALUES (1792, 203, '新会区', 0);
INSERT INTO `sys_district` VALUES (1793, 203, '台山市', 0);
INSERT INTO `sys_district` VALUES (1794, 203, '开平市', 0);
INSERT INTO `sys_district` VALUES (1795, 203, '鹤山市', 0);
INSERT INTO `sys_district` VALUES (1796, 203, '恩平市', 0);
INSERT INTO `sys_district` VALUES (1797, 204, '赤坎区', 0);
INSERT INTO `sys_district` VALUES (1798, 204, '霞山区', 0);
INSERT INTO `sys_district` VALUES (1799, 204, '坡头区', 0);
INSERT INTO `sys_district` VALUES (1800, 204, '麻章区', 0);
INSERT INTO `sys_district` VALUES (1801, 204, '遂溪县', 0);
INSERT INTO `sys_district` VALUES (1802, 204, '徐闻县', 0);
INSERT INTO `sys_district` VALUES (1803, 204, '廉江市', 0);
INSERT INTO `sys_district` VALUES (1804, 204, '雷州市', 0);
INSERT INTO `sys_district` VALUES (1805, 204, '吴川市', 0);
INSERT INTO `sys_district` VALUES (1806, 205, '茂南区', 0);
INSERT INTO `sys_district` VALUES (1807, 205, '茂港区', 0);
INSERT INTO `sys_district` VALUES (1808, 205, '电白县', 0);
INSERT INTO `sys_district` VALUES (1809, 205, '高州市', 0);
INSERT INTO `sys_district` VALUES (1810, 205, '化州市', 0);
INSERT INTO `sys_district` VALUES (1811, 205, '信宜市', 0);
INSERT INTO `sys_district` VALUES (1812, 206, '端州区', 0);
INSERT INTO `sys_district` VALUES (1813, 206, '鼎湖区', 0);
INSERT INTO `sys_district` VALUES (1814, 206, '广宁县', 0);
INSERT INTO `sys_district` VALUES (1815, 206, '怀集县', 0);
INSERT INTO `sys_district` VALUES (1816, 206, '封开县', 0);
INSERT INTO `sys_district` VALUES (1817, 206, '德庆县', 0);
INSERT INTO `sys_district` VALUES (1818, 206, '高要市', 0);
INSERT INTO `sys_district` VALUES (1819, 206, '四会市', 0);
INSERT INTO `sys_district` VALUES (1820, 207, '惠城区', 0);
INSERT INTO `sys_district` VALUES (1821, 207, '惠阳区', 0);
INSERT INTO `sys_district` VALUES (1822, 207, '博罗县', 0);
INSERT INTO `sys_district` VALUES (1823, 207, '惠东县', 0);
INSERT INTO `sys_district` VALUES (1824, 207, '龙门县', 0);
INSERT INTO `sys_district` VALUES (1825, 208, '梅江区', 0);
INSERT INTO `sys_district` VALUES (1826, 208, '梅县', 0);
INSERT INTO `sys_district` VALUES (1827, 208, '大埔县', 0);
INSERT INTO `sys_district` VALUES (1828, 208, '丰顺县', 0);
INSERT INTO `sys_district` VALUES (1829, 208, '五华县', 0);
INSERT INTO `sys_district` VALUES (1830, 208, '平远县', 0);
INSERT INTO `sys_district` VALUES (1831, 208, '蕉岭县', 0);
INSERT INTO `sys_district` VALUES (1832, 208, '兴宁市', 0);
INSERT INTO `sys_district` VALUES (1833, 209, '城区', 0);
INSERT INTO `sys_district` VALUES (1834, 209, '海丰县', 0);
INSERT INTO `sys_district` VALUES (1835, 209, '陆河县', 0);
INSERT INTO `sys_district` VALUES (1836, 209, '陆丰市', 0);
INSERT INTO `sys_district` VALUES (1837, 210, '源城区', 0);
INSERT INTO `sys_district` VALUES (1838, 210, '紫金县', 0);
INSERT INTO `sys_district` VALUES (1839, 210, '龙川县', 0);
INSERT INTO `sys_district` VALUES (1840, 210, '连平县', 0);
INSERT INTO `sys_district` VALUES (1841, 210, '和平县', 0);
INSERT INTO `sys_district` VALUES (1842, 210, '东源县', 0);
INSERT INTO `sys_district` VALUES (1843, 211, '江城区', 0);
INSERT INTO `sys_district` VALUES (1844, 211, '阳西县', 0);
INSERT INTO `sys_district` VALUES (1845, 211, '阳东县', 0);
INSERT INTO `sys_district` VALUES (1846, 211, '阳春市', 0);
INSERT INTO `sys_district` VALUES (1847, 212, '清城区', 0);
INSERT INTO `sys_district` VALUES (1848, 212, '佛冈县', 0);
INSERT INTO `sys_district` VALUES (1849, 212, '阳山县', 0);
INSERT INTO `sys_district` VALUES (1850, 212, '连山壮族瑶族自治县', 0);
INSERT INTO `sys_district` VALUES (1851, 212, '连南瑶族自治县', 0);
INSERT INTO `sys_district` VALUES (1852, 212, '清新县', 0);
INSERT INTO `sys_district` VALUES (1853, 212, '英德市', 0);
INSERT INTO `sys_district` VALUES (1854, 212, '连州市', 0);
INSERT INTO `sys_district` VALUES (1855, 215, '湘桥区', 0);
INSERT INTO `sys_district` VALUES (1856, 215, '潮安县', 0);
INSERT INTO `sys_district` VALUES (1857, 215, '饶平县', 0);
INSERT INTO `sys_district` VALUES (1858, 216, '榕城区', 0);
INSERT INTO `sys_district` VALUES (1859, 216, '揭东县', 0);
INSERT INTO `sys_district` VALUES (1860, 216, '揭西县', 0);
INSERT INTO `sys_district` VALUES (1861, 216, '惠来县', 0);
INSERT INTO `sys_district` VALUES (1862, 216, '普宁市', 0);
INSERT INTO `sys_district` VALUES (1863, 217, '云城区', 0);
INSERT INTO `sys_district` VALUES (1864, 217, '新兴县', 0);
INSERT INTO `sys_district` VALUES (1865, 217, '郁南县', 0);
INSERT INTO `sys_district` VALUES (1866, 217, '云安县', 0);
INSERT INTO `sys_district` VALUES (1867, 217, '罗定市', 0);
INSERT INTO `sys_district` VALUES (1868, 218, '兴宁区', 0);
INSERT INTO `sys_district` VALUES (1869, 218, '青秀区', 0);
INSERT INTO `sys_district` VALUES (1870, 218, '江南区', 0);
INSERT INTO `sys_district` VALUES (1871, 218, '西乡塘区', 0);
INSERT INTO `sys_district` VALUES (1872, 218, '良庆区', 0);
INSERT INTO `sys_district` VALUES (1873, 218, '邕宁区', 0);
INSERT INTO `sys_district` VALUES (1874, 218, '武鸣县', 0);
INSERT INTO `sys_district` VALUES (1875, 218, '隆安县', 0);
INSERT INTO `sys_district` VALUES (1876, 218, '马山县', 0);
INSERT INTO `sys_district` VALUES (1877, 218, '上林县', 0);
INSERT INTO `sys_district` VALUES (1878, 218, '宾阳县', 0);
INSERT INTO `sys_district` VALUES (1879, 218, '横县', 0);
INSERT INTO `sys_district` VALUES (1880, 219, '城中区', 0);
INSERT INTO `sys_district` VALUES (1881, 219, '鱼峰区', 0);
INSERT INTO `sys_district` VALUES (1882, 219, '柳南区', 0);
INSERT INTO `sys_district` VALUES (1883, 219, '柳北区', 0);
INSERT INTO `sys_district` VALUES (1884, 219, '柳江县', 0);
INSERT INTO `sys_district` VALUES (1885, 219, '柳城县', 0);
INSERT INTO `sys_district` VALUES (1886, 219, '鹿寨县', 0);
INSERT INTO `sys_district` VALUES (1887, 219, '融安县', 0);
INSERT INTO `sys_district` VALUES (1888, 219, '融水苗族自治县', 0);
INSERT INTO `sys_district` VALUES (1889, 219, '三江侗族自治县', 0);
INSERT INTO `sys_district` VALUES (1890, 220, '秀峰区', 0);
INSERT INTO `sys_district` VALUES (1891, 220, '叠彩区', 0);
INSERT INTO `sys_district` VALUES (1892, 220, '象山区', 0);
INSERT INTO `sys_district` VALUES (1893, 220, '七星区', 0);
INSERT INTO `sys_district` VALUES (1894, 220, '雁山区', 0);
INSERT INTO `sys_district` VALUES (1895, 220, '阳朔县', 0);
INSERT INTO `sys_district` VALUES (1896, 220, '临桂县', 0);
INSERT INTO `sys_district` VALUES (1897, 220, '灵川县', 0);
INSERT INTO `sys_district` VALUES (1898, 220, '全州县', 0);
INSERT INTO `sys_district` VALUES (1899, 220, '兴安县', 0);
INSERT INTO `sys_district` VALUES (1900, 220, '永福县', 0);
INSERT INTO `sys_district` VALUES (1901, 220, '灌阳县', 0);
INSERT INTO `sys_district` VALUES (1902, 220, '龙胜各族自治县', 0);
INSERT INTO `sys_district` VALUES (1903, 220, '资源县', 0);
INSERT INTO `sys_district` VALUES (1904, 220, '平乐县', 0);
INSERT INTO `sys_district` VALUES (1905, 220, '荔蒲县', 0);
INSERT INTO `sys_district` VALUES (1906, 220, '恭城瑶族自治县', 0);
INSERT INTO `sys_district` VALUES (1907, 221, '万秀区', 0);
INSERT INTO `sys_district` VALUES (1908, 221, '蝶山区', 0);
INSERT INTO `sys_district` VALUES (1909, 221, '长洲区', 0);
INSERT INTO `sys_district` VALUES (1910, 221, '苍梧县', 0);
INSERT INTO `sys_district` VALUES (1911, 221, '藤县', 0);
INSERT INTO `sys_district` VALUES (1912, 221, '蒙山县', 0);
INSERT INTO `sys_district` VALUES (1913, 221, '岑溪市', 0);
INSERT INTO `sys_district` VALUES (1914, 222, '海城区', 0);
INSERT INTO `sys_district` VALUES (1915, 222, '银海区', 0);
INSERT INTO `sys_district` VALUES (1916, 222, '铁山港区', 0);
INSERT INTO `sys_district` VALUES (1917, 222, '合浦县', 0);
INSERT INTO `sys_district` VALUES (1918, 223, '港口区', 0);
INSERT INTO `sys_district` VALUES (1919, 223, '防城区', 0);
INSERT INTO `sys_district` VALUES (1920, 223, '上思县', 0);
INSERT INTO `sys_district` VALUES (1921, 223, '东兴市', 0);
INSERT INTO `sys_district` VALUES (1922, 224, '钦南区', 0);
INSERT INTO `sys_district` VALUES (1923, 224, '钦北区', 0);
INSERT INTO `sys_district` VALUES (1924, 224, '灵山县', 0);
INSERT INTO `sys_district` VALUES (1925, 224, '浦北县', 0);
INSERT INTO `sys_district` VALUES (1926, 225, '港北区', 0);
INSERT INTO `sys_district` VALUES (1927, 225, '港南区', 0);
INSERT INTO `sys_district` VALUES (1928, 225, '覃塘区', 0);
INSERT INTO `sys_district` VALUES (1929, 225, '平南县', 0);
INSERT INTO `sys_district` VALUES (1930, 225, '桂平市', 0);
INSERT INTO `sys_district` VALUES (1931, 226, '玉州区', 0);
INSERT INTO `sys_district` VALUES (1932, 226, '容县', 0);
INSERT INTO `sys_district` VALUES (1933, 226, '陆川县', 0);
INSERT INTO `sys_district` VALUES (1934, 226, '博白县', 0);
INSERT INTO `sys_district` VALUES (1935, 226, '兴业县', 0);
INSERT INTO `sys_district` VALUES (1936, 226, '北流市', 0);
INSERT INTO `sys_district` VALUES (1937, 227, '右江区', 0);
INSERT INTO `sys_district` VALUES (1938, 227, '田阳县', 0);
INSERT INTO `sys_district` VALUES (1939, 227, '田东县', 0);
INSERT INTO `sys_district` VALUES (1940, 227, '平果县', 0);
INSERT INTO `sys_district` VALUES (1941, 227, '德保县', 0);
INSERT INTO `sys_district` VALUES (1942, 227, '靖西县', 0);
INSERT INTO `sys_district` VALUES (1943, 227, '那坡县', 0);
INSERT INTO `sys_district` VALUES (1944, 227, '凌云县', 0);
INSERT INTO `sys_district` VALUES (1945, 227, '乐业县', 0);
INSERT INTO `sys_district` VALUES (1946, 227, '田林县', 0);
INSERT INTO `sys_district` VALUES (1947, 227, '西林县', 0);
INSERT INTO `sys_district` VALUES (1948, 227, '隆林各族自治县', 0);
INSERT INTO `sys_district` VALUES (1949, 228, '八步区', 0);
INSERT INTO `sys_district` VALUES (1950, 228, '昭平县', 0);
INSERT INTO `sys_district` VALUES (1951, 228, '钟山县', 0);
INSERT INTO `sys_district` VALUES (1952, 228, '富川瑶族自治县', 0);
INSERT INTO `sys_district` VALUES (1953, 229, '金城江区', 0);
INSERT INTO `sys_district` VALUES (1954, 229, '南丹县', 0);
INSERT INTO `sys_district` VALUES (1955, 229, '天峨县', 0);
INSERT INTO `sys_district` VALUES (1956, 229, '凤山县', 0);
INSERT INTO `sys_district` VALUES (1957, 229, '东兰县', 0);
INSERT INTO `sys_district` VALUES (1958, 229, '罗城仫佬族自治县', 0);
INSERT INTO `sys_district` VALUES (1959, 229, '环江毛南族自治县', 0);
INSERT INTO `sys_district` VALUES (1960, 229, '巴马瑶族自治县', 0);
INSERT INTO `sys_district` VALUES (1961, 229, '都安瑶族自治县', 0);
INSERT INTO `sys_district` VALUES (1962, 229, '大化瑶族自治县', 0);
INSERT INTO `sys_district` VALUES (1963, 229, '宜州市', 0);
INSERT INTO `sys_district` VALUES (1964, 230, '兴宾区', 0);
INSERT INTO `sys_district` VALUES (1965, 230, '忻城县', 0);
INSERT INTO `sys_district` VALUES (1966, 230, '象州县', 0);
INSERT INTO `sys_district` VALUES (1967, 230, '武宣县', 0);
INSERT INTO `sys_district` VALUES (1968, 230, '金秀瑶族自治县', 0);
INSERT INTO `sys_district` VALUES (1969, 230, '合山市', 0);
INSERT INTO `sys_district` VALUES (1970, 231, '江洲区', 0);
INSERT INTO `sys_district` VALUES (1971, 231, '扶绥县', 0);
INSERT INTO `sys_district` VALUES (1972, 231, '宁明县', 0);
INSERT INTO `sys_district` VALUES (1973, 231, '龙州县', 0);
INSERT INTO `sys_district` VALUES (1974, 231, '大新县', 0);
INSERT INTO `sys_district` VALUES (1975, 231, '天等县', 0);
INSERT INTO `sys_district` VALUES (1976, 231, '凭祥市', 0);
INSERT INTO `sys_district` VALUES (1977, 232, '秀英区', 0);
INSERT INTO `sys_district` VALUES (1978, 232, '龙华区', 0);
INSERT INTO `sys_district` VALUES (1979, 232, '琼山区', 0);
INSERT INTO `sys_district` VALUES (1980, 232, '美兰区', 0);
INSERT INTO `sys_district` VALUES (1981, 233, '五指山市', 0);
INSERT INTO `sys_district` VALUES (1982, 233, '琼海市', 0);
INSERT INTO `sys_district` VALUES (1983, 233, '儋州市', 0);
INSERT INTO `sys_district` VALUES (1984, 233, '文昌市', 0);
INSERT INTO `sys_district` VALUES (1985, 233, '万宁市', 0);
INSERT INTO `sys_district` VALUES (1986, 233, '东方市', 0);
INSERT INTO `sys_district` VALUES (1987, 233, '定安县', 0);
INSERT INTO `sys_district` VALUES (1988, 233, '屯昌县', 0);
INSERT INTO `sys_district` VALUES (1989, 233, '澄迈县', 0);
INSERT INTO `sys_district` VALUES (1990, 233, '临高县', 0);
INSERT INTO `sys_district` VALUES (1991, 233, '白沙黎族自治县', 0);
INSERT INTO `sys_district` VALUES (1992, 233, '昌江黎族自治县', 0);
INSERT INTO `sys_district` VALUES (1993, 233, '乐东黎族自治县', 0);
INSERT INTO `sys_district` VALUES (1994, 233, '陵水黎族自治县', 0);
INSERT INTO `sys_district` VALUES (1995, 233, '保亭黎族苗族自治县', 0);
INSERT INTO `sys_district` VALUES (1996, 233, '琼中黎族苗族自治县', 0);
INSERT INTO `sys_district` VALUES (1997, 233, '西沙群岛', 0);
INSERT INTO `sys_district` VALUES (1998, 233, '南沙群岛', 0);
INSERT INTO `sys_district` VALUES (1999, 233, '中沙群岛的岛礁及其海域', 0);
INSERT INTO `sys_district` VALUES (2000, 234, '万州区', 0);
INSERT INTO `sys_district` VALUES (2001, 234, '涪陵区', 0);
INSERT INTO `sys_district` VALUES (2002, 234, '渝中区', 0);
INSERT INTO `sys_district` VALUES (2003, 234, '大渡口区', 0);
INSERT INTO `sys_district` VALUES (2004, 234, '江北区', 0);
INSERT INTO `sys_district` VALUES (2005, 234, '沙坪坝区', 0);
INSERT INTO `sys_district` VALUES (2006, 234, '九龙坡区', 0);
INSERT INTO `sys_district` VALUES (2007, 234, '南岸区', 0);
INSERT INTO `sys_district` VALUES (2008, 234, '北碚区', 0);
INSERT INTO `sys_district` VALUES (2009, 234, '万盛区', 0);
INSERT INTO `sys_district` VALUES (2010, 234, '双桥区', 0);
INSERT INTO `sys_district` VALUES (2011, 234, '渝北区', 0);
INSERT INTO `sys_district` VALUES (2012, 234, '巴南区', 0);
INSERT INTO `sys_district` VALUES (2013, 234, '黔江区', 0);
INSERT INTO `sys_district` VALUES (2014, 234, '长寿区', 0);
INSERT INTO `sys_district` VALUES (2015, 234, '綦江县', 0);
INSERT INTO `sys_district` VALUES (2016, 234, '潼南县', 0);
INSERT INTO `sys_district` VALUES (2017, 234, '铜梁县', 0);
INSERT INTO `sys_district` VALUES (2018, 234, '大足县', 0);
INSERT INTO `sys_district` VALUES (2019, 234, '荣昌县', 0);
INSERT INTO `sys_district` VALUES (2020, 234, '璧山县', 0);
INSERT INTO `sys_district` VALUES (2021, 234, '梁平县', 0);
INSERT INTO `sys_district` VALUES (2022, 234, '城口县', 0);
INSERT INTO `sys_district` VALUES (2023, 234, '丰都县', 0);
INSERT INTO `sys_district` VALUES (2024, 234, '垫江县', 0);
INSERT INTO `sys_district` VALUES (2025, 234, '武隆县', 0);
INSERT INTO `sys_district` VALUES (2026, 234, '忠县', 0);
INSERT INTO `sys_district` VALUES (2027, 234, '开县', 0);
INSERT INTO `sys_district` VALUES (2028, 234, '云阳县', 0);
INSERT INTO `sys_district` VALUES (2029, 234, '奉节县', 0);
INSERT INTO `sys_district` VALUES (2030, 234, '巫山县', 0);
INSERT INTO `sys_district` VALUES (2031, 234, '巫溪县', 0);
INSERT INTO `sys_district` VALUES (2032, 234, '石柱土家族自治县', 0);
INSERT INTO `sys_district` VALUES (2033, 234, '秀山土家族苗族自治县', 0);
INSERT INTO `sys_district` VALUES (2034, 234, '酉阳土家族苗族自治县', 0);
INSERT INTO `sys_district` VALUES (2035, 234, '彭水苗族土家族自治县', 0);
INSERT INTO `sys_district` VALUES (2036, 234, '江津市', 0);
INSERT INTO `sys_district` VALUES (2037, 234, '合川市', 0);
INSERT INTO `sys_district` VALUES (2038, 234, '永川市', 0);
INSERT INTO `sys_district` VALUES (2039, 234, '南川市', 0);
INSERT INTO `sys_district` VALUES (2040, 235, '锦江区', 0);
INSERT INTO `sys_district` VALUES (2041, 235, '青羊区', 0);
INSERT INTO `sys_district` VALUES (2042, 235, '金牛区', 0);
INSERT INTO `sys_district` VALUES (2043, 235, '武侯区', 0);
INSERT INTO `sys_district` VALUES (2044, 235, '成华区', 0);
INSERT INTO `sys_district` VALUES (2045, 235, '龙泉驿区', 0);
INSERT INTO `sys_district` VALUES (2046, 235, '青白江区', 0);
INSERT INTO `sys_district` VALUES (2047, 235, '新都区', 0);
INSERT INTO `sys_district` VALUES (2048, 235, '温江区', 0);
INSERT INTO `sys_district` VALUES (2049, 235, '金堂县', 0);
INSERT INTO `sys_district` VALUES (2050, 235, '双流县', 0);
INSERT INTO `sys_district` VALUES (2051, 235, '郫县', 0);
INSERT INTO `sys_district` VALUES (2052, 235, '大邑县', 0);
INSERT INTO `sys_district` VALUES (2053, 235, '蒲江县', 0);
INSERT INTO `sys_district` VALUES (2054, 235, '新津县', 0);
INSERT INTO `sys_district` VALUES (2055, 235, '都江堰市', 0);
INSERT INTO `sys_district` VALUES (2056, 235, '彭州市', 0);
INSERT INTO `sys_district` VALUES (2057, 235, '邛崃市', 0);
INSERT INTO `sys_district` VALUES (2058, 235, '崇州市', 0);
INSERT INTO `sys_district` VALUES (2059, 236, '自流井区', 0);
INSERT INTO `sys_district` VALUES (2060, 236, '贡井区', 0);
INSERT INTO `sys_district` VALUES (2061, 236, '大安区', 0);
INSERT INTO `sys_district` VALUES (2062, 236, '沿滩区', 0);
INSERT INTO `sys_district` VALUES (2063, 236, '荣县', 0);
INSERT INTO `sys_district` VALUES (2064, 236, '富顺县', 0);
INSERT INTO `sys_district` VALUES (2065, 237, '东区', 0);
INSERT INTO `sys_district` VALUES (2066, 237, '西区', 0);
INSERT INTO `sys_district` VALUES (2067, 237, '仁和区', 0);
INSERT INTO `sys_district` VALUES (2068, 237, '米易县', 0);
INSERT INTO `sys_district` VALUES (2069, 237, '盐边县', 0);
INSERT INTO `sys_district` VALUES (2070, 238, '江阳区', 0);
INSERT INTO `sys_district` VALUES (2071, 238, '纳溪区', 0);
INSERT INTO `sys_district` VALUES (2072, 238, '龙马潭区', 0);
INSERT INTO `sys_district` VALUES (2073, 238, '泸县', 0);
INSERT INTO `sys_district` VALUES (2074, 238, '合江县', 0);
INSERT INTO `sys_district` VALUES (2075, 238, '叙永县', 0);
INSERT INTO `sys_district` VALUES (2076, 238, '古蔺县', 0);
INSERT INTO `sys_district` VALUES (2077, 239, '旌阳区', 0);
INSERT INTO `sys_district` VALUES (2078, 239, '中江县', 0);
INSERT INTO `sys_district` VALUES (2079, 239, '罗江县', 0);
INSERT INTO `sys_district` VALUES (2080, 239, '广汉市', 0);
INSERT INTO `sys_district` VALUES (2081, 239, '什邡市', 0);
INSERT INTO `sys_district` VALUES (2082, 239, '绵竹市', 0);
INSERT INTO `sys_district` VALUES (2083, 240, '涪城区', 0);
INSERT INTO `sys_district` VALUES (2084, 240, '游仙区', 0);
INSERT INTO `sys_district` VALUES (2085, 240, '三台县', 0);
INSERT INTO `sys_district` VALUES (2086, 240, '盐亭县', 0);
INSERT INTO `sys_district` VALUES (2087, 240, '安县', 0);
INSERT INTO `sys_district` VALUES (2088, 240, '梓潼县', 0);
INSERT INTO `sys_district` VALUES (2089, 240, '北川羌族自治县', 0);
INSERT INTO `sys_district` VALUES (2090, 240, '平武县', 0);
INSERT INTO `sys_district` VALUES (2091, 240, '江油市', 0);
INSERT INTO `sys_district` VALUES (2092, 241, '市中区', 0);
INSERT INTO `sys_district` VALUES (2093, 241, '元坝区', 0);
INSERT INTO `sys_district` VALUES (2094, 241, '朝天区', 0);
INSERT INTO `sys_district` VALUES (2095, 241, '旺苍县', 0);
INSERT INTO `sys_district` VALUES (2096, 241, '青川县', 0);
INSERT INTO `sys_district` VALUES (2097, 241, '剑阁县', 0);
INSERT INTO `sys_district` VALUES (2098, 241, '苍溪县', 0);
INSERT INTO `sys_district` VALUES (2099, 242, '船山区', 0);
INSERT INTO `sys_district` VALUES (2100, 242, '安居区', 0);
INSERT INTO `sys_district` VALUES (2101, 242, '蓬溪县', 0);
INSERT INTO `sys_district` VALUES (2102, 242, '射洪县', 0);
INSERT INTO `sys_district` VALUES (2103, 242, '大英县', 0);
INSERT INTO `sys_district` VALUES (2104, 243, '市中区', 0);
INSERT INTO `sys_district` VALUES (2105, 243, '东兴区', 0);
INSERT INTO `sys_district` VALUES (2106, 243, '威远县', 0);
INSERT INTO `sys_district` VALUES (2107, 243, '资中县', 0);
INSERT INTO `sys_district` VALUES (2108, 243, '隆昌县', 0);
INSERT INTO `sys_district` VALUES (2109, 244, '市中区', 0);
INSERT INTO `sys_district` VALUES (2110, 244, '沙湾区', 0);
INSERT INTO `sys_district` VALUES (2111, 244, '五通桥区', 0);
INSERT INTO `sys_district` VALUES (2112, 244, '金口河区', 0);
INSERT INTO `sys_district` VALUES (2113, 244, '犍为县', 0);
INSERT INTO `sys_district` VALUES (2114, 244, '井研县', 0);
INSERT INTO `sys_district` VALUES (2115, 244, '夹江县', 0);
INSERT INTO `sys_district` VALUES (2116, 244, '沐川县', 0);
INSERT INTO `sys_district` VALUES (2117, 244, '峨边彝族自治县', 0);
INSERT INTO `sys_district` VALUES (2118, 244, '马边彝族自治县', 0);
INSERT INTO `sys_district` VALUES (2119, 244, '峨眉山市', 0);
INSERT INTO `sys_district` VALUES (2120, 245, '顺庆区', 0);
INSERT INTO `sys_district` VALUES (2121, 245, '高坪区', 0);
INSERT INTO `sys_district` VALUES (2122, 245, '嘉陵区', 0);
INSERT INTO `sys_district` VALUES (2123, 245, '南部县', 0);
INSERT INTO `sys_district` VALUES (2124, 245, '营山县', 0);
INSERT INTO `sys_district` VALUES (2125, 245, '蓬安县', 0);
INSERT INTO `sys_district` VALUES (2126, 245, '仪陇县', 0);
INSERT INTO `sys_district` VALUES (2127, 245, '西充县', 0);
INSERT INTO `sys_district` VALUES (2128, 245, '阆中市', 0);
INSERT INTO `sys_district` VALUES (2129, 246, '东坡区', 0);
INSERT INTO `sys_district` VALUES (2130, 246, '仁寿县', 0);
INSERT INTO `sys_district` VALUES (2131, 246, '彭山县', 0);
INSERT INTO `sys_district` VALUES (2132, 246, '洪雅县', 0);
INSERT INTO `sys_district` VALUES (2133, 246, '丹棱县', 0);
INSERT INTO `sys_district` VALUES (2134, 246, '青神县', 0);
INSERT INTO `sys_district` VALUES (2135, 247, '翠屏区', 0);
INSERT INTO `sys_district` VALUES (2136, 247, '宜宾县', 0);
INSERT INTO `sys_district` VALUES (2137, 247, '南溪县', 0);
INSERT INTO `sys_district` VALUES (2138, 247, '江安县', 0);
INSERT INTO `sys_district` VALUES (2139, 247, '长宁县', 0);
INSERT INTO `sys_district` VALUES (2140, 247, '高县', 0);
INSERT INTO `sys_district` VALUES (2141, 247, '珙县', 0);
INSERT INTO `sys_district` VALUES (2142, 247, '筠连县', 0);
INSERT INTO `sys_district` VALUES (2143, 247, '兴文县', 0);
INSERT INTO `sys_district` VALUES (2144, 247, '屏山县', 0);
INSERT INTO `sys_district` VALUES (2145, 248, '广安区', 0);
INSERT INTO `sys_district` VALUES (2146, 248, '岳池县', 0);
INSERT INTO `sys_district` VALUES (2147, 248, '武胜县', 0);
INSERT INTO `sys_district` VALUES (2148, 248, '邻水县', 0);
INSERT INTO `sys_district` VALUES (2149, 248, '华蓥市', 0);
INSERT INTO `sys_district` VALUES (2150, 249, '通川区', 0);
INSERT INTO `sys_district` VALUES (2151, 249, '达县', 0);
INSERT INTO `sys_district` VALUES (2152, 249, '宣汉县', 0);
INSERT INTO `sys_district` VALUES (2153, 249, '开江县', 0);
INSERT INTO `sys_district` VALUES (2154, 249, '大竹县', 0);
INSERT INTO `sys_district` VALUES (2155, 249, '渠县', 0);
INSERT INTO `sys_district` VALUES (2156, 249, '万源市', 0);
INSERT INTO `sys_district` VALUES (2157, 250, '雨城区', 0);
INSERT INTO `sys_district` VALUES (2158, 250, '名山县', 0);
INSERT INTO `sys_district` VALUES (2159, 250, '荥经县', 0);
INSERT INTO `sys_district` VALUES (2160, 250, '汉源县', 0);
INSERT INTO `sys_district` VALUES (2161, 250, '石棉县', 0);
INSERT INTO `sys_district` VALUES (2162, 250, '天全县', 0);
INSERT INTO `sys_district` VALUES (2163, 250, '芦山县', 0);
INSERT INTO `sys_district` VALUES (2164, 250, '宝兴县', 0);
INSERT INTO `sys_district` VALUES (2165, 251, '巴州区', 0);
INSERT INTO `sys_district` VALUES (2166, 251, '通江县', 0);
INSERT INTO `sys_district` VALUES (2167, 251, '南江县', 0);
INSERT INTO `sys_district` VALUES (2168, 251, '平昌县', 0);
INSERT INTO `sys_district` VALUES (2169, 252, '雁江区', 0);
INSERT INTO `sys_district` VALUES (2170, 252, '安岳县', 0);
INSERT INTO `sys_district` VALUES (2171, 252, '乐至县', 0);
INSERT INTO `sys_district` VALUES (2172, 252, '简阳市', 0);
INSERT INTO `sys_district` VALUES (2173, 253, '汶川县', 0);
INSERT INTO `sys_district` VALUES (2174, 253, '理县', 0);
INSERT INTO `sys_district` VALUES (2175, 253, '茂县', 0);
INSERT INTO `sys_district` VALUES (2176, 253, '松潘县', 0);
INSERT INTO `sys_district` VALUES (2177, 253, '九寨沟县', 0);
INSERT INTO `sys_district` VALUES (2178, 253, '金川县', 0);
INSERT INTO `sys_district` VALUES (2179, 253, '小金县', 0);
INSERT INTO `sys_district` VALUES (2180, 253, '黑水县', 0);
INSERT INTO `sys_district` VALUES (2181, 253, '马尔康县', 0);
INSERT INTO `sys_district` VALUES (2182, 253, '壤塘县', 0);
INSERT INTO `sys_district` VALUES (2183, 253, '阿坝县', 0);
INSERT INTO `sys_district` VALUES (2184, 253, '若尔盖县', 0);
INSERT INTO `sys_district` VALUES (2185, 253, '红原县', 0);
INSERT INTO `sys_district` VALUES (2186, 254, '康定县', 0);
INSERT INTO `sys_district` VALUES (2187, 254, '泸定县', 0);
INSERT INTO `sys_district` VALUES (2188, 254, '丹巴县', 0);
INSERT INTO `sys_district` VALUES (2189, 254, '九龙县', 0);
INSERT INTO `sys_district` VALUES (2190, 254, '雅江县', 0);
INSERT INTO `sys_district` VALUES (2191, 254, '道孚县', 0);
INSERT INTO `sys_district` VALUES (2192, 254, '炉霍县', 0);
INSERT INTO `sys_district` VALUES (2193, 254, '甘孜县', 0);
INSERT INTO `sys_district` VALUES (2194, 254, '新龙县', 0);
INSERT INTO `sys_district` VALUES (2195, 254, '德格县', 0);
INSERT INTO `sys_district` VALUES (2196, 254, '白玉县', 0);
INSERT INTO `sys_district` VALUES (2197, 254, '石渠县', 0);
INSERT INTO `sys_district` VALUES (2198, 254, '色达县', 0);
INSERT INTO `sys_district` VALUES (2199, 254, '理塘县', 0);
INSERT INTO `sys_district` VALUES (2200, 254, '巴塘县', 0);
INSERT INTO `sys_district` VALUES (2201, 254, '乡城县', 0);
INSERT INTO `sys_district` VALUES (2202, 254, '稻城县', 0);
INSERT INTO `sys_district` VALUES (2203, 254, '得荣县', 0);
INSERT INTO `sys_district` VALUES (2204, 255, '西昌市', 0);
INSERT INTO `sys_district` VALUES (2205, 255, '木里藏族自治县', 0);
INSERT INTO `sys_district` VALUES (2206, 255, '盐源县', 0);
INSERT INTO `sys_district` VALUES (2207, 255, '德昌县', 0);
INSERT INTO `sys_district` VALUES (2208, 255, '会理县', 0);
INSERT INTO `sys_district` VALUES (2209, 255, '会东县', 0);
INSERT INTO `sys_district` VALUES (2210, 255, '宁南县', 0);
INSERT INTO `sys_district` VALUES (2211, 255, '普格县', 0);
INSERT INTO `sys_district` VALUES (2212, 255, '布拖县', 0);
INSERT INTO `sys_district` VALUES (2213, 255, '金阳县', 0);
INSERT INTO `sys_district` VALUES (2214, 255, '昭觉县', 0);
INSERT INTO `sys_district` VALUES (2215, 255, '喜德县', 0);
INSERT INTO `sys_district` VALUES (2216, 255, '冕宁县', 0);
INSERT INTO `sys_district` VALUES (2217, 255, '越西县', 0);
INSERT INTO `sys_district` VALUES (2218, 255, '甘洛县', 0);
INSERT INTO `sys_district` VALUES (2219, 255, '美姑县', 0);
INSERT INTO `sys_district` VALUES (2220, 255, '雷波县', 0);
INSERT INTO `sys_district` VALUES (2221, 256, '南明区', 0);
INSERT INTO `sys_district` VALUES (2222, 256, '云岩区', 0);
INSERT INTO `sys_district` VALUES (2223, 256, '花溪区', 0);
INSERT INTO `sys_district` VALUES (2224, 256, '乌当区', 0);
INSERT INTO `sys_district` VALUES (2225, 256, '白云区', 0);
INSERT INTO `sys_district` VALUES (2226, 256, '小河区', 0);
INSERT INTO `sys_district` VALUES (2227, 256, '开阳县', 0);
INSERT INTO `sys_district` VALUES (2228, 256, '息烽县', 0);
INSERT INTO `sys_district` VALUES (2229, 256, '修文县', 0);
INSERT INTO `sys_district` VALUES (2230, 256, '清镇市', 0);
INSERT INTO `sys_district` VALUES (2231, 257, '钟山区', 0);
INSERT INTO `sys_district` VALUES (2232, 257, '六枝特区', 0);
INSERT INTO `sys_district` VALUES (2233, 257, '水城县', 0);
INSERT INTO `sys_district` VALUES (2234, 257, '盘县', 0);
INSERT INTO `sys_district` VALUES (2235, 258, '红花岗区', 0);
INSERT INTO `sys_district` VALUES (2236, 258, '汇川区', 0);
INSERT INTO `sys_district` VALUES (2237, 258, '遵义县', 0);
INSERT INTO `sys_district` VALUES (2238, 258, '桐梓县', 0);
INSERT INTO `sys_district` VALUES (2239, 258, '绥阳县', 0);
INSERT INTO `sys_district` VALUES (2240, 258, '正安县', 0);
INSERT INTO `sys_district` VALUES (2241, 258, '道真仡佬族苗族自治县', 0);
INSERT INTO `sys_district` VALUES (2242, 258, '务川仡佬族苗族自治县', 0);
INSERT INTO `sys_district` VALUES (2243, 258, '凤冈县', 0);
INSERT INTO `sys_district` VALUES (2244, 258, '湄潭县', 0);
INSERT INTO `sys_district` VALUES (2245, 258, '余庆县', 0);
INSERT INTO `sys_district` VALUES (2246, 258, '习水县', 0);
INSERT INTO `sys_district` VALUES (2247, 258, '赤水市', 0);
INSERT INTO `sys_district` VALUES (2248, 258, '仁怀市', 0);
INSERT INTO `sys_district` VALUES (2249, 259, '西秀区', 0);
INSERT INTO `sys_district` VALUES (2250, 259, '平坝县', 0);
INSERT INTO `sys_district` VALUES (2251, 259, '普定县', 0);
INSERT INTO `sys_district` VALUES (2252, 259, '镇宁布依族苗族自治县', 0);
INSERT INTO `sys_district` VALUES (2253, 259, '关岭布依族苗族自治县', 0);
INSERT INTO `sys_district` VALUES (2254, 259, '紫云苗族布依族自治县', 0);
INSERT INTO `sys_district` VALUES (2255, 260, '铜仁市', 0);
INSERT INTO `sys_district` VALUES (2256, 260, '江口县', 0);
INSERT INTO `sys_district` VALUES (2257, 260, '玉屏侗族自治县', 0);
INSERT INTO `sys_district` VALUES (2258, 260, '石阡县', 0);
INSERT INTO `sys_district` VALUES (2259, 260, '思南县', 0);
INSERT INTO `sys_district` VALUES (2260, 260, '印江土家族苗族自治县', 0);
INSERT INTO `sys_district` VALUES (2261, 260, '德江县', 0);
INSERT INTO `sys_district` VALUES (2262, 260, '沿河土家族自治县', 0);
INSERT INTO `sys_district` VALUES (2263, 260, '松桃苗族自治县', 0);
INSERT INTO `sys_district` VALUES (2264, 260, '万山特区', 0);
INSERT INTO `sys_district` VALUES (2265, 261, '兴义市', 0);
INSERT INTO `sys_district` VALUES (2266, 261, '兴仁县', 0);
INSERT INTO `sys_district` VALUES (2267, 261, '普安县', 0);
INSERT INTO `sys_district` VALUES (2268, 261, '晴隆县', 0);
INSERT INTO `sys_district` VALUES (2269, 261, '贞丰县', 0);
INSERT INTO `sys_district` VALUES (2270, 261, '望谟县', 0);
INSERT INTO `sys_district` VALUES (2271, 261, '册亨县', 0);
INSERT INTO `sys_district` VALUES (2272, 261, '安龙县', 0);
INSERT INTO `sys_district` VALUES (2273, 262, '毕节市', 0);
INSERT INTO `sys_district` VALUES (2274, 262, '大方县', 0);
INSERT INTO `sys_district` VALUES (2275, 262, '黔西县', 0);
INSERT INTO `sys_district` VALUES (2276, 262, '金沙县', 0);
INSERT INTO `sys_district` VALUES (2277, 262, '织金县', 0);
INSERT INTO `sys_district` VALUES (2278, 262, '纳雍县', 0);
INSERT INTO `sys_district` VALUES (2279, 262, '威宁彝族回族苗族自治县', 0);
INSERT INTO `sys_district` VALUES (2280, 262, '赫章县', 0);
INSERT INTO `sys_district` VALUES (2281, 263, '凯里市', 0);
INSERT INTO `sys_district` VALUES (2282, 263, '黄平县', 0);
INSERT INTO `sys_district` VALUES (2283, 263, '施秉县', 0);
INSERT INTO `sys_district` VALUES (2284, 263, '三穗县', 0);
INSERT INTO `sys_district` VALUES (2285, 263, '镇远县', 0);
INSERT INTO `sys_district` VALUES (2286, 263, '岑巩县', 0);
INSERT INTO `sys_district` VALUES (2287, 263, '天柱县', 0);
INSERT INTO `sys_district` VALUES (2288, 263, '锦屏县', 0);
INSERT INTO `sys_district` VALUES (2289, 263, '剑河县', 0);
INSERT INTO `sys_district` VALUES (2290, 263, '台江县', 0);
INSERT INTO `sys_district` VALUES (2291, 263, '黎平县', 0);
INSERT INTO `sys_district` VALUES (2292, 263, '榕江县', 0);
INSERT INTO `sys_district` VALUES (2293, 263, '从江县', 0);
INSERT INTO `sys_district` VALUES (2294, 263, '雷山县', 0);
INSERT INTO `sys_district` VALUES (2295, 263, '麻江县', 0);
INSERT INTO `sys_district` VALUES (2296, 263, '丹寨县', 0);
INSERT INTO `sys_district` VALUES (2297, 264, '都匀市', 0);
INSERT INTO `sys_district` VALUES (2298, 264, '福泉市', 0);
INSERT INTO `sys_district` VALUES (2299, 264, '荔波县', 0);
INSERT INTO `sys_district` VALUES (2300, 264, '贵定县', 0);
INSERT INTO `sys_district` VALUES (2301, 264, '瓮安县', 0);
INSERT INTO `sys_district` VALUES (2302, 264, '独山县', 0);
INSERT INTO `sys_district` VALUES (2303, 264, '平塘县', 0);
INSERT INTO `sys_district` VALUES (2304, 264, '罗甸县', 0);
INSERT INTO `sys_district` VALUES (2305, 264, '长顺县', 0);
INSERT INTO `sys_district` VALUES (2306, 264, '龙里县', 0);
INSERT INTO `sys_district` VALUES (2307, 264, '惠水县', 0);
INSERT INTO `sys_district` VALUES (2308, 264, '三都水族自治县', 0);
INSERT INTO `sys_district` VALUES (2309, 265, '五华区', 0);
INSERT INTO `sys_district` VALUES (2310, 265, '盘龙区', 0);
INSERT INTO `sys_district` VALUES (2311, 265, '官渡区', 0);
INSERT INTO `sys_district` VALUES (2312, 265, '西山区', 0);
INSERT INTO `sys_district` VALUES (2313, 265, '东川区', 0);
INSERT INTO `sys_district` VALUES (2314, 265, '呈贡县', 0);
INSERT INTO `sys_district` VALUES (2315, 265, '晋宁县', 0);
INSERT INTO `sys_district` VALUES (2316, 265, '富民县', 0);
INSERT INTO `sys_district` VALUES (2317, 265, '宜良县', 0);
INSERT INTO `sys_district` VALUES (2318, 265, '石林彝族自治县', 0);
INSERT INTO `sys_district` VALUES (2319, 265, '嵩明县', 0);
INSERT INTO `sys_district` VALUES (2320, 265, '禄劝彝族苗族自治县', 0);
INSERT INTO `sys_district` VALUES (2321, 265, '寻甸回族彝族自治县', 0);
INSERT INTO `sys_district` VALUES (2322, 265, '安宁市', 0);
INSERT INTO `sys_district` VALUES (2323, 266, '麒麟区', 0);
INSERT INTO `sys_district` VALUES (2324, 266, '马龙县', 0);
INSERT INTO `sys_district` VALUES (2325, 266, '陆良县', 0);
INSERT INTO `sys_district` VALUES (2326, 266, '师宗县', 0);
INSERT INTO `sys_district` VALUES (2327, 266, '罗平县', 0);
INSERT INTO `sys_district` VALUES (2328, 266, '富源县', 0);
INSERT INTO `sys_district` VALUES (2329, 266, '会泽县', 0);
INSERT INTO `sys_district` VALUES (2330, 266, '沾益县', 0);
INSERT INTO `sys_district` VALUES (2331, 266, '宣威市', 0);
INSERT INTO `sys_district` VALUES (2332, 267, '红塔区', 0);
INSERT INTO `sys_district` VALUES (2333, 267, '江川县', 0);
INSERT INTO `sys_district` VALUES (2334, 267, '澄江县', 0);
INSERT INTO `sys_district` VALUES (2335, 267, '通海县', 0);
INSERT INTO `sys_district` VALUES (2336, 267, '华宁县', 0);
INSERT INTO `sys_district` VALUES (2337, 267, '易门县', 0);
INSERT INTO `sys_district` VALUES (2338, 267, '峨山彝族自治县', 0);
INSERT INTO `sys_district` VALUES (2339, 267, '新平彝族傣族自治县', 0);
INSERT INTO `sys_district` VALUES (2340, 267, '元江哈尼族彝族傣族自治县', 0);
INSERT INTO `sys_district` VALUES (2341, 268, '隆阳区', 0);
INSERT INTO `sys_district` VALUES (2342, 268, '施甸县', 0);
INSERT INTO `sys_district` VALUES (2343, 268, '腾冲县', 0);
INSERT INTO `sys_district` VALUES (2344, 268, '龙陵县', 0);
INSERT INTO `sys_district` VALUES (2345, 268, '昌宁县', 0);
INSERT INTO `sys_district` VALUES (2346, 269, '昭阳区', 0);
INSERT INTO `sys_district` VALUES (2347, 269, '鲁甸县', 0);
INSERT INTO `sys_district` VALUES (2348, 269, '巧家县', 0);
INSERT INTO `sys_district` VALUES (2349, 269, '盐津县', 0);
INSERT INTO `sys_district` VALUES (2350, 269, '大关县', 0);
INSERT INTO `sys_district` VALUES (2351, 269, '永善县', 0);
INSERT INTO `sys_district` VALUES (2352, 269, '绥江县', 0);
INSERT INTO `sys_district` VALUES (2353, 269, '镇雄县', 0);
INSERT INTO `sys_district` VALUES (2354, 269, '彝良县', 0);
INSERT INTO `sys_district` VALUES (2355, 269, '威信县', 0);
INSERT INTO `sys_district` VALUES (2356, 269, '水富县', 0);
INSERT INTO `sys_district` VALUES (2357, 270, '古城区', 0);
INSERT INTO `sys_district` VALUES (2358, 270, '玉龙纳西族自治县', 0);
INSERT INTO `sys_district` VALUES (2359, 270, '永胜县', 0);
INSERT INTO `sys_district` VALUES (2360, 270, '华坪县', 0);
INSERT INTO `sys_district` VALUES (2361, 270, '宁蒗彝族自治县', 0);
INSERT INTO `sys_district` VALUES (2362, 271, '翠云区', 0);
INSERT INTO `sys_district` VALUES (2363, 271, '普洱哈尼族彝族自治县', 0);
INSERT INTO `sys_district` VALUES (2364, 271, '墨江哈尼族自治县', 0);
INSERT INTO `sys_district` VALUES (2365, 271, '景东彝族自治县', 0);
INSERT INTO `sys_district` VALUES (2366, 271, '景谷傣族彝族自治县', 0);
INSERT INTO `sys_district` VALUES (2367, 271, '镇沅彝族哈尼族拉祜族自治县', 0);
INSERT INTO `sys_district` VALUES (2368, 271, '江城哈尼族彝族自治县', 0);
INSERT INTO `sys_district` VALUES (2369, 271, '孟连傣族拉祜族佤族自治县', 0);
INSERT INTO `sys_district` VALUES (2370, 271, '澜沧拉祜族自治县', 0);
INSERT INTO `sys_district` VALUES (2371, 271, '西盟佤族自治县', 0);
INSERT INTO `sys_district` VALUES (2372, 272, '临翔区', 0);
INSERT INTO `sys_district` VALUES (2373, 272, '凤庆县', 0);
INSERT INTO `sys_district` VALUES (2374, 272, '云县', 0);
INSERT INTO `sys_district` VALUES (2375, 272, '永德县', 0);
INSERT INTO `sys_district` VALUES (2376, 272, '镇康县', 0);
INSERT INTO `sys_district` VALUES (2377, 272, '双江拉祜族佤族布朗族傣族自治县', 0);
INSERT INTO `sys_district` VALUES (2378, 272, '耿马傣族佤族自治县', 0);
INSERT INTO `sys_district` VALUES (2379, 272, '沧源佤族自治县', 0);
INSERT INTO `sys_district` VALUES (2380, 273, '楚雄市', 0);
INSERT INTO `sys_district` VALUES (2381, 273, '双柏县', 0);
INSERT INTO `sys_district` VALUES (2382, 273, '牟定县', 0);
INSERT INTO `sys_district` VALUES (2383, 273, '南华县', 0);
INSERT INTO `sys_district` VALUES (2384, 273, '姚安县', 0);
INSERT INTO `sys_district` VALUES (2385, 273, '大姚县', 0);
INSERT INTO `sys_district` VALUES (2386, 273, '永仁县', 0);
INSERT INTO `sys_district` VALUES (2387, 273, '元谋县', 0);
INSERT INTO `sys_district` VALUES (2388, 273, '武定县', 0);
INSERT INTO `sys_district` VALUES (2389, 273, '禄丰县', 0);
INSERT INTO `sys_district` VALUES (2390, 274, '个旧市', 0);
INSERT INTO `sys_district` VALUES (2391, 274, '开远市', 0);
INSERT INTO `sys_district` VALUES (2392, 274, '蒙自县', 0);
INSERT INTO `sys_district` VALUES (2393, 274, '屏边苗族自治县', 0);
INSERT INTO `sys_district` VALUES (2394, 274, '建水县', 0);
INSERT INTO `sys_district` VALUES (2395, 274, '石屏县', 0);
INSERT INTO `sys_district` VALUES (2396, 274, '弥勒县', 0);
INSERT INTO `sys_district` VALUES (2397, 274, '泸西县', 0);
INSERT INTO `sys_district` VALUES (2398, 274, '元阳县', 0);
INSERT INTO `sys_district` VALUES (2399, 274, '红河县', 0);
INSERT INTO `sys_district` VALUES (2400, 274, '金平苗族瑶族傣族自治县', 0);
INSERT INTO `sys_district` VALUES (2401, 274, '绿春县', 0);
INSERT INTO `sys_district` VALUES (2402, 274, '河口瑶族自治县', 0);
INSERT INTO `sys_district` VALUES (2403, 275, '文山县', 0);
INSERT INTO `sys_district` VALUES (2404, 275, '砚山县', 0);
INSERT INTO `sys_district` VALUES (2405, 275, '西畴县', 0);
INSERT INTO `sys_district` VALUES (2406, 275, '麻栗坡县', 0);
INSERT INTO `sys_district` VALUES (2407, 275, '马关县', 0);
INSERT INTO `sys_district` VALUES (2408, 275, '丘北县', 0);
INSERT INTO `sys_district` VALUES (2409, 275, '广南县', 0);
INSERT INTO `sys_district` VALUES (2410, 275, '富宁县', 0);
INSERT INTO `sys_district` VALUES (2411, 276, '景洪市', 0);
INSERT INTO `sys_district` VALUES (2412, 276, '勐海县', 0);
INSERT INTO `sys_district` VALUES (2413, 276, '勐腊县', 0);
INSERT INTO `sys_district` VALUES (2414, 277, '大理市', 0);
INSERT INTO `sys_district` VALUES (2415, 277, '漾濞彝族自治县', 0);
INSERT INTO `sys_district` VALUES (2416, 277, '祥云县', 0);
INSERT INTO `sys_district` VALUES (2417, 277, '宾川县', 0);
INSERT INTO `sys_district` VALUES (2418, 277, '弥渡县', 0);
INSERT INTO `sys_district` VALUES (2419, 277, '南涧彝族自治县', 0);
INSERT INTO `sys_district` VALUES (2420, 277, '巍山彝族回族自治县', 0);
INSERT INTO `sys_district` VALUES (2421, 277, '永平县', 0);
INSERT INTO `sys_district` VALUES (2422, 277, '云龙县', 0);
INSERT INTO `sys_district` VALUES (2423, 277, '洱源县', 0);
INSERT INTO `sys_district` VALUES (2424, 277, '剑川县', 0);
INSERT INTO `sys_district` VALUES (2425, 277, '鹤庆县', 0);
INSERT INTO `sys_district` VALUES (2426, 278, '瑞丽市', 0);
INSERT INTO `sys_district` VALUES (2427, 278, '潞西市', 0);
INSERT INTO `sys_district` VALUES (2428, 278, '梁河县', 0);
INSERT INTO `sys_district` VALUES (2429, 278, '盈江县', 0);
INSERT INTO `sys_district` VALUES (2430, 278, '陇川县', 0);
INSERT INTO `sys_district` VALUES (2431, 279, '泸水县', 0);
INSERT INTO `sys_district` VALUES (2432, 279, '福贡县', 0);
INSERT INTO `sys_district` VALUES (2433, 279, '贡山独龙族怒族自治县', 0);
INSERT INTO `sys_district` VALUES (2434, 279, '兰坪白族普米族自治县', 0);
INSERT INTO `sys_district` VALUES (2435, 280, '香格里拉县', 0);
INSERT INTO `sys_district` VALUES (2436, 280, '德钦县', 0);
INSERT INTO `sys_district` VALUES (2437, 280, '维西傈僳族自治县', 0);
INSERT INTO `sys_district` VALUES (2438, 281, '城关区', 0);
INSERT INTO `sys_district` VALUES (2439, 281, '林周县', 0);
INSERT INTO `sys_district` VALUES (2440, 281, '当雄县', 0);
INSERT INTO `sys_district` VALUES (2441, 281, '尼木县', 0);
INSERT INTO `sys_district` VALUES (2442, 281, '曲水县', 0);
INSERT INTO `sys_district` VALUES (2443, 281, '堆龙德庆县', 0);
INSERT INTO `sys_district` VALUES (2444, 281, '达孜县', 0);
INSERT INTO `sys_district` VALUES (2445, 281, '墨竹工卡县', 0);
INSERT INTO `sys_district` VALUES (2446, 282, '昌都县', 0);
INSERT INTO `sys_district` VALUES (2447, 282, '江达县', 0);
INSERT INTO `sys_district` VALUES (2448, 282, '贡觉县', 0);
INSERT INTO `sys_district` VALUES (2449, 282, '类乌齐县', 0);
INSERT INTO `sys_district` VALUES (2450, 282, '丁青县', 0);
INSERT INTO `sys_district` VALUES (2451, 282, '察雅县', 0);
INSERT INTO `sys_district` VALUES (2452, 282, '八宿县', 0);
INSERT INTO `sys_district` VALUES (2453, 282, '左贡县', 0);
INSERT INTO `sys_district` VALUES (2454, 282, '芒康县', 0);
INSERT INTO `sys_district` VALUES (2455, 282, '洛隆县', 0);
INSERT INTO `sys_district` VALUES (2456, 282, '边坝县', 0);
INSERT INTO `sys_district` VALUES (2457, 283, '乃东县', 0);
INSERT INTO `sys_district` VALUES (2458, 283, '扎囊县', 0);
INSERT INTO `sys_district` VALUES (2459, 283, '贡嘎县', 0);
INSERT INTO `sys_district` VALUES (2460, 283, '桑日县', 0);
INSERT INTO `sys_district` VALUES (2461, 283, '琼结县', 0);
INSERT INTO `sys_district` VALUES (2462, 283, '曲松县', 0);
INSERT INTO `sys_district` VALUES (2463, 283, '措美县', 0);
INSERT INTO `sys_district` VALUES (2464, 283, '洛扎县', 0);
INSERT INTO `sys_district` VALUES (2465, 283, '加查县', 0);
INSERT INTO `sys_district` VALUES (2466, 283, '隆子县', 0);
INSERT INTO `sys_district` VALUES (2467, 283, '错那县', 0);
INSERT INTO `sys_district` VALUES (2468, 283, '浪卡子县', 0);
INSERT INTO `sys_district` VALUES (2469, 284, '日喀则市', 0);
INSERT INTO `sys_district` VALUES (2470, 284, '南木林县', 0);
INSERT INTO `sys_district` VALUES (2471, 284, '江孜县', 0);
INSERT INTO `sys_district` VALUES (2472, 284, '定日县', 0);
INSERT INTO `sys_district` VALUES (2473, 284, '萨迦县', 0);
INSERT INTO `sys_district` VALUES (2474, 284, '拉孜县', 0);
INSERT INTO `sys_district` VALUES (2475, 284, '昂仁县', 0);
INSERT INTO `sys_district` VALUES (2476, 284, '谢通门县', 0);
INSERT INTO `sys_district` VALUES (2477, 284, '白朗县', 0);
INSERT INTO `sys_district` VALUES (2478, 284, '仁布县', 0);
INSERT INTO `sys_district` VALUES (2479, 284, '康马县', 0);
INSERT INTO `sys_district` VALUES (2480, 284, '定结县', 0);
INSERT INTO `sys_district` VALUES (2481, 284, '仲巴县', 0);
INSERT INTO `sys_district` VALUES (2482, 284, '亚东县', 0);
INSERT INTO `sys_district` VALUES (2483, 284, '吉隆县', 0);
INSERT INTO `sys_district` VALUES (2484, 284, '聂拉木县', 0);
INSERT INTO `sys_district` VALUES (2485, 284, '萨嘎县', 0);
INSERT INTO `sys_district` VALUES (2486, 284, '岗巴县', 0);
INSERT INTO `sys_district` VALUES (2487, 285, '那曲县', 0);
INSERT INTO `sys_district` VALUES (2488, 285, '嘉黎县', 0);
INSERT INTO `sys_district` VALUES (2489, 285, '比如县', 0);
INSERT INTO `sys_district` VALUES (2490, 285, '聂荣县', 0);
INSERT INTO `sys_district` VALUES (2491, 285, '安多县', 0);
INSERT INTO `sys_district` VALUES (2492, 285, '申扎县', 0);
INSERT INTO `sys_district` VALUES (2493, 285, '索县', 0);
INSERT INTO `sys_district` VALUES (2494, 285, '班戈县', 0);
INSERT INTO `sys_district` VALUES (2495, 285, '巴青县', 0);
INSERT INTO `sys_district` VALUES (2496, 285, '尼玛县', 0);
INSERT INTO `sys_district` VALUES (2497, 286, '普兰县', 0);
INSERT INTO `sys_district` VALUES (2498, 286, '札达县', 0);
INSERT INTO `sys_district` VALUES (2499, 286, '噶尔县', 0);
INSERT INTO `sys_district` VALUES (2500, 286, '日土县', 0);
INSERT INTO `sys_district` VALUES (2501, 286, '革吉县', 0);
INSERT INTO `sys_district` VALUES (2502, 286, '改则县', 0);
INSERT INTO `sys_district` VALUES (2503, 286, '措勤县', 0);
INSERT INTO `sys_district` VALUES (2504, 287, '林芝县', 0);
INSERT INTO `sys_district` VALUES (2505, 287, '工布江达县', 0);
INSERT INTO `sys_district` VALUES (2506, 287, '米林县', 0);
INSERT INTO `sys_district` VALUES (2507, 287, '墨脱县', 0);
INSERT INTO `sys_district` VALUES (2508, 287, '波密县', 0);
INSERT INTO `sys_district` VALUES (2509, 287, '察隅县', 0);
INSERT INTO `sys_district` VALUES (2510, 287, '朗县', 0);
INSERT INTO `sys_district` VALUES (2511, 288, '新城区', 0);
INSERT INTO `sys_district` VALUES (2512, 288, '碑林区', 0);
INSERT INTO `sys_district` VALUES (2513, 288, '莲湖区', 0);
INSERT INTO `sys_district` VALUES (2514, 288, '灞桥区', 0);
INSERT INTO `sys_district` VALUES (2515, 288, '未央区', 0);
INSERT INTO `sys_district` VALUES (2516, 288, '雁塔区', 0);
INSERT INTO `sys_district` VALUES (2517, 288, '阎良区', 0);
INSERT INTO `sys_district` VALUES (2518, 288, '临潼区', 0);
INSERT INTO `sys_district` VALUES (2519, 288, '长安区', 0);
INSERT INTO `sys_district` VALUES (2520, 288, '蓝田县', 0);
INSERT INTO `sys_district` VALUES (2521, 288, '周至县', 0);
INSERT INTO `sys_district` VALUES (2522, 288, '户县', 0);
INSERT INTO `sys_district` VALUES (2523, 288, '高陵县', 0);
INSERT INTO `sys_district` VALUES (2524, 289, '王益区', 0);
INSERT INTO `sys_district` VALUES (2525, 289, '印台区', 0);
INSERT INTO `sys_district` VALUES (2526, 289, '耀州区', 0);
INSERT INTO `sys_district` VALUES (2527, 289, '宜君县', 0);
INSERT INTO `sys_district` VALUES (2528, 290, '渭滨区', 0);
INSERT INTO `sys_district` VALUES (2529, 290, '金台区', 0);
INSERT INTO `sys_district` VALUES (2530, 290, '陈仓区', 0);
INSERT INTO `sys_district` VALUES (2531, 290, '凤翔县', 0);
INSERT INTO `sys_district` VALUES (2532, 290, '岐山县', 0);
INSERT INTO `sys_district` VALUES (2533, 290, '扶风县', 0);
INSERT INTO `sys_district` VALUES (2534, 290, '眉县', 0);
INSERT INTO `sys_district` VALUES (2535, 290, '陇县', 0);
INSERT INTO `sys_district` VALUES (2536, 290, '千阳县', 0);
INSERT INTO `sys_district` VALUES (2537, 290, '麟游县', 0);
INSERT INTO `sys_district` VALUES (2538, 290, '凤县', 0);
INSERT INTO `sys_district` VALUES (2539, 290, '太白县', 0);
INSERT INTO `sys_district` VALUES (2540, 291, '秦都区', 0);
INSERT INTO `sys_district` VALUES (2541, 291, '杨凌区', 0);
INSERT INTO `sys_district` VALUES (2542, 291, '渭城区', 0);
INSERT INTO `sys_district` VALUES (2543, 291, '三原县', 0);
INSERT INTO `sys_district` VALUES (2544, 291, '泾阳县', 0);
INSERT INTO `sys_district` VALUES (2545, 291, '乾县', 0);
INSERT INTO `sys_district` VALUES (2546, 291, '礼泉县', 0);
INSERT INTO `sys_district` VALUES (2547, 291, '永寿县', 0);
INSERT INTO `sys_district` VALUES (2548, 291, '彬县', 0);
INSERT INTO `sys_district` VALUES (2549, 291, '长武县', 0);
INSERT INTO `sys_district` VALUES (2550, 291, '旬邑县', 0);
INSERT INTO `sys_district` VALUES (2551, 291, '淳化县', 0);
INSERT INTO `sys_district` VALUES (2552, 291, '武功县', 0);
INSERT INTO `sys_district` VALUES (2553, 291, '兴平市', 0);
INSERT INTO `sys_district` VALUES (2554, 292, '临渭区', 0);
INSERT INTO `sys_district` VALUES (2555, 292, '华县', 0);
INSERT INTO `sys_district` VALUES (2556, 292, '潼关县', 0);
INSERT INTO `sys_district` VALUES (2557, 292, '大荔县', 0);
INSERT INTO `sys_district` VALUES (2558, 292, '合阳县', 0);
INSERT INTO `sys_district` VALUES (2559, 292, '澄城县', 0);
INSERT INTO `sys_district` VALUES (2560, 292, '蒲城县', 0);
INSERT INTO `sys_district` VALUES (2561, 292, '白水县', 0);
INSERT INTO `sys_district` VALUES (2562, 292, '富平县', 0);
INSERT INTO `sys_district` VALUES (2563, 292, '韩城市', 0);
INSERT INTO `sys_district` VALUES (2564, 292, '华阴市', 0);
INSERT INTO `sys_district` VALUES (2565, 293, '宝塔区', 0);
INSERT INTO `sys_district` VALUES (2566, 293, '延长县', 0);
INSERT INTO `sys_district` VALUES (2567, 293, '延川县', 0);
INSERT INTO `sys_district` VALUES (2568, 293, '子长县', 0);
INSERT INTO `sys_district` VALUES (2569, 293, '安塞县', 0);
INSERT INTO `sys_district` VALUES (2570, 293, '志丹县', 0);
INSERT INTO `sys_district` VALUES (2571, 293, '吴旗县', 0);
INSERT INTO `sys_district` VALUES (2572, 293, '甘泉县', 0);
INSERT INTO `sys_district` VALUES (2573, 293, '富县', 0);
INSERT INTO `sys_district` VALUES (2574, 293, '洛川县', 0);
INSERT INTO `sys_district` VALUES (2575, 293, '宜川县', 0);
INSERT INTO `sys_district` VALUES (2576, 293, '黄龙县', 0);
INSERT INTO `sys_district` VALUES (2577, 293, '黄陵县', 0);
INSERT INTO `sys_district` VALUES (2578, 294, '汉台区', 0);
INSERT INTO `sys_district` VALUES (2579, 294, '南郑县', 0);
INSERT INTO `sys_district` VALUES (2580, 294, '城固县', 0);
INSERT INTO `sys_district` VALUES (2581, 294, '洋县', 0);
INSERT INTO `sys_district` VALUES (2582, 294, '西乡县', 0);
INSERT INTO `sys_district` VALUES (2583, 294, '勉县', 0);
INSERT INTO `sys_district` VALUES (2584, 294, '宁强县', 0);
INSERT INTO `sys_district` VALUES (2585, 294, '略阳县', 0);
INSERT INTO `sys_district` VALUES (2586, 294, '镇巴县', 0);
INSERT INTO `sys_district` VALUES (2587, 294, '留坝县', 0);
INSERT INTO `sys_district` VALUES (2588, 294, '佛坪县', 0);
INSERT INTO `sys_district` VALUES (2589, 295, '榆阳区', 0);
INSERT INTO `sys_district` VALUES (2590, 295, '神木县', 0);
INSERT INTO `sys_district` VALUES (2591, 295, '府谷县', 0);
INSERT INTO `sys_district` VALUES (2592, 295, '横山县', 0);
INSERT INTO `sys_district` VALUES (2593, 295, '靖边县', 0);
INSERT INTO `sys_district` VALUES (2594, 295, '定边县', 0);
INSERT INTO `sys_district` VALUES (2595, 295, '绥德县', 0);
INSERT INTO `sys_district` VALUES (2596, 295, '米脂县', 0);
INSERT INTO `sys_district` VALUES (2597, 295, '佳县', 0);
INSERT INTO `sys_district` VALUES (2598, 295, '吴堡县', 0);
INSERT INTO `sys_district` VALUES (2599, 295, '清涧县', 0);
INSERT INTO `sys_district` VALUES (2600, 295, '子洲县', 0);
INSERT INTO `sys_district` VALUES (2601, 296, '汉滨区', 0);
INSERT INTO `sys_district` VALUES (2602, 296, '汉阴县', 0);
INSERT INTO `sys_district` VALUES (2603, 296, '石泉县', 0);
INSERT INTO `sys_district` VALUES (2604, 296, '宁陕县', 0);
INSERT INTO `sys_district` VALUES (2605, 296, '紫阳县', 0);
INSERT INTO `sys_district` VALUES (2606, 296, '岚皋县', 0);
INSERT INTO `sys_district` VALUES (2607, 296, '平利县', 0);
INSERT INTO `sys_district` VALUES (2608, 296, '镇坪县', 0);
INSERT INTO `sys_district` VALUES (2609, 296, '旬阳县', 0);
INSERT INTO `sys_district` VALUES (2610, 296, '白河县', 0);
INSERT INTO `sys_district` VALUES (2611, 297, '商州区', 0);
INSERT INTO `sys_district` VALUES (2612, 297, '洛南县', 0);
INSERT INTO `sys_district` VALUES (2613, 297, '丹凤县', 0);
INSERT INTO `sys_district` VALUES (2614, 297, '商南县', 0);
INSERT INTO `sys_district` VALUES (2615, 297, '山阳县', 0);
INSERT INTO `sys_district` VALUES (2616, 297, '镇安县', 0);
INSERT INTO `sys_district` VALUES (2617, 297, '柞水县', 0);
INSERT INTO `sys_district` VALUES (2618, 298, '城关区', 0);
INSERT INTO `sys_district` VALUES (2619, 298, '七里河区', 0);
INSERT INTO `sys_district` VALUES (2620, 298, '西固区', 0);
INSERT INTO `sys_district` VALUES (2621, 298, '安宁区', 0);
INSERT INTO `sys_district` VALUES (2622, 298, '红古区', 0);
INSERT INTO `sys_district` VALUES (2623, 298, '永登县', 0);
INSERT INTO `sys_district` VALUES (2624, 298, '皋兰县', 0);
INSERT INTO `sys_district` VALUES (2625, 298, '榆中县', 0);
INSERT INTO `sys_district` VALUES (2626, 300, '金川区', 0);
INSERT INTO `sys_district` VALUES (2627, 300, '永昌县', 0);
INSERT INTO `sys_district` VALUES (2628, 301, '白银区', 0);
INSERT INTO `sys_district` VALUES (2629, 301, '平川区', 0);
INSERT INTO `sys_district` VALUES (2630, 301, '靖远县', 0);
INSERT INTO `sys_district` VALUES (2631, 301, '会宁县', 0);
INSERT INTO `sys_district` VALUES (2632, 301, '景泰县', 0);
INSERT INTO `sys_district` VALUES (2633, 302, '秦城区', 0);
INSERT INTO `sys_district` VALUES (2634, 302, '北道区', 0);
INSERT INTO `sys_district` VALUES (2635, 302, '清水县', 0);
INSERT INTO `sys_district` VALUES (2636, 302, '秦安县', 0);
INSERT INTO `sys_district` VALUES (2637, 302, '甘谷县', 0);
INSERT INTO `sys_district` VALUES (2638, 302, '武山县', 0);
INSERT INTO `sys_district` VALUES (2639, 302, '张家川回族自治县', 0);
INSERT INTO `sys_district` VALUES (2640, 303, '凉州区', 0);
INSERT INTO `sys_district` VALUES (2641, 303, '民勤县', 0);
INSERT INTO `sys_district` VALUES (2642, 303, '古浪县', 0);
INSERT INTO `sys_district` VALUES (2643, 303, '天祝藏族自治县', 0);
INSERT INTO `sys_district` VALUES (2644, 304, '甘州区', 0);
INSERT INTO `sys_district` VALUES (2645, 304, '肃南裕固族自治县', 0);
INSERT INTO `sys_district` VALUES (2646, 304, '民乐县', 0);
INSERT INTO `sys_district` VALUES (2647, 304, '临泽县', 0);
INSERT INTO `sys_district` VALUES (2648, 304, '高台县', 0);
INSERT INTO `sys_district` VALUES (2649, 304, '山丹县', 0);
INSERT INTO `sys_district` VALUES (2650, 305, '崆峒区', 0);
INSERT INTO `sys_district` VALUES (2651, 305, '泾川县', 0);
INSERT INTO `sys_district` VALUES (2652, 305, '灵台县', 0);
INSERT INTO `sys_district` VALUES (2653, 305, '崇信县', 0);
INSERT INTO `sys_district` VALUES (2654, 305, '华亭县', 0);
INSERT INTO `sys_district` VALUES (2655, 305, '庄浪县', 0);
INSERT INTO `sys_district` VALUES (2656, 305, '静宁县', 0);
INSERT INTO `sys_district` VALUES (2657, 306, '肃州区', 0);
INSERT INTO `sys_district` VALUES (2658, 306, '金塔县', 0);
INSERT INTO `sys_district` VALUES (2659, 306, '安西县', 0);
INSERT INTO `sys_district` VALUES (2660, 306, '肃北蒙古族自治县', 0);
INSERT INTO `sys_district` VALUES (2661, 306, '阿克塞哈萨克族自治县', 0);
INSERT INTO `sys_district` VALUES (2662, 306, '玉门市', 0);
INSERT INTO `sys_district` VALUES (2663, 306, '敦煌市', 0);
INSERT INTO `sys_district` VALUES (2664, 307, '西峰区', 0);
INSERT INTO `sys_district` VALUES (2665, 307, '庆城县', 0);
INSERT INTO `sys_district` VALUES (2666, 307, '环县', 0);
INSERT INTO `sys_district` VALUES (2667, 307, '华池县', 0);
INSERT INTO `sys_district` VALUES (2668, 307, '合水县', 0);
INSERT INTO `sys_district` VALUES (2669, 307, '正宁县', 0);
INSERT INTO `sys_district` VALUES (2670, 307, '宁县', 0);
INSERT INTO `sys_district` VALUES (2671, 307, '镇原县', 0);
INSERT INTO `sys_district` VALUES (2672, 308, '安定区', 0);
INSERT INTO `sys_district` VALUES (2673, 308, '通渭县', 0);
INSERT INTO `sys_district` VALUES (2674, 308, '陇西县', 0);
INSERT INTO `sys_district` VALUES (2675, 308, '渭源县', 0);
INSERT INTO `sys_district` VALUES (2676, 308, '临洮县', 0);
INSERT INTO `sys_district` VALUES (2677, 308, '漳县', 0);
INSERT INTO `sys_district` VALUES (2678, 308, '岷县', 0);
INSERT INTO `sys_district` VALUES (2679, 309, '武都区', 0);
INSERT INTO `sys_district` VALUES (2680, 309, '成县', 0);
INSERT INTO `sys_district` VALUES (2681, 309, '文县', 0);
INSERT INTO `sys_district` VALUES (2682, 309, '宕昌县', 0);
INSERT INTO `sys_district` VALUES (2683, 309, '康县', 0);
INSERT INTO `sys_district` VALUES (2684, 309, '西和县', 0);
INSERT INTO `sys_district` VALUES (2685, 309, '礼县', 0);
INSERT INTO `sys_district` VALUES (2686, 309, '徽县', 0);
INSERT INTO `sys_district` VALUES (2687, 309, '两当县', 0);
INSERT INTO `sys_district` VALUES (2688, 310, '临夏市', 0);
INSERT INTO `sys_district` VALUES (2689, 310, '临夏县', 0);
INSERT INTO `sys_district` VALUES (2690, 310, '康乐县', 0);
INSERT INTO `sys_district` VALUES (2691, 310, '永靖县', 0);
INSERT INTO `sys_district` VALUES (2692, 310, '广河县', 0);
INSERT INTO `sys_district` VALUES (2693, 310, '和政县', 0);
INSERT INTO `sys_district` VALUES (2694, 310, '东乡族自治县', 0);
INSERT INTO `sys_district` VALUES (2695, 310, '积石山保安族东乡族撒拉族自治县', 0);
INSERT INTO `sys_district` VALUES (2696, 311, '合作市', 0);
INSERT INTO `sys_district` VALUES (2697, 311, '临潭县', 0);
INSERT INTO `sys_district` VALUES (2698, 311, '卓尼县', 0);
INSERT INTO `sys_district` VALUES (2699, 311, '舟曲县', 0);
INSERT INTO `sys_district` VALUES (2700, 311, '迭部县', 0);
INSERT INTO `sys_district` VALUES (2701, 311, '玛曲县', 0);
INSERT INTO `sys_district` VALUES (2702, 311, '碌曲县', 0);
INSERT INTO `sys_district` VALUES (2703, 311, '夏河县', 0);
INSERT INTO `sys_district` VALUES (2704, 312, '城东区', 0);
INSERT INTO `sys_district` VALUES (2705, 312, '城中区', 0);
INSERT INTO `sys_district` VALUES (2706, 312, '城西区', 0);
INSERT INTO `sys_district` VALUES (2707, 312, '城北区', 0);
INSERT INTO `sys_district` VALUES (2708, 312, '大通回族土族自治县', 0);
INSERT INTO `sys_district` VALUES (2709, 312, '湟中县', 0);
INSERT INTO `sys_district` VALUES (2710, 312, '湟源县', 0);
INSERT INTO `sys_district` VALUES (2711, 313, '平安县', 0);
INSERT INTO `sys_district` VALUES (2712, 313, '民和回族土族自治县', 0);
INSERT INTO `sys_district` VALUES (2713, 313, '乐都县', 0);
INSERT INTO `sys_district` VALUES (2714, 313, '互助土族自治县', 0);
INSERT INTO `sys_district` VALUES (2715, 313, '化隆回族自治县', 0);
INSERT INTO `sys_district` VALUES (2716, 313, '循化撒拉族自治县', 0);
INSERT INTO `sys_district` VALUES (2717, 314, '门源回族自治县', 0);
INSERT INTO `sys_district` VALUES (2718, 314, '祁连县', 0);
INSERT INTO `sys_district` VALUES (2719, 314, '海晏县', 0);
INSERT INTO `sys_district` VALUES (2720, 314, '刚察县', 0);
INSERT INTO `sys_district` VALUES (2721, 315, '同仁县', 0);
INSERT INTO `sys_district` VALUES (2722, 315, '尖扎县', 0);
INSERT INTO `sys_district` VALUES (2723, 315, '泽库县', 0);
INSERT INTO `sys_district` VALUES (2724, 315, '河南蒙古族自治县', 0);
INSERT INTO `sys_district` VALUES (2725, 316, '共和县', 0);
INSERT INTO `sys_district` VALUES (2726, 316, '同德县', 0);
INSERT INTO `sys_district` VALUES (2727, 316, '贵德县', 0);
INSERT INTO `sys_district` VALUES (2728, 316, '兴海县', 0);
INSERT INTO `sys_district` VALUES (2729, 316, '贵南县', 0);
INSERT INTO `sys_district` VALUES (2730, 317, '玛沁县', 0);
INSERT INTO `sys_district` VALUES (2731, 317, '班玛县', 0);
INSERT INTO `sys_district` VALUES (2732, 317, '甘德县', 0);
INSERT INTO `sys_district` VALUES (2733, 317, '达日县', 0);
INSERT INTO `sys_district` VALUES (2734, 317, '久治县', 0);
INSERT INTO `sys_district` VALUES (2735, 317, '玛多县', 0);
INSERT INTO `sys_district` VALUES (2736, 318, '玉树县', 0);
INSERT INTO `sys_district` VALUES (2737, 318, '杂多县', 0);
INSERT INTO `sys_district` VALUES (2738, 318, '称多县', 0);
INSERT INTO `sys_district` VALUES (2739, 318, '治多县', 0);
INSERT INTO `sys_district` VALUES (2740, 318, '囊谦县', 0);
INSERT INTO `sys_district` VALUES (2741, 318, '曲麻莱县', 0);
INSERT INTO `sys_district` VALUES (2742, 319, '格尔木市', 0);
INSERT INTO `sys_district` VALUES (2743, 319, '德令哈市', 0);
INSERT INTO `sys_district` VALUES (2744, 319, '乌兰县', 0);
INSERT INTO `sys_district` VALUES (2745, 319, '都兰县', 0);
INSERT INTO `sys_district` VALUES (2746, 319, '天峻县', 0);
INSERT INTO `sys_district` VALUES (2747, 320, '兴庆区', 0);
INSERT INTO `sys_district` VALUES (2748, 320, '西夏区', 0);
INSERT INTO `sys_district` VALUES (2749, 320, '金凤区', 0);
INSERT INTO `sys_district` VALUES (2750, 320, '永宁县', 0);
INSERT INTO `sys_district` VALUES (2751, 320, '贺兰县', 0);
INSERT INTO `sys_district` VALUES (2752, 320, '灵武市', 0);
INSERT INTO `sys_district` VALUES (2753, 321, '大武口区', 0);
INSERT INTO `sys_district` VALUES (2754, 321, '惠农区', 0);
INSERT INTO `sys_district` VALUES (2755, 321, '平罗县', 0);
INSERT INTO `sys_district` VALUES (2756, 322, '利通区', 0);
INSERT INTO `sys_district` VALUES (2757, 322, '盐池县', 0);
INSERT INTO `sys_district` VALUES (2758, 322, '同心县', 0);
INSERT INTO `sys_district` VALUES (2759, 322, '青铜峡市', 0);
INSERT INTO `sys_district` VALUES (2760, 323, '原州区', 0);
INSERT INTO `sys_district` VALUES (2761, 323, '西吉县', 0);
INSERT INTO `sys_district` VALUES (2762, 323, '隆德县', 0);
INSERT INTO `sys_district` VALUES (2763, 323, '泾源县', 0);
INSERT INTO `sys_district` VALUES (2764, 323, '彭阳县', 0);
INSERT INTO `sys_district` VALUES (2765, 324, '沙坡头区', 0);
INSERT INTO `sys_district` VALUES (2766, 324, '中宁县', 0);
INSERT INTO `sys_district` VALUES (2767, 324, '海原县', 0);
INSERT INTO `sys_district` VALUES (2768, 325, '天山区', 0);
INSERT INTO `sys_district` VALUES (2769, 325, '沙依巴克区', 0);
INSERT INTO `sys_district` VALUES (2770, 325, '新市区', 0);
INSERT INTO `sys_district` VALUES (2771, 325, '水磨沟区', 0);
INSERT INTO `sys_district` VALUES (2772, 325, '头屯河区', 0);
INSERT INTO `sys_district` VALUES (2773, 325, '达坂城区', 0);
INSERT INTO `sys_district` VALUES (2774, 325, '东山区', 0);
INSERT INTO `sys_district` VALUES (2775, 325, '乌鲁木齐县', 0);
INSERT INTO `sys_district` VALUES (2776, 326, '独山子区', 0);
INSERT INTO `sys_district` VALUES (2777, 326, '克拉玛依区', 0);
INSERT INTO `sys_district` VALUES (2778, 326, '白碱滩区', 0);
INSERT INTO `sys_district` VALUES (2779, 326, '乌尔禾区', 0);
INSERT INTO `sys_district` VALUES (2780, 327, '吐鲁番市', 0);
INSERT INTO `sys_district` VALUES (2781, 327, '鄯善县', 0);
INSERT INTO `sys_district` VALUES (2782, 327, '托克逊县', 0);
INSERT INTO `sys_district` VALUES (2783, 328, '哈密市', 0);
INSERT INTO `sys_district` VALUES (2784, 328, '巴里坤哈萨克自治县', 0);
INSERT INTO `sys_district` VALUES (2785, 328, '伊吾县', 0);
INSERT INTO `sys_district` VALUES (2786, 329, '昌吉市', 0);
INSERT INTO `sys_district` VALUES (2787, 329, '阜康市', 0);
INSERT INTO `sys_district` VALUES (2788, 329, '米泉市', 0);
INSERT INTO `sys_district` VALUES (2789, 329, '呼图壁县', 0);
INSERT INTO `sys_district` VALUES (2790, 329, '玛纳斯县', 0);
INSERT INTO `sys_district` VALUES (2791, 329, '奇台县', 0);
INSERT INTO `sys_district` VALUES (2792, 329, '吉木萨尔县', 0);
INSERT INTO `sys_district` VALUES (2793, 329, '木垒哈萨克自治县', 0);
INSERT INTO `sys_district` VALUES (2794, 330, '博乐市', 0);
INSERT INTO `sys_district` VALUES (2795, 330, '精河县', 0);
INSERT INTO `sys_district` VALUES (2796, 330, '温泉县', 0);
INSERT INTO `sys_district` VALUES (2797, 331, '库尔勒市', 0);
INSERT INTO `sys_district` VALUES (2798, 331, '轮台县', 0);
INSERT INTO `sys_district` VALUES (2799, 331, '尉犁县', 0);
INSERT INTO `sys_district` VALUES (2800, 331, '若羌县', 0);
INSERT INTO `sys_district` VALUES (2801, 331, '且末县', 0);
INSERT INTO `sys_district` VALUES (2802, 331, '焉耆回族自治县', 0);
INSERT INTO `sys_district` VALUES (2803, 331, '和静县', 0);
INSERT INTO `sys_district` VALUES (2804, 331, '和硕县', 0);
INSERT INTO `sys_district` VALUES (2805, 331, '博湖县', 0);
INSERT INTO `sys_district` VALUES (2806, 332, '阿克苏市', 0);
INSERT INTO `sys_district` VALUES (2807, 332, '温宿县', 0);
INSERT INTO `sys_district` VALUES (2808, 332, '库车县', 0);
INSERT INTO `sys_district` VALUES (2809, 332, '沙雅县', 0);
INSERT INTO `sys_district` VALUES (2810, 332, '新和县', 0);
INSERT INTO `sys_district` VALUES (2811, 332, '拜城县', 0);
INSERT INTO `sys_district` VALUES (2812, 332, '乌什县', 0);
INSERT INTO `sys_district` VALUES (2813, 332, '阿瓦提县', 0);
INSERT INTO `sys_district` VALUES (2814, 332, '柯坪县', 0);
INSERT INTO `sys_district` VALUES (2815, 333, '阿图什市', 0);
INSERT INTO `sys_district` VALUES (2816, 333, '阿克陶县', 0);
INSERT INTO `sys_district` VALUES (2817, 333, '阿合奇县', 0);
INSERT INTO `sys_district` VALUES (2818, 333, '乌恰县', 0);
INSERT INTO `sys_district` VALUES (2819, 334, '喀什市', 0);
INSERT INTO `sys_district` VALUES (2820, 334, '疏附县', 0);
INSERT INTO `sys_district` VALUES (2821, 334, '疏勒县', 0);
INSERT INTO `sys_district` VALUES (2822, 334, '英吉沙县', 0);
INSERT INTO `sys_district` VALUES (2823, 334, '泽普县', 0);
INSERT INTO `sys_district` VALUES (2824, 334, '莎车县', 0);
INSERT INTO `sys_district` VALUES (2825, 334, '叶城县', 0);
INSERT INTO `sys_district` VALUES (2826, 334, '麦盖提县', 0);
INSERT INTO `sys_district` VALUES (2827, 334, '岳普湖县', 0);
INSERT INTO `sys_district` VALUES (2828, 334, '伽师县', 0);
INSERT INTO `sys_district` VALUES (2829, 334, '巴楚县', 0);
INSERT INTO `sys_district` VALUES (2830, 334, '塔什库尔干塔吉克自治县', 0);
INSERT INTO `sys_district` VALUES (2831, 335, '和田市', 0);
INSERT INTO `sys_district` VALUES (2832, 335, '和田县', 0);
INSERT INTO `sys_district` VALUES (2833, 335, '墨玉县', 0);
INSERT INTO `sys_district` VALUES (2834, 335, '皮山县', 0);
INSERT INTO `sys_district` VALUES (2835, 335, '洛浦县', 0);
INSERT INTO `sys_district` VALUES (2836, 335, '策勒县', 0);
INSERT INTO `sys_district` VALUES (2837, 335, '于田县', 0);
INSERT INTO `sys_district` VALUES (2838, 335, '民丰县', 0);
INSERT INTO `sys_district` VALUES (2839, 336, '伊宁市', 0);
INSERT INTO `sys_district` VALUES (2840, 336, '奎屯市', 0);
INSERT INTO `sys_district` VALUES (2841, 336, '伊宁县', 0);
INSERT INTO `sys_district` VALUES (2842, 336, '察布查尔锡伯自治县', 0);
INSERT INTO `sys_district` VALUES (2843, 336, '霍城县', 0);
INSERT INTO `sys_district` VALUES (2844, 336, '巩留县', 0);
INSERT INTO `sys_district` VALUES (2845, 336, '新源县', 0);
INSERT INTO `sys_district` VALUES (2846, 336, '昭苏县', 0);
INSERT INTO `sys_district` VALUES (2847, 336, '特克斯县', 0);
INSERT INTO `sys_district` VALUES (2848, 336, '尼勒克县', 0);
INSERT INTO `sys_district` VALUES (2849, 337, '塔城市', 0);
INSERT INTO `sys_district` VALUES (2850, 337, '乌苏市', 0);
INSERT INTO `sys_district` VALUES (2851, 337, '额敏县', 0);
INSERT INTO `sys_district` VALUES (2852, 337, '沙湾县', 0);
INSERT INTO `sys_district` VALUES (2853, 337, '托里县', 0);
INSERT INTO `sys_district` VALUES (2854, 337, '裕民县', 0);
INSERT INTO `sys_district` VALUES (2855, 337, '和布克赛尔蒙古自治县', 0);
INSERT INTO `sys_district` VALUES (2856, 338, '阿勒泰市', 0);
INSERT INTO `sys_district` VALUES (2857, 338, '布尔津县', 0);
INSERT INTO `sys_district` VALUES (2858, 338, '富蕴县', 0);
INSERT INTO `sys_district` VALUES (2859, 338, '福海县', 0);
INSERT INTO `sys_district` VALUES (2860, 338, '哈巴河县', 0);
INSERT INTO `sys_district` VALUES (2861, 338, '青河县', 0);
INSERT INTO `sys_district` VALUES (2862, 338, '吉木乃县', 0);
INSERT INTO `sys_district` VALUES (2867, 352, '宛平县', 1);
INSERT INTO `sys_district` VALUES (2868, 352, '111111', 5);
INSERT INTO `sys_district` VALUES (2869, 345, '台北', 2);

-- ----------------------------
-- Table structure for sys_hooks
-- ----------------------------
DROP TABLE IF EXISTS `sys_hooks`;
CREATE TABLE `sys_hooks`  (
  `id` int(10) UNSIGNED NOT NULL AUTO_INCREMENT COMMENT '主键',
  `name` varchar(40) CHARACTER SET utf8 COLLATE utf8_general_ci NOT NULL DEFAULT '' COMMENT '钩子名称',
  `description` text CHARACTER SET utf8 COLLATE utf8_general_ci NOT NULL COMMENT '描述',
  `type` tinyint(1) UNSIGNED NOT NULL DEFAULT 1 COMMENT '类型  1 视图 2 控制器',
  `addons` varchar(255) CHARACTER SET utf8 COLLATE utf8_general_ci NOT NULL DEFAULT '' COMMENT '钩子挂载的插件 \'，\'分割',
  `status` tinyint(2) NULL DEFAULT 1,
  `update_time` int(11) NULL DEFAULT 0 COMMENT '更新时间',
  PRIMARY KEY (`id`) USING BTREE,
  UNIQUE INDEX `name`(`name`) USING BTREE
) ENGINE = MyISAM AUTO_INCREMENT = 111 AVG_ROW_LENGTH = 40 CHARACTER SET = utf8 COLLATE = utf8_general_ci ROW_FORMAT = Dynamic;

-- ----------------------------
-- Records of sys_hooks
-- ----------------------------
INSERT INTO `sys_hooks` VALUES (23, 'login', '第三方登录', 1, 'Oauthlogin', 1, 1499327900);
INSERT INTO `sys_hooks` VALUES (24, 'sms', '短信', 1, 'sms', 1, 1499487808);
INSERT INTO `sys_hooks` VALUES (26, 'wxtemplatemsg', '微信模板消息设置', 1, 'wxtemplatemsg', 1, 1500013768);
INSERT INTO `sys_hooks` VALUES (34, 'userLoginSuccess', '用户登陆成功', 2, '', 1, 1500619318);
INSERT INTO `sys_hooks` VALUES (35, 'userAddSuccess', '基础用户添加成功后', 2, '', 1, 1500619587);
INSERT INTO `sys_hooks` VALUES (36, 'memberRegisterSuccess', '会员注册成功', 2, 'pointfxrecommendmember', 1, 1500619688);
INSERT INTO `sys_hooks` VALUES (37, 'memberLevelSaveSuccess', '会员等级保存成功', 2, '', 1, 1500620008);
INSERT INTO `sys_hooks` VALUES (38, 'memberWithdrawApplyCreateSuccess', '会员提现申请创建成功', 2, 'wxtemplatemsg', 1, 1500620146);
INSERT INTO `sys_hooks` VALUES (39, 'memberWithdrawAuditAgree', '会员提现审核通过', 2, 'wxtemplatemsg', 1, 1500620297);
INSERT INTO `sys_hooks` VALUES (40, 'goodsSaveSuccess', '商品保存成功', 2, '', 1, 1500620784);
INSERT INTO `sys_hooks` VALUES (41, 'goodsSaveBefore', '商品保存之前', 2, '', 1, 1500620803);
INSERT INTO `sys_hooks` VALUES (42, 'goodsDeleteBefore', '商品删除之前', 2, '', 1, 1500621085);
INSERT INTO `sys_hooks` VALUES (43, 'goodsDeleteSuccess', '商品删除成功', 2, '', 1, 1500621109);
INSERT INTO `sys_hooks` VALUES (44, 'goodsOnlineSuccess', '商品上架成功', 2, '', 1, 1500621131);
INSERT INTO `sys_hooks` VALUES (45, 'goodsOfflineSuccess', '商品下架成功', 2, '', 1, 1500621142);
INSERT INTO `sys_hooks` VALUES (55, 'goodsCategorySaveSuccess', '商品分类保存成功', 2, '', 1, 1500621379);
INSERT INTO `sys_hooks` VALUES (56, 'goodsCategoryDeleteSuccess', '商品分类删除成功', 2, '', 1, 1500621397);
INSERT INTO `sys_hooks` VALUES (57, 'goodsBrandSaveSuccess', '商品品牌保存成功', 2, '', 1, 1500621414);
INSERT INTO `sys_hooks` VALUES (58, 'goodsBrandDeleteSuccess', '商品品牌删除成功', 2, '', 1, 1500621428);
INSERT INTO `sys_hooks` VALUES (59, 'goodsGroupSaveSuccess', '商品分组保存成功', 2, '', 1, 1500621441);
INSERT INTO `sys_hooks` VALUES (60, 'goodsGroupDeleteSuccess', '商品分组删除成功', 2, '', 1, 1500621455);
INSERT INTO `sys_hooks` VALUES (61, 'goodsSpecSaveSuccess', '商品规格保存成功', 2, '', 1, 1500621470);
INSERT INTO `sys_hooks` VALUES (62, 'goodsSpecDeleteSuccess', '商品规格删除成功', 2, '', 1, 1500621483);
INSERT INTO `sys_hooks` VALUES (63, 'goodsAttributeSaveSuccess', '商品类型保存成功', 2, '', 1, 1500621495);
INSERT INTO `sys_hooks` VALUES (64, 'goodsAttributeDeleteSuccess', '商品类型删除成功', 2, '', 1, 1500621506);
INSERT INTO `sys_hooks` VALUES (73, 'articleSaveSuccess', '文章发布成功', 2, '', 1, 1500624673);
INSERT INTO `sys_hooks` VALUES (74, 'consultSaveSuccess', '咨询成功', 2, '', 1, 1500624872);
INSERT INTO `sys_hooks` VALUES (75, 'replyConsultSaveSuccess', '回复咨询成功', 2, '', 1, 1500624886);
INSERT INTO `sys_hooks` VALUES (76, 'goodsEvaluateSuccess', '商品评价成功', 2, '', 1, 1500625656);
INSERT INTO `sys_hooks` VALUES (77, 'goodsEvaluateExplainSuccess', '商品评价回复成功', 2, '', 1, 1500625671);
INSERT INTO `sys_hooks` VALUES (78, 'goodsEvaluateAgainSuccess', '商品追加评价成功', 2, '', 1, 1500625683);
INSERT INTO `sys_hooks` VALUES (79, 'goodsEvaluateAgainExplainSuccess', '商品追加评价回复成功', 2, '', 1, 1500625693);
INSERT INTO `sys_hooks` VALUES (80, 'albumSaveSuccess', '相册保存成功', 2, '', 1, 1500626035);
INSERT INTO `sys_hooks` VALUES (81, 'albumDeleteSuccess', '相册删除成功', 2, '', 1, 1500626044);
INSERT INTO `sys_hooks` VALUES (82, 'orderCreateSuccess', '订单创建成功', 2, 'wxtemplatemsg', 1, 1500973777);
INSERT INTO `sys_hooks` VALUES (83, 'orderDeliverySuccess', '订单发货成功', 2, 'wxtemplatemsg', 1, 1500973864);
INSERT INTO `sys_hooks` VALUES (84, 'orderCloseSuccess', '订单关闭成功', 2, '', 1, 1500973881);
INSERT INTO `sys_hooks` VALUES (85, 'orderComplateSuccess', '订单完成成功', 2, '', 1, 1500973898);
INSERT INTO `sys_hooks` VALUES (86, 'orderOnLinePaySuccess', '订单线上支付成功', 2, 'pointpurchasegoods,wxtemplatemsg', 1, 1500973911);
INSERT INTO `sys_hooks` VALUES (87, 'orderOffLinePaySuccess', '订单线下支付成功', 2, 'pointpurchasegoods,wxtemplatemsg', 1, 1500973928);
INSERT INTO `sys_hooks` VALUES (88, 'orderMoneyAdjustSuccess', '订单金额调整成功', 2, '', 1, 1500973946);
INSERT INTO `sys_hooks` VALUES (89, 'orderGoodsRefundAskforSuccess', '订单退款申请创建成功', 2, 'wxtemplatemsg', 1, 1500973961);
INSERT INTO `sys_hooks` VALUES (90, 'orderGoodsCancelSuccess', '买家取消退款成功', 2, '', 1, 1500974001);
INSERT INTO `sys_hooks` VALUES (91, 'orderGoodsReturnGoodsSuccess', '买家退货成功', 2, '', 1, 1500974018);
INSERT INTO `sys_hooks` VALUES (92, 'orderGoodsRefundAgreeSuccess', '卖家同意买家退款申请', 2, '', 1, 1500974032);
INSERT INTO `sys_hooks` VALUES (93, 'orderGoodsRefuseForeverSuccess', '卖家永久拒绝退款', 2, '', 1, 1500974045);
INSERT INTO `sys_hooks` VALUES (94, 'orderGoodsRefuseOnceSuccess', '卖家拒绝本次退款', 2, '', 1, 1500974060);
INSERT INTO `sys_hooks` VALUES (95, 'orderGoodsConfirmRecieveSuccess', '买家确认收货', 2, '', 1, 1500974077);
INSERT INTO `sys_hooks` VALUES (96, 'orderGoodsConfirmRefundSuccess', '卖家确认退款', 2, 'wxtemplatemsg', 1, 1500974089);
INSERT INTO `sys_hooks` VALUES (97, 'orderTakeDeliverySuccess', '订单收货成功', 2, '', 1, 1500974104);
INSERT INTO `sys_hooks` VALUES (110, 'customtemplate', '手机端自定义模板', 1, 'customtemplate', 1, 1503658689);
INSERT INTO `sys_hooks` VALUES (100, 'exportorder', '订单导出', 1, 'exportorder', 1, 1503658689);

-- ----------------------------
-- Table structure for sys_instance
-- ----------------------------
DROP TABLE IF EXISTS `sys_instance`;
CREATE TABLE `sys_instance`  (
  `instance_id` int(10) UNSIGNED NOT NULL AUTO_INCREMENT COMMENT '主键',
  `instance_name` varchar(50) CHARACTER SET utf8 COLLATE utf8_general_ci NOT NULL DEFAULT '' COMMENT '实例名',
  `instance_typeid` int(11) NOT NULL DEFAULT 2 COMMENT '实例类型ID',
  `qrcode` varchar(255) CHARACTER SET utf8 COLLATE utf8_general_ci NOT NULL DEFAULT '' COMMENT '实例二维码',
  `remark` text CHARACTER SET utf8 COLLATE utf8_general_ci NULL COMMENT '实例简介',
  `create_time` int(11) NULL DEFAULT 0 COMMENT '创建时间',
  PRIMARY KEY (`instance_id`) USING BTREE
) ENGINE = InnoDB AUTO_INCREMENT = 20 AVG_ROW_LENGTH = 1365 CHARACTER SET = utf8 COLLATE = utf8_general_ci COMMENT = '系统实例表' ROW_FORMAT = Compact;

-- ----------------------------
-- Records of sys_instance
-- ----------------------------
INSERT INTO `sys_instance` VALUES (19, 'Niushop开源商城', 1, '', '\'\'', 1477541018);

-- ----------------------------
-- Table structure for sys_instance_type
-- ----------------------------
DROP TABLE IF EXISTS `sys_instance_type`;
CREATE TABLE `sys_instance_type`  (
  `instance_typeid` int(10) UNSIGNED NOT NULL AUTO_INCREMENT COMMENT '实例类型ID',
  `type_name` varchar(50) CHARACTER SET utf8 COLLATE utf8_general_ci NOT NULL DEFAULT '' COMMENT '实例类型名称',
  `type_module_array` text CHARACTER SET utf8 COLLATE utf8_general_ci NOT NULL COMMENT '实例类型权限',
  `type_desc` text CHARACTER SET utf8 COLLATE utf8_general_ci NOT NULL COMMENT '实例类型说明',
  `type_sort` int(11) NOT NULL DEFAULT 1 COMMENT '排序号',
  `create_time` int(11) NULL DEFAULT 0 COMMENT '创建时间',
  `modify_time` int(11) NULL DEFAULT 0 COMMENT '修改时间',
  PRIMARY KEY (`instance_typeid`) USING BTREE
) ENGINE = InnoDB AUTO_INCREMENT = 1 AVG_ROW_LENGTH = 8192 CHARACTER SET = utf8 COLLATE = utf8_general_ci COMMENT = '实例类型' ROW_FORMAT = Compact;

-- ----------------------------
-- Table structure for sys_module
-- ----------------------------
DROP TABLE IF EXISTS `sys_module`;
CREATE TABLE `sys_module`  (
  `module_id` int(10) UNSIGNED NOT NULL AUTO_INCREMENT COMMENT '模块ID',
  `module_name` varchar(50) CHARACTER SET utf8 COLLATE utf8_general_ci NOT NULL DEFAULT '' COMMENT '模块标题',
  `module` varchar(255) CHARACTER SET utf8 COLLATE utf8_general_ci NOT NULL DEFAULT 'admin' COMMENT '项目名',
  `controller` varchar(255) CHARACTER SET utf8 COLLATE utf8_general_ci NOT NULL DEFAULT '' COMMENT '控制器名',
  `method` varchar(255) CHARACTER SET utf8 COLLATE utf8_general_ci NOT NULL DEFAULT '' COMMENT '方法名',
  `pid` int(10) NOT NULL DEFAULT 0 COMMENT '上级模块ID',
  `level` int(11) NOT NULL DEFAULT 1 COMMENT '深度等级',
  `url` varchar(255) CHARACTER SET utf8 COLLATE utf8_general_ci NOT NULL DEFAULT '' COMMENT '链接地址',
  `is_menu` tinyint(1) NOT NULL DEFAULT 0 COMMENT '是否是菜单',
  `is_dev` tinyint(1) NOT NULL DEFAULT 0 COMMENT '是否仅开发者模式可见',
  `sort` int(10) NOT NULL DEFAULT 0 COMMENT '排序（同级有效）',
  `desc` text CHARACTER SET utf8 COLLATE utf8_general_ci NULL COMMENT '模块描述',
  `module_picture` varchar(255) CHARACTER SET utf8 COLLATE utf8_general_ci NOT NULL DEFAULT '' COMMENT '模块图片',
  `icon_class` varchar(255) CHARACTER SET utf8 COLLATE utf8_general_ci NOT NULL DEFAULT '' COMMENT '矢量图class',
  `is_control_auth` tinyint(1) NOT NULL DEFAULT 1 COMMENT '是否控制权限',
  `create_time` int(11) NULL DEFAULT 0 COMMENT '创建时间',
  `modify_time` int(11) NULL DEFAULT 0,
  PRIMARY KEY (`module_id`) USING BTREE
) ENGINE = InnoDB AUTO_INCREMENT = 10263 AVG_ROW_LENGTH = 606 CHARACTER SET = utf8 COLLATE = utf8_general_ci COMMENT = '系统模块表' ROW_FORMAT = Compact;

-- ----------------------------
-- Records of sys_module
-- ----------------------------
INSERT INTO `sys_module` VALUES (120, '系统', 'admin', 'system', 'modulelist', 0, 1, 'system/modulelist', 1, 0, 999, '\'\'', '', '', 1, 1477454152, 1477794717);
INSERT INTO `sys_module` VALUES (121, '模块列表', 'admin', 'system', 'modulelist', 120, 2, 'system/modulelist', 1, 0, 2, '\'\'', '', '', 1, 0, NULL);
INSERT INTO `sys_module` VALUES (122, '添加模块', 'admin', 'system', 'addmodule', 121, 3, 'system/addmodule', 0, 0, 1, '添加模块', '', '', 1, 0, 1479976597);
INSERT INTO `sys_module` VALUES (123, '修改模块', 'admin', 'system', 'editmodule', 121, 3, 'system/editmodule', 0, 0, 2, '修改模块', '', '', 1, 0, 1479976646);
INSERT INTO `sys_module` VALUES (126, '用户', 'admin', 'auth', 'userlist', 0, 1, 'auth/userlist', 1, 0, 10, '', '', '', 1, 0, 1484650663);
INSERT INTO `sys_module` VALUES (127, '用户列表', 'admin', 'auth', 'userlist', 126, 2, 'auth/userlist', 1, 0, 0, NULL, '', '', 1, 0, NULL);
INSERT INTO `sys_module` VALUES (128, '用户组列表', 'admin', 'auth', 'authgrouplist', 126, 2, 'auth/authgrouplist', 1, 0, 0, '用户组', '', '', 1, 0, 1479976919);
INSERT INTO `sys_module` VALUES (129, '删除模块', 'admin', 'system', 'delmodule', 121, 3, 'system/delmodule', 0, 0, 0, '模块列表', '', '', 1, 1477618350, 1479976723);
INSERT INTO `sys_module` VALUES (133, '添加用户组', 'admin', 'auth', 'addusergroup', 128, 3, 'auth/addusergroup', 0, 0, 2, '用户组', '', '', 1, 1477628544, 1479977008);
INSERT INTO `sys_module` VALUES (137, '会员', 'admin', 'member', 'memberlist', 0, 1, 'member/memberlist', 1, 0, 4, '', '', '', 1, 1477994717, 1493206725);
INSERT INTO `sys_module` VALUES (139, '相册管理', 'admin', 'system', 'albumlist', 149, 2, 'system/albumlist', 1, 0, 10, '相册管理', '', '', 1, 1478158094, 1496819610);
INSERT INTO `sys_module` VALUES (144, '编辑用户', 'admin', 'auth', 'edituser', 127, 3, 'auth/edituser', 0, 0, 5, '用户', '', '', 1, 1478837447, 1479976963);
INSERT INTO `sys_module` VALUES (145, '会员列表', 'admin', 'member', 'memberlist', 137, 2, 'member/memberlist', 1, 0, 1, '', '', '', 1, 1478846113, 1478846203);
INSERT INTO `sys_module` VALUES (149, '商品', 'admin', 'goods', 'goodslist', 0, 1, 'goods/goodslist', 1, 0, 1, '商品模块', '', '', 1, 1479268148, 1493973167);
INSERT INTO `sys_module` VALUES (150, '商品列表', 'admin', 'goods', 'goodslist', 149, 2, 'goods/goodslist', 1, 0, 1, '商品列表', '', '', 0, 1479268236, 1491898725);
INSERT INTO `sys_module` VALUES (151, '商品发布', 'admin', 'goods', 'addgoods', 149, 2, 'goods/addgoods', 1, 0, 2, '商品发布', '', '', 1, 1479268307, NULL);
INSERT INTO `sys_module` VALUES (169, '图片管理', 'admin', 'system', 'albumpicturelist', 139, 3, 'system/albumpicturelist', 0, 0, 5, 'sfgsdf', '', '', 1, 1479464708, 1479976790);
INSERT INTO `sys_module` VALUES (170, '添加运费模板', 'admin', 'express', 'transportationadd', 164, 3, 'express/transportationadd', 0, 0, 1, '添加运费模板', '', '', 1, 1479700610, 1484894376);
INSERT INTO `sys_module` VALUES (171, '商品标签', 'admin', 'goods', 'goodsgrouplist', 149, 2, 'goods/goodsgrouplist', 1, 0, 3, '商品分组', '', '', 1, 1479873298, 1479960182);
INSERT INTO `sys_module` VALUES (172, '添加商品标签', 'admin', 'goods', 'addgoodsgroup', 171, 3, 'goods/addgoodsgroup', 0, 0, 6, '添加商品分组', '', '', 1, 1479873424, 1479960243);
INSERT INTO `sys_module` VALUES (176, '运费模板修改', 'admin', 'express', 'transportationedit', 164, 3, 'express/transportationedit', 0, 0, 6, 'sd', '', '', 1, 1480040625, NULL);
INSERT INTO `sys_module` VALUES (179, '营销', 'admin', 'promotion', 'coupontypelist', 0, 1, 'promotion/coupontypelist', 1, 0, 3, '优惠券类型列表', '', '', 1, 1480491652, 1480491725);
INSERT INTO `sys_module` VALUES (180, '优惠券', 'admin', 'promotion', 'coupontypelist', 179, 2, 'promotion/coupontypelist', 1, 0, 1, '优惠券类型列表', '', '', 1, 1480491846, NULL);
INSERT INTO `sys_module` VALUES (184, '订单', 'admin', 'order', 'orderlist', 0, 1, 'order/orderlist', 1, 0, 2, '订单列表', '', '', 1, 1480563137, NULL);
INSERT INTO `sys_module` VALUES (185, '订单列表', 'admin', 'order', 'orderlist', 184, 2, 'order/orderlist', 1, 0, 1, '订单列表', '', '', 1, 1480563210, NULL);
INSERT INTO `sys_module` VALUES (186, '添加优惠券', 'admin', 'promotion', 'addcoupontype', 180, 3, 'promotion/addcoupontype', 1, 0, 2, '添加优惠券类型', '', '', 1, 1480573171, NULL);
INSERT INTO `sys_module` VALUES (187, '修改优惠券', 'admin', 'promotion', 'updatecoupontype', 180, 3, 'promotion/updatecoupontype', 1, 0, 3, '修改优惠券类型', '', '', 1, 1480904943, NULL);
INSERT INTO `sys_module` VALUES (189, '物流公司', 'admin', 'express', 'expresscompany', 529, 3, 'express/expresscompany', 0, 0, 60, '物流公司', '', '', 1, 1481254866, 1484894344);
INSERT INTO `sys_module` VALUES (190, '订单详情', 'admin', 'order', 'orderdetail', 185, 3, 'order/orderdetail', 0, 0, 1, '订单详情', '', '', 1, 1481258173, NULL);
INSERT INTO `sys_module` VALUES (191, '添加物流公司', 'admin', 'express', 'addexpresscompany', 529, 3, 'express/addexpresscompany', 1, 0, 1, '添加物流公司', '', '', 1, 1481267828, NULL);
INSERT INTO `sys_module` VALUES (192, '物流公司修改', 'admin', 'express', 'updateexpresscompany', 529, 3, 'express/updateexpresscompany', 1, 0, 2, '物流公司修改排序', '', '', 1, 1481271808, NULL);
INSERT INTO `sys_module` VALUES (194, '退款详情', 'admin', 'order', 'orderrefunddetail', 185, 3, 'order/orderrefunddetail', 0, 0, 2, '退款详情', '', '', 1, 1481872074, NULL);
INSERT INTO `sys_module` VALUES (195, '赠品', 'admin', 'promotion', 'giftlist', 179, 2, 'promotion/giftlist', 0, 0, 3, '', '', '', 1, 1482113074, 1494215988);
INSERT INTO `sys_module` VALUES (196, '添加赠品', 'admin', 'promotion', 'addgift', 195, 3, 'promotion/addgift', 1, 0, 0, '添加赠品', '', '', 1, 1482113664, 1482117539);
INSERT INTO `sys_module` VALUES (197, '修改赠品', 'admin', 'promotion', 'updategift', 195, 3, 'promotion/updategift', 1, 0, 0, '修改赠品', '', '', 1, 1482113715, 1482117558);
INSERT INTO `sys_module` VALUES (198, '满减送', 'admin', 'promotion', 'mansonglist', 179, 2, 'promotion/mansonglist', 1, 0, 4, '满减送', '', '', 1, 1482138580, 1482138597);
INSERT INTO `sys_module` VALUES (199, '添加满减满送', 'admin', 'promotion', 'addmansong', 198, 3, 'promotion/addmansong', 1, 0, 0, '满减送', '', '', 1, 1482140311, NULL);
INSERT INTO `sys_module` VALUES (200, '编辑满减送', 'admin', 'promotion', 'updatemansong', 198, 3, 'promotion/updatemansong', 1, 0, 1, '编辑满减送', '', '', 1, 1482907059, NULL);
INSERT INTO `sys_module` VALUES (201, '限时折扣', 'admin', 'promotion', 'getdiscountlist', 179, 2, 'promotion/getdiscountlist', 1, 0, 5, '限时折扣', '', '', 1, 1483949283, NULL);
INSERT INTO `sys_module` VALUES (202, '添加限时折扣', 'admin', 'promotion', 'adddiscount', 201, 3, 'promotion/adddiscount', 1, 0, 0, '添加限时折扣', '', '', 1, 1483951104, NULL);
INSERT INTO `sys_module` VALUES (203, '修改限时折扣', 'admin', 'promotion', 'updatediscount', 201, 3, 'promotion/updatediscount', 1, 0, 1, '修改限时折扣', '', '', 1, 1483951151, 1483958451);
INSERT INTO `sys_module` VALUES (210, '修改商品标签', 'admin', 'goods', 'updategoodsgroup', 171, 3, 'goods/updategoodsgroup', 0, 0, 2, '修改商品分组', '', '', 1, 1484120298, 1484125917);
INSERT INTO `sys_module` VALUES (218, '设置', 'admin', 'config', 'webconfig', 0, 1, 'config/webconfig', 1, 0, 11, '店铺设置', '', '', 1, 1484617355, 1493348177);
INSERT INTO `sys_module` VALUES (221, '支付配置', 'admin', 'config', 'paymentconfig', 218, 2, 'config/paymentconfig', 1, 0, 7, '支付配置', '\'\'', '', 1, 1484623427, 1496820428);
INSERT INTO `sys_module` VALUES (334, '咨询管理', 'admin', 'saleservice', 'consultlist', 149, 2, 'saleservice/consultlist', 1, 0, 8, '咨询管理，未回复咨询，已回复咨询', '', '', 1, 1488875702, 1496392553);
INSERT INTO `sys_module` VALUES (335, '微信', 'admin', 'wchat', 'config', 0, 1, 'wchat/config', 1, 0, 8, '微信', '', '', 1, 1488945338, 1493015492);
INSERT INTO `sys_module` VALUES (336, '公众号管理', 'admin', 'wchat', 'config', 335, 2, 'wchat/config', 1, 0, 1, '公众号管理', '', '', 1, 1488945416, NULL);
INSERT INTO `sys_module` VALUES (339, '微信菜单管理', 'admin', 'wchat', 'menu', 335, 2, 'wchat/menu', 1, 0, 2, '微信菜单管理', '', '', 1, 1489046481, NULL);
INSERT INTO `sys_module` VALUES (340, '推广二维码管理', 'admin', 'wchat', 'weixinqrcodetemplate', 335, 2, 'wchat/weixinqrcodetemplate', 1, 0, 3, '推广二维码管理', '', '', 1, 1489046596, 1490153341);
INSERT INTO `sys_module` VALUES (341, '回复设置', 'admin', 'wchat', 'replayconfig', 335, 2, 'wchat/replayconfig', 1, 0, 4, '', '', '', 1, 1489046662, NULL);
INSERT INTO `sys_module` VALUES (342, '消息素材管理', 'admin', 'wchat', 'materialmessage', 335, 2, 'wchat/materialmessage', 1, 0, 6, '', '', '', 1, 1489046731, NULL);
INSERT INTO `sys_module` VALUES (343, '分享内容设置', 'admin', 'wchat', 'shareconfig', 335, 2, 'wchat/shareconfig', 1, 0, 7, '', '', '', 1, 1489046804, NULL);
INSERT INTO `sys_module` VALUES (358, '自定义推广二维码', 'admin', 'wchat', 'qrcode', 340, 3, 'wchat/qrcode', 0, 0, 1, '自定义二维码', '', '', 1, 1490153257, 1490153278);
INSERT INTO `sys_module` VALUES (359, '添加回复', 'admin', 'wchat', 'addorupdatekeyreplay', 341, 3, 'wchat/addorupdatekeyreplay', 1, 0, 1, '', '', '', 1, 1490236498, NULL);
INSERT INTO `sys_module` VALUES (360, '添加用户', 'admin', 'auth', 'adduser', 127, 3, 'auth/adduser', 0, 0, 1, '添加用户', '', '', 1, 1490236731, NULL);
INSERT INTO `sys_module` VALUES (361, '一键关注设置', 'admin', 'wchat', 'onekeysubscribe', 335, 2, 'wchat/onekeysubscribe', 0, 0, 6, '一键关注设置', '', '', 1, 1490318979, 1496386363);
INSERT INTO `sys_module` VALUES (381, '广告位', 'admin', 'system', 'shopadvpositionlist', 477, 2, 'system/shopadvpositionlist', 1, 0, 9, '广告位设置', '', '', 1, 1490774263, 1496320676);
INSERT INTO `sys_module` VALUES (382, '广告管理', 'admin', 'system', 'shopadvlist', 381, 3, 'system/shopadvlist', 0, 0, 0, '广告管理', '', '', 1, 1490785255, NULL);
INSERT INTO `sys_module` VALUES (383, '添加广告位', 'admin', 'system', 'addshopadvposition', 381, 3, 'system/addshopadvposition', 0, 0, 0, '添加广告位', '', '', 1, 1490835009, NULL);
INSERT INTO `sys_module` VALUES (387, '广告位编辑', 'admin', 'system', 'updateshopadvposition', 381, 3, 'system/updateshopadvposition', 1, 0, 0, '广告位编辑', '', '', 1, 1490851266, NULL);
INSERT INTO `sys_module` VALUES (388, '添加广告', 'admin', 'system', 'addshopadv', 381, 3, 'system/addshopadv', 0, 0, 0, '添加广告', '', '', 1, 1490854140, NULL);
INSERT INTO `sys_module` VALUES (389, '广告编辑', 'admin', 'system', 'updateshopadv', 381, 3, 'system/updateshopadv', 0, 0, 0, '', '', '', 1, 1490857038, NULL);
INSERT INTO `sys_module` VALUES (390, '促销版块', 'admin', 'system', 'goodsrecommendclass', 10004, 3, 'system/goodsrecommendclass', 0, 0, 10, '促销版块管理', '', '', 1, 1490861814, 1503628735);
INSERT INTO `sys_module` VALUES (392, '首页楼层', 'admin', 'system', 'blocklist', 10004, 3, 'system/blocklist', 0, 0, 11, '', '', '', 1, 1490947012, 1503628757);
INSERT INTO `sys_module` VALUES (394, '添加楼层', 'admin', 'system', 'addblock', 10004, 3, 'system/addblock', 0, 0, 0, '', '', '', 1, 1490948318, NULL);
INSERT INTO `sys_module` VALUES (395, '楼层编辑', 'admin', 'system', 'updateblock', 10004, 3, 'system/updateblock', 0, 0, 0, '', '', '', 1, 1490948388, 1490952538);
INSERT INTO `sys_module` VALUES (398, '个人资料', 'admin', 'auth', 'userdetail', 126, 2, 'auth/userdetail', 1, 0, 0, '个人资料', '', '', 0, 1491029995, 1494298490);
INSERT INTO `sys_module` VALUES (403, '销售排行', 'admin', 'account', 'shopgoodssalesrank', 409, 2, 'account/shopgoodssalesrank', 1, 0, 9, '商品销售排行', '', '', 1, 1491040090, 1496819701);
INSERT INTO `sys_module` VALUES (405, '商品销售统计', 'admin', 'account', 'shopgoodsaccountlist', 403, 3, 'account/shopgoodsaccountlist', 0, 0, 6, '商品销售统计', '', '', 1, 1491042742, NULL);
INSERT INTO `sys_module` VALUES (409, '资产', 'admin', 'account', 'shopsalesaccount', 0, 1, 'account/shopsalesaccount', 1, 0, 7, '资产', '', '', 1, 1493281488, 1493974412);
INSERT INTO `sys_module` VALUES (418, '网站设置', 'admin', 'config', 'webconfig', 528, 3, 'config/webconfig', 0, 0, 1, '', '', '', 1, 1492755047, NULL);
INSERT INTO `sys_module` VALUES (419, '商品分类', 'admin', 'goods', 'goodscategorylist', 149, 2, 'goods/goodscategorylist', 1, 0, 2, '商品分类', '', '', 1, 1492755701, NULL);
INSERT INTO `sys_module` VALUES (420, '添加商品分类', 'admin', 'goods', 'addgoodscategory', 419, 3, 'goods/addgoodscategory', 1, 0, 2, '添加商品分类', '', '', 1, 1492755811, 1492755828);
INSERT INTO `sys_module` VALUES (421, '修改商品分类', 'admin', 'goods', 'updategoodscategory', 419, 3, 'goods/updategoodscategory', 1, 0, 1, '修改商品分类', '', '', 1, 1492755920, NULL);
INSERT INTO `sys_module` VALUES (422, '删除商品分类', 'admin', 'goods', 'deletegoodscategory', 419, 3, 'goods/deletegoodscategory', 1, 0, 2, '删除商品分类', '', '', 1, 1492755973, NULL);
INSERT INTO `sys_module` VALUES (423, '商品品牌', 'admin', 'goods', 'goodsbrandlist', 149, 2, 'goods/goodsbrandlist', 1, 0, 3, '商品品牌列表', '', '', 1, 1492756038, NULL);
INSERT INTO `sys_module` VALUES (424, '添加商品品牌', 'admin', 'goods', 'addgoodsbrand', 423, 3, 'goods/addgoodsbrand', 1, 0, 1, '添加商品品牌', '', '', 1, 1492756096, NULL);
INSERT INTO `sys_module` VALUES (425, '修改商品品牌', 'admin', 'goods', 'updategoodsbrand', 423, 3, 'goods/updategoodsbrand', 1, 0, 4, '修改商品品牌', '', '', 1, 1492756169, NULL);
INSERT INTO `sys_module` VALUES (427, '导航管理', 'admin', 'config', 'navigationlist', 10004, 3, 'config/navigationlist', 1, 0, 1, '导航', '', '', 1, 1492761752, 1496320733);
INSERT INTO `sys_module` VALUES (428, '添加导航', 'admin', 'config', 'addnavigation', 10004, 3, 'config/addnavigation', 1, 0, 2, '添加导航', '', '', 0, 1492761909, NULL);
INSERT INTO `sys_module` VALUES (429, '修改导航', 'admin', 'config', 'updateshopnavigation', 10004, 3, 'config/updateshopnavigation', 1, 0, 3, '修改导航', '', '', 0, 1492762515, NULL);
INSERT INTO `sys_module` VALUES (430, '友情链接', 'admin', 'config', 'linklist', 10004, 3, 'config/linklist', 1, 0, 13, '友情链接', '', '', 1, 1492765269, 1496320750);
INSERT INTO `sys_module` VALUES (431, '文章管理', 'admin', 'cms', 'articlelist', 477, 2, 'cms/articlelist', 1, 0, 18, 'Cms系统', '', '', 1, 1492782512, 1492782619);
INSERT INTO `sys_module` VALUES (432, '文章列表', 'admin', 'cms', 'articlelist', 431, 3, 'cms/articlelist', 0, 0, 1, '文章列表', '', '', 1, 1492782808, 1492782837);
INSERT INTO `sys_module` VALUES (433, '文章分类', 'admin', 'cms', 'articleclasslist', 431, 3, 'cms/articleclasslist', 0, 0, 2, '文章列表', '', '', 1, 1492782934, 1492782952);
INSERT INTO `sys_module` VALUES (434, '评论列表', 'admin', 'cms', 'commentarticle', 431, 2, 'cms/commentarticle', 0, 0, 3, '评论列表', '', '', 1, 1492782991, 1497084797);
INSERT INTO `sys_module` VALUES (435, '搜索设置', 'admin', 'config', 'searchconfig', 10004, 3, 'config/searchconfig', 1, 0, 14, '搜索设置', '', '', 1, 1493187802, 1496321601);
INSERT INTO `sys_module` VALUES (436, '添加友情链接', 'admin', 'config', 'addlink', 10004, 3, 'config/addlink', 0, 0, 1, '添加友情链接', '', '', 1, 1493190273, 1493190306);
INSERT INTO `sys_module` VALUES (437, '编辑友情链接', 'admin', 'config', 'updatelink', 10004, 3, 'config/updatelink', 0, 0, 2, '编辑友情链接', '', '', 1, 1493192018, NULL);
INSERT INTO `sys_module` VALUES (438, '验证码设置', 'admin', 'config', 'codeconfig', 528, 3, 'config/codeconfig', 0, 0, 4, '验证码设置', '', '', 1, 1493192505, 1493192978);
INSERT INTO `sys_module` VALUES (439, '通知系统', 'admin', 'config', 'notifyindex', 218, 2, 'config/notifyindex', 1, 0, 6, 'messageConfig', '', '', 1, 1493194795, 1496722814);
INSERT INTO `sys_module` VALUES (440, '帮助类型', 'admin', 'config', 'helpclass', 530, 3, 'config/helpclass', 0, 0, 10, '帮助类型', '', '', 1, 1493199934, 1496320786);
INSERT INTO `sys_module` VALUES (441, '帮助内容', 'admin', 'config', 'helpdocument', 530, 3, 'config/helpdocument', 0, 0, 18, '帮助内容', '', '', 1, 1493201598, 1496320803);
INSERT INTO `sys_module` VALUES (442, '添加帮助类型', 'admin', 'config', 'addhelpclass', 530, 3, 'config/addhelpclass', 0, 0, 1, '添加帮助类型', '', '', 1, 1493201673, NULL);
INSERT INTO `sys_module` VALUES (443, '修改帮助内容', 'admin', 'config', 'updatedocument', 530, 3, 'config/updatedocument', 0, 0, 2, 'updateDocument.html', '', '', 1, 1493203409, NULL);
INSERT INTO `sys_module` VALUES (444, '添加帮助内容', 'admin', 'config', 'adddocument', 530, 3, 'config/adddocument', 0, 0, 2, 'aaddDocument', '', '', 1, 1493205866, NULL);
INSERT INTO `sys_module` VALUES (445, '首页公告', 'admin', 'config', 'usernotice', 10004, 3, 'config/usernotice', 1, 0, 20, 'userNotice', '', '', 1, 1493206256, 1496321121);
INSERT INTO `sys_module` VALUES (446, '积分管理', 'admin', 'promotion', 'pointconfig', 179, 2, 'promotion/pointconfig', 1, 0, 1, '1', '', '', 1, 1493206530, 1496894015);
INSERT INTO `sys_module` VALUES (447, '粉丝列表', 'admin', 'member', 'weixinfanslist', 137, 2, 'member/weixinfanslist', 1, 0, 2, '粉丝列表', '', '', 1, 1493278702, NULL);
INSERT INTO `sys_module` VALUES (450, '修改消息素材', 'admin', 'wchat', 'updatemedia', 342, 3, 'wchat/updatemedia', 1, 0, 1, '', '', '', 1, 1493282078, 1493282297);
INSERT INTO `sys_module` VALUES (451, '添加消息素材', 'admin', 'wchat', 'addmedia', 342, 3, 'wchat/addmedia', 1, 0, 1, '', '', '', 1, 1493282371, NULL);
INSERT INTO `sys_module` VALUES (452, '添加文章', 'admin', 'cms', 'addarticle', 431, 3, 'cms/addarticle', 0, 0, 4, '', '', '', 1, 1493287571, 1493289825);
INSERT INTO `sys_module` VALUES (454, '销售统计', 'admin', 'account', 'orderaccountcount', 409, 2, 'account/orderaccountcount', 0, 0, 6, '', '', '', 1, 1493289961, 1493981704);
INSERT INTO `sys_module` VALUES (455, '修改文章', 'admin', 'cms', 'updatearticle', 431, 3, 'cms/updatearticle', 0, 0, 2, '', '', '', 1, 1493343780, 1505209500);
INSERT INTO `sys_module` VALUES (456, '第三方登录', 'admin', 'config', 'partylogin', 218, 2, 'config/partylogin', 1, 0, 5, '', '', '', 1, 1493347646, 1496903436);
INSERT INTO `sys_module` VALUES (457, '销售明细', 'admin', 'account', 'orderrecordslist', 454, 3, 'account/orderrecordslist', 0, 0, 2, '', '', '', 1, 1493705080, 1493705419);
INSERT INTO `sys_module` VALUES (459, '销售概况', 'admin', 'account', 'shopsalesaccount', 409, 2, 'account/shopsalesaccount', 1, 0, 1, '', '', '', 1, 1493776001, 1493974321);
INSERT INTO `sys_module` VALUES (460, '热卖商品', 'admin', 'account', 'bestsellergoods', 463, 3, 'account/bestsellergoods', 0, 0, 1, '', '', '', 1, 1493867120, 1493972190);
INSERT INTO `sys_module` VALUES (461, '同行热卖', 'admin', 'account', 'shopgoodsgroupsalecount', 409, 2, 'account/shopgoodsgroupsalecount', 1, 0, 4, '', '', '', 1, 1493946658, 1493950999);
INSERT INTO `sys_module` VALUES (462, '运营报告', 'admin', 'account', 'shopreport', 409, 2, 'account/shopreport', 1, 0, 5, '', '', '', 1, 1493947412, NULL);
INSERT INTO `sys_module` VALUES (463, '商品分析', 'admin', 'account', 'shopgoodssaleslist', 409, 2, 'account/shopgoodssaleslist', 1, 0, 2, '', '', '', 1, 1493949799, NULL);
INSERT INTO `sys_module` VALUES (467, '首页', 'admin', 'index', 'index', 0, 1, 'index/index', 1, 0, 0, '', 'http://ouo5ro5lf.bkt.clouddn.com/upload/advertising/1503109657.jpg', '', 0, 1494485612, 1503109662);
INSERT INTO `sys_module` VALUES (469, '满额包邮', 'admin', 'promotion', 'fullshipping', 179, 2, 'promotion/fullshipping', 1, 0, 6, '满额包邮设置', '', '', 1, 1494928162, NULL);
INSERT INTO `sys_module` VALUES (471, '商家地址', 'admin', 'order', 'returnsetting', 529, 3, 'order/returnsetting', 0, 0, 70, '退货设置', '', '', 1, 1496215760, 1496216046);
INSERT INTO `sys_module` VALUES (472, '添加或修改', 'admin', 'order', 'addreturn', 529, 3, 'order/addreturn', 1, 0, 1, '添加退货', '', '', 1, 1496215892, 1496216067);
INSERT INTO `sys_module` VALUES (477, '网站', 'admin', 'config', 'shopnavigationlist', 0, 1, 'config/shopnavigationlist', 1, 0, 9, '导航管理', '', '', 1, 1496303515, 1496821512);
INSERT INTO `sys_module` VALUES (478, '商品评价', 'admin', 'goods', 'goodscomment', 149, 2, 'goods/goodscomment', 1, 0, 8, '', '', '', 1, 1496310914, NULL);
INSERT INTO `sys_module` VALUES (479, '商品规格', 'admin', 'goods', 'goodsspeclist', 149, 2, 'goods/goodsspeclist', 1, 0, 6, '商品规格', '', '', 1, 1496314078, 1496368479);
INSERT INTO `sys_module` VALUES (480, '添加商品规格', 'admin', 'goods', 'addgoodsspec', 479, 3, 'goods/addgoodsspec', 0, 0, 1, '', '', '', 1, 1496368895, NULL);
INSERT INTO `sys_module` VALUES (481, '修改商品规格', 'admin', 'goods', 'updategoodsspec', 479, 3, 'goods/updategoodsspec', 0, 0, 0, '', '', '', 1, 1496386955, NULL);
INSERT INTO `sys_module` VALUES (482, '商品类型', 'admin', 'goods', 'attributelist', 149, 2, 'goods/attributelist', 1, 0, 7, '', '', '', 1, 1496392434, 1496392497);
INSERT INTO `sys_module` VALUES (484, '添加商品类型', 'admin', 'goods', 'addattributeservice', 482, 3, 'goods/addattributeservice', 0, 0, 0, '', '', '', 1, 1496395497, 1496457873);
INSERT INTO `sys_module` VALUES (485, '修改商品类型', 'admin', 'goods', 'updategoodsattribute', 482, 3, 'goods/updategoodsattribute', 0, 0, 0, '', '', '', 1, 1496396084, NULL);
INSERT INTO `sys_module` VALUES (486, '地区管理', 'admin', 'config', 'areamanagement', 529, 3, 'config/areamanagement', 0, 0, 50, '', '', '', 1, 1496452390, NULL);
INSERT INTO `sys_module` VALUES (487, '模板编辑', 'admin', 'express', 'expresstemplate', 529, 3, 'express/expresstemplate', 0, 0, 0, '', '', '', 1, 1496459993, NULL);
INSERT INTO `sys_module` VALUES (488, '会员等级', 'admin', 'member', 'memberlevellist', 137, 2, 'member/memberlevellist', 1, 0, 3, '会员等级', '', '', 1, 1496462360, NULL);
INSERT INTO `sys_module` VALUES (489, '添加等级', 'admin', 'member', 'addmemberlevel', 488, 3, 'member/addmemberlevel', 1, 0, 1, '添加等级', '', '', 1, 1496483895, NULL);
INSERT INTO `sys_module` VALUES (490, '修改等级', 'admin', 'member', 'updatememberlevel', 488, 3, 'member/updatememberlevel', 1, 0, 0, '修改等级', '', '', 1, 1496483933, 1496485692);
INSERT INTO `sys_module` VALUES (491, '专题列表', 'admin', 'cms', 'topiclist', 477, 2, 'cms/topiclist', 1, 0, 19, '专题列表', '', '', 1, 1496630179, 1496632713);
INSERT INTO `sys_module` VALUES (492, '添加专题', 'admin', 'cms', 'addtopic', 491, 3, 'cms/addtopic', 1, 0, 1, '添加专题', '', '', 1, 1496630640, 1496632753);
INSERT INTO `sys_module` VALUES (493, '修改专题', 'admin', 'cms', 'updatetopic', 491, 3, 'cms/updatetopic', 1, 0, 2, '修改专题', '', '', 1, 1496630696, 1496632781);
INSERT INTO `sys_module` VALUES (494, '购物设置', 'admin', 'config', 'shopset', 528, 3, 'config/shopset', 0, 0, 5, '购物设置', '', '', 1, 1496716845, 1496717062);
INSERT INTO `sys_module` VALUES (495, '邮件设置', 'admin', 'config', 'messageconfig', 439, 3, 'config/messageconfig', 0, 0, 0, '', '', '', 1, 1496731597, NULL);
INSERT INTO `sys_module` VALUES (496, '短信设置', 'admin', 'config', 'messageconfig', 439, 3, 'config/messageconfig', 0, 0, 0, '', '', '', 1, 1496731636, NULL);
INSERT INTO `sys_module` VALUES (497, '会员积分明细', 'admin', 'member', 'pointdetail', 145, 3, 'member/pointdetail', 0, 0, 0, '', '', '', 1, 1496739472, NULL);
INSERT INTO `sys_module` VALUES (498, '会员余额明细', 'admin', 'member', 'accountdetail', 145, 3, 'member/accountdetail', 0, 0, 0, '', '', '', 1, 1496744512, NULL);
INSERT INTO `sys_module` VALUES (499, 'seo设置', 'admin', 'config', 'seoconfig', 528, 3, 'config/seoconfig', 0, 0, 2, 'seo设置', '', '', 1, 1496750885, 1496751054);
INSERT INTO `sys_module` VALUES (501, '微信支付', 'admin', 'config', 'payconfig', 221, 3, 'config/payconfig', 1, 0, 1, '微信支付', '', '', 1, 1496821450, NULL);
INSERT INTO `sys_module` VALUES (502, '支付宝支付', 'admin', 'config', 'payaliconfig', 221, 3, 'config/payaliconfig', 1, 0, 2, '支付宝支付', '', '', 1, 1496821780, NULL);
INSERT INTO `sys_module` VALUES (503, '会员提现设置', 'admin', 'config', 'memberwithdrawsetting', 218, 2, 'config/memberwithdrawsetting', 1, 0, 9, '会员提现设置', '', '', 1, 1496821934, 1496822222);
INSERT INTO `sys_module` VALUES (504, '会员提现', 'admin', 'member', 'usercommissionwithdrawlist', 137, 2, 'member/usercommissionwithdrawlist', 1, 0, 4, '会员提现', '', '', 1, 1496822171, 1496822242);
INSERT INTO `sys_module` VALUES (506, '模板管理', 'admin', 'config', 'notifytemplate', 439, 3, 'config/notifytemplate', 0, 0, 0, '', '', '', 1, 1496886539, 1496974268);
INSERT INTO `sys_module` VALUES (507, '积分设置', 'admin', 'promotion', 'integral', 446, 3, 'promotion/integral', 1, 0, 0, '积分奖励', '', '', 1, 1496896166, NULL);
INSERT INTO `sys_module` VALUES (508, '积分奖励', 'admin', 'promotion', 'integral', 446, 3, 'promotion/integral', 1, 0, 0, '积分奖励', '', '', 1, 1496896201, NULL);
INSERT INTO `sys_module` VALUES (509, '积分管理', 'admin', 'member', 'pointlist', 137, 2, 'member/pointlist', 1, 0, 5, '', '', '', 1, 1496906007, 1496906222);
INSERT INTO `sys_module` VALUES (510, '余额管理', 'admin', 'member', 'accountlist', 137, 2, 'member/accountlist', 1, 0, 6, '', '', '', 1, 1496906142, 1496906242);
INSERT INTO `sys_module` VALUES (512, '微信登录', 'admin', 'config', 'loginconfig', 456, 3, 'config/loginconfig', 1, 0, 2, '微信登录', '', '', 1, 1496907149, 1496907569);
INSERT INTO `sys_module` VALUES (513, 'qq登录', 'admin', 'config', 'loginconfig', 456, 3, 'config/loginconfig', 1, 0, 1, 'qq登录', '', '', 1, 1496907238, 1496907552);
INSERT INTO `sys_module` VALUES (515, '欢迎页', 'admin', 'index', 'index', 467, 2, 'index/index', 1, 0, 0, '欢迎页', '', '', 0, 1496979062, NULL);
INSERT INTO `sys_module` VALUES (517, '商品回收站', 'admin', 'goods', 'recycle', 149, 2, 'goods/recyclelist', 1, 0, 11, '', '', '', 1, 1497445996, 1497445996);
INSERT INTO `sys_module` VALUES (518, '回收站列表', 'admin', 'goods', 'recyclelist', 517, 3, 'goods/recyclelist', 0, 0, 0, '', '', '', 1, 1497445996, 1497445996);
INSERT INTO `sys_module` VALUES (519, '货到付款地区管理', 'admin', 'config', 'distributionareamanagement', 529, 3, 'config/distributionareamanagement', 0, 0, 24, '', '', '', 1, 1497706614, 1497706614);
INSERT INTO `sys_module` VALUES (520, '自提点管理', 'admin', 'shop', 'pickuppointlist', 529, 3, 'shop/pickuppointlist', 0, 0, 80, '', '', '', 1, 1498135759, 1498135759);
INSERT INTO `sys_module` VALUES (521, '添加自提点', 'admin', 'shop', 'addpickuppoint', 529, 3, 'shop/addpickuppoint', 0, 0, 0, '', '', '', 1, 1498135759, 1498135759);
INSERT INTO `sys_module` VALUES (522, '修改自提点', 'admin', 'shop', 'updatepickuppoint', 529, 3, 'shop/updatepickuppoint', 0, 0, 0, '', '', '', 1, 1498135759, 1498135759);
INSERT INTO `sys_module` VALUES (523, '物流跟踪设置', 'admin', 'config', 'expressmessage', 528, 3, 'config/expressmessage', 0, 0, 6, '', '', '', 1, 1498198990, 1498198990);
INSERT INTO `sys_module` VALUES (524, '在线更新', 'admin', 'upgrade', 'onlineupdate', 10000, 2, 'upgrade/onlineupdate', 1, 0, 30, '', '', '', 1, 1498733102, 1498733102);
INSERT INTO `sys_module` VALUES (525, '运费模板列表', 'admin', 'express', 'freighttemplatelist', 529, 3, 'express/freighttemplatelist', 0, 0, 0, '', '', '', 1, 1498733102, 1498733102);
INSERT INTO `sys_module` VALUES (526, '编辑运费模板', 'admin', 'express', 'freighttemplateedit', 529, 3, 'express/freighttemplateedit', 0, 0, 2, '', '', '', 1, 1498733102, 1498733102);
INSERT INTO `sys_module` VALUES (527, '注册与访问', 'admin', 'config', 'registerAndVisit', 218, 2, 'config/registerandvisit', 1, 0, 3, '', '', '', 1, 1498874511, 1498874511);
INSERT INTO `sys_module` VALUES (528, '基础设置', 'admin', 'config', 'webconfig', 218, 2, 'config/webconfig', 1, 0, 1, '', '', '', 1, 1499343015, 1499343015);
INSERT INTO `sys_module` VALUES (529, '物流配送', 'admin', 'express', 'expresscompany', 218, 2, 'express/expresscompany', 1, 0, 10, '', '', '', 1, 1499343015, 1499343015);
INSERT INTO `sys_module` VALUES (530, '站点帮助', 'admin', 'config', 'helpclass', 477, 2, 'config/helpdocument', 1, 0, 17, '', '', '', 1, 1499343015, 1499343015);
INSERT INTO `sys_module` VALUES (10000, 'NIU云', 'admin', 'upgrade', 'onlineupdate', 0, 1, 'upgrade/onlineupdate', 1, 0, 100, '', '', '', 1, 1499343016, 1499343016);
INSERT INTO `sys_module` VALUES (10001, '供货商', 'admin', 'member', 'supplierlist', 149, 2, 'member/supplierlist', 1, 0, 7, '', '', '', 1, 1499853120, 1499853120);
INSERT INTO `sys_module` VALUES (10002, '添加供货商', 'admin', 'member', 'addsupplier', 10001, 3, 'member/addsupplier', 1, 0, 0, '', '', '', 1, 1499853120, 1499853120);
INSERT INTO `sys_module` VALUES (10003, '修改供货商', 'admin', 'member', 'updatesupplier', 10001, 3, 'member/updatesupplier', 1, 0, 1, '', '', '', 1, 1499853120, 1499853120);
INSERT INTO `sys_module` VALUES (10004, '电脑端', 'admin', 'config', 'shopnavigationlist', 477, 2, 'config/shopnavigationlist', 1, 0, 0, '', '', '', 1, 1500463156, NULL);
INSERT INTO `sys_module` VALUES (10005, '手机端', 'admin', 'config', 'fixedtemplate', 477, 2, 'config/fixedtemplate', 1, 0, 1, '', '', '', 1, 1500464484, 1503648176);
INSERT INTO `sys_module` VALUES (10006, '授权信息', 'admin', 'upgrade', 'devolutioninfo', 10000, 2, 'upgrade/devolutioninfo', 1, 0, 40, '', '', '', 1, 1500605563, 1500608938);
INSERT INTO `sys_module` VALUES (10008, '扩展', 'admin', 'extend', 'addonslist', 0, 1, 'extend/addonslist', 1, 0, 50, NULL, '', '', 1, 1500632812, 1500632818);
INSERT INTO `sys_module` VALUES (10009, '插件管理', 'admin', 'extend', 'addonslist', 10008, 2, 'extend/addonslist', 1, 0, 0, '', '', '', 1, 1500633040, NULL);
INSERT INTO `sys_module` VALUES (10010, '钩子管理', 'admin', 'extend', 'hookslist', 10008, 2, 'extend/hookslist', 1, 0, 1, '', '', '', 1, 1500633096, NULL);
INSERT INTO `sys_module` VALUES (10011, '插件列表', 'admin', 'extend', 'pluginlist', 10008, 2, 'extend/pluginlist', 0, 0, 3, '', '', '', 1, 1500633141, NULL);
INSERT INTO `sys_module` VALUES (10012, '添加钩子', 'admin', 'extend', 'addhooks', 10010, 3, 'extend/addhooks', 1, 0, 0, '', '', '', 1, 1500633268, NULL);
INSERT INTO `sys_module` VALUES (10013, '修改钩子', 'admin', 'extend', 'updatehooks', 10010, 3, 'extend/updatehooks', 1, 0, 0, '', '', '', 1, 1500633326, NULL);
INSERT INTO `sys_module` VALUES (10014, '插件配置', 'admin', 'extend', 'pluginconfig', 10008, 2, 'extend/pluginconfig', 0, 0, 4, '', '', '', 1, 1500633368, NULL);
INSERT INTO `sys_module` VALUES (10015, '插件配置', 'admin', 'extend', 'addonsconfig', 10008, 2, 'extend/addonsconfig', 0, 0, 5, '', '', '', 1, 1500633398, NULL);
INSERT INTO `sys_module` VALUES (10020, '自提点运费', 'admin', 'shop', 'pickuppointfreight', 529, 3, 'shop/pickuppointfreight', 1, 0, 4, '', '', '', 1, 1501053707, NULL);
INSERT INTO `sys_module` VALUES (10021, '版权设置', 'admin', 'config', 'copyrightinfo', 528, 3, 'config/copyrightinfo', 0, 0, 3, '', '', '', 1, 1501669011, 1501669011);
INSERT INTO `sys_module` VALUES (10023, '客服设置', 'admin', 'config', 'customservice', 218, 2, 'config/customservice', 1, 0, 11, '当前客服仅适用于以下两种链接\n1.美洽(链接地址：www.meiqia.com;使用教程：http://www.niushop.com.cn/document.html?class_id=20&amp;dir_id=63&amp;id=122)\n2.KF5(链接地址：www.kf5.com;使用教程：http://www.niushop.com.cn/document.html?class_id=20&amp;dir_id=63&amp;id=123)', '', '', 1, 1502250808, 1502767943);
INSERT INTO `sys_module` VALUES (10026, '固定模板', 'admin', 'config', 'fixedtemplate', 10005, 3, 'config/fixedtemplate', 1, 0, 1, '', '', '', 1, 1502504860, 0);
INSERT INTO `sys_module` VALUES (10029, '附件上传', 'admin', 'config', 'uploadtype', 218, 2, 'config/uploadtype', 1, 0, 4, '', '', '', 1, 1502789326, 1502964235);
INSERT INTO `sys_module` VALUES (10031, '商品促销', 'admin', 'system', 'goodsgrouprecommend', 477, 2, 'system/goodsgrouprecommend', 0, 0, 9, '', '', '', 1, 1503394550, 1503629204);
INSERT INTO `sys_module` VALUES (10033, '商品楼层', 'admin', 'system', 'goodscategoryblock', 10004, 3, 'system/goodscategoryblock', 1, 0, 90, '', '', '', 1, 1503627843, 1503724115);
INSERT INTO `sys_module` VALUES (10037, '模板消息设置', 'admin', 'wchat', 'messageTemplate', 335, 2, 'wchat/messageTemplate?addons=wxtemplatemsg', 1, 0, 7, '模板消息插件菜单', '', '', 1, 1504092691, 1514376727);
INSERT INTO `sys_module` VALUES (10042, '模板', 'admin', 'config', 'pcTemplate', 10004, 3, 'config/pcTemplate', 1, 0, 4, '', '', '', 1, 1504255607, 0);
INSERT INTO `sys_module` VALUES (10075, '商家通知', 'admin', 'config', 'businessnotifytemplate', 439, 3, 'config/businessnotifytemplate', 0, 0, 0, '', '', '', 1, 1505870490, 0);
INSERT INTO `sys_module` VALUES (10076, '自定义模板', 'admin', 'config', 'addonmenu', 10005, 3, 'config/menu_config?addons=customtemplate', 1, 0, 1, '自定义模板', '', '', 1, 1505893831, 0);
INSERT INTO `sys_module` VALUES (10077, '数据库管理', 'admin', 'dbdatabase', 'databaselist', 218, 2, 'dbdatabase/databaselist', 1, 0, 2, '', '', '', 1, 1506132536, 0);
INSERT INTO `sys_module` VALUES (10078, '数据库恢复', 'admin', 'dbdatabase', 'importdatalist', 10077, 3, 'dbdatabase/importdatalist', 0, 0, 0, '', '', '', 1, 1506132758, 0);
INSERT INTO `sys_module` VALUES (10079, 'SQL执行与导入', 'admin', 'dbdatabase', 'sqlfilequery', 10077, 3, 'dbdatabase/sqlfilequery', 0, 0, 0, '', '', '', 1, 1506132811, 0);
INSERT INTO `sys_module` VALUES (10083, '系统更新', 'admin', 'upgrade', 'upgradePatch', 524, 3, 'upgrade/upgradepatch', 0, 0, 0, '', '', '', 1, 1507802047, 0);
INSERT INTO `sys_module` VALUES (10084, '原路退款配置', 'admin', 'config', 'originalroadrefundsetting', 218, 2, 'config/originalroadrefundsetting', 1, 0, 8, '', '', '', 1, 1507881605, 0);
INSERT INTO `sys_module` VALUES (10085, '添加首页公告', 'admin', 'config', 'addHomeNotice', 10004, 3, 'config/addHomeNotice', 0, 0, 0, '', '', '', 1, 1508152805, 0);
INSERT INTO `sys_module` VALUES (10086, '公告编辑', 'admin', 'config', 'updateHomeNotice', 10004, 3, 'config/updateHomeNotice', 0, 0, 0, '', '', '', 1, 1508208576, 0);
INSERT INTO `sys_module` VALUES (10092, '图片设置', 'admin', 'config', 'pictureuploadsetting', 218, 2, 'config/pictureuploadsetting', 1, 0, 4, '', '', '', 1, 1508152805, 0);
INSERT INTO `sys_module` VALUES (10093, '课程', 'worksadmin', 'Course', 'index', 0, 1, 'Course/index', 1, 0, 1, '', '', '', 1, 1508834579, 0);
INSERT INTO `sys_module` VALUES (10094, '课程管理', 'worksadmin', 'Course', 'index', 10093, 2, 'Course/index', 1, 0, 0, '', '', '', 1, 1508834696, 0);
INSERT INTO `sys_module` VALUES (10095, '套餐管理', 'worksadmin', 'Course', 'package', 10093, 2, 'Course/package', 1, 0, 4, '', '', '', 1, 1508834867, 0);
INSERT INTO `sys_module` VALUES (10103, '添加', 'worksadmin', 'Course', 'addCourse', 10094, 3, 'Course/addCourse', 1, 0, 0, '', '', '', 1, 1508983500, 0);
INSERT INTO `sys_module` VALUES (10104, '修改', 'worksadmin', 'Course', 'updateCourse', 10094, 3, 'Course/updateCourse', 1, 0, 0, '', '', '', 1, 1508983541, 0);
INSERT INTO `sys_module` VALUES (10105, '章节管理', 'worksadmin', 'Course', 'courseKpoint', 10094, 3, 'Course/courseKpoint', 1, 0, 0, '', '', '', 1, 1509001584, 0);
INSERT INTO `sys_module` VALUES (10113, '系统', 'worksadmin', 'system', 'modulelist', 0, 1, 'system/modulelist', 1, 0, 14, '\'\'', '', '', 1, 1477454152, 1477794717);
INSERT INTO `sys_module` VALUES (10114, '模块列表', 'worksadmin', 'system', 'modulelist', 10113, 2, 'system/modulelist', 1, 0, 2, '\'\'', '', '', 1, 0, 0);
INSERT INTO `sys_module` VALUES (10115, '添加模块', 'worksadmin', 'system', 'addmodule', 10114, 3, 'system/addmodule', 0, 0, 1, '添加模块', '', '', 1, 0, 1479976597);
INSERT INTO `sys_module` VALUES (10116, '修改模块', 'worksadmin', 'system', 'editmodule', 10114, 3, 'system/editmodule', 0, 0, 2, '修改模块', '', '', 1, 0, 1479976646);
INSERT INTO `sys_module` VALUES (10118, '订单', 'worksadmin', 'Order', 'orderList', 0, 1, 'Order/orderList', 1, 0, 6, '', '', '', 1, 1510021218, 0);
INSERT INTO `sys_module` VALUES (10119, '订单列表', 'worksadmin', 'Order', 'orderList', 10118, 2, 'Order/orderList', 1, 0, 0, '', '', '', 1, 1510021248, 0);
INSERT INTO `sys_module` VALUES (10120, '首页', 'worksadmin', 'Index', 'index', 0, 1, 'Index/index', 1, 0, 0, '', '', '', 1, 1510021271, 0);
INSERT INTO `sys_module` VALUES (10121, '会员', 'worksadmin', 'member', 'memberlist', 0, 1, 'member/memberlist', 1, 0, 5, NULL, '', '', 1, 1510021271, 0);
INSERT INTO `sys_module` VALUES (10122, '会员列表', 'worksadmin', 'member', 'memberlist', 10121, 2, 'member/memberlist', 1, 0, 1, NULL, '', '', 1, 1510021271, 0);
INSERT INTO `sys_module` VALUES (10123, '会员积分明细', 'worksadmin', 'member', 'pointdetail', 10122, 3, 'member/pointdetail', 0, 0, 1, NULL, '', '', 1, 0, 0);
INSERT INTO `sys_module` VALUES (10124, '会员余额明细', 'worksadmin', 'member', 'accountdetail', 10122, 3, 'member/accountdetail', 0, 0, 2, NULL, '', '', 1, 0, 0);
INSERT INTO `sys_module` VALUES (10125, '粉丝列表', 'worksadmin', 'member', 'weixinfanslist', 10121, 2, 'member/weixinfanslist', 0, 0, 0, NULL, '', '', 1, 0, 0);
INSERT INTO `sys_module` VALUES (10126, '等级管理', 'worksadmin', 'member', 'memberlevellist', 10121, 2, 'member/memberlevellist', 1, 0, 2, '会员等级', '', '', 1, 0, 1496462360);
INSERT INTO `sys_module` VALUES (10127, '添加等级', 'worksadmin', 'member', 'addmemberlevel', 10126, 3, 'member/addmemberlevel', 1, 0, 1, '添加等级', '', '', 1, 0, 0);
INSERT INTO `sys_module` VALUES (10128, '修改等级', 'worksadmin', 'member', 'updatememberlevel', 10126, 3, 'member/updatememberlevel', 1, 0, 2, '修改等级', '', '', 1, 0, 0);
INSERT INTO `sys_module` VALUES (10129, '提现管理', 'worksadmin', 'member', 'usercommissionwithdrawlist', 10121, 2, 'member/usercommissionwithdrawlist', 1, 0, 5, NULL, '', '', 1, 0, 0);
INSERT INTO `sys_module` VALUES (10130, '积分管理', 'worksadmin', 'member', 'pointlist', 10121, 2, 'member/pointlist', 1, 0, 4, NULL, '', '', 1, 0, 0);
INSERT INTO `sys_module` VALUES (10131, '余额管理', 'worksadmin', 'member', 'accountlist', 10121, 2, 'member/accountlist', 1, 0, 3, NULL, '', '', 1, 0, 0);
INSERT INTO `sys_module` VALUES (10132, '微信', 'worksadmin', 'wchat', 'config', 0, 1, 'wchat/config', 1, 0, 12, NULL, '', '', 1, 0, 0);
INSERT INTO `sys_module` VALUES (10133, '公众号管理', 'worksadmin', 'wchat', 'config', 10132, 2, 'wchat/config', 1, 0, 1, NULL, '', '', 1, 0, 0);
INSERT INTO `sys_module` VALUES (10134, '微信菜单管理', 'worksadmin', 'wchat', 'menu', 10132, 2, 'wchat/menu', 1, 0, 2, NULL, '', '', 1, 0, 0);
INSERT INTO `sys_module` VALUES (10135, '推广二维码管理', 'worksadmin', 'wchat', 'weixinqrcodetemplate', 10132, 2, 'wchat/weixinqrcodetemplate', 1, 0, 3, NULL, '', '', 1, 0, 0);
INSERT INTO `sys_module` VALUES (10136, '自定义推广二维码', 'worksadmin', 'wchat', 'qrcode', 10135, 3, 'wchat/qrcode', 1, 0, 1, NULL, '', '', 1, 0, 0);
INSERT INTO `sys_module` VALUES (10137, '回复设置', 'worksadmin', 'wchat', 'replayconfig', 10132, 2, 'wchat/replayconfig', 1, 0, 4, NULL, '', '', 1, 0, 0);
INSERT INTO `sys_module` VALUES (10138, '添加回复', 'worksadmin', 'wchat', 'addorupdatekeyreplay', 10137, 3, 'wchat/addorupdatekeyreplay', 1, 0, 2, NULL, '', '', 1, 0, 0);
INSERT INTO `sys_module` VALUES (10139, '消息素材管理', 'worksadmin', 'wchat', 'materialmessage', 10132, 2, 'wchat/materialmessage', 1, 0, 6, NULL, '', '', 1, 0, 0);
INSERT INTO `sys_module` VALUES (10140, '修改消息素材', 'worksadmin', 'wchat', 'updatemedia', 10139, 3, 'wchat/updatemedia', 1, 0, 1, NULL, '', '', 1, 0, 0);
INSERT INTO `sys_module` VALUES (10141, '添加消息素材', 'worksadmin', 'wchat', 'addmedia', 10139, 3, 'wchat/addmedia', 1, 0, 2, NULL, '', '', 1, 0, 0);
INSERT INTO `sys_module` VALUES (10142, '一键关注设置', 'worksadmin', 'wchat', 'onekeysubscribe', 10132, 2, 'wchat/onekeysubscribe', 1, 0, 7, NULL, '', '', 1, 0, 0);
INSERT INTO `sys_module` VALUES (10143, '模板消息设置', 'worksadmin', 'wchat', 'messageTemplate', 10132, 2, 'wchat/messageTemplate', 1, 0, 8, '', '', '', 1, 0, 1514376358);
INSERT INTO `sys_module` VALUES (10144, '分享内容设置', 'worksadmin', 'wchat', 'shareconfig', 10132, 2, 'wchat/shareconfig', 1, 0, 9, NULL, '', '', 1, 0, 0);
INSERT INTO `sys_module` VALUES (10145, '网站', 'worksadmin', 'config', 'navigationpositionlist', 0, 1, 'config/navigationpositionlist', 1, 0, 13, NULL, '', '', 1, 0, 0);
INSERT INTO `sys_module` VALUES (10146, '导航管理', 'worksadmin', 'config', 'navigationpositionlist', 10145, 2, 'config/navigationpositionlist', 1, 0, 1, NULL, '', '', 1, 0, 0);
INSERT INTO `sys_module` VALUES (10147, '添加首页公告', 'worksadmin', 'config', 'addHomeNotice', 10146, 3, 'config/addHomeNotice', 1, 0, 1, NULL, '', '', 1, 0, 0);
INSERT INTO `sys_module` VALUES (10148, '公告编辑', 'worksadmin', 'config', 'updateHomeNotice', 10146, 3, 'config/updateHomeNotice', 1, 0, 2, NULL, '', '', 1, 0, 0);
INSERT INTO `sys_module` VALUES (10149, '添加楼层', 'worksadmin', 'system', 'addblock', 10146, 3, 'system/addblock', 1, 0, 3, NULL, '', '', 1, 0, 0);
INSERT INTO `sys_module` VALUES (10150, '楼层编辑', 'worksadmin', 'system', 'updateblock', 10146, 3, 'system/updateblock', 1, 0, 4, NULL, '', '', 1, 0, 0);
INSERT INTO `sys_module` VALUES (10151, '导航管理', 'worksadmin', 'config', 'shopnavigationlist', 10146, 3, 'config/shopnavigationlist', 1, 0, 5, NULL, '', '', 1, 0, 0);
INSERT INTO `sys_module` VALUES (10153, '添加导航', 'worksadmin', 'config', 'addnavigation', 10151, 3, 'config/addnavigation', 1, 0, 7, NULL, '', '', 1, 0, 0);
INSERT INTO `sys_module` VALUES (10155, '修改导航', 'worksadmin', 'config', 'updatenavigation', 10146, 3, 'config/updatenavigation', 1, 0, 9, NULL, '', '', 1, 0, 0);
INSERT INTO `sys_module` VALUES (10156, '模板', 'worksadmin', 'config', 'pcTemplate', 10146, 3, 'config/pcTemplate', 1, 0, 10, NULL, '', '', 1, 0, 0);
INSERT INTO `sys_module` VALUES (10158, '搜索设置', 'worksadmin', 'config', 'searchconfig', 10146, 3, 'config/searchconfig', 1, 0, 12, NULL, '', '', 1, 0, 0);
INSERT INTO `sys_module` VALUES (10159, '首页公告', 'worksadmin', 'config', 'usernotice', 10146, 3, 'config/usernotice', 1, 0, 13, NULL, '', '', 1, 0, 0);
INSERT INTO `sys_module` VALUES (10160, '首页楼层', 'worksadmin', 'system', 'goodscategoryblock', 10146, 3, 'system/goodscategoryblock', 1, 0, 14, NULL, '', '', 1, 0, 0);
INSERT INTO `sys_module` VALUES (10162, '固定模板', 'worksadmin', 'config', 'fixedtemplate', 10161, 3, 'config/fixedtemplate', 1, 0, 1, NULL, '', '', 1, 0, 0);
INSERT INTO `sys_module` VALUES (10164, '广告管理', 'worksadmin', 'system', 'advpositionlist', 10145, 2, 'system/advpositionlist', 1, 0, 3, NULL, '', '', 1, 0, 0);
INSERT INTO `sys_module` VALUES (10165, '广告位编辑', 'worksadmin', 'system', 'updateadvposition', 10164, 3, 'system/updateadvposition', 1, 0, 1, NULL, '', '', 1, 0, 0);
INSERT INTO `sys_module` VALUES (10166, '设置', 'worksadmin', 'config', 'webconfig', 0, 1, 'config/webconfig', 1, 0, 11, NULL, '', '', 1, 0, 0);
INSERT INTO `sys_module` VALUES (10167, '基础设置', 'worksadmin', 'config', 'webconfig', 10166, 2, 'config/webconfig', 1, 0, 1, NULL, '', '', 1, 0, 0);
INSERT INTO `sys_module` VALUES (10169, 'seo设置', 'worksadmin', 'config', 'seoconfig', 10167, 3, 'config/seoconfig', 1, 0, 2, NULL, '', '', 1, 0, 0);
INSERT INTO `sys_module` VALUES (10170, '版权设置', 'worksadmin', 'config', 'copyrightinfo', 10167, 3, 'config/copyrightinfo', 1, 0, 3, NULL, '', '', 1, 0, 0);
INSERT INTO `sys_module` VALUES (10171, '验证码设置', 'worksadmin', 'config', 'codeconfig', 10167, 3, 'config/codeconfig', 1, 0, 4, NULL, '', '', 1, 0, 0);
INSERT INTO `sys_module` VALUES (10174, '注册与访问', 'worksadmin', 'config', 'registerAndVisit', 10166, 2, 'config/registerandvisit', 1, 0, 1, NULL, '', '', 1, 0, 0);
INSERT INTO `sys_module` VALUES (10175, '第三方登录', 'worksadmin', 'config', 'partylogin', 10166, 2, 'config/partylogin', 1, 0, 1, NULL, '', '', 1, 0, 0);
INSERT INTO `sys_module` VALUES (10176, 'qq登录', 'worksadmin', 'config', 'loginconfig', 10175, 3, 'config/loginconfig', 1, 0, 1, NULL, '', '', 1, 0, 0);
INSERT INTO `sys_module` VALUES (10177, '微信登录', 'worksadmin', 'config', 'loginconfig', 10175, 3, 'config/loginconfig', 1, 0, 2, NULL, '', '', 1, 0, 0);
INSERT INTO `sys_module` VALUES (10178, '通知系统', 'worksadmin', 'config', 'notifyindex', 10166, 2, 'config/notifyindex', 1, 0, 1, NULL, '', '', 1, 0, 0);
INSERT INTO `sys_module` VALUES (10179, '商家通知', 'worksadmin', 'config', 'businessnotifytemplate', 10178, 3, 'config/businessnotifytemplate', 1, 0, 1, NULL, '', '', 1, 0, 0);
INSERT INTO `sys_module` VALUES (10180, '邮件设置', 'worksadmin', 'config', 'messageconfig', 10178, 3, 'config/messageconfig', 1, 0, 2, NULL, '', '', 1, 0, 0);
INSERT INTO `sys_module` VALUES (10181, '短信设置', 'worksadmin', 'config', 'messageconfig', 10178, 3, 'config/messageconfig', 1, 0, 3, NULL, '', '', 1, 0, 0);
INSERT INTO `sys_module` VALUES (10182, '模板管理', 'worksadmin', 'config', 'notifytemplate', 10178, 3, 'config/notifytemplate', 1, 0, 4, NULL, '', '', 1, 0, 0);
INSERT INTO `sys_module` VALUES (10183, '支付配置', 'worksadmin', 'config', 'paymentconfig', 10166, 2, 'config/paymentconfig', 1, 0, 1, NULL, '', '', 1, 0, 0);
INSERT INTO `sys_module` VALUES (10184, '微信支付', 'worksadmin', 'config', 'payconfig', 10183, 3, 'config/payconfig', 1, 0, 1, NULL, '', '', 1, 0, 0);
INSERT INTO `sys_module` VALUES (10185, '支付宝支付', 'worksadmin', 'config', 'payaliconfig', 10183, 3, 'config/payaliconfig', 1, 0, 2, NULL, '', '', 1, 0, 0);
INSERT INTO `sys_module` VALUES (10186, '添加套餐', 'worksadmin', 'Course', 'addPackage', 10095, 3, 'Course/addPackage', 1, 0, 0, '', '', '', 1, 1510048897, 0);
INSERT INTO `sys_module` VALUES (10187, '修改套餐', 'worksadmin', 'Course', 'updatePackage', 10095, 3, 'Course/updatePackage', 1, 0, 0, '', '', '', 1, 1510048945, 0);
INSERT INTO `sys_module` VALUES (10188, '添加广告位', 'worksadmin', 'system', 'addadvposition', 10164, 3, 'system/addadvposition', 0, 0, 0, '添加广告位', '', '', 1, 1490835009, 0);
INSERT INTO `sys_module` VALUES (10189, '添加导航', 'worksadmin', 'config', 'addNavigationPosition', 10146, 3, 'config/addNavigationPosition', 0, 0, 0, '添加导航', '', '', 1, 1490835009, 0);
INSERT INTO `sys_module` VALUES (10190, '管理导航位', 'worksadmin', 'config', 'navigationlist', 10146, 3, 'config/navigationlist', 0, 0, 0, '管理导航位', '', '', 1, 0, 0);
INSERT INTO `sys_module` VALUES (10191, '编辑导航位', 'worksadmin', 'config', 'updatenavigationposition', 10146, 3, 'config/updatenavigationposition', 0, 0, 0, '编辑导航位', '', '', 1, 0, 0);
INSERT INTO `sys_module` VALUES (10192, '附件上传', 'worksadmin', 'config', 'uploadtype', 10166, 2, 'config/uploadtype', 1, 0, 4, '', '', '', 1, 1502789326, 1502964235);
INSERT INTO `sys_module` VALUES (10194, '管理课程', 'worksadmin', 'Course', 'PackageCourse', 10095, 3, 'Course/PackageCourse', 0, 0, 0, NULL, '', '', 1, 0, 0);
INSERT INTO `sys_module` VALUES (10195, '管理广告位', 'worksadmin', 'system', 'advlist', 10164, 3, 'system/advlist', 0, 0, 0, '管理广告位', '', '', 1, 0, 0);
INSERT INTO `sys_module` VALUES (10196, '添加广告', 'worksadmin', 'system', 'addadv', 10164, 3, 'system/addadv', 0, 0, 0, '添加广告', '', '', 1, 0, 0);
INSERT INTO `sys_module` VALUES (10197, '修改广告', 'worksadmin', 'system', 'updateadv', 10164, 3, 'system/updateadv', 0, 0, 0, '修改广告', '', '', 1, 0, 0);
INSERT INTO `sys_module` VALUES (10198, '首页板块', 'worksadmin', 'Website', 'homePlate', 10145, 2, 'Website/homePlate', 1, 0, 3, '', '', '', 1, 1510649867, 0);
INSERT INTO `sys_module` VALUES (10199, '添加版块', 'worksadmin', 'Website', 'addhomePlate', 10198, 3, 'Website/addhomePlate', 0, 0, 0, '添加版块', '', '', 1, 0, 0);
INSERT INTO `sys_module` VALUES (10200, '修改版块', 'worksadmin', 'Website', 'updatehomePlate', 10198, 3, 'Website/updatehomePlate', 0, 0, 0, '编辑版块', '', '', 1, 0, 0);
INSERT INTO `sys_module` VALUES (10201, '版块管理', 'worksadmin', 'Website', 'homePlateWork', 10198, 3, 'Website/homePlateWork', 0, 0, 0, '管理版块', '', '', 1, 0, 0);
INSERT INTO `sys_module` VALUES (10202, '添加版块作品', 'worksadmin', 'Website', 'addhomePlateWork', 10198, 3, 'Website/addhomePlateWork', 0, 0, 0, '添加版块作品', '', '', 1, 0, 0);
INSERT INTO `sys_module` VALUES (10203, '修改版块作品', 'worksadmin', 'Website', 'updatehomePlateWork', 10198, 3, 'Website/updatehomePlateWork', 0, 0, 0, '修改版块作品', '', '', 1, 0, 0);
INSERT INTO `sys_module` VALUES (10208, '运营', 'worksadmin', 'Operate', 'couponList', 0, 1, 'Operate/couponList', 1, 0, 9, '', '', '', 1, 1511331285, 0);
INSERT INTO `sys_module` VALUES (10209, '优惠劵', 'worksadmin', 'Operate', 'couponList', 10208, 2, 'Operate/couponList', 1, 0, 0, '', '', '', 1, 1511331358, 0);
INSERT INTO `sys_module` VALUES (10210, '添加优惠活动', 'worksadmin', 'Operate', 'addCoupon', 10209, 3, 'Operate/addCoupon', 1, 0, 0, '', '', '', 1, 1511333082, 0);
INSERT INTO `sys_module` VALUES (10211, '修改优惠活动', 'worksadmin', 'Operate', 'updateCoupon', 10209, 3, 'Operate/updateCoupon', 1, 0, 0, '', '', '', 1, 1511333116, 0);
INSERT INTO `sys_module` VALUES (10213, '订单详情', 'worksadmin', 'Order', 'orderDetail', 10119, 3, 'Order/orderDetail', 1, 0, 0, '', '', '', 1, 1511426016, 0);
INSERT INTO `sys_module` VALUES (10214, '商品', 'worksadmin', 'Goods', 'goodslist', 0, 1, 'Goods/goodslist', 1, 0, 2, '商品列表', '', '', 1, 0, 0);
INSERT INTO `sys_module` VALUES (10215, '商品管理', 'worksadmin', 'Goods', 'goodslist', 10214, 2, 'Goods/goodslist', 1, 0, 1, '商品列表', '', '', 1, 0, 0);
INSERT INTO `sys_module` VALUES (10218, '客服', 'worksadmin', 'Config', 'customer ', 10166, 2, 'Config/customer', 1, 0, 10, '客服设置', '', '', 1, 0, 0);
INSERT INTO `sys_module` VALUES (10219, '资产', 'worksadmin', 'Account', 'courseSalesAccount', 0, 1, 'Account/courseSalesAccount', 1, 0, 0, '', '', '', 1, 1511507088, 1511578635);
INSERT INTO `sys_module` VALUES (10220, '销售统计', 'worksadmin', 'Account', 'courseSalesAccount', 10219, 2, 'Account/courseSalesAccount', 1, 0, 0, '', '', '', 1, 1511507133, 1511581535);
INSERT INTO `sys_module` VALUES (10221, '课程分析', 'worksadmin', 'Account', 'courseAnalysis', 10219, 2, 'Account/courseAnalysis', 1, 0, 0, '', '', '', 1, 1511507200, 0);
INSERT INTO `sys_module` VALUES (10222, '运营报告', 'worksadmin', 'Account', 'worksReport', 10219, 2, 'Account/worksReport', 1, 0, 0, '', '', '', 1, 1511507254, 0);
INSERT INTO `sys_module` VALUES (10223, '销售排行', 'worksadmin', 'Account', 'coursesalesrank', 10219, 2, 'Account/coursesalesrank', 1, 0, 0, '', '', '', 1, 1511507317, 0);
INSERT INTO `sys_module` VALUES (10224, '文章', 'worksadmin', 'Article', 'articlelist', 0, 1, 'Article/articlelist', 1, 0, 3, '', '', '', 1, 1511769003, 1511769266);
INSERT INTO `sys_module` VALUES (10225, '文章列表', 'worksadmin', 'Article', 'articleList', 10224, 2, 'Article/articleList', 1, 0, 1, '', '', '', 1, 1511769381, 0);
INSERT INTO `sys_module` VALUES (10230, '信息总览', 'worksadmin', 'Index', 'index', 10120, 2, 'Index/index', 1, 0, 0, '', '', '', 1, 1511771822, 0);
INSERT INTO `sys_module` VALUES (10238, '添加商品', 'worksadmin', 'Goods', '/ajaxAddUpdateCourse', 10215, 3, 'Goods/ajaxAddUpdateCourse', 1, 0, 0, '', '', '', 1, 1511773027, 0);
INSERT INTO `sys_module` VALUES (10239, '修改商品', 'worksadmin', 'Goods', 'ajaxAddUpdateCourse', 10215, 3, 'Goods/ajaxAddUpdateCourse', 1, 0, 0, '', '', '', 1, 1511773179, 0);
INSERT INTO `sys_module` VALUES (10240, '添加文章', 'worksadmin', 'article', 'addarticle', 10225, 3, 'article/addarticle', 1, 0, 0, '', '', '', 1, 1511773360, 0);
INSERT INTO `sys_module` VALUES (10241, '修改文章', 'worksadmin', 'article', 'updatearticle', 10225, 3, 'article/updatearticle', 1, 0, 0, '', '', '', 1, 1511773454, 0);
INSERT INTO `sys_module` VALUES (10242, '分类管理', 'worksadmin', 'Article', 'articleClassList', 10224, 2, 'Article/articleClassList', 1, 0, 2, '', '', '', 1, 1511780262, 0);
INSERT INTO `sys_module` VALUES (10243, '管理', 'worksadmin', 'Course', 'subject', 0, 1, 'Course/subject', 1, 0, 4, '', '', '', 1, 1512440424, 0);
INSERT INTO `sys_module` VALUES (10244, '专业管理', 'worksadmin', 'Course', 'subject', 10243, 2, 'Course/subject', 1, 0, 1, '', '', '', 1, 1512440486, 0);
INSERT INTO `sys_module` VALUES (10245, '讲师管理', 'worksadmin', 'Course', 'teacher', 10243, 2, 'Course/teacher', 1, 0, 2, '', '', '', 1, 1512440545, 0);
INSERT INTO `sys_module` VALUES (10246, '作品管理', 'worksadmin', 'Works', 'index', 10243, 2, 'Works/index', 1, 0, 3, '', '', '', 1, 1512440607, 0);
INSERT INTO `sys_module` VALUES (10247, '作品列表', 'worksadmin', 'Works', 'works', 10246, 3, 'Works/works', 1, 0, 1, '', '', '', 1, 1512440720, 0);
INSERT INTO `sys_module` VALUES (10248, '添加专业', 'worksadmin', 'Course', 'addSubject', 10244, 3, 'Course/addSubject', 1, 0, 1, '', '', '', 1, 1512440782, 0);
INSERT INTO `sys_module` VALUES (10249, '修改专业', 'worksadmin', 'Course', 'updateSubject', 10244, 3, 'Course/updateSubject', 1, 0, 2, '', '', '', 1, 1512440838, 0);
INSERT INTO `sys_module` VALUES (10250, '添加讲师', 'worksadmin', 'Course', 'addTeacher', 10245, 3, 'Course/addTeacher', 1, 0, 1, '', '', '', 1, 1512440887, 0);
INSERT INTO `sys_module` VALUES (10252, '修改讲师', 'worksadmin', 'Course', 'updateTeacher', 10245, 3, 'Course/updateTeacher', 1, 0, 2, '', '', '', 1, 1512440999, 0);
INSERT INTO `sys_module` VALUES (10253, '章节修改', 'worksadmin', 'Course', 'updateCourseKpoint', 10094, 3, 'Course/updateCourseKpoint', 1, 0, 5, '', '', '', 1, 1512611478, 0);
INSERT INTO `sys_module` VALUES (10254, '章节添加', 'worksadmin', 'Course', 'addCourseKpoint', 10094, 3, 'Course/addCourseKpoint', 1, 0, 6, '', '', '', 1, 1512611550, 1512611600);
INSERT INTO `sys_module` VALUES (10255, '用户', 'worksadmin', 'Auth', 'userList', 0, 1, 'Auth/userList', 1, 0, 7, '', '', '', 1, 1512702926, 0);
INSERT INTO `sys_module` VALUES (10257, '用户列表', 'worksadmin', 'Auth', 'userList', 10255, 2, 'Auth/userList', 1, 0, 1, '', '', '', 1, 1512703495, 0);
INSERT INTO `sys_module` VALUES (10258, '添加用户', 'worksadmin', 'Auth', 'addUser', 10257, 3, 'Auth/addUser', 1, 0, 1, '', '', '', 1, 1512703703, 0);
INSERT INTO `sys_module` VALUES (10259, '修改用户', 'worksadmin', 'Auth', 'editUser', 10257, 3, 'Auth/editUser', 1, 0, 2, '', '', '', 1, 1512703820, 0);
INSERT INTO `sys_module` VALUES (10260, '用户组列表', 'worksadmin', 'auth', 'authgrouplist', 10255, 2, 'auth/authgrouplist', 1, 0, 2, '', '', '', 1, 1512704863, 0);
INSERT INTO `sys_module` VALUES (10261, '用户资料', 'worksadmin', 'auth', 'userdetail', 10255, 2, 'auth/userdetail', 1, 0, 3, '', '', '', 1, 1512705197, 0);
INSERT INTO `sys_module` VALUES (10262, '商品分类列表', 'worksadmin', 'goods', 'goodsClassList', 10214, 2, 'goods/goodsClassList', 1, 0, 2, '', '', '', 1, 1513406434, 0);

-- ----------------------------
-- Table structure for sys_notice
-- ----------------------------
DROP TABLE IF EXISTS `sys_notice`;
CREATE TABLE `sys_notice`  (
  `id` int(11) NOT NULL AUTO_INCREMENT COMMENT '主键',
  `shopid` int(11) NOT NULL COMMENT '店铺ID（单店版为0）',
  `notice_message` varchar(255) CHARACTER SET utf8 COLLATE utf8_general_ci NULL DEFAULT '' COMMENT '公告内容',
  `is_enable` tinyint(1) NULL DEFAULT 0 COMMENT '是否启用（0：隐藏，1：显示）',
  PRIMARY KEY (`id`) USING BTREE
) ENGINE = InnoDB AUTO_INCREMENT = 8 AVG_ROW_LENGTH = 16384 CHARACTER SET = utf8 COLLATE = utf8_general_ci COMMENT = '网站公告' ROW_FORMAT = Compact;

-- ----------------------------
-- Records of sys_notice
-- ----------------------------
INSERT INTO `sys_notice` VALUES (7, 0, 'aaaa', 1);

-- ----------------------------
-- Table structure for sys_notice_template
-- ----------------------------
DROP TABLE IF EXISTS `sys_notice_template`;
CREATE TABLE `sys_notice_template`  (
  `template_id` int(11) NOT NULL AUTO_INCREMENT COMMENT '模板id',
  `template_type` varchar(50) CHARACTER SET utf8 COLLATE utf8_general_ci NOT NULL DEFAULT '' COMMENT '模板类型',
  `instance_id` int(11) NOT NULL DEFAULT 0 COMMENT '店铺id',
  `template_code` varchar(50) CHARACTER SET utf8 COLLATE utf8_general_ci NOT NULL DEFAULT '' COMMENT '模板编号',
  `template_title` varchar(50) CHARACTER SET utf8 COLLATE utf8_general_ci NOT NULL DEFAULT '' COMMENT '模板编号',
  `template_content` text CHARACTER SET utf8 COLLATE utf8_general_ci NOT NULL COMMENT '模板名称',
  `sign_name` varchar(50) CHARACTER SET utf8 COLLATE utf8_general_ci NOT NULL DEFAULT '' COMMENT '签名',
  `is_enable` int(11) NOT NULL DEFAULT 0 COMMENT '是否开启',
  `modify_time` int(11) NULL DEFAULT 0 COMMENT '更新时间',
  `notify_type` varchar(255) CHARACTER SET utf8 COLLATE utf8_general_ci NOT NULL DEFAULT '' COMMENT '通知人类型',
  `notification_mode` text CHARACTER SET utf8 COLLATE utf8_general_ci NOT NULL COMMENT '通知方式',
  PRIMARY KEY (`template_id`) USING BTREE
) ENGINE = InnoDB AUTO_INCREMENT = 27 AVG_ROW_LENGTH = 1170 CHARACTER SET = utf8 COLLATE = utf8_general_ci COMMENT = '通知模版设置' ROW_FORMAT = Compact;

-- ----------------------------
-- Records of sys_notice_template
-- ----------------------------
INSERT INTO `sys_notice_template` VALUES (1, 'email', 0, 'after_register', '注册成功邮箱通知', '<p>{用户名称}</p><p>{商场名称}</p>', '', 1, 1507529149, 'user', '');
INSERT INTO `sys_notice_template` VALUES (2, 'email', 0, 'register_validate', '注册配置', '<p>欢迎来到，英雄联盟，你的验证码是：{验证码}！</p>', '', 1, 1507529149, 'user', '');
INSERT INTO `sys_notice_template` VALUES (3, 'email', 0, 'recharge_success', '111', '', '', 0, 1507529149, 'user', '');
INSERT INTO `sys_notice_template` VALUES (4, 'email', 0, 'confirm_order', '确认订单邮箱提醒', '', '', 0, 1507529149, 'user', '');
INSERT INTO `sys_notice_template` VALUES (5, 'email', 0, 'pay_success', '', '', '', 0, 1507529149, 'user', '');
INSERT INTO `sys_notice_template` VALUES (6, 'email', 0, 'create_order', '', '', '', 0, 1507529149, 'user', '');
INSERT INTO `sys_notice_template` VALUES (7, 'email', 0, 'order_deliver', '', '<p>【{商场名称}】尊敬的用户您好，您购买的{商品名称}{商品规格}已发货，物流公司：{物流公司}，物流单号：{快递编号}。</p>', '', 1, 1507529149, 'user', '');
INSERT INTO `sys_notice_template` VALUES (8, 'email', 0, 'forgot_password', '找回密码', '<p>{验证码}</p>', '', 1, 1507529149, 'user', '');
INSERT INTO `sys_notice_template` VALUES (9, 'email', 0, 'bind_email', '邮箱绑定', '<p>{用户名称}</p><p>{验证码}</p>', '', 1, 1507529149, 'user', '');
INSERT INTO `sys_notice_template` VALUES (10, 'sms', 0, 'after_register', 'SMS_105440053', '', '翼农天下', 1, 1508749911, 'user', '');
INSERT INTO `sys_notice_template` VALUES (11, 'sms', 0, 'register_validate', 'SMS_100240061', '', '翼农天下', 1, 1508749911, 'user', '');
INSERT INTO `sys_notice_template` VALUES (12, 'sms', 0, 'recharge_success', '', '', '', 0, 1508749911, 'user', '');
INSERT INTO `sys_notice_template` VALUES (13, 'sms', 0, 'confirm_order', '', '', '', 0, 1508749911, 'user', '');
INSERT INTO `sys_notice_template` VALUES (14, 'sms', 0, 'pay_success', '', '', '', 0, 1508749911, 'user', '');
INSERT INTO `sys_notice_template` VALUES (15, 'sms', 0, 'create_order', '', '', '', 0, 1508749911, 'user', '');
INSERT INTO `sys_notice_template` VALUES (16, 'sms', 0, 'order_deliver', '', '', '', 0, 1508749911, 'user', '');
INSERT INTO `sys_notice_template` VALUES (17, 'sms', 0, 'forgot_password', 'SMS_98965006', '', '翼农天下', 0, 1508749911, 'user', '');
INSERT INTO `sys_notice_template` VALUES (18, 'sms', 0, 'bind_mobile', 'SMS_98775021', '', '翼农天下', 1, 1508749911, 'user', '');
INSERT INTO `sys_notice_template` VALUES (19, 'email', 0, 'order_remind', '订单提醒测试', '<p>{用户名称}在{商场名称}成功购买商品，订单号{主订单号}，订单金额{订单金额}。</p>', '', 1, 1505991211, 'user', '');
INSERT INTO `sys_notice_template` VALUES (20, 'sms', 0, 'order_remind', 'SMS_95365074', '', 'NiuShop开源商城', 1, 1506500715, 'user', '');
INSERT INTO `sys_notice_template` VALUES (21, 'email', 0, 'refund_order', '用户退款通知', '<p>尊敬的商户，{用户名称}提起了退款申请，请在48小时内处理，非常感谢您的配合。</p><p>退款金额{订单金额}</p>', '', 1, 1506735131, 'business', 'm2513189129@126.com,2513189129@qq.com,1518079521@qq.com');
INSERT INTO `sys_notice_template` VALUES (22, 'email', 0, 'order_remind', '订单提醒测试', '<p>{用户名称}在{商场名称}成功购买商品，订单号{主订单号}，订单金额{订单金额}。</p>', '', 1, 1506735131, 'business', 'm2513189129@126.com,2513189129@qq.com,1518079521@qq.com');
INSERT INTO `sys_notice_template` VALUES (23, 'email', 0, 'recharge_success', '', '', '', 0, 1506735131, 'business', '');
INSERT INTO `sys_notice_template` VALUES (24, 'sms', 0, 'refund_order', 'SMS_98635026', '', '翼农天下', 1, 1506060551, 'business', '15235165131');
INSERT INTO `sys_notice_template` VALUES (25, 'sms', 0, 'order_remind', 'SMS_98000040', '', '翼农天下', 0, 1506060551, 'business', '15235165131');
INSERT INTO `sys_notice_template` VALUES (26, 'sms', 0, 'recharge_success', '', '', '', 0, 1506060551, 'business', '');

-- ----------------------------
-- Table structure for sys_notice_template_item
-- ----------------------------
DROP TABLE IF EXISTS `sys_notice_template_item`;
CREATE TABLE `sys_notice_template_item`  (
  `id` int(11) NOT NULL AUTO_INCREMENT,
  `item_name` varchar(50) CHARACTER SET utf8 COLLATE utf8_general_ci NOT NULL DEFAULT '' COMMENT '项名称',
  `show_name` varchar(50) CHARACTER SET utf8 COLLATE utf8_general_ci NOT NULL DEFAULT '' COMMENT '显示名称',
  `replace_name` varchar(50) CHARACTER SET utf8 COLLATE utf8_general_ci NOT NULL DEFAULT '' COMMENT '替换字段名字',
  `type_ids` varchar(255) CHARACTER SET utf8 COLLATE utf8_general_ci NOT NULL COMMENT '关联type类型',
  `order` int(11) NOT NULL DEFAULT 0 COMMENT '排序',
  PRIMARY KEY (`id`) USING BTREE
) ENGINE = InnoDB AUTO_INCREMENT = 14 AVG_ROW_LENGTH = 1820 CHARACTER SET = utf8 COLLATE = utf8_general_ci COMMENT = '通知模板项' ROW_FORMAT = Compact;

-- ----------------------------
-- Records of sys_notice_template_item
-- ----------------------------
INSERT INTO `sys_notice_template_item` VALUES (1, '商场名称', '{商场名称}', 'shop_name', 'after_register,recharge_success,create_order,pay_success,confirm_order,order_deliver,order_remind,refund_order', 0);
INSERT INTO `sys_notice_template_item` VALUES (2, '用户名称', '{用户名称}', 'user_name', 'after_register,recharge_success,create_order,pay_success,confirm_order,order_deliver,bind_mobile,bind_email,order_remind,refund_order', 1);
INSERT INTO `sys_notice_template_item` VALUES (5, '商品名称', '{商品名称}', 'goods_name', 'order_deliver', 4);
INSERT INTO `sys_notice_template_item` VALUES (6, '商品规格', '{商品规格}', 'goods_sku', 'order_deliver', 5);
INSERT INTO `sys_notice_template_item` VALUES (7, '主订单号', '{主订单号}', 'order_no', 'create_order,pay_success,confirm_order,order_deliver,order_remind,refund_order', 6);
INSERT INTO `sys_notice_template_item` VALUES (8, '订单金额', '{订单金额}', 'order_money', 'create_order,pay_success,confirm_order,order_deliver,order_remind,refund_order', 7);
INSERT INTO `sys_notice_template_item` VALUES (9, '商品金额', '{商品金额}', 'goods_money', 'create_order,pay_success,order_deliver', 8);
INSERT INTO `sys_notice_template_item` VALUES (10, '验证码', '{验证码}', 'number', 'register_validate,forgot_password,bind_mobile,bind_email', 9);
INSERT INTO `sys_notice_template_item` VALUES (11, '充值金额', '{充值金额}', 'recharge_money', 'recharge_success', 0);
INSERT INTO `sys_notice_template_item` VALUES (12, '物流公司', '{物流公司}', 'express_company', 'order_deliver', 0);
INSERT INTO `sys_notice_template_item` VALUES (13, '快递编号', '{快递编号}', 'express_no', 'order_deliver', 0);

-- ----------------------------
-- Table structure for sys_notice_template_type
-- ----------------------------
DROP TABLE IF EXISTS `sys_notice_template_type`;
CREATE TABLE `sys_notice_template_type`  (
  `type_id` int(11) NOT NULL AUTO_INCREMENT,
  `template_name` varchar(50) CHARACTER SET utf8 COLLATE utf8_general_ci NOT NULL DEFAULT '' COMMENT '模板名称',
  `template_code` varchar(50) CHARACTER SET utf8 COLLATE utf8_general_ci NOT NULL DEFAULT '' COMMENT '模板编号',
  `template_type` varchar(50) CHARACTER SET utf8 COLLATE utf8_general_ci NOT NULL DEFAULT '' COMMENT '模板类型',
  `notify_type` varchar(255) CHARACTER SET utf8 COLLATE utf8_general_ci NOT NULL DEFAULT '' COMMENT '通知人类型',
  PRIMARY KEY (`type_id`) USING BTREE
) ENGINE = InnoDB AUTO_INCREMENT = 16 AVG_ROW_LENGTH = 2340 CHARACTER SET = utf8 COLLATE = utf8_general_ci COMMENT = '通知模板类型' ROW_FORMAT = Compact;

-- ----------------------------
-- Records of sys_notice_template_type
-- ----------------------------
INSERT INTO `sys_notice_template_type` VALUES (1, '注册成功', 'after_register', 'all', 'user');
INSERT INTO `sys_notice_template_type` VALUES (2, '注册验证', 'register_validate', 'all', 'user');
INSERT INTO `sys_notice_template_type` VALUES (3, '充值成功', 'recharge_success', 'all', 'user');
INSERT INTO `sys_notice_template_type` VALUES (4, '确认订单', 'confirm_order', 'all', 'user');
INSERT INTO `sys_notice_template_type` VALUES (5, '付款成功', 'pay_success', 'all', 'user');
INSERT INTO `sys_notice_template_type` VALUES (6, '下单成功', 'create_order', 'all', 'user');
INSERT INTO `sys_notice_template_type` VALUES (7, '订单发货', 'order_deliver', 'all', 'user');
INSERT INTO `sys_notice_template_type` VALUES (8, '找回密码', 'forgot_password', 'all', 'user');
INSERT INTO `sys_notice_template_type` VALUES (9, '手机绑定', 'bind_mobile', 'sms', 'user');
INSERT INTO `sys_notice_template_type` VALUES (10, '邮箱绑定', 'bind_email', 'email', 'user');
INSERT INTO `sys_notice_template_type` VALUES (13, '退款订单', 'refund_order', 'all', 'business');
INSERT INTO `sys_notice_template_type` VALUES (14, '订单提醒', 'order_remind', 'all', 'business');
INSERT INTO `sys_notice_template_type` VALUES (15, '充值成功', 'recharge_success', 'all', 'business');

-- ----------------------------
-- Table structure for sys_province
-- ----------------------------
DROP TABLE IF EXISTS `sys_province`;
CREATE TABLE `sys_province`  (
  `province_id` int(11) NOT NULL AUTO_INCREMENT,
  `area_id` tinyint(4) NOT NULL DEFAULT 0,
  `province_name` varchar(255) CHARACTER SET utf8 COLLATE utf8_general_ci NOT NULL DEFAULT '',
  `sort` int(10) NOT NULL DEFAULT 0,
  PRIMARY KEY (`province_id`) USING BTREE,
  INDEX `IDX_g_province_ProvinceName`(`province_name`) USING BTREE
) ENGINE = InnoDB AUTO_INCREMENT = 35 AVG_ROW_LENGTH = 481 CHARACTER SET = utf8 COLLATE = utf8_general_ci ROW_FORMAT = Compact;

-- ----------------------------
-- Records of sys_province
-- ----------------------------
INSERT INTO `sys_province` VALUES (1, 2, '北京市', 1);
INSERT INTO `sys_province` VALUES (2, 2, '天津市', 0);
INSERT INTO `sys_province` VALUES (3, 2, '河北省', 0);
INSERT INTO `sys_province` VALUES (4, 2, '山西省', 0);
INSERT INTO `sys_province` VALUES (5, 2, '内蒙古自治区', 0);
INSERT INTO `sys_province` VALUES (6, 5, '辽宁省', 0);
INSERT INTO `sys_province` VALUES (7, 5, '吉林省', 0);
INSERT INTO `sys_province` VALUES (8, 5, '黑龙江省', 0);
INSERT INTO `sys_province` VALUES (9, 1, '上海市', 0);
INSERT INTO `sys_province` VALUES (10, 1, '江苏省', 0);
INSERT INTO `sys_province` VALUES (11, 1, '浙江省', 0);
INSERT INTO `sys_province` VALUES (12, 1, '安徽省', 0);
INSERT INTO `sys_province` VALUES (13, 3, '福建省', 0);
INSERT INTO `sys_province` VALUES (14, 1, '江西省', 0);
INSERT INTO `sys_province` VALUES (15, 2, '山东省', 0);
INSERT INTO `sys_province` VALUES (16, 4, '河南省', 0);
INSERT INTO `sys_province` VALUES (17, 4, '湖北省', 0);
INSERT INTO `sys_province` VALUES (18, 4, '湖南省', 0);
INSERT INTO `sys_province` VALUES (19, 3, '广东省', 0);
INSERT INTO `sys_province` VALUES (20, 3, '广西壮族自治区', 0);
INSERT INTO `sys_province` VALUES (21, 3, '海南省', 0);
INSERT INTO `sys_province` VALUES (22, 7, '重庆市', 0);
INSERT INTO `sys_province` VALUES (23, 7, '四川省', 0);
INSERT INTO `sys_province` VALUES (24, 7, '贵州省', 0);
INSERT INTO `sys_province` VALUES (25, 7, '云南省', 0);
INSERT INTO `sys_province` VALUES (26, 7, '西藏自治区', 0);
INSERT INTO `sys_province` VALUES (27, 6, '陕西省', 0);
INSERT INTO `sys_province` VALUES (28, 6, '甘肃省', 0);
INSERT INTO `sys_province` VALUES (29, 6, '青海省', 0);
INSERT INTO `sys_province` VALUES (30, 6, '宁夏回族自治区', 0);
INSERT INTO `sys_province` VALUES (31, 6, '新疆维吾尔自治区', 0);
INSERT INTO `sys_province` VALUES (32, 8, '香港特别行政区', 0);
INSERT INTO `sys_province` VALUES (33, 8, '澳门特别行政区', 0);
INSERT INTO `sys_province` VALUES (34, 8, '台湾省', 0);

-- ----------------------------
-- Table structure for sys_url_route
-- ----------------------------
DROP TABLE IF EXISTS `sys_url_route`;
CREATE TABLE `sys_url_route`  (
  `routeid` int(10) UNSIGNED NOT NULL AUTO_INCREMENT,
  `rule` varchar(255) CHARACTER SET utf8 COLLATE utf8_general_ci NOT NULL DEFAULT '' COMMENT '伪静态路由规则',
  `route` varchar(255) CHARACTER SET utf8 COLLATE utf8_general_ci NOT NULL DEFAULT '' COMMENT '路由地址',
  `is_open` int(1) NOT NULL DEFAULT 1 COMMENT '是否启用',
  `is_system` int(1) NOT NULL DEFAULT 0 COMMENT '是否是系统默认',
  `route_model` tinyint(4) NOT NULL DEFAULT 1 COMMENT '配置伪静态使用的模块1.shop2.wap3.admin',
  `remark` text CHARACTER SET utf8 COLLATE utf8_general_ci NOT NULL COMMENT '简介',
  PRIMARY KEY (`routeid`) USING BTREE
) ENGINE = InnoDB AUTO_INCREMENT = 8 AVG_ROW_LENGTH = 2730 CHARACTER SET = utf8 COLLATE = utf8_general_ci COMMENT = '系统伪静态路由' ROW_FORMAT = Compact;

-- ----------------------------
-- Records of sys_url_route
-- ----------------------------
INSERT INTO `sys_url_route` VALUES (1, 'goods', 'shop/goods/goodsinfo', 1, 1, 1, '');
INSERT INTO `sys_url_route` VALUES (2, 'list', 'shop/goods/goodslist', 1, 1, 1, '');
INSERT INTO `sys_url_route` VALUES (3, 'brands', 'shop/goods/brandlist', 1, 1, 1, '');
INSERT INTO `sys_url_route` VALUES (4, 'integralcenter', 'shop/goods/integralcenter', 1, 1, 1, '');
INSERT INTO `sys_url_route` VALUES (5, 'discount', 'shop/index/discount', 1, 1, 1, '');
INSERT INTO `sys_url_route` VALUES (7, 'membercenter', 'shop/member/index', 1, 0, 1, '');

-- ----------------------------
-- Table structure for sys_user
-- ----------------------------
DROP TABLE IF EXISTS `sys_user`;
CREATE TABLE `sys_user`  (
  `uid` int(10) UNSIGNED NOT NULL AUTO_INCREMENT COMMENT '主键',
  `instance_id` int(11) NOT NULL DEFAULT 0 COMMENT '实例信息',
  `user_name` varchar(50) CHARACTER SET utf8 COLLATE utf8_general_ci NOT NULL DEFAULT '' COMMENT '用户名',
  `user_password` varchar(255) CHARACTER SET utf8 COLLATE utf8_general_ci NOT NULL DEFAULT '' COMMENT '用户密码（MD5）',
  `user_status` int(11) NOT NULL DEFAULT 1 COMMENT '用户状态  用户状态默认为1',
  `user_headimg` varchar(255) CHARACTER SET utf8 COLLATE utf8_general_ci NOT NULL DEFAULT '' COMMENT '用户头像',
  `is_system` int(1) NOT NULL DEFAULT 0 COMMENT '是否是系统后台用户 0 不是 1 是',
  `is_member` int(11) NOT NULL DEFAULT 0 COMMENT '是否是前台会员',
  `user_tel` varchar(20) CHARACTER SET utf8 COLLATE utf8_general_ci NOT NULL DEFAULT '' COMMENT '手机号',
  `user_tel_bind` int(1) NOT NULL DEFAULT 0 COMMENT '手机号是否绑定 0 未绑定 1 绑定 ',
  `user_qq` varchar(255) CHARACTER SET utf8 COLLATE utf8_general_ci NULL DEFAULT '' COMMENT 'qq号',
  `qq_openid` varchar(255) CHARACTER SET utf8 COLLATE utf8_general_ci NOT NULL DEFAULT '' COMMENT 'qq互联id',
  `qq_info` varchar(2000) CHARACTER SET utf8 COLLATE utf8_general_ci NOT NULL DEFAULT '' COMMENT 'qq账号相关信息',
  `user_email` varchar(50) CHARACTER SET utf8 COLLATE utf8_general_ci NOT NULL DEFAULT '' COMMENT '邮箱',
  `user_email_bind` int(1) NOT NULL DEFAULT 0 COMMENT '是否邮箱绑定',
  `wx_openid` varchar(255) CHARACTER SET utf8 COLLATE utf8_general_ci NULL DEFAULT NULL COMMENT '微信用户openid',
  `wx_is_sub` int(1) NOT NULL DEFAULT 0 COMMENT '微信用户是否关注',
  `wx_info` varchar(2000) CHARACTER SET utf8 COLLATE utf8_general_ci NULL DEFAULT NULL COMMENT '微信用户信息',
  `other_info` varchar(255) CHARACTER SET utf8 COLLATE utf8_general_ci NULL DEFAULT NULL COMMENT '附加信息',
  `current_login_ip` varchar(255) CHARACTER SET utf8 COLLATE utf8_general_ci NULL DEFAULT NULL COMMENT '当前登录ip',
  `current_login_type` int(11) NULL DEFAULT NULL COMMENT '当前登录的操作终端类型',
  `last_login_ip` varchar(255) CHARACTER SET utf8 COLLATE utf8_general_ci NULL DEFAULT NULL COMMENT '上次登录ip',
  `last_login_type` int(11) NULL DEFAULT NULL COMMENT '上次登录的操作终端类型',
  `login_num` int(11) NOT NULL DEFAULT 0 COMMENT '登录次数',
  `real_name` varchar(50) CHARACTER SET utf8 COLLATE utf8_general_ci NULL DEFAULT '' COMMENT '真实姓名',
  `sex` smallint(6) NULL DEFAULT 0 COMMENT '性别 0保密 1男 2女',
  `location` varchar(255) CHARACTER SET utf8 COLLATE utf8_general_ci NULL DEFAULT '' COMMENT '所在地',
  `nick_name` varchar(50) CHARACTER SET utf8 COLLATE utf8_general_ci NULL DEFAULT '牛酷用户' COMMENT '用户昵称',
  `wx_unionid` varchar(255) CHARACTER SET utf8 COLLATE utf8_general_ci NOT NULL DEFAULT '' COMMENT '微信unionid',
  `qrcode_template_id` int(11) NOT NULL DEFAULT 0 COMMENT '模板id',
  `wx_sub_time` int(11) NULL DEFAULT 0 COMMENT '微信用户关注时间',
  `wx_notsub_time` int(11) NULL DEFAULT 0 COMMENT '微信用户取消关注时间',
  `reg_time` int(11) NULL DEFAULT 0 COMMENT '注册时间',
  `current_login_time` int(11) NULL DEFAULT 0 COMMENT '当前登录时间',
  `last_login_time` int(11) NULL DEFAULT 0 COMMENT '上次登录时间',
  `birthday` int(11) NULL DEFAULT 0 COMMENT '生日',
  PRIMARY KEY (`uid`) USING BTREE
) ENGINE = InnoDB AUTO_INCREMENT = 111 AVG_ROW_LENGTH = 372 CHARACTER SET = utf8 COLLATE = utf8_general_ci COMMENT = '系统用户表' ROW_FORMAT = Compact;

-- ----------------------------
-- Records of sys_user
-- ----------------------------
INSERT INTO `sys_user` VALUES (1, 0, 'admin', 'e10adc3949ba59abbe56e057f20f883e', 1, 'upload/avator/1607588372.png', 1, 1, '15203444341', 0, '3336582', '', '', '313391129@qq.com', 0, '1111', 0, NULL, NULL, '223.11.32.138', 1, '223.11.32.138', 1, 1833, '中学生', 0, 'beijing', 'admin1', '', 1, 0, 0, 1500235349, 1607933021, 1607926981, 1503331200);
INSERT INTO `sys_user` VALUES (2, 0, 'gwgw', '96e79218965eb72c92a549dd5a330112', 1, '', 0, 1, '', 0, '', '', '', '', 0, '', 0, '', '', '147.92.54.10', 1, '45.61.162.219', 1, 233, '', 0, '', 'gwgw', '', 0, 0, 0, 1500281667, 1605592528, 1605357821, 0);
INSERT INTO `sys_user` VALUES (3, 0, 'gaowei', '96e79218965eb72c92a549dd5a330112', 1, '', 0, 1, '', 0, '', '', '', '', 0, '', 0, '', '', '0.0.0.0', 1, '0.0.0.0', 1, 236, '', 1, '', 'gw', '', 0, 0, 0, 1500282391, 1511244491, 1502961873, 0);
INSERT INTO `sys_user` VALUES (5, 0, 'gaowei123', '96e79218965eb72c92a549dd5a330112', 1, '', 0, 1, '', 0, '', '', '', '', 0, '', 0, '', '', '0.0.0.0', 1, '0.0.0.0', 1, 254, '', 0, '', 'gaowei123', '', 0, 0, 0, 1500888792, 1500969108, 1500969056, 0);
INSERT INTO `sys_user` VALUES (6, 0, 'lzw', '96e79218965eb72c92a549dd5a330112', 1, 'http://p0bntmyzp.bkt.clouddn.com/51e61442915c58b7dec985a2d5f2ea4b', 0, 1, '', 0, '12345678', '', '', '330394331@qq.com', 0, '', 0, '', '', '0.0.0.0', 1, '0.0.0.0', 1, 286, '111', 1, '太原', 'lzw111', '', 0, 0, 0, 1501068417, 1514431311, 1513996282, 788889600);
INSERT INTO `sys_user` VALUES (7, 0, 'xxc', 'e10adc3949ba59abbe56e057f20f883e', 1, '', 0, 1, '', 0, '', '', '', '', 0, '', 0, '', '', '223.11.32.138', 1, '223.11.32.138', 1, 243, '', 0, '', 'xxc', '', 0, 0, 0, 1501119486, 1607931832, 1607919824, 0);
INSERT INTO `sys_user` VALUES (8, 0, 'gaoweieee', '96e79218965eb72c92a549dd5a330112', 1, '', 0, 1, '', 0, '', '', '', '', 0, '', 0, '', '', '0.0.0.0', 1, '', 0, 234, '', 0, '', 'gaoweieee', '', 0, 0, 0, 1501212346, 1501212346, 0, 0);
INSERT INTO `sys_user` VALUES (9, 0, 'gggg9999', '733d7be2196ff70efaf6913fc8bdcabf', 1, '', 0, 1, '', 0, '', '', '', '', 0, '', 0, '', '', '0.0.0.0', 1, '0.0.0.0', 1, 235, '', 0, '', 'gggg9999', '', 0, 0, 0, 1501213076, 1501213076, 1501213076, 0);
INSERT INTO `sys_user` VALUES (10, 0, 'qqqqqq', '96e79218965eb72c92a549dd5a330112', 1, '', 0, 1, '', 0, '', '', '', '', 0, '', 0, '', '', '0.0.0.0', 1, '0.0.0.0', 1, 235, '', 0, '', 'qqqqqq', '', 0, 0, 0, 1501660628, 1501662007, 1501660629, 0);
INSERT INTO `sys_user` VALUES (11, 0, '111', '733d7be2196ff70efaf6913fc8bdcabf', 1, '', 0, 1, '', 0, '', '', '', '', 0, '', 0, '', '', NULL, NULL, NULL, NULL, 233, '', 1, '', '111', '', 0, 0, 0, 1501846140, 1501846140, 0, 0);
INSERT INTO `sys_user` VALUES (12, 0, '133333467090', 'e10adc3949ba59abbe56e057f20f883e', 1, '', 0, 1, '', 0, '', '', '', '', 0, '', 0, '', '', '0.0.0.0', 1, '0.0.0.0', 1, 215, '', 0, '', '133333467090', '', 0, 0, 0, 1502704786, 1502704787, 1502704786, 0);
INSERT INTO `sys_user` VALUES (13, 0, 'lg111', 'e10adc3949ba59abbe56e057f20f883e', 1, '', 0, 1, '', 0, '', '', '', '', 0, '', 0, '', '', '0.0.0.0', 1, '', 0, 214, '', 0, '', 'lg111', '', 0, 0, 0, 1502879609, 1502879609, 0, 0);
INSERT INTO `sys_user` VALUES (14, 0, 'gaowei111', '96e79218965eb72c92a549dd5a330112', 1, '', 0, 1, '', 0, '', '', '', '', 0, '', 0, '', '', '0.0.0.0', 1, '', 0, 214, '', 0, '', 'gaowei111', '', 0, 0, 0, 1503019255, 1503019255, 0, 0);
INSERT INTO `sys_user` VALUES (19, 0, 'ccccc', 'e10adc3949ba59abbe56e057f20f883e', 1, '', 0, 1, '15263524524', 0, '', '', '', '', 0, '', 0, '', '', '0.0.0.0', 1, '', 0, 215, '', 0, '', '18734824089', '', 0, 0, 0, 1503560019, 1503560020, 0, 0);
INSERT INTO `sys_user` VALUES (20, 0, 'gaowei888888', 'e3ceb5881a0a1fdaad01296d7554868d', 1, '', 0, 1, '', 0, '', '', '', '', 0, '', 0, '', '', '0.0.0.0', 1, '0.0.0.0', 1, 215, '', 0, '', 'gaowei888888', '', 0, 0, 0, 1503564412, 1503565892, 1503564413, 0);
INSERT INTO `sys_user` VALUES (21, 0, 'zxx', 'e10adc3949ba59abbe56e057f20f883e', 1, '', 0, 1, '', 0, '', '', '', '', 0, '', 0, '', '', '0.0.0.0', 1, '0.0.0.0', 1, 215, '', 0, '', 'zxx', '', 0, 0, 0, 1503899963, 1503899964, 1503899964, 0);
INSERT INTO `sys_user` VALUES (22, 0, 'wyc', 'e10adc3949ba59abbe56e057f20f883e', 1, '', 0, 1, '', 0, '', '', '', '2513189129@qq.com', 0, '', 0, '', '', '0.0.0.0', 1, '0.0.0.0', 1, 221, '', 0, '', 'wyc', '', 0, 0, 0, 1504170145, 1508724788, 1507619668, 0);
INSERT INTO `sys_user` VALUES (30, 0, 'wyc123', 'e10adc3949ba59abbe56e057f20f883e', 1, '', 0, 1, '', 0, '', '', '', '', 0, '', 0, '', '', '0.0.0.0', 1, '0.0.0.0', 1, 215, '', 0, '', 'wyc123', '', 0, 0, 0, 1504758705, 1505390250, 1504758706, 0);
INSERT INTO `sys_user` VALUES (31, 0, 'xxs', 'e10adc3949ba59abbe56e057f20f883e', 1, '', 1, 1, '', 0, '', '', '', '', 0, '', 0, '', '', '0.0.0.0', 1, '0.0.0.0', 1, 220, '', 0, '', 'xxs', '', 0, 0, 0, 1504842070, 1506499623, 1506499613, 0);
INSERT INTO `sys_user` VALUES (32, 0, 'lg321', 'e10adc3949ba59abbe56e057f20f883e', 1, '', 1, 1, '', 0, '', '', '', '', 0, '', 0, '', '', '0.0.0.0', 1, '', 0, 214, '', 0, '', 'lg321', '', 0, 0, 0, 1505125003, 1505125417, 0, 0);
INSERT INTO `sys_user` VALUES (33, 0, 'ls', 'e10adc3949ba59abbe56e057f20f883e', 1, '', 1, 1, '', 0, '', '', '', '', 0, '', 0, '', '', '0.0.0.0', 1, '', 0, 214, '', 0, '', 'ls', '', 0, 0, 0, 1505359848, 1505360000, 0, 0);
INSERT INTO `sys_user` VALUES (35, 0, '@@@', 'e10adc3949ba59abbe56e057f20f883e', 1, '', 0, 1, '', 0, '', '', '', '', 0, '', 0, '', '', '0.0.0.0', 1, '', 0, 214, '', 0, '', '@@@', '', 0, 0, 0, 1505363087, 1505363087, 0, 0);
INSERT INTO `sys_user` VALUES (46, 0, '18234064950', 'e10adc3949ba59abbe56e057f20f883e', 1, '', 0, 1, '18234064950', 0, '', '', '', '2513189123@qq.com', 0, '', 0, '', '', '0.0.0.0', 1, '0.0.0.0', 1, 4, '', 0, '', '18234064952', '', 0, 0, 0, 1505390765, 1508494429, 1506586786, 0);
INSERT INTO `sys_user` VALUES (52, 0, 'freedomhua', '96e79218965eb72c92a549dd5a330112', 1, '', 0, 1, '', 0, '', '', '', '', 0, '', 0, '', '', '0.0.0.0', 1, '0.0.0.0', 1, 215, '', 0, '', 'freedomhua', '', 0, 0, 0, 1506332363, 1506332364, 1506332363, 0);
INSERT INTO `sys_user` VALUES (55, 0, '15235165131', 'e10adc3949ba59abbe56e057f20f883e', 1, '', 0, 1, '15235165131', 0, '', '', '', '', 0, '', 0, '', '', '0.0.0.0', 1, '', 0, 214, '', 0, '', '15235165131', '', 0, 0, 0, 1506506780, 1506506781, 0, 0);
INSERT INTO `sys_user` VALUES (56, 0, '15263524524', 'e10adc3949ba59abbe56e057f20f883e', 1, '', 0, 1, '15263524524', 0, '', '', '', '', 0, '', 0, '', '', '0.0.0.0', 1, '', 0, 214, '', 0, '', '15263524524', '', 0, 0, 0, 1506507513, 1506507514, 0, 0);
INSERT INTO `sys_user` VALUES (57, 0, '18234064955', 'e10adc3949ba59abbe56e057f20f883e', 1, '', 0, 1, '18234064955', 0, '', '', '', '', 0, '', 0, '', '', '0.0.0.0', 1, '', 0, 214, '', 0, '', '18234064955', '', 0, 0, 0, 1506508899, 1506508900, 0, 0);
INSERT INTO `sys_user` VALUES (58, 0, 'zkf123', 'e10adc3949ba59abbe56e057f20f883e', 1, '', 0, 1, '', 0, '', '', '', '', 0, '', 0, '', '', '0.0.0.0', 1, '0.0.0.0', 1, 216, '', 0, '', 'zkf123', '', 0, 0, 0, 1506678296, 1506761528, 1506734291, 0);
INSERT INTO `sys_user` VALUES (59, 0, 'zkf', 'e10adc3949ba59abbe56e057f20f883e', 1, '', 0, 1, '', 0, '', '', '', '', 0, '', 0, '', '', '0.0.0.0', 1, '0.0.0.0', 1, 217, '', 0, '', 'zkf', '', 0, 0, 0, 1507520927, 1507622915, 1507535306, 0);
INSERT INTO `sys_user` VALUES (60, 0, 'zzz', 'e10adc3949ba59abbe56e057f20f883e', 1, '', 1, 1, '', 0, '', '', '', '', 0, '', 0, '', '', '0.0.0.0', 1, '0.0.0.0', 1, 225, '', 0, '', 'zzz', '', 0, 0, 0, 1507710507, 1507781496, 1507715449, 0);
INSERT INTO `sys_user` VALUES (61, 0, 'wyc321', 'e10adc3949ba59abbe56e057f20f883e', 1, '', 0, 1, '', 0, '', '', '', '', 0, '', 0, '', '', '0.0.0.0', 1, '', 0, 214, '', 0, '', 'wyc321', '', 0, 0, 0, 1508752462, 1508752462, 0, 0);
INSERT INTO `sys_user` VALUES (62, 0, 'admin123', 'e10adc3949ba59abbe56e057f20f883e', 1, '', 0, 1, '', 0, '', '', '', '', 0, '', 0, '', '', '0.0.0.0', 1, '0.0.0.0', 1, 220, '', 0, '', 'admin123', '', 0, 0, 0, 1510210898, 1510303324, 1510301365, 0);
INSERT INTO `sys_user` VALUES (63, 0, 'admin1', 'e10adc3949ba59abbe56e057f20f883e', 1, '', 0, 1, '', 0, '', '', '', '', 0, '', 0, '', '', '0.0.0.0', 1, '0.0.0.0', 1, 217, '', 0, '', 'admin1', '', 0, 0, 0, 1510211698, 1512954627, 1512804065, 0);
INSERT INTO `sys_user` VALUES (64, 0, 'admin12', 'e10adc3949ba59abbe56e057f20f883e', 1, '', 0, 1, '', 0, '', '', '', '', 0, '', 0, '', '', '0.0.0.0', 1, '', 0, 214, '', 0, '', 'admin12', '', 0, 0, 0, 1510211743, 1510211743, 0, 0);
INSERT INTO `sys_user` VALUES (65, 0, 'admin1234', 'e10adc3949ba59abbe56e057f20f883e', 1, '', 0, 1, '', 0, '', '', '', '', 0, '', 0, '', '', '0.0.0.0', 1, '', 0, 214, '', 0, '', 'admin1234', '', 0, 0, 0, 1510213622, 1510213623, 0, 0);
INSERT INTO `sys_user` VALUES (66, 0, 'admin12345', 'e10adc3949ba59abbe56e057f20f883e', 1, '', 0, 1, '', 0, '', '', '', '', 0, '', 0, '', '', '0.0.0.0', 1, '', 0, 214, '', 0, '', 'admin12345', '', 0, 0, 0, 1510217987, 1510217987, 0, 0);
INSERT INTO `sys_user` VALUES (67, 0, 'testtest', 'e10adc3949ba59abbe56e057f20f883e', 1, '', 0, 1, '', 0, '', '', '', '', 0, '', 0, '', '', '0.0.0.0', 1, '', 0, 214, '', 0, '', 'testtest', '', 0, 0, 0, 1510218285, 1510218286, 0, 0);
INSERT INTO `sys_user` VALUES (68, 0, 'xiaohong ', 'e10adc3949ba59abbe56e057f20f883e', 1, 'upload/avator/2017111309141354.png', 0, 1, '', 0, '3303985214', '', '', '', 0, '', 0, '', '', '0.0.0.0', 1, '0.0.0.0', 1, 243, '序号', 0, '山西', '小红', '', 0, 0, 0, 1510282962, 1510624042, 1510564248, 700243200);
INSERT INTO `sys_user` VALUES (69, 0, 'xiaohong1', 'fcea920f7412b5da7be0cf42b8c93759', 1, '', 0, 1, '', 0, '', '', '', '', 0, '', 0, '', '', '0.0.0.0', 1, '0.0.0.0', 1, 208, '', 0, '', 'xiaohong1', '', 0, 0, 0, 1510283116, 1510288691, 1510287866, 0);
INSERT INTO `sys_user` VALUES (70, 0, 'xiaoming', 'fcea920f7412b5da7be0cf42b8c93759', 1, '', 0, 1, '', 0, '', '', '', '', 0, '', 0, '', '', '0.0.0.0', 1, '', 0, 187, '', 0, '', 'xiaoming', '', 0, 0, 0, 1510284606, 1510284607, 0, 0);
INSERT INTO `sys_user` VALUES (71, 0, 'xiaowang', 'fcea920f7412b5da7be0cf42b8c93759', 1, '', 0, 1, '', 0, '', '', '', '', 0, '', 0, '', '', '0.0.0.0', 1, '', 0, 184, '', 0, '', 'xiaowang', '', 0, 0, 0, 1510284778, 1510284778, 0, 0);
INSERT INTO `sys_user` VALUES (72, 0, 'xiaohong12', 'e10adc3949ba59abbe56e057f20f883e', 1, '', 0, 1, '', 0, '', '', '', '', 0, '', 0, '', '', '0.0.0.0', 1, '', 0, 168, '', 0, '', 'xiaohong12', '', 0, 0, 0, 1510288114, 1510288115, 0, 0);
INSERT INTO `sys_user` VALUES (73, 0, 'xiaohong123', 'e10adc3949ba59abbe56e057f20f883e', 1, '', 0, 1, '', 0, '', '', '', '', 0, '', 0, '', '', '0.0.0.0', 1, '0.0.0.0', 1, 170, '', 0, '', 'xiaohong123', '', 0, 0, 0, 1510288228, 1510288343, 1510288252, 0);
INSERT INTO `sys_user` VALUES (74, 0, 'daming', 'e10adc3949ba59abbe56e057f20f883e', 1, '', 0, 1, '', 0, '', '', '', '', 0, '', 0, '', '', '0.0.0.0', 1, '', 0, 166, '', 0, '', 'daming', '', 0, 0, 0, 1510564325, 1510564325, 0, 0);
INSERT INTO `sys_user` VALUES (75, 0, 'admintest', 'e10adc3949ba59abbe56e057f20f883e', 1, '', 0, 1, '', 0, '', '', '', '', 0, '', 0, '', '', '223.11.38.133', 1, '0.0.0.0', 1, 161, '', 0, '', 'admintest', '', 0, 0, 0, 1510998158, 1562564931, 1510998159, 0);
INSERT INTO `sys_user` VALUES (77, 0, 'zhaoheilei', 'e10adc3949ba59abbe56e057f20f883e', 1, '', 0, 1, '', 0, '', '', '', '', 0, '', 0, '', '', '0.0.0.0', 1, '0.0.0.0', 1, 156, '', 0, '', 'zhaoheilei', '', 0, 0, 0, 1511334912, 1511334912, 1511334912, 0);
INSERT INTO `sys_user` VALUES (78, 0, 'zhaohailei4321', 'e10adc3949ba59abbe56e057f20f883e', 1, '', 0, 1, '', 0, '', '', '', '', 0, '', 0, '', '', '0.0.0.0', 1, '0.0.0.0', 1, 160, '', 0, '', 'zhaohailei4321', '', 0, 0, 0, 1511337239, 1511352325, 1511345646, 0);
INSERT INTO `sys_user` VALUES (79, 0, 'lzw1', '670b14728ad9902aecba32e22fa4f6bd', 1, '', 0, 1, '', 0, '', '', '', '', 0, '', 0, '', '', '0.0.0.0', 1, '0.0.0.0', 1, 159, '', 0, '', 'lzw1', '', 0, 0, 0, 1511349600, 1511435927, 1511351405, 0);
INSERT INTO `sys_user` VALUES (80, 0, 'zhl', 'e10adc3949ba59abbe56e057f20f883e', 1, 'http://p0bntmyzp.bkt.clouddn.com/a7109d07cfb1ca18365c61e244c1fea4', 0, 1, '', 0, '', '', '', '', 0, '', 0, '', '', '0.0.0.0', 1, '0.0.0.0', 1, 179, '', 0, '', 'zhl', '', 0, 0, 0, 1512459659, 1514253098, 1513735883, 0);
INSERT INTO `sys_user` VALUES (82, 0, 'zhaoyun', 'e10adc3949ba59abbe56e057f20f883e', 1, 'http://p0bntmyzp.bkt.clouddn.com/a689e6656a367580d7ffdc8613208608', 0, 1, '', 0, '', '', '', '', 0, '', 0, '', '', '0.0.0.0', 1, '0.0.0.0', 1, 162, '', 0, '', 'zhaoyun', '', 0, 0, 0, 1513934451, 1514187942, 1514187777, 0);
INSERT INTO `sys_user` VALUES (83, 0, 'zhaoyun1', 'e10adc3949ba59abbe56e057f20f883e', 1, 'http://p0bntmyzp.bkt.clouddn.com/1b850a0ebab0b94ee2205668f2da5516', 0, 1, '', 0, '', '', '', '', 0, '', 0, '', '', '0.0.0.0', 1, '0.0.0.0', 1, 169, '', 0, '', 'zhaoyun1', '', 0, 0, 0, 1514185435, 1515147056, 1514546384, 0);
INSERT INTO `sys_user` VALUES (84, 0, 'test', 'e10adc3949ba59abbe56e057f20f883e', 1, '', 0, 1, '', 0, '', '', '', '', 0, '', 0, '', '', '0.0.0.0', 1, '', 0, 155, '', 0, '', 'test', '', 0, 0, 0, 1559733955, 1559733956, 0, 0);
INSERT INTO `sys_user` VALUES (85, 0, 'chenliang', 'acafbed4c8be5f7dd55d28d20e37303f', 1, '', 0, 1, '', 0, '', '', '', '', 0, '', 0, '', '', '112.64.119.57', 1, '112.64.119.57', 1, 151, '', 0, '', 'chenliang', '', 0, 0, 0, 1563200690, 1563200690, 1563200690, 0);
INSERT INTO `sys_user` VALUES (86, 0, 'test1', 'e10adc3949ba59abbe56e057f20f883e', 1, '', 0, 1, '', 0, '', '', '', '', 0, '', 0, '', '', '120.85.64.20', 1, '', 0, 127, '', 0, '', 'test1', '', 0, 0, 0, 1572851268, 1572851268, 0, 0);
INSERT INTO `sys_user` VALUES (87, 0, 'dsanys', 'a0299596017ba4932b017087ed0414f7', 1, '', 0, 1, '', 0, '', '', '', '', 0, '', 0, '', '', '60.174.159.30', 1, '', 0, 116, '', 0, '', 'dsanys', '', 0, 0, 0, 1573800467, 1573800467, 0, 0);
INSERT INTO `sys_user` VALUES (88, 0, '!S!WCRTESTINPUT000000!E!', 'd7abeebc97d7f9943dd1ae20e866dc09', 1, '', 0, 1, '', 0, '', '', '', '', 0, '', 0, '', '', '117.63.46.174', 1, '', 0, 85, '', 0, '', '!S!WCRTESTINPUT000000!E!', '', 0, 0, 0, 1579548793, 1579548793, 0, 0);
INSERT INTO `sys_user` VALUES (89, 0, '!S!WCRTESTINPUT000000!E!\' aNd \'7\'=\'7', 'd7abeebc97d7f9943dd1ae20e866dc09', 1, '', 0, 1, '', 0, '', '', '', '', 0, '', 0, '', '', '117.63.46.174', 1, '', 0, 85, '', 0, '', '!S!WCRTESTINPUT000000!E!\' aNd \'7\'=\'7', '', 0, 0, 0, 1579548795, 1579548795, 0, 0);
INSERT INTO `sys_user` VALUES (90, 0, '!S!WCRTESTINPUT000000!E!\' aNd \'7\'=\'2', 'd7abeebc97d7f9943dd1ae20e866dc09', 1, '', 0, 1, '', 0, '', '', '', '', 0, '', 0, '', '', '117.63.46.174', 1, '', 0, 85, '', 0, '', '!S!WCRTESTINPUT000000!E!\' aNd \'7\'=\'2', '', 0, 0, 0, 1579548797, 1579548797, 0, 0);
INSERT INTO `sys_user` VALUES (91, 0, '!S!WCRTESTINPUT000000&lt;&gt;&lt;&gt;%3c%3e!E!', 'd7abeebc97d7f9943dd1ae20e866dc09', 1, '', 0, 1, '', 0, '', '', '', '', 0, '', 0, '', '', NULL, NULL, NULL, NULL, 84, '', 0, '', '!S!WCRTESTINPUT000000&lt;&gt;&lt;&gt;%3c%3e!E!', '', 0, 0, 0, 1579548798, 0, 0, 0);
INSERT INTO `sys_user` VALUES (92, 0, '1 aNd 7=7', 'd7abeebc97d7f9943dd1ae20e866dc09', 1, '', 0, 1, '', 0, '', '', '', '', 0, '', 0, '', '', '117.63.46.174', 1, '', 0, 85, '', 0, '', '1 aNd 7=7', '', 0, 0, 0, 1579548800, 1579548801, 0, 0);
INSERT INTO `sys_user` VALUES (93, 0, '1 aNd 7=2', 'd7abeebc97d7f9943dd1ae20e866dc09', 1, '', 0, 1, '', 0, '', '', '', '', 0, '', 0, '', '', '117.63.46.174', 1, '', 0, 85, '', 0, '', '1 aNd 7=2', '', 0, 0, 0, 1579548803, 1579548803, 0, 0);
INSERT INTO `sys_user` VALUES (94, 0, '1\' aNd \'7\'=\'7', 'd7abeebc97d7f9943dd1ae20e866dc09', 1, '', 0, 1, '', 0, '', '', '', '', 0, '', 0, '', '', '117.63.46.174', 1, '', 0, 85, '', 0, '', '1\' aNd \'7\'=\'7', '', 0, 0, 0, 1579548804, 1579548804, 0, 0);
INSERT INTO `sys_user` VALUES (95, 0, '1\' aNd \'7\'=\'2', 'd7abeebc97d7f9943dd1ae20e866dc09', 1, '', 0, 1, '', 0, '', '', '', '', 0, '', 0, '', '', '117.63.46.174', 1, '', 0, 85, '', 0, '', '1\' aNd \'7\'=\'2', '', 0, 0, 0, 1579548806, 1579548806, 0, 0);
INSERT INTO `sys_user` VALUES (96, 0, '99999999 oR 7=7', 'd7abeebc97d7f9943dd1ae20e866dc09', 1, '', 0, 1, '', 0, '', '', '', '', 0, '', 0, '', '', '117.63.46.174', 1, '', 0, 85, '', 0, '', '99999999 oR 7=7', '', 0, 0, 0, 1579548807, 1579548807, 0, 0);
INSERT INTO `sys_user` VALUES (97, 0, '99999999 oR 7=2', 'd7abeebc97d7f9943dd1ae20e866dc09', 1, '', 0, 1, '', 0, '', '', '', '', 0, '', 0, '', '', '117.63.46.174', 1, '', 0, 85, '', 0, '', '99999999 oR 7=2', '', 0, 0, 0, 1579548808, 1579548808, 0, 0);
INSERT INTO `sys_user` VALUES (98, 0, '99999999\' oR \'7\'=\'7', 'd7abeebc97d7f9943dd1ae20e866dc09', 1, '', 0, 1, '', 0, '', '', '', '', 0, '', 0, '', '', '117.63.46.174', 1, '', 0, 85, '', 0, '', '99999999\' oR \'7\'=\'7', '', 0, 0, 0, 1579548808, 1579548808, 0, 0);
INSERT INTO `sys_user` VALUES (99, 0, '99999999\' oR \'7\'=\'2', 'd7abeebc97d7f9943dd1ae20e866dc09', 1, '', 0, 1, '', 0, '', '', '', '', 0, '', 0, '', '', '117.63.46.174', 1, '', 0, 85, '', 0, '', '99999999\' oR \'7\'=\'2', '', 0, 0, 0, 1579548809, 1579548809, 0, 0);
INSERT INTO `sys_user` VALUES (100, 0, '99999999\'] | * | user[@role=\'admin', 'd7abeebc97d7f9943dd1ae20e866dc09', 1, '', 0, 1, '', 0, '', '', '', '', 0, '', 0, '', '', '117.63.46.174', 1, '', 0, 85, '', 0, '', '99999999\'] | * | user[@role=\'admin', '', 0, 0, 0, 1579548809, 1579548809, 0, 0);
INSERT INTO `sys_user` VALUES (101, 0, '99999999', 'd7abeebc97d7f9943dd1ae20e866dc09', 1, '', 0, 1, '', 0, '', '', '', '', 0, '', 0, '', '', '117.63.46.174', 1, '', 0, 85, '', 0, '', '99999999', '', 0, 0, 0, 1579548810, 1579548810, 0, 0);
INSERT INTO `sys_user` VALUES (102, 0, '\' oR \'%\'=\'', 'd7abeebc97d7f9943dd1ae20e866dc09', 1, '', 0, 1, '', 0, '', '', '', '', 0, '', 0, '', '', '117.63.46.174', 1, '', 0, 85, '', 0, '', '\' oR \'%\'=\'', '', 0, 0, 0, 1579548810, 1579548810, 0, 0);
INSERT INTO `sys_user` VALUES (103, 0, '\' oR \'%\'=\'2', 'd7abeebc97d7f9943dd1ae20e866dc09', 1, '', 0, 1, '', 0, '', '', '', '', 0, '', 0, '', '', '117.63.46.174', 1, '', 0, 85, '', 0, '', '\' oR \'%\'=\'2', '', 0, 0, 0, 1579548811, 1579548811, 0, 0);
INSERT INTO `sys_user` VALUES (104, 0, '123456', 'e10adc3949ba59abbe56e057f20f883e', 1, '', 0, 1, '', 0, '', '', '', '', 0, '', 0, '', '', '221.231.187.173', 1, '', 0, 82, '', 0, '', '123456', '', 0, 0, 0, 1585192251, 1585192251, 0, 0);
INSERT INTO `sys_user` VALUES (105, 0, 'wlb', '0a810f090a39a063538789b7656712c7', 1, '', 0, 1, '', 0, '', '', '', '', 0, '', 0, '', '', '223.11.33.134', 1, '', 0, 60, '', 0, '', 'wlb', '', 0, 0, 0, 1596531447, 1596531447, 0, 0);
INSERT INTO `sys_user` VALUES (106, 0, 'HRW', 'e10adc3949ba59abbe56e057f20f883e', 1, '', 0, 1, '', 0, '', '', '', '', 0, '', 0, '', '', '223.11.33.217', 1, '', 0, 60, '', 0, '', 'HRW', '', 0, 0, 0, 1598411267, 1598411267, 0, 0);
INSERT INTO `sys_user` VALUES (107, 0, 'ckadmin', '958c4a65eb9c5fa3445482e88ba797c9', 1, 'upload/avator/202010101622041532.php', 0, 1, '', 0, '', '', '', '', 0, '', 0, '', '', '120.239.176.185', 1, '', 0, 25, '', 0, '', 'ckadmin', '', 0, 0, 0, 1602317963, 1602317963, 0, 0);
INSERT INTO `sys_user` VALUES (108, 0, 'wang', 'e10adc3949ba59abbe56e057f20f883e', 1, '', 0, 1, '', 0, '', '', '', '', 0, '', 0, '', '', '223.11.33.189', 1, '', 0, 21, '', 0, '', 'wang', '', 0, 0, 0, 1602660116, 1602660116, 0, 0);
INSERT INTO `sys_user` VALUES (109, 0, '777', '895ed8fd5e293ff8cc94ca0a704e8509', 1, '', 0, 1, '', 0, '', '', '', '', 0, '', 0, '', '', '117.179.85.113', 1, '', 0, 11, '', 0, '', '777', '', 0, 0, 0, 1603001028, 1603001028, 0, 0);
INSERT INTO `sys_user` VALUES (110, 0, '1346722308911', '25f9e794323b453885f5181f1b624d0b', 1, '', 0, 1, '', 0, '', '', '', '', 0, '', 0, '', '', '223.11.35.238', 1, '', 0, 4, '', 0, '', '1346722308911', '', 0, 0, 0, 1604916375, 1604916375, 0, 0);

-- ----------------------------
-- Table structure for sys_user_admin
-- ----------------------------
DROP TABLE IF EXISTS `sys_user_admin`;
CREATE TABLE `sys_user_admin`  (
  `uid` int(11) NOT NULL DEFAULT 0 COMMENT 'user用户ID',
  `admin_name` varchar(50) CHARACTER SET utf8 COLLATE utf8_general_ci NOT NULL DEFAULT '' COMMENT '用户姓名',
  `group_id_array` int(11) NOT NULL DEFAULT 0 COMMENT '系统用户组',
  `is_admin` int(1) NOT NULL DEFAULT 0 COMMENT '是否是系统管理员组',
  `admin_status` int(11) NULL DEFAULT 1 COMMENT '状态 默认为1',
  `desc` text CHARACTER SET utf8 COLLATE utf8_general_ci NULL COMMENT '附加信息',
  PRIMARY KEY (`uid`) USING BTREE
) ENGINE = InnoDB AVG_ROW_LENGTH = 910 CHARACTER SET = utf8 COLLATE = utf8_general_ci COMMENT = '后台管理员表' ROW_FORMAT = Compact;

-- ----------------------------
-- Records of sys_user_admin
-- ----------------------------
INSERT INTO `sys_user_admin` VALUES (1, '管理员', 1, 1, 1, NULL);
INSERT INTO `sys_user_admin` VALUES (31, 'xxs', 5, 0, 1, '');
INSERT INTO `sys_user_admin` VALUES (32, 'lg321', 6, 0, 1, '后台添加的供应商');
INSERT INTO `sys_user_admin` VALUES (33, 'ls', 7, 0, 1, '后台添加的供应商');
INSERT INTO `sys_user_admin` VALUES (60, 'zzz', 10, 0, 1, '');

-- ----------------------------
-- Table structure for sys_user_group
-- ----------------------------
DROP TABLE IF EXISTS `sys_user_group`;
CREATE TABLE `sys_user_group`  (
  `group_id` int(10) UNSIGNED NOT NULL AUTO_INCREMENT COMMENT '主键',
  `instance_id` int(11) NOT NULL DEFAULT 1 COMMENT '实例ID',
  `group_name` varchar(50) CHARACTER SET utf8 COLLATE utf8_general_ci NOT NULL DEFAULT '' COMMENT '用户组名称',
  `group_status` int(11) NOT NULL DEFAULT 1 COMMENT '用户组状态',
  `is_system` int(1) NOT NULL DEFAULT 0 COMMENT '是否是系统用户组',
  `module_id_array` text CHARACTER SET utf8 COLLATE utf8_general_ci NOT NULL COMMENT '系统模块ID组，用，隔开',
  `desc` text CHARACTER SET utf8 COLLATE utf8_general_ci NULL COMMENT '描述',
  `create_time` int(11) NULL DEFAULT 0 COMMENT '创建时间',
  `modify_time` int(11) NULL DEFAULT 0 COMMENT '修改时间',
  PRIMARY KEY (`group_id`) USING BTREE
) ENGINE = InnoDB AUTO_INCREMENT = 11 AVG_ROW_LENGTH = 963 CHARACTER SET = utf8 COLLATE = utf8_general_ci COMMENT = '系统用户组表' ROW_FORMAT = Compact;

-- ----------------------------
-- Records of sys_user_group
-- ----------------------------
INSERT INTO `sys_user_group` VALUES (1, 1, '管理员组', 1, 1, '120,121,122,123,126,127,128,129,133,137,139,144,145,149,151,169,170,171,172,176,179,180,184,185,186,187,189,190,191,192,194,195,196,197,198,199,200,201,202,203,210,218,221,334,335,336,339,340,341,342,343,344,358,359,360,361,381,382,383,387,388,389,390,392,394,395,403,405,409,418,419,420,421,422,423,424,425,427,430,431,432,433,434,435,436,437,438,439,440,441,442,443,444,445,446,447,450,451,452,454,455,456,457,459,460,461,462,463,467,469,471,472,474,477,478,479,480,481,482,484,485,486,487,488,489,490,491,492,493,494,495,496,497,498,499,501,502,503,504,506,507,508,509,510,512,513,515,517,518,519,520,521,522,523,524,525,526,527,528,529,530,10000,10001,10002,10003', NULL, 1500235349, 0);
INSERT INTO `sys_user_group` VALUES (2, 0, '普通用户', 1, 0, '120,121,122,123,129,126,127,144,360,128,133,137,145,497,498,447,488,489,490,504,509,510,10001,10002,10003,149,139,169,151,171,172,210,334,419,420,421,422,423,424,425,478,479,480,481,482,484,485,517,518,179,180,186,187,195,196,197,198,199,200,201,202,203,446,507,508,469,184,185,190,194,218,221,501,502,439,495,496,506,456,512,513,503,527,528,418,438,494,499,523,529,189,471,486,519,520,335,336,339,340,358,341,359,342,450,451,343,344,361,409,403,405,454,457,459,461,462,463,460,467,515,477,381,382,383,387,388,389,390,392,394,395,427,430,436,437,431,432,433,434,435,445,474,491,492,493,530,440,441,10000,524', '', 1500347438, 0);
INSERT INTO `sys_user_group` VALUES (5, 0, '小学生管理员', 1, 0, '149,139,169,151,171,172,210,334,419,420,421,422,423,424,425,478,479,480,481,482,484,485,517,518,10001,10002,10003', '', 1504842028, 1506499608);
INSERT INTO `sys_user_group` VALUES (9, 0, '测试', 1, 0, '120,121,122,123,129', '', 1505469183, 0);
INSERT INTO `sys_user_group` VALUES (10, 0, '最新测试1', 1, 0, '10093,10094,10103,10104,10105,10253,10254,10095,10186,10187,10194', '', 1507710549, 1512705386);

-- ----------------------------
-- Table structure for sys_user_log
-- ----------------------------
DROP TABLE IF EXISTS `sys_user_log`;
CREATE TABLE `sys_user_log`  (
  `id` int(10) UNSIGNED NOT NULL AUTO_INCREMENT COMMENT '主键',
  `uid` int(11) NOT NULL DEFAULT 0 COMMENT '操作用户ID',
  `is_system` int(11) NOT NULL DEFAULT 1 COMMENT '是否是后台操作',
  `controller` varchar(255) CHARACTER SET utf8 COLLATE utf8_general_ci NOT NULL DEFAULT '' COMMENT '操作控制器',
  `method` varchar(255) CHARACTER SET utf8 COLLATE utf8_general_ci NOT NULL DEFAULT '' COMMENT '操作方案',
  `data` text CHARACTER SET utf8 COLLATE utf8_general_ci NULL COMMENT '传输数据',
  `ip` varchar(255) CHARACTER SET utf8 COLLATE utf8_general_ci NULL DEFAULT NULL COMMENT 'ip地址',
  `create_time` int(11) NULL DEFAULT 0 COMMENT '创建时间',
  PRIMARY KEY (`id`) USING BTREE
) ENGINE = InnoDB AUTO_INCREMENT = 1 AVG_ROW_LENGTH = 82 CHARACTER SET = utf8 COLLATE = utf8_general_ci COMMENT = '用户操作日志' ROW_FORMAT = Compact;

-- ----------------------------
-- Table structure for sys_version_devolution
-- ----------------------------
DROP TABLE IF EXISTS `sys_version_devolution`;
CREATE TABLE `sys_version_devolution`  (
  `id` int(11) UNSIGNED NOT NULL AUTO_INCREMENT,
  `devolution_username` varchar(255) CHARACTER SET utf8 COLLATE utf8_general_ci NOT NULL DEFAULT '' COMMENT '授权账户',
  `devolution_password` varchar(255) CHARACTER SET utf8 COLLATE utf8_general_ci NOT NULL DEFAULT '' COMMENT '授权密码',
  `create_date` int(11) NULL DEFAULT 0 COMMENT '更新时间',
  PRIMARY KEY (`id`) USING BTREE
) ENGINE = InnoDB AUTO_INCREMENT = 5 AVG_ROW_LENGTH = 16384 CHARACTER SET = utf8 COLLATE = utf8_general_ci COMMENT = '用户授权信息' ROW_FORMAT = Compact;

-- ----------------------------
-- Records of sys_version_devolution
-- ----------------------------
INSERT INTO `sys_version_devolution` VALUES (4, 'niushop', 'niushop123!@#', 1508379297);

-- ----------------------------
-- Table structure for sys_version_patch
-- ----------------------------
DROP TABLE IF EXISTS `sys_version_patch`;
CREATE TABLE `sys_version_patch`  (
  `patch_id` int(11) UNSIGNED NOT NULL AUTO_INCREMENT,
  `patch_type` int(11) NOT NULL DEFAULT 1 COMMENT '补丁类型  1. B2C单用户商城 2.B2C 单用户分销商城 3 B2B2C多用户商城',
  `patch_type_name` varchar(50) CHARACTER SET utf8 COLLATE utf8_general_ci NOT NULL DEFAULT '' COMMENT '补丁类型名称',
  `patch_release` varchar(50) CHARACTER SET utf8 COLLATE utf8_general_ci NOT NULL DEFAULT '' COMMENT '补丁编号',
  `patch_name` varchar(255) CHARACTER SET utf8 COLLATE utf8_general_ci NOT NULL DEFAULT '' COMMENT '补丁标题',
  `patch_no` decimal(10, 2) NOT NULL DEFAULT 0.00 COMMENT '版本号',
  `patch_file_name` varchar(50) CHARACTER SET utf8 COLLATE utf8_general_ci NOT NULL DEFAULT '' COMMENT '补丁文件名称',
  `patch_log` text CHARACTER SET utf8 COLLATE utf8_general_ci NOT NULL COMMENT '版本补丁更新日志',
  `patch_file_size` decimal(10, 2) NOT NULL DEFAULT 0.00 COMMENT '补丁文件大小',
  `is_up` int(11) NOT NULL DEFAULT 2 COMMENT '是否升级  1代表已升级  0未升级 2全部',
  `modify_date` int(11) NULL DEFAULT 0 COMMENT '更新时间',
  PRIMARY KEY (`patch_id`) USING BTREE
) ENGINE = InnoDB AUTO_INCREMENT = 2 AVG_ROW_LENGTH = 16384 CHARACTER SET = utf8 COLLATE = utf8_general_ci COMMENT = '版本补丁管理' ROW_FORMAT = Compact;

-- ----------------------------
-- Records of sys_version_patch
-- ----------------------------
INSERT INTO `sys_version_patch` VALUES (1, 1, 'B2C单用户商城', '20171011', '补丁包', 0.00, 'niushop_b2c', '11111', 40.00, 0, 1507696043);

-- ----------------------------
-- Table structure for sys_web_style
-- ----------------------------
DROP TABLE IF EXISTS `sys_web_style`;
CREATE TABLE `sys_web_style`  (
  `style_id` int(10) UNSIGNED NOT NULL AUTO_INCREMENT,
  `style_name` varchar(50) CHARACTER SET utf8 COLLATE utf8_general_ci NOT NULL DEFAULT '' COMMENT '样式名称',
  `style_path` varchar(255) CHARACTER SET utf8 COLLATE utf8_general_ci NOT NULL DEFAULT '' COMMENT '样式路径',
  `stye_img` varchar(255) CHARACTER SET utf8 COLLATE utf8_general_ci NOT NULL DEFAULT '' COMMENT '样式图片路径',
  `desc` text CHARACTER SET utf8 COLLATE utf8_general_ci NULL COMMENT '备注',
  `type` int(11) NULL DEFAULT 1 COMMENT '1：前台样式，2：后台样式',
  `create_time` int(11) NULL DEFAULT 0 COMMENT '创建时间',
  `modify_time` int(11) NULL DEFAULT 0 COMMENT '修改时间',
  PRIMARY KEY (`style_id`) USING BTREE
) ENGINE = InnoDB AUTO_INCREMENT = 6 AVG_ROW_LENGTH = 16384 CHARACTER SET = utf8 COLLATE = utf8_general_ci COMMENT = '网站风格样式表' ROW_FORMAT = Compact;

-- ----------------------------
-- Records of sys_web_style
-- ----------------------------
INSERT INTO `sys_web_style` VALUES (1, '热情洋溢', 'default', '', NULL, 1, 0, 0);
INSERT INTO `sys_web_style` VALUES (2, '蓝色清爽', 'blue', '', NULL, 1, 0, 0);
INSERT INTO `sys_web_style` VALUES (3, '经典版', 'admin', '', NULL, 2, 1500539963, 1500539965);
INSERT INTO `sys_web_style` VALUES (4, '简约版', 'adminblue', '', NULL, 2, 1500539985, 1500539987);
INSERT INTO `sys_web_style` VALUES (5, '黑色模板', 'black', '', '黑色模板', 1, 0, 0);

-- ----------------------------
-- Table structure for sys_website
-- ----------------------------
DROP TABLE IF EXISTS `sys_website`;
CREATE TABLE `sys_website`  (
  `website_id` int(10) UNSIGNED NOT NULL AUTO_INCREMENT COMMENT '主键ID',
  `title` varchar(255) CHARACTER SET utf8 COLLATE utf8_general_ci NOT NULL DEFAULT '' COMMENT '网站标题',
  `logo` varchar(255) CHARACTER SET utf8 COLLATE utf8_general_ci NOT NULL DEFAULT '' COMMENT '网站logo',
  `web_desc` varchar(1000) CHARACTER SET utf8 COLLATE utf8_general_ci NOT NULL DEFAULT '' COMMENT '网站描述',
  `key_words` varchar(255) CHARACTER SET utf8 COLLATE utf8_general_ci NOT NULL DEFAULT '' COMMENT '网站关键字',
  `web_icp` varchar(255) CHARACTER SET utf8 COLLATE utf8_general_ci NOT NULL DEFAULT '' COMMENT '网站备案号',
  `style_id_pc` int(10) NOT NULL DEFAULT 2 COMMENT '前台网站风格（1：热情洋溢模板，2：蓝色清爽版）已废弃，改为读取配置',
  `style_id_admin` int(10) NULL DEFAULT 4 COMMENT '后台网站风格（3：旧模板，4：新模板）',
  `web_address` varchar(255) CHARACTER SET utf8 COLLATE utf8_general_ci NOT NULL DEFAULT '' COMMENT '网站联系地址',
  `web_qrcode` varchar(255) CHARACTER SET utf8 COLLATE utf8_general_ci NOT NULL DEFAULT '' COMMENT '网站公众号二维码',
  `web_url` varchar(255) CHARACTER SET utf8 COLLATE utf8_general_ci NOT NULL DEFAULT '' COMMENT '店铺网址',
  `web_email` varchar(255) CHARACTER SET utf8 COLLATE utf8_general_ci NOT NULL DEFAULT '' COMMENT '网站邮箱',
  `web_phone` varchar(255) CHARACTER SET utf8 COLLATE utf8_general_ci NOT NULL DEFAULT '' COMMENT '网站联系方式',
  `web_qq` varchar(255) CHARACTER SET utf8 COLLATE utf8_general_ci NOT NULL DEFAULT '' COMMENT '网站qq号',
  `web_weixin` varchar(255) CHARACTER SET utf8 COLLATE utf8_general_ci NOT NULL DEFAULT '' COMMENT '网站微信号',
  `web_status` int(10) NOT NULL DEFAULT 1 COMMENT '网站运营状态1.开启 2.关闭 ',
  `third_count` text CHARACTER SET utf8 COLLATE utf8_general_ci NOT NULL COMMENT '第三方统计',
  `close_reason` varchar(255) CHARACTER SET utf8 COLLATE utf8_general_ci NOT NULL DEFAULT '' COMMENT '站点关闭原因',
  `wap_status` int(10) NOT NULL DEFAULT 1 COMMENT '手机端运营状态 1.开启2.关闭',
  `url_type` int(11) NOT NULL DEFAULT 0 COMMENT '网站访问模式',
  `create_time` int(11) NULL DEFAULT 0 COMMENT '网站创建时间',
  `modify_time` int(11) NULL DEFAULT 0 COMMENT '网站修改时间',
  PRIMARY KEY (`website_id`) USING BTREE
) ENGINE = InnoDB AUTO_INCREMENT = 2 AVG_ROW_LENGTH = 16384 CHARACTER SET = utf8 COLLATE = utf8_general_ci COMMENT = '网站信息表' ROW_FORMAT = Compact;

-- ----------------------------
-- Records of sys_website
-- ----------------------------
INSERT INTO `sys_website` VALUES (1, '牛小课云视频课堂系统', 'upload/common/1514432316.png', '提供商城网站专业制作视频', '宜文堂', 'Copyright ©2013-2017 版权所有山西牛之云科技有限公司京ICP备15053495号 京公网安备11010802018055', 1, 3, '山西省太原市小店区晋阳街', 'upload/common/1607935180.png', 'http://nxk.niuteam.cn/', '', '400-886-7993', '2436399920', 'wxid_ns9sjl01yxb521', 1, '', '对不起，DOAEZ官方商城维护中，大家敬请期待...', 1, 0, 1477452112, 1607935184);

-- ----------------------------
-- Table structure for sys_weixin_auth
-- ----------------------------
DROP TABLE IF EXISTS `sys_weixin_auth`;
CREATE TABLE `sys_weixin_auth`  (
  `id` int(10) UNSIGNED NOT NULL AUTO_INCREMENT,
  `instance_id` int(11) NOT NULL DEFAULT 0 COMMENT '店铺id',
  `authorizer_appid` varchar(255) CHARACTER SET utf8 COLLATE utf8_general_ci NOT NULL DEFAULT '' COMMENT '店铺的appid  授权之后不用刷新',
  `authorizer_refresh_token` varchar(255) CHARACTER SET utf8 COLLATE utf8_general_ci NOT NULL DEFAULT '' COMMENT '店铺授权之后的刷新token，每月刷新',
  `authorizer_access_token` varchar(255) CHARACTER SET utf8 COLLATE utf8_general_ci NOT NULL DEFAULT '' COMMENT '店铺的公众号token，只有2小时',
  `func_info` varchar(1000) CHARACTER SET utf8 COLLATE utf8_general_ci NOT NULL DEFAULT '' COMMENT '授权项目',
  `nick_name` varchar(50) CHARACTER SET utf8 COLLATE utf8_general_ci NOT NULL DEFAULT '' COMMENT '公众号昵称',
  `head_img` varchar(255) CHARACTER SET utf8 COLLATE utf8_general_ci NOT NULL DEFAULT '' COMMENT '公众号头像url',
  `user_name` varchar(50) CHARACTER SET utf8 COLLATE utf8_general_ci NOT NULL DEFAULT '' COMMENT '公众号原始账号',
  `alias` varchar(255) CHARACTER SET utf8 COLLATE utf8_general_ci NOT NULL DEFAULT '' COMMENT '公众号原始名称',
  `qrcode_url` varchar(255) CHARACTER SET utf8 COLLATE utf8_general_ci NOT NULL DEFAULT '' COMMENT '公众号二维码url',
  `auth_time` int(11) NULL DEFAULT 0 COMMENT '授权时间',
  PRIMARY KEY (`id`) USING BTREE
) ENGINE = InnoDB AUTO_INCREMENT = 1 AVG_ROW_LENGTH = 8192 CHARACTER SET = utf8 COLLATE = utf8_general_ci COMMENT = '店铺(实例)微信公众账号授权' ROW_FORMAT = Compact;

-- ----------------------------
-- Table structure for sys_weixin_default_replay
-- ----------------------------
DROP TABLE IF EXISTS `sys_weixin_default_replay`;
CREATE TABLE `sys_weixin_default_replay`  (
  `id` int(10) UNSIGNED NOT NULL AUTO_INCREMENT,
  `instance_id` int(11) NOT NULL COMMENT '店铺id',
  `reply_media_id` int(11) NOT NULL COMMENT '回复媒体内容id',
  `sort` int(11) NOT NULL,
  `create_time` int(11) NULL DEFAULT 0,
  `modify_time` int(11) NULL DEFAULT 0,
  PRIMARY KEY (`id`) USING BTREE
) ENGINE = InnoDB AUTO_INCREMENT = 1 AVG_ROW_LENGTH = 16384 CHARACTER SET = utf8 COLLATE = utf8_general_ci COMMENT = '关注时回复' ROW_FORMAT = Compact;

-- ----------------------------
-- Table structure for sys_weixin_fans
-- ----------------------------
DROP TABLE IF EXISTS `sys_weixin_fans`;
CREATE TABLE `sys_weixin_fans`  (
  `fans_id` int(11) NOT NULL AUTO_INCREMENT COMMENT '粉丝ID',
  `uid` int(11) NOT NULL DEFAULT 0 COMMENT '会员编号ID',
  `source_uid` int(11) NOT NULL DEFAULT 0 COMMENT '推广人uid',
  `instance_id` int(11) NOT NULL COMMENT '店铺ID',
  `nickname` varchar(255) CHARACTER SET utf8 COLLATE utf8_general_ci NOT NULL COMMENT '昵称',
  `nickname_decode` varchar(255) CHARACTER SET utf8 COLLATE utf8_general_ci NULL DEFAULT '',
  `headimgurl` varchar(500) CHARACTER SET utf8 COLLATE utf8_general_ci NOT NULL DEFAULT '' COMMENT '头像',
  `sex` smallint(6) NOT NULL DEFAULT 1 COMMENT '性别',
  `language` varchar(20) CHARACTER SET utf8 COLLATE utf8_general_ci NOT NULL DEFAULT '' COMMENT '用户语言',
  `country` varchar(60) CHARACTER SET utf8 COLLATE utf8_general_ci NOT NULL DEFAULT '' COMMENT '国家',
  `province` varchar(255) CHARACTER SET utf8 COLLATE utf8_general_ci NOT NULL DEFAULT '' COMMENT '省',
  `city` varchar(255) CHARACTER SET utf8 COLLATE utf8_general_ci NOT NULL DEFAULT '' COMMENT '城市',
  `district` varchar(255) CHARACTER SET utf8 COLLATE utf8_general_ci NOT NULL DEFAULT '' COMMENT '行政区/县',
  `openid` varchar(255) CHARACTER SET utf8 COLLATE utf8_general_ci NOT NULL DEFAULT '' COMMENT '用户的标识，对当前公众号唯一     用户的唯一身份ID',
  `unionid` varchar(255) CHARACTER SET utf8 COLLATE utf8_general_ci NOT NULL DEFAULT '' COMMENT '粉丝unionid',
  `groupid` int(11) NOT NULL DEFAULT 0 COMMENT '粉丝所在组id',
  `is_subscribe` bigint(1) NOT NULL DEFAULT 1 COMMENT '是否订阅',
  `memo` varchar(255) CHARACTER SET utf8 COLLATE utf8_general_ci NOT NULL COMMENT '备注',
  `subscribe_date` int(11) NULL DEFAULT 0 COMMENT '订阅时间',
  `unsubscribe_date` int(11) NULL DEFAULT 0 COMMENT '解订阅时间',
  `update_date` int(11) NULL DEFAULT 0 COMMENT '粉丝信息最后更新时间',
  PRIMARY KEY (`fans_id`) USING BTREE
) ENGINE = InnoDB AUTO_INCREMENT = 14 AVG_ROW_LENGTH = 1638 CHARACTER SET = utf8 COLLATE = utf8_general_ci COMMENT = '微信公众号获取粉丝列表' ROW_FORMAT = Compact;

-- ----------------------------
-- Records of sys_weixin_fans
-- ----------------------------
INSERT INTO `sys_weixin_fans` VALUES (13, 1, 0, 0, '5LmJ6JaE5LqR5aSp', '义薄云天', 'http://wx.qlogo.cn/mmopen/Q3auHgzwzM6bbvkNRe8PkJbRofob0ribHq9yBfiav9TxP5bS3gzABHNBTujHo8yw3A2Jmf75sgItGouNxR9OME5pNbfQZ0hqjuP9286OZicIMg/0', 1, 'zh_CN', '中国', '山西', '长治', '无', 'oeOOxw4Zbnm1Cr2BqbeeWb2aTKBE', 'oBNDo1PWlZnVRmXwpdvHXzosCdjM', 0, 1, '', 1500090157, NULL, 1500090157);

-- ----------------------------
-- Table structure for sys_weixin_follow_replay
-- ----------------------------
DROP TABLE IF EXISTS `sys_weixin_follow_replay`;
CREATE TABLE `sys_weixin_follow_replay`  (
  `id` int(10) UNSIGNED NOT NULL AUTO_INCREMENT,
  `instance_id` int(11) NOT NULL COMMENT '店铺id',
  `reply_media_id` int(11) NOT NULL COMMENT '回复媒体内容id',
  `sort` int(11) NOT NULL,
  `create_time` int(11) NULL DEFAULT 0,
  `modify_time` int(11) NULL DEFAULT 0,
  PRIMARY KEY (`id`) USING BTREE
) ENGINE = InnoDB AUTO_INCREMENT = 2 AVG_ROW_LENGTH = 16384 CHARACTER SET = utf8 COLLATE = utf8_general_ci COMMENT = '关注时回复' ROW_FORMAT = Compact;

-- ----------------------------
-- Records of sys_weixin_follow_replay
-- ----------------------------
INSERT INTO `sys_weixin_follow_replay` VALUES (1, 0, 2, 0, 1505302040, 0);

-- ----------------------------
-- Table structure for sys_weixin_functions_button
-- ----------------------------
DROP TABLE IF EXISTS `sys_weixin_functions_button`;
CREATE TABLE `sys_weixin_functions_button`  (
  `button_id` int(11) NOT NULL AUTO_INCREMENT COMMENT '主键id',
  `instance_id` int(11) NOT NULL COMMENT '实例',
  `button_name` varchar(50) CHARACTER SET utf8 COLLATE utf8_general_ci NOT NULL DEFAULT '' COMMENT '模块名',
  `keyname` varchar(20) CHARACTER SET utf8 COLLATE utf8_general_ci NOT NULL DEFAULT '' COMMENT '触发关键词',
  `url` varchar(255) CHARACTER SET utf8 COLLATE utf8_general_ci NOT NULL DEFAULT '' COMMENT '触发网址',
  `hits` int(11) NOT NULL DEFAULT 0 COMMENT '触发次数',
  `is_enabled` int(1) NOT NULL DEFAULT 1 COMMENT '是否启用',
  `is_system` int(1) NULL DEFAULT 0,
  `orders` int(11) NOT NULL DEFAULT 0 COMMENT '排序号',
  `create_time` int(11) NULL DEFAULT 0 COMMENT '创建日期',
  `modify_time` int(11) NULL DEFAULT 0 COMMENT '修改日期',
  PRIMARY KEY (`button_id`) USING BTREE
) ENGINE = InnoDB AUTO_INCREMENT = 1 AVG_ROW_LENGTH = 1489 CHARACTER SET = utf8 COLLATE = utf8_general_ci COMMENT = '微信功能按钮' ROW_FORMAT = Compact;

-- ----------------------------
-- Table structure for sys_weixin_instance_msg
-- ----------------------------
DROP TABLE IF EXISTS `sys_weixin_instance_msg`;
CREATE TABLE `sys_weixin_instance_msg`  (
  `id` int(11) NOT NULL AUTO_INCREMENT COMMENT '主键',
  `instance_id` int(11) NOT NULL COMMENT '店铺id（单店版为0）',
  `template_no` varchar(55) CHARACTER SET utf8 COLLATE utf8_general_ci NOT NULL COMMENT '模版编号',
  `template_id` varbinary(55) NULL DEFAULT NULL COMMENT '微信模板消息的ID',
  `title` varchar(100) CHARACTER SET utf8 COLLATE utf8_general_ci NOT NULL COMMENT '模版标题',
  `is_enable` bit(1) NULL DEFAULT b'0' COMMENT '是否启用',
  `headtext` varchar(255) CHARACTER SET utf8 COLLATE utf8_general_ci NOT NULL COMMENT '头部文字',
  `bottomtext` varchar(255) CHARACTER SET utf8 COLLATE utf8_general_ci NOT NULL COMMENT '底部文字',
  PRIMARY KEY (`id`) USING BTREE
) ENGINE = InnoDB AUTO_INCREMENT = 1 AVG_ROW_LENGTH = 4096 CHARACTER SET = utf8 COLLATE = utf8_general_ci COMMENT = '微信实例消息' ROW_FORMAT = Compact;

-- ----------------------------
-- Table structure for sys_weixin_key_replay
-- ----------------------------
DROP TABLE IF EXISTS `sys_weixin_key_replay`;
CREATE TABLE `sys_weixin_key_replay`  (
  `id` int(10) UNSIGNED NOT NULL AUTO_INCREMENT,
  `instance_id` int(11) NOT NULL COMMENT '店铺id',
  `key` varchar(255) CHARACTER SET utf8 COLLATE utf8_general_ci NOT NULL COMMENT '关键词',
  `match_type` tinyint(4) NOT NULL COMMENT '匹配类型1模糊匹配2全部匹配',
  `reply_media_id` int(11) NOT NULL COMMENT '回复媒体内容id',
  `sort` int(11) NOT NULL,
  `create_time` int(11) NULL DEFAULT 0,
  `modify_time` int(11) NULL DEFAULT 0,
  PRIMARY KEY (`id`) USING BTREE
) ENGINE = InnoDB AUTO_INCREMENT = 1 AVG_ROW_LENGTH = 16384 CHARACTER SET = utf8 COLLATE = utf8_general_ci COMMENT = '关键词回复' ROW_FORMAT = Compact;

-- ----------------------------
-- Table structure for sys_weixin_media
-- ----------------------------
DROP TABLE IF EXISTS `sys_weixin_media`;
CREATE TABLE `sys_weixin_media`  (
  `media_id` int(11) UNSIGNED NOT NULL AUTO_INCREMENT COMMENT '图文消息id',
  `title` varchar(100) CHARACTER SET utf8 COLLATE utf8_general_ci NULL DEFAULT NULL,
  `instance_id` int(11) NOT NULL DEFAULT 0 COMMENT '实例id店铺id',
  `type` varchar(255) CHARACTER SET utf8 COLLATE utf8_general_ci NOT NULL DEFAULT '1' COMMENT '类型1文本(项表无内容) 2单图文 3多图文',
  `sort` int(11) NOT NULL DEFAULT 0,
  `create_time` int(11) NULL DEFAULT 0 COMMENT '创建日期',
  `modify_time` int(11) NULL DEFAULT 0 COMMENT '修改日期',
  PRIMARY KEY (`media_id`) USING BTREE,
  UNIQUE INDEX `id`(`media_id`) USING BTREE
) ENGINE = InnoDB AUTO_INCREMENT = 6 AVG_ROW_LENGTH = 1170 CHARACTER SET = utf8 COLLATE = utf8_general_ci ROW_FORMAT = Compact;

-- ----------------------------
-- Records of sys_weixin_media
-- ----------------------------
INSERT INTO `sys_weixin_media` VALUES (1, '22323', 0, '1', 0, 1507531555, 0);
INSERT INTO `sys_weixin_media` VALUES (2, '1', 0, '2', 0, 1505302407, 0);
INSERT INTO `sys_weixin_media` VALUES (4, 'first', 0, '3', 0, 1505459442, 0);
INSERT INTO `sys_weixin_media` VALUES (5, '测试', 0, '2', 0, 1507531601, 0);

-- ----------------------------
-- Table structure for sys_weixin_media_item
-- ----------------------------
DROP TABLE IF EXISTS `sys_weixin_media_item`;
CREATE TABLE `sys_weixin_media_item`  (
  `id` int(10) UNSIGNED NOT NULL AUTO_INCREMENT COMMENT 'id',
  `media_id` int(11) NOT NULL COMMENT '图文消息id',
  `title` varchar(100) CHARACTER SET utf8 COLLATE utf8_general_ci NULL DEFAULT NULL,
  `author` varchar(50) CHARACTER SET utf8 COLLATE utf8_general_ci NOT NULL COMMENT '作者',
  `cover` varchar(200) CHARACTER SET utf8 COLLATE utf8_general_ci NOT NULL COMMENT '图文消息封面',
  `show_cover_pic` tinyint(4) NOT NULL DEFAULT 1 COMMENT '封面图片显示在正文中',
  `summary` text CHARACTER SET utf8 COLLATE utf8_general_ci NULL,
  `content` text CHARACTER SET utf8 COLLATE utf8_general_ci NOT NULL COMMENT '正文',
  `content_source_url` varchar(200) CHARACTER SET utf8 COLLATE utf8_general_ci NOT NULL DEFAULT '' COMMENT '图文消息的原文地址，即点击“阅读原文”后的URL',
  `sort` int(11) NOT NULL DEFAULT 0 COMMENT '排序号',
  `hits` int(11) NOT NULL DEFAULT 0 COMMENT '阅读次数',
  PRIMARY KEY (`id`) USING BTREE,
  INDEX `id`(`media_id`) USING BTREE
) ENGINE = InnoDB AUTO_INCREMENT = 40 AVG_ROW_LENGTH = 712 CHARACTER SET = utf8 COLLATE = utf8_general_ci ROW_FORMAT = Compact;

-- ----------------------------
-- Records of sys_weixin_media_item
-- ----------------------------
INSERT INTO `sys_weixin_media_item` VALUES (28, 2, '1', '122', 'upload/common/1505302291.png', 0, '1', '<p><img src=\"/upload/ueditor/image/20170913/1505302370327600.jpg\" title=\"1505302370327600.jpg\" alt=\"华西账户.jpg\" width=\"307\" height=\"90\" style=\"width: 307px; height: 90px;\"/></p>', '111', 0, 0);
INSERT INTO `sys_weixin_media_item` VALUES (35, 4, 'first', 'first', 'upload/common/1505459440.png', 0, 'first', '<p>1212</p>', '', 0, 0);
INSERT INTO `sys_weixin_media_item` VALUES (36, 4, 'second', 'second', 'http://ouo5ro5lf.bkt.clouddn.com/upload/common/1504148821.jpg', 0, 'second', '<p>second</p>', '', 0, 0);
INSERT INTO `sys_weixin_media_item` VALUES (37, 4, 'third1', 'third1', 'upload/common/1505302464.png', 0, 'third1', '<p><img src=\"/upload/ueditor/image/20170913/1505302501839765.png\" title=\"1505302501839765.png\" alt=\"(3{A5431M3TL1@9QW@591N2.png\"/></p>', '', 0, 0);
INSERT INTO `sys_weixin_media_item` VALUES (38, 1, '22323', '', '', 0, '', '', '', 0, 0);
INSERT INTO `sys_weixin_media_item` VALUES (39, 5, '测试', '', 'upload/common/1507531588.jpg', 0, '测试', '<p>测试</p>', '', 0, 0);

-- ----------------------------
-- Table structure for sys_weixin_menu
-- ----------------------------
DROP TABLE IF EXISTS `sys_weixin_menu`;
CREATE TABLE `sys_weixin_menu`  (
  `menu_id` int(11) NOT NULL AUTO_INCREMENT COMMENT '主键',
  `instance_id` int(11) NOT NULL DEFAULT 0 COMMENT '店铺id',
  `menu_name` varchar(50) CHARACTER SET utf8 COLLATE utf8_general_ci NOT NULL DEFAULT '' COMMENT '菜单名称',
  `ico` varchar(32) CHARACTER SET utf8 COLLATE utf8_general_ci NOT NULL DEFAULT '' COMMENT '菜图标单',
  `pid` int(11) NOT NULL DEFAULT 0 COMMENT '父菜单',
  `menu_event_type` tinyint(4) NOT NULL DEFAULT 1 COMMENT '1普通url 2 图文素材 3 功能',
  `media_id` int(11) NOT NULL DEFAULT 0 COMMENT '图文消息ID',
  `menu_event_url` varchar(255) CHARACTER SET utf8 COLLATE utf8_general_ci NOT NULL DEFAULT '' COMMENT '菜单url',
  `hits` int(11) NOT NULL DEFAULT 0 COMMENT '触发数',
  `sort` int(11) NOT NULL DEFAULT 0 COMMENT '排序',
  `create_date` int(11) NULL DEFAULT 0 COMMENT '创建日期',
  `modify_date` int(11) NULL DEFAULT 0 COMMENT '修改日期',
  PRIMARY KEY (`menu_id`) USING BTREE,
  INDEX `IDX_biz_shop_menu_orders`(`sort`) USING BTREE,
  INDEX `IDX_biz_shop_menu_shopId`(`instance_id`) USING BTREE
) ENGINE = InnoDB AUTO_INCREMENT = 52 AVG_ROW_LENGTH = 1638 CHARACTER SET = utf8 COLLATE = utf8_general_ci COMMENT = '微设置->微店菜单' ROW_FORMAT = Compact;

-- ----------------------------
-- Records of sys_weixin_menu
-- ----------------------------
INSERT INTO `sys_weixin_menu` VALUES (35, 0, '菜单名称', '', 0, 2, 2, '', 0, 1, 1501552491, 1505548257);
INSERT INTO `sys_weixin_menu` VALUES (48, 0, '菜单名称', '', 0, 1, 0, 'http://localhost/niushop_b2c_demo/index.php?s=/admin/wchat/menu', 0, 2, 1505369436, 0);
INSERT INTO `sys_weixin_menu` VALUES (49, 0, '菜单', '', 0, 2, 2, 'http://localhost/niushop_b2c_demo/admin/wchat/menu', 0, 3, 1505471138, 0);
INSERT INTO `sys_weixin_menu` VALUES (50, 0, '子菜单名称', '', 48, 2, 0, '', 0, 1, 1505548260, 0);
INSERT INTO `sys_weixin_menu` VALUES (51, 0, '子菜单名称', '', 48, 1, 0, '', 0, 2, 1507531813, 0);

-- ----------------------------
-- Table structure for sys_weixin_msg_template
-- ----------------------------
DROP TABLE IF EXISTS `sys_weixin_msg_template`;
CREATE TABLE `sys_weixin_msg_template`  (
  `id` int(11) NOT NULL AUTO_INCREMENT COMMENT '主键',
  `template_no` varchar(55) CHARACTER SET utf8 COLLATE utf8_general_ci NOT NULL COMMENT '编号',
  `title` varchar(100) CHARACTER SET utf8 COLLATE utf8_general_ci NOT NULL COMMENT '标题',
  `contents` varchar(255) CHARACTER SET utf8 COLLATE utf8_general_ci NOT NULL DEFAULT '' COMMENT '内容示例',
  `template_id` varchar(55) CHARACTER SET utf8 COLLATE utf8_general_ci NULL DEFAULT '' COMMENT '模版id',
  `headtext` varchar(255) CHARACTER SET utf8 COLLATE utf8_general_ci NULL DEFAULT NULL COMMENT '头部文字',
  `bottomtext` varchar(255) CHARACTER SET utf8 COLLATE utf8_general_ci NULL DEFAULT NULL COMMENT '底部文字',
  PRIMARY KEY (`id`) USING BTREE
) ENGINE = InnoDB AUTO_INCREMENT = 1 CHARACTER SET = utf8 COLLATE = utf8_general_ci COMMENT = '微信消息模版' ROW_FORMAT = Compact;

-- ----------------------------
-- Table structure for sys_weixin_qrcode_template
-- ----------------------------
DROP TABLE IF EXISTS `sys_weixin_qrcode_template`;
CREATE TABLE `sys_weixin_qrcode_template`  (
  `id` int(11) NOT NULL AUTO_INCREMENT COMMENT '实例ID',
  `instance_id` int(11) NOT NULL DEFAULT 0 COMMENT '店铺id',
  `background` varchar(255) CHARACTER SET utf8 COLLATE utf8_general_ci NOT NULL DEFAULT '' COMMENT '背景图片',
  `nick_font_color` varchar(255) CHARACTER SET utf8 COLLATE utf8_general_ci NOT NULL DEFAULT '#000' COMMENT '昵称字体颜色',
  `nick_font_size` smallint(6) NOT NULL DEFAULT 12 COMMENT '昵称字体大小',
  `is_logo_show` smallint(6) NOT NULL DEFAULT 1 COMMENT 'logo是否显示',
  `header_left` varchar(6) CHARACTER SET utf8 COLLATE utf8_general_ci NOT NULL DEFAULT '0px' COMMENT '头部左边距',
  `header_top` varchar(6) CHARACTER SET utf8 COLLATE utf8_general_ci NOT NULL DEFAULT '0px' COMMENT '头部上边距',
  `name_left` varchar(6) CHARACTER SET utf8 COLLATE utf8_general_ci NOT NULL DEFAULT '0px' COMMENT '昵称左边距',
  `name_top` varchar(6) CHARACTER SET utf8 COLLATE utf8_general_ci NOT NULL DEFAULT '0px' COMMENT '昵称上边距',
  `logo_left` varchar(6) CHARACTER SET utf8 COLLATE utf8_general_ci NOT NULL DEFAULT '0px' COMMENT 'logo左边距',
  `logo_top` varchar(6) CHARACTER SET utf8 COLLATE utf8_general_ci NOT NULL DEFAULT '0px' COMMENT 'logo上边距',
  `code_left` varchar(6) CHARACTER SET utf8 COLLATE utf8_general_ci NOT NULL DEFAULT '0px' COMMENT '二维码左边距',
  `code_top` varchar(6) CHARACTER SET utf8 COLLATE utf8_general_ci NOT NULL DEFAULT '0px' COMMENT '二维码上边距',
  `is_check` tinyint(4) NOT NULL DEFAULT 0 COMMENT '是否默认',
  `is_remove` tinyint(4) NOT NULL DEFAULT 0 COMMENT '是否删除  0未删除 1删除',
  `template_url` varchar(255) CHARACTER SET utf8 COLLATE utf8_general_ci NOT NULL DEFAULT '' COMMENT '模板样式路径',
  PRIMARY KEY (`id`) USING BTREE
) ENGINE = InnoDB AUTO_INCREMENT = 8 AVG_ROW_LENGTH = 5461 CHARACTER SET = utf8 COLLATE = utf8_general_ci COMMENT = '微信推广二维码模板管理' ROW_FORMAT = Compact;

-- ----------------------------
-- Records of sys_weixin_qrcode_template
-- ----------------------------
INSERT INTO `sys_weixin_qrcode_template` VALUES (1, 0, 'public/static/images/qrcode_bg/qrcode_bg.png', '#2b2b2b', 31, 1, '93px', '467px', '153px', '478px', '94px', '322px', '90px', '88px', 0, 1, 'upload/qrcode/promote_qrcode_template/qrcode_template_1_0.png');
INSERT INTO `sys_weixin_qrcode_template` VALUES (2, 0, 'http://ouo5ro5lf.bkt.clouddn.com/upload/common/1503110379.jpg', '#2b2b2b', 23, 1, '59px', '15px', '150px', '120px', '174px', '22px', '70px', '300px', 0, 1, 'upload/qrcode/promote_qrcode_template/qrcode_template_2_0.png');
INSERT INTO `sys_weixin_qrcode_template` VALUES (3, 0, 'http://ouo5ro5lf.bkt.clouddn.com/upload/common/1504524357.jpg', '#2b2b2b', 23, 1, '130px', '375px', '134px', '439px', '91px', '441px', '94px', '124px', 0, 1, 'upload/qrcode/promote_qrcode_template/qrcode_template_3_0.png');
INSERT INTO `sys_weixin_qrcode_template` VALUES (4, 0, '', '#2b2b2b', 23, 1, '59px', '15px', '156px', '399px', '109px', '92px', '91px', '206px', 0, 0, 'upload/qrcode/promote_qrcode_template/qrcode_template_4_0.png');
INSERT INTO `sys_weixin_qrcode_template` VALUES (5, 0, 'upload/common/1507629769.jpg', '#ffffff', 23, 1, '143px', '37px', '138px', '131px', '101px', '83px', '93px', '255px', 0, 0, 'upload/qrcode/promote_qrcode_template/qrcode_template_5_0.png');
INSERT INTO `sys_weixin_qrcode_template` VALUES (6, 0, '', '#2b2b2b', 23, 1, '59px', '15px', '143px', '183px', '113px', '163px', '70px', '300px', 0, 0, 'upload/qrcode/promote_qrcode_template/qrcode_template_6_0.png');
INSERT INTO `sys_weixin_qrcode_template` VALUES (7, 0, '', '#2b2b2b', 23, 1, '59px', '15px', '150px', '120px', '120px', '100px', '70px', '300px', 1, 0, 'upload/qrcode/promote_qrcode_template/qrcode_template_7_0.png');

-- ----------------------------
-- Table structure for sys_weixin_user_msg
-- ----------------------------
DROP TABLE IF EXISTS `sys_weixin_user_msg`;
CREATE TABLE `sys_weixin_user_msg`  (
  `msg_id` int(10) UNSIGNED NOT NULL AUTO_INCREMENT,
  `uid` int(11) NOT NULL,
  `msg_type` varchar(255) CHARACTER SET utf8 COLLATE utf8_general_ci NOT NULL,
  `content` text CHARACTER SET utf8 COLLATE utf8_general_ci NULL,
  `is_replay` int(11) NOT NULL DEFAULT 0 COMMENT '是否回复',
  `create_time` int(11) NULL DEFAULT 0,
  PRIMARY KEY (`msg_id`) USING BTREE
) ENGINE = InnoDB AUTO_INCREMENT = 1 CHARACTER SET = utf8 COLLATE = utf8_general_ci COMMENT = '微信用户消息表' ROW_FORMAT = Compact;

-- ----------------------------
-- Table structure for sys_weixin_user_msg_replay
-- ----------------------------
DROP TABLE IF EXISTS `sys_weixin_user_msg_replay`;
CREATE TABLE `sys_weixin_user_msg_replay`  (
  `replay_id` int(10) UNSIGNED NOT NULL AUTO_INCREMENT,
  `msg_id` int(11) NOT NULL,
  `replay_uid` int(11) NOT NULL COMMENT '当前客服uid',
  `replay_type` varchar(255) CHARACTER SET utf8 COLLATE utf8_general_ci NOT NULL,
  `content` text CHARACTER SET utf8 COLLATE utf8_general_ci NULL,
  `replay_time` int(11) NULL DEFAULT 0,
  `birthday` int(11) NULL DEFAULT 0,
  PRIMARY KEY (`replay_id`) USING BTREE
) ENGINE = InnoDB AUTO_INCREMENT = 1 CHARACTER SET = utf8 COLLATE = utf8_general_ci COMMENT = '微信用户消息回复表' ROW_FORMAT = Compact;

-- ----------------------------
-- Table structure for sys_wexin_onekeysubscribe
-- ----------------------------
DROP TABLE IF EXISTS `sys_wexin_onekeysubscribe`;
CREATE TABLE `sys_wexin_onekeysubscribe`  (
  `instance_id` int(11) NOT NULL COMMENT '实例ID',
  `url` varchar(300) CHARACTER SET utf8 COLLATE utf8_general_ci NOT NULL DEFAULT '' COMMENT '一键关注url',
  PRIMARY KEY (`instance_id`) USING BTREE
) ENGINE = InnoDB AVG_ROW_LENGTH = 2048 CHARACTER SET = utf8 COLLATE = utf8_general_ci COMMENT = '微信一键关注设置' ROW_FORMAT = Compact;

-- ----------------------------
-- Records of sys_wexin_onekeysubscribe
-- ----------------------------
INSERT INTO `sys_wexin_onekeysubscribe` VALUES (0, '');

SET FOREIGN_KEY_CHECKS = 1;
